Command line invocation:
    /Applications/Xcode.app/Contents/Developer/usr/bin/xcodebuild test -project ios/TasteBuddy.xcodeproj -scheme TasteBuddy -destination "platform=iOS Simulator,id=54C3F98C-6BD5-47E0-98E5-DC9C1FCC40C4" -derivedDataPath /tmp/TasteBuddyHomeQuestionsQA -resultBundlePath output/home-taste-questions/baseline.xcresult -parallel-testing-enabled NO -maximum-concurrent-test-simulator-destinations 1 "-only-testing:TasteBuddyTests/PersonalTasteQuestionResolutionTests" "-only-testing:TasteBuddyTests/HomeSummaryEngineTests" "-only-testing:TasteBuddyTests/TastePerceptionTests" CODE_SIGNING_ALLOWED=NO

Build settings from command line:
    CODE_SIGNING_ALLOWED = NO

Resolve Package Graph

Fetching from https://github.com/dominikmartn/ProgressiveBlurHeader (cached)

Fetching from https://github.com/nikstar/VariableBlur (cached)

Fetching from https://github.com/supabase/supabase-swift.git (cached)

Fetching from https://github.com/apple/swift-asn1.git (cached)

Fetching from https://github.com/pointfreeco/swift-clocks (cached)

Fetching from https://github.com/apple/swift-crypto.git (cached)

Fetching from https://github.com/apple/swift-http-types.git (cached)

Fetching from https://github.com/pointfreeco/swift-concurrency-extras (cached)

Fetching from https://github.com/pointfreeco/xctest-dynamic-overlay (cached)

Creating working copy of package ‘supabase-swift’

Checking out 2.46.0 of package ‘supabase-swift’

Creating working copy of package ‘VariableBlur’

Checking out main (5073a0d) of package ‘VariableBlur’

Creating working copy of package ‘swift-concurrency-extras’

Checking out 1.4.0 of package ‘swift-concurrency-extras’

Creating working copy of package ‘swift-asn1’

Checking out 1.7.1 of package ‘swift-asn1’

Creating working copy of package ‘xctest-dynamic-overlay’

Checking out 1.9.0 of package ‘xctest-dynamic-overlay’

Creating working copy of package ‘ProgressiveBlurHeader’

Checking out main (0e8c29b) of package ‘ProgressiveBlurHeader’

Creating working copy of package ‘swift-http-types’

Checking out 1.6.0 of package ‘swift-http-types’

Creating working copy of package ‘swift-crypto’

Checking out 4.5.0 of package ‘swift-crypto’

Creating working copy of package ‘swift-clocks’

Checking out 1.0.6 of package ‘swift-clocks’


Resolved source packages:
  swift-clocks: https://github.com/pointfreeco/swift-clocks @ 1.0.6
  xctest-dynamic-overlay: https://github.com/pointfreeco/xctest-dynamic-overlay @ 1.9.0
  ProgressiveBlurHeader: https://github.com/dominikmartn/ProgressiveBlurHeader @ main (0e8c29b)
  swift-http-types: https://github.com/apple/swift-http-types.git @ 1.6.0
  swift-concurrency-extras: https://github.com/pointfreeco/swift-concurrency-extras @ 1.4.0
  swift-asn1: https://github.com/apple/swift-asn1.git @ 1.7.1
  swift-crypto: https://github.com/apple/swift-crypto.git @ 4.5.0
  VariableBlur: https://github.com/nikstar/VariableBlur @ main (5073a0d)
  Supabase: https://github.com/supabase/supabase-swift.git @ 2.46.0

Writing result bundle at path:
	/Users/sinjunho/Desktop/Taste Buddy/output/home-taste-questions/baseline.xcresult

ComputePackagePrebuildTargetDependencyGraph

Prepare packages

CreateBuildRequest

SendProjectDescription

CreateBuildOperation

ComputeTargetDependencyGraph
note: Building targets in dependency order
note: Target dependency graph (28 targets)
    Target 'TasteBuddyTests' in project 'TasteBuddy'
        ➜ Explicit dependency on target 'TasteBuddy' in project 'TasteBuddy'
    Target 'TasteBuddy' in project 'TasteBuddy'
        ➜ Explicit dependency on target 'ProgressiveBlurHeader' in project 'ProgressiveBlurHeader'
        ➜ Explicit dependency on target 'VariableBlur' in project 'VariableBlur'
        ➜ Explicit dependency on target 'Supabase' in project 'Supabase'
    Target 'Supabase' in project 'Supabase'
        ➜ Explicit dependency on target 'Supabase' in project 'Supabase'
        ➜ Explicit dependency on target 'Helpers' in project 'Supabase'
        ➜ Explicit dependency on target 'Auth' in project 'Supabase'
        ➜ Explicit dependency on target 'Functions' in project 'Supabase'
        ➜ Explicit dependency on target 'PostgREST' in project 'Supabase'
        ➜ Explicit dependency on target 'Realtime' in project 'Supabase'
        ➜ Explicit dependency on target 'Storage' in project 'Supabase'
        ➜ Explicit dependency on target 'ConcurrencyExtras' in project 'swift-concurrency-extras'
        ➜ Explicit dependency on target 'HTTPTypes' in project 'swift-http-types'
        ➜ Explicit dependency on target 'Clocks' in project 'swift-clocks'
        ➜ Explicit dependency on target 'XCTestDynamicOverlay' in project 'xctest-dynamic-overlay'
        ➜ Explicit dependency on target 'Crypto' in project 'swift-crypto'
        ➜ Explicit dependency on target 'IssueReporting' in project 'xctest-dynamic-overlay'
    Target 'Supabase' in project 'Supabase'
        ➜ Explicit dependency on target 'Helpers' in project 'Supabase'
        ➜ Explicit dependency on target 'Auth' in project 'Supabase'
        ➜ Explicit dependency on target 'Functions' in project 'Supabase'
        ➜ Explicit dependency on target 'PostgREST' in project 'Supabase'
        ➜ Explicit dependency on target 'Realtime' in project 'Supabase'
        ➜ Explicit dependency on target 'Storage' in project 'Supabase'
        ➜ Explicit dependency on target 'ConcurrencyExtras' in project 'swift-concurrency-extras'
        ➜ Explicit dependency on target 'HTTPTypes' in project 'swift-http-types'
        ➜ Explicit dependency on target 'Clocks' in project 'swift-clocks'
        ➜ Explicit dependency on target 'XCTestDynamicOverlay' in project 'xctest-dynamic-overlay'
        ➜ Explicit dependency on target 'Crypto' in project 'swift-crypto'
        ➜ Explicit dependency on target 'IssueReporting' in project 'xctest-dynamic-overlay'
    Target 'Storage' in project 'Supabase'
        ➜ Explicit dependency on target 'Helpers' in project 'Supabase'
        ➜ Explicit dependency on target 'ConcurrencyExtras' in project 'swift-concurrency-extras'
        ➜ Explicit dependency on target 'HTTPTypes' in project 'swift-http-types'
        ➜ Explicit dependency on target 'Clocks' in project 'swift-clocks'
        ➜ Explicit dependency on target 'XCTestDynamicOverlay' in project 'xctest-dynamic-overlay'
    Target 'Realtime' in project 'Supabase'
        ➜ Explicit dependency on target 'Helpers' in project 'Supabase'
        ➜ Explicit dependency on target 'ConcurrencyExtras' in project 'swift-concurrency-extras'
        ➜ Explicit dependency on target 'HTTPTypes' in project 'swift-http-types'
        ➜ Explicit dependency on target 'Clocks' in project 'swift-clocks'
        ➜ Explicit dependency on target 'XCTestDynamicOverlay' in project 'xctest-dynamic-overlay'
        ➜ Explicit dependency on target 'IssueReporting' in project 'xctest-dynamic-overlay'
    Target 'PostgREST' in project 'Supabase'
        ➜ Explicit dependency on target 'Helpers' in project 'Supabase'
        ➜ Explicit dependency on target 'ConcurrencyExtras' in project 'swift-concurrency-extras'
        ➜ Explicit dependency on target 'HTTPTypes' in project 'swift-http-types'
        ➜ Explicit dependency on target 'Clocks' in project 'swift-clocks'
        ➜ Explicit dependency on target 'XCTestDynamicOverlay' in project 'xctest-dynamic-overlay'
    Target 'Functions' in project 'Supabase'
        ➜ Explicit dependency on target 'Helpers' in project 'Supabase'
        ➜ Explicit dependency on target 'ConcurrencyExtras' in project 'swift-concurrency-extras'
        ➜ Explicit dependency on target 'HTTPTypes' in project 'swift-http-types'
        ➜ Explicit dependency on target 'Clocks' in project 'swift-clocks'
        ➜ Explicit dependency on target 'XCTestDynamicOverlay' in project 'xctest-dynamic-overlay'
    Target 'Auth' in project 'Supabase'
        ➜ Explicit dependency on target 'Helpers' in project 'Supabase'
        ➜ Explicit dependency on target 'ConcurrencyExtras' in project 'swift-concurrency-extras'
        ➜ Explicit dependency on target 'HTTPTypes' in project 'swift-http-types'
        ➜ Explicit dependency on target 'Clocks' in project 'swift-clocks'
        ➜ Explicit dependency on target 'XCTestDynamicOverlay' in project 'xctest-dynamic-overlay'
        ➜ Explicit dependency on target 'Crypto' in project 'swift-crypto'
    Target 'Crypto' in project 'swift-crypto'
        ➜ Explicit dependency on target 'Crypto' in project 'swift-crypto'
        ➜ Explicit dependency on target 'swift-crypto_Crypto' in project 'swift-crypto'
    Target 'Crypto' in project 'swift-crypto'
        ➜ Explicit dependency on target 'swift-crypto_Crypto' in project 'swift-crypto'
    Target 'swift-crypto_Crypto' in project 'swift-crypto' (no dependencies)
    Target 'Helpers' in project 'Supabase'
        ➜ Explicit dependency on target 'ConcurrencyExtras' in project 'swift-concurrency-extras'
        ➜ Explicit dependency on target 'HTTPTypes' in project 'swift-http-types'
        ➜ Explicit dependency on target 'Clocks' in project 'swift-clocks'
        ➜ Explicit dependency on target 'XCTestDynamicOverlay' in project 'xctest-dynamic-overlay'
    Target 'XCTestDynamicOverlay' in project 'xctest-dynamic-overlay'
        ➜ Explicit dependency on target 'XCTestDynamicOverlay' in project 'xctest-dynamic-overlay'
        ➜ Explicit dependency on target 'IssueReportingPackageSupport' in project 'xctest-dynamic-overlay'
        ➜ Explicit dependency on target 'IssueReporting' in project 'xctest-dynamic-overlay'
    Target 'XCTestDynamicOverlay' in project 'xctest-dynamic-overlay'
        ➜ Explicit dependency on target 'IssueReportingPackageSupport' in project 'xctest-dynamic-overlay'
        ➜ Explicit dependency on target 'IssueReporting' in project 'xctest-dynamic-overlay'
    Target 'Clocks' in project 'swift-clocks'
        ➜ Explicit dependency on target 'Clocks' in project 'swift-clocks'
        ➜ Explicit dependency on target 'ConcurrencyExtras' in project 'swift-concurrency-extras'
        ➜ Explicit dependency on target 'IssueReporting' in project 'xctest-dynamic-overlay'
    Target 'Clocks' in project 'swift-clocks'
        ➜ Explicit dependency on target 'ConcurrencyExtras' in project 'swift-concurrency-extras'
        ➜ Explicit dependency on target 'IssueReporting' in project 'xctest-dynamic-overlay'
    Target 'IssueReporting' in project 'xctest-dynamic-overlay'
        ➜ Explicit dependency on target 'IssueReporting' in project 'xctest-dynamic-overlay'
        ➜ Explicit dependency on target 'IssueReportingPackageSupport' in project 'xctest-dynamic-overlay'
    Target 'IssueReporting' in project 'xctest-dynamic-overlay'
        ➜ Explicit dependency on target 'IssueReportingPackageSupport' in project 'xctest-dynamic-overlay'
    Target 'IssueReportingPackageSupport' in project 'xctest-dynamic-overlay' (no dependencies)
    Target 'HTTPTypes' in project 'swift-http-types'
        ➜ Explicit dependency on target 'HTTPTypes' in project 'swift-http-types'
    Target 'HTTPTypes' in project 'swift-http-types' (no dependencies)
    Target 'ConcurrencyExtras' in project 'swift-concurrency-extras'
        ➜ Explicit dependency on target 'ConcurrencyExtras' in project 'swift-concurrency-extras'
    Target 'ConcurrencyExtras' in project 'swift-concurrency-extras' (no dependencies)
    Target 'ProgressiveBlurHeader' in project 'ProgressiveBlurHeader'
        ➜ Explicit dependency on target 'ProgressiveBlurHeader' in project 'ProgressiveBlurHeader'
        ➜ Explicit dependency on target 'VariableBlur' in project 'VariableBlur'
    Target 'ProgressiveBlurHeader' in project 'ProgressiveBlurHeader'
        ➜ Explicit dependency on target 'VariableBlur' in project 'VariableBlur'
    Target 'VariableBlur' in project 'VariableBlur'
        ➜ Explicit dependency on target 'VariableBlur' in project 'VariableBlur'
    Target 'VariableBlur' in project 'VariableBlur' (no dependencies)

GatherProvisioningInputs

CreateBuildDescription

ExecuteExternalTool /Applications/Xcode.app/Contents/Developer/Toolchains/XcodeDefault.xctoolchain/usr/bin/swiftc --version

ExecuteExternalTool /Applications/Xcode.app/Contents/Developer/Toolchains/XcodeDefault.xctoolchain/usr/bin/clang -v -E -dM -isysroot /Applications/Xcode.app/Contents/Developer/Platforms/iPhoneSimulator.platform/Developer/SDKs/iPhoneSimulator26.5.sdk -x c -c /dev/null

ExecuteExternalTool /Applications/Xcode.app/Contents/Developer/usr/bin/actool --print-asset-tag-combinations --output-format xml1 /Users/sinjunho/Desktop/Taste Buddy/ios/TasteBuddy/Resources/Assets.xcassets

ExecuteExternalTool /Applications/Xcode.app/Contents/Developer/Toolchains/XcodeDefault.xctoolchain/usr/bin/ld -version_details

ReadFileContents /Applications/Xcode.app/Contents/Developer/Toolchains/XcodeDefault.xctoolchain/usr/share/docc/features.json

ExecuteExternalTool /Applications/Xcode.app/Contents/Developer/usr/bin/actool --version --output-format xml1

Build description signature: 0592281cac7e90d9ba85fd0b8e12eedf
Build description path: /tmp/TasteBuddyHomeQuestionsQA/Build/Intermediates.noindex/XCBuildData/0592281cac7e90d9ba85fd0b8e12eedf.xcbuilddata
ClangStatCache /Applications/Xcode.app/Contents/Developer/Toolchains/XcodeDefault.xctoolchain/usr/bin/clang-stat-cache /Applications/Xcode.app/Contents/Developer/Platforms/iPhoneSimulator.platform/Developer/SDKs/iPhoneSimulator26.5.sdk /tmp/TasteBuddyHomeQuestionsQA/SDKStatCaches.noindex/iphonesimulator26.5-23F81a-6cfe768891a92b912361537c460fe42b.sdkstatcache
    cd /Users/sinjunho/Desktop/Taste\ Buddy/ios/TasteBuddy.xcodeproj
    /Applications/Xcode.app/Contents/Developer/Toolchains/XcodeDefault.xctoolchain/usr/bin/clang-stat-cache /Applications/Xcode.app/Contents/Developer/Platforms/iPhoneSimulator.platform/Developer/SDKs/iPhoneSimulator26.5.sdk -o /tmp/TasteBuddyHomeQuestionsQA/SDKStatCaches.noindex/iphonesimulator26.5-23F81a-6cfe768891a92b912361537c460fe42b.sdkstatcache

CreateBuildDirectory /tmp/TasteBuddyHomeQuestionsQA/Build/Products
    cd /Users/sinjunho/Desktop/Taste\ Buddy/ios/TasteBuddy.xcodeproj
    builtin-create-build-directory /tmp/TasteBuddyHomeQuestionsQA/Build/Products

CreateBuildDirectory /tmp/TasteBuddyHomeQuestionsQA/Build/Intermediates.noindex
    cd /Users/sinjunho/Desktop/Taste\ Buddy/ios/TasteBuddy.xcodeproj
    builtin-create-build-directory /tmp/TasteBuddyHomeQuestionsQA/Build/Intermediates.noindex

CreateBuildDirectory /tmp/TasteBuddyHomeQuestionsQA/Build/Intermediates.noindex/SwiftExplicitPrecompiledModules
    cd /Users/sinjunho/Desktop/Taste\ Buddy/ios/TasteBuddy.xcodeproj
    builtin-create-build-directory /tmp/TasteBuddyHomeQuestionsQA/Build/Intermediates.noindex/SwiftExplicitPrecompiledModules

CreateBuildDirectory /tmp/TasteBuddyHomeQuestionsQA/Build/Products/Debug-iphonesimulator
    cd /Users/sinjunho/Desktop/Taste\ Buddy/ios/TasteBuddy.xcodeproj
    builtin-create-build-directory /tmp/TasteBuddyHomeQuestionsQA/Build/Products/Debug-iphonesimulator

CreateBuildDirectory /tmp/TasteBuddyHomeQuestionsQA/Build/Intermediates.noindex/ExplicitPrecompiledModules
    cd /Users/sinjunho/Desktop/Taste\ Buddy/ios/TasteBuddy.xcodeproj
    builtin-create-build-directory /tmp/TasteBuddyHomeQuestionsQA/Build/Intermediates.noindex/ExplicitPrecompiledModules

CreateBuildDirectory /tmp/TasteBuddyHomeQuestionsQA/Build/Intermediates.noindex/EagerLinkingTBDs/Debug-iphonesimulator
    cd /Users/sinjunho/Desktop/Taste\ Buddy/ios/TasteBuddy.xcodeproj
    builtin-create-build-directory /tmp/TasteBuddyHomeQuestionsQA/Build/Intermediates.noindex/EagerLinkingTBDs/Debug-iphonesimulator

WriteAuxiliaryFile /tmp/TasteBuddyHomeQuestionsQA/Build/Intermediates.noindex/TasteBuddy.build/Debug-iphonesimulator/TasteBuddy-13299a83df260b797a46b4b5b88bf8d1-VFS-iphonesimulator/all-product-headers.yaml
    cd /Users/sinjunho/Desktop/Taste\ Buddy/ios/TasteBuddy.xcodeproj
    write-file /tmp/TasteBuddyHomeQuestionsQA/Build/Intermediates.noindex/TasteBuddy.build/Debug-iphonesimulator/TasteBuddy-13299a83df260b797a46b4b5b88bf8d1-VFS-iphonesimulator/all-product-headers.yaml

CreateBuildDirectory /tmp/TasteBuddyHomeQuestionsQA/Build/Products/Debug-iphonesimulator/PackageFrameworks
    cd /Users/sinjunho/Desktop/Taste\ Buddy/ios/TasteBuddy.xcodeproj
    builtin-create-build-directory /tmp/TasteBuddyHomeQuestionsQA/Build/Products/Debug-iphonesimulator/PackageFrameworks

WriteAuxiliaryFile /tmp/TasteBuddyHomeQuestionsQA/Build/Intermediates.noindex/Supabase.build/Debug-iphonesimulator/Auth.build/Auth.DependencyStaticMetadataFileList (in target 'Auth' from project 'Supabase')
    cd /tmp/TasteBuddyHomeQuestionsQA/SourcePackages/checkouts/supabase-swift
    write-file /tmp/TasteBuddyHomeQuestionsQA/Build/Intermediates.noindex/Supabase.build/Debug-iphonesimulator/Auth.build/Auth.DependencyStaticMetadataFileList

WriteAuxiliaryFile /tmp/TasteBuddyHomeQuestionsQA/Build/Intermediates.noindex/Supabase.build/Debug-iphonesimulator/Auth.build/Auth.modulemap (in target 'Auth' from project 'Supabase')
    cd /tmp/TasteBuddyHomeQuestionsQA/SourcePackages/checkouts/supabase-swift
    write-file /tmp/TasteBuddyHomeQuestionsQA/Build/Intermediates.noindex/Supabase.build/Debug-iphonesimulator/Auth.build/Auth.modulemap

WriteAuxiliaryFile /tmp/TasteBuddyHomeQuestionsQA/Build/Intermediates.noindex/Supabase.build/Debug-iphonesimulator/Auth.build/Objects-normal/x86_64/Auth.SwiftFileList (in target 'Auth' from project 'Supabase')
    cd /tmp/TasteBuddyHomeQuestionsQA/SourcePackages/checkouts/supabase-swift
    write-file /tmp/TasteBuddyHomeQuestionsQA/Build/Intermediates.noindex/Supabase.build/Debug-iphonesimulator/Auth.build/Objects-normal/x86_64/Auth.SwiftFileList

WriteAuxiliaryFile /tmp/TasteBuddyHomeQuestionsQA/Build/Intermediates.noindex/Supabase.build/Debug-iphonesimulator/Auth.build/Objects-normal/x86_64/Auth.SwiftConstValuesFileList (in target 'Auth' from project 'Supabase')
    cd /tmp/TasteBuddyHomeQuestionsQA/SourcePackages/checkouts/supabase-swift
    write-file /tmp/TasteBuddyHomeQuestionsQA/Build/Intermediates.noindex/Supabase.build/Debug-iphonesimulator/Auth.build/Objects-normal/x86_64/Auth.SwiftConstValuesFileList

WriteAuxiliaryFile /tmp/TasteBuddyHomeQuestionsQA/Build/Intermediates.noindex/Supabase.build/Debug-iphonesimulator/Auth.build/Objects-normal/x86_64/Auth_const_extract_protocols.json (in target 'Auth' from project 'Supabase')
    cd /tmp/TasteBuddyHomeQuestionsQA/SourcePackages/checkouts/supabase-swift
    write-file /tmp/TasteBuddyHomeQuestionsQA/Build/Intermediates.noindex/Supabase.build/Debug-iphonesimulator/Auth.build/Objects-normal/x86_64/Auth_const_extract_protocols.json

WriteAuxiliaryFile /tmp/TasteBuddyHomeQuestionsQA/Build/Intermediates.noindex/Supabase.build/Debug-iphonesimulator/Functions.build/Objects-normal/x86_64/Functions.SwiftConstValuesFileList (in target 'Functions' from project 'Supabase')
    cd /tmp/TasteBuddyHomeQuestionsQA/SourcePackages/checkouts/supabase-swift
    write-file /tmp/TasteBuddyHomeQuestionsQA/Build/Intermediates.noindex/Supabase.build/Debug-iphonesimulator/Functions.build/Objects-normal/x86_64/Functions.SwiftConstValuesFileList

WriteAuxiliaryFile /tmp/TasteBuddyHomeQuestionsQA/Build/Intermediates.noindex/Supabase.build/Debug-iphonesimulator/Auth.build/Objects-normal/x86_64/Auth.LinkFileList (in target 'Auth' from project 'Supabase')
    cd /tmp/TasteBuddyHomeQuestionsQA/SourcePackages/checkouts/supabase-swift
    write-file /tmp/TasteBuddyHomeQuestionsQA/Build/Intermediates.noindex/Supabase.build/Debug-iphonesimulator/Auth.build/Objects-normal/x86_64/Auth.LinkFileList

WriteAuxiliaryFile /tmp/TasteBuddyHomeQuestionsQA/Build/Intermediates.noindex/Supabase.build/Debug-iphonesimulator/Functions.build/Objects-normal/x86_64/Functions_const_extract_protocols.json (in target 'Functions' from project 'Supabase')
    cd /tmp/TasteBuddyHomeQuestionsQA/SourcePackages/checkouts/supabase-swift
    write-file /tmp/TasteBuddyHomeQuestionsQA/Build/Intermediates.noindex/Supabase.build/Debug-iphonesimulator/Functions.build/Objects-normal/x86_64/Functions_const_extract_protocols.json

WriteAuxiliaryFile /tmp/TasteBuddyHomeQuestionsQA/Build/Intermediates.noindex/Supabase.build/Debug-iphonesimulator/Auth.build/Objects-normal/x86_64/Auth-OutputFileMap.json (in target 'Auth' from project 'Supabase')
    cd /tmp/TasteBuddyHomeQuestionsQA/SourcePackages/checkouts/supabase-swift
    write-file /tmp/TasteBuddyHomeQuestionsQA/Build/Intermediates.noindex/Supabase.build/Debug-iphonesimulator/Auth.build/Objects-normal/x86_64/Auth-OutputFileMap.json

WriteAuxiliaryFile /tmp/TasteBuddyHomeQuestionsQA/Build/Intermediates.noindex/Supabase.build/Debug-iphonesimulator/Functions.build/Objects-normal/x86_64/Functions.SwiftFileList (in target 'Functions' from project 'Supabase')
    cd /tmp/TasteBuddyHomeQuestionsQA/SourcePackages/checkouts/supabase-swift
    write-file /tmp/TasteBuddyHomeQuestionsQA/Build/Intermediates.noindex/Supabase.build/Debug-iphonesimulator/Functions.build/Objects-normal/x86_64/Functions.SwiftFileList

WriteAuxiliaryFile /tmp/TasteBuddyHomeQuestionsQA/Build/Intermediates.noindex/swift-crypto.build/Debug-iphonesimulator/swift-crypto_Crypto.build/swift-crypto_Crypto.DependencyStaticMetadataFileList (in target 'swift-crypto_Crypto' from project 'swift-crypto')
    cd /tmp/TasteBuddyHomeQuestionsQA/SourcePackages/checkouts/swift-crypto
    write-file /tmp/TasteBuddyHomeQuestionsQA/Build/Intermediates.noindex/swift-crypto.build/Debug-iphonesimulator/swift-crypto_Crypto.build/swift-crypto_Crypto.DependencyStaticMetadataFileList

WriteAuxiliaryFile /tmp/TasteBuddyHomeQuestionsQA/Build/Intermediates.noindex/swift-crypto.build/Debug-iphonesimulator/swift-crypto_Crypto.build/swift-crypto_Crypto.DependencyMetadataFileList (in target 'swift-crypto_Crypto' from project 'swift-crypto')
    cd /tmp/TasteBuddyHomeQuestionsQA/SourcePackages/checkouts/swift-crypto
    write-file /tmp/TasteBuddyHomeQuestionsQA/Build/Intermediates.noindex/swift-crypto.build/Debug-iphonesimulator/swift-crypto_Crypto.build/swift-crypto_Crypto.DependencyMetadataFileList

WriteAuxiliaryFile /tmp/TasteBuddyHomeQuestionsQA/Build/Intermediates.noindex/swift-crypto.build/Debug-iphonesimulator/swift-crypto_Crypto.build/empty-swift-crypto_Crypto.plist (in target 'swift-crypto_Crypto' from project 'swift-crypto')
    cd /tmp/TasteBuddyHomeQuestionsQA/SourcePackages/checkouts/swift-crypto
    write-file /tmp/TasteBuddyHomeQuestionsQA/Build/Intermediates.noindex/swift-crypto.build/Debug-iphonesimulator/swift-crypto_Crypto.build/empty-swift-crypto_Crypto.plist

WriteAuxiliaryFile /tmp/TasteBuddyHomeQuestionsQA/Build/Intermediates.noindex/xctest-dynamic-overlay.build/Debug-iphonesimulator/XCTestDynamicOverlay.build/XCTestDynamicOverlay.DependencyMetadataFileList (in target 'XCTestDynamicOverlay' from project 'xctest-dynamic-overlay')
    cd /tmp/TasteBuddyHomeQuestionsQA/SourcePackages/checkouts/xctest-dynamic-overlay
    write-file /tmp/TasteBuddyHomeQuestionsQA/Build/Intermediates.noindex/xctest-dynamic-overlay.build/Debug-iphonesimulator/XCTestDynamicOverlay.build/XCTestDynamicOverlay.DependencyMetadataFileList

WriteAuxiliaryFile /tmp/TasteBuddyHomeQuestionsQA/Build/Intermediates.noindex/xctest-dynamic-overlay.build/Debug-iphonesimulator/XCTestDynamicOverlay.build/XCTestDynamicOverlay.DependencyStaticMetadataFileList (in target 'XCTestDynamicOverlay' from project 'xctest-dynamic-overlay')
    cd /tmp/TasteBuddyHomeQuestionsQA/SourcePackages/checkouts/xctest-dynamic-overlay
    write-file /tmp/TasteBuddyHomeQuestionsQA/Build/Intermediates.noindex/xctest-dynamic-overlay.build/Debug-iphonesimulator/XCTestDynamicOverlay.build/XCTestDynamicOverlay.DependencyStaticMetadataFileList

WriteAuxiliaryFile /tmp/TasteBuddyHomeQuestionsQA/Build/Intermediates.noindex/xctest-dynamic-overlay.build/Debug-iphonesimulator/XCTestDynamicOverlay.build/XCTestDynamicOverlay.modulemap (in target 'XCTestDynamicOverlay' from project 'xctest-dynamic-overlay')
    cd /tmp/TasteBuddyHomeQuestionsQA/SourcePackages/checkouts/xctest-dynamic-overlay
    write-file /tmp/TasteBuddyHomeQuestionsQA/Build/Intermediates.noindex/xctest-dynamic-overlay.build/Debug-iphonesimulator/XCTestDynamicOverlay.build/XCTestDynamicOverlay.modulemap

WriteAuxiliaryFile /tmp/TasteBuddyHomeQuestionsQA/Build/Intermediates.noindex/xctest-dynamic-overlay.build/Debug-iphonesimulator/XCTestDynamicOverlay.build/Objects-normal/x86_64/XCTestDynamicOverlay_const_extract_protocols.json (in target 'XCTestDynamicOverlay' from project 'xctest-dynamic-overlay')
    cd /tmp/TasteBuddyHomeQuestionsQA/SourcePackages/checkouts/xctest-dynamic-overlay
    write-file /tmp/TasteBuddyHomeQuestionsQA/Build/Intermediates.noindex/xctest-dynamic-overlay.build/Debug-iphonesimulator/XCTestDynamicOverlay.build/Objects-normal/x86_64/XCTestDynamicOverlay_const_extract_protocols.json

WriteAuxiliaryFile /tmp/TasteBuddyHomeQuestionsQA/Build/Intermediates.noindex/xctest-dynamic-overlay.build/Debug-iphonesimulator/XCTestDynamicOverlay.build/Objects-normal/x86_64/XCTestDynamicOverlay.SwiftConstValuesFileList (in target 'XCTestDynamicOverlay' from project 'xctest-dynamic-overlay')
    cd /tmp/TasteBuddyHomeQuestionsQA/SourcePackages/checkouts/xctest-dynamic-overlay
    write-file /tmp/TasteBuddyHomeQuestionsQA/Build/Intermediates.noindex/xctest-dynamic-overlay.build/Debug-iphonesimulator/XCTestDynamicOverlay.build/Objects-normal/x86_64/XCTestDynamicOverlay.SwiftConstValuesFileList

WriteAuxiliaryFile /tmp/TasteBuddyHomeQuestionsQA/Build/Intermediates.noindex/xctest-dynamic-overlay.build/Debug-iphonesimulator/XCTestDynamicOverlay.build/Objects-normal/x86_64/XCTestDynamicOverlay.LinkFileList (in target 'XCTestDynamicOverlay' from project 'xctest-dynamic-overlay')
    cd /tmp/TasteBuddyHomeQuestionsQA/SourcePackages/checkouts/xctest-dynamic-overlay
    write-file /tmp/TasteBuddyHomeQuestionsQA/Build/Intermediates.noindex/xctest-dynamic-overlay.build/Debug-iphonesimulator/XCTestDynamicOverlay.build/Objects-normal/x86_64/XCTestDynamicOverlay.LinkFileList

WriteAuxiliaryFile /tmp/TasteBuddyHomeQuestionsQA/Build/Intermediates.noindex/xctest-dynamic-overlay.build/Debug-iphonesimulator/XCTestDynamicOverlay.build/Objects-normal/x86_64/XCTestDynamicOverlay.SwiftFileList (in target 'XCTestDynamicOverlay' from project 'xctest-dynamic-overlay')
    cd /tmp/TasteBuddyHomeQuestionsQA/SourcePackages/checkouts/xctest-dynamic-overlay
    write-file /tmp/TasteBuddyHomeQuestionsQA/Build/Intermediates.noindex/xctest-dynamic-overlay.build/Debug-iphonesimulator/XCTestDynamicOverlay.build/Objects-normal/x86_64/XCTestDynamicOverlay.SwiftFileList

WriteAuxiliaryFile /tmp/TasteBuddyHomeQuestionsQA/Build/Intermediates.noindex/xctest-dynamic-overlay.build/Debug-iphonesimulator/XCTestDynamicOverlay.build/Objects-normal/x86_64/XCTestDynamicOverlay-OutputFileMap.json (in target 'XCTestDynamicOverlay' from project 'xctest-dynamic-overlay')
    cd /tmp/TasteBuddyHomeQuestionsQA/SourcePackages/checkouts/xctest-dynamic-overlay
    write-file /tmp/TasteBuddyHomeQuestionsQA/Build/Intermediates.noindex/xctest-dynamic-overlay.build/Debug-iphonesimulator/XCTestDynamicOverlay.build/Objects-normal/x86_64/XCTestDynamicOverlay-OutputFileMap.json

WriteAuxiliaryFile /tmp/TasteBuddyHomeQuestionsQA/Build/Intermediates.noindex/VariableBlur.build/Debug-iphonesimulator/VariableBlur.build/VariableBlur.modulemap (in target 'VariableBlur' from project 'VariableBlur')
    cd /tmp/TasteBuddyHomeQuestionsQA/SourcePackages/checkouts/VariableBlur
    write-file /tmp/TasteBuddyHomeQuestionsQA/Build/Intermediates.noindex/VariableBlur.build/Debug-iphonesimulator/VariableBlur.build/VariableBlur.modulemap

WriteAuxiliaryFile /tmp/TasteBuddyHomeQuestionsQA/Build/Intermediates.noindex/VariableBlur.build/Debug-iphonesimulator/VariableBlur.build/VariableBlur.DependencyStaticMetadataFileList (in target 'VariableBlur' from project 'VariableBlur')
    cd /tmp/TasteBuddyHomeQuestionsQA/SourcePackages/checkouts/VariableBlur
    write-file /tmp/TasteBuddyHomeQuestionsQA/Build/Intermediates.noindex/VariableBlur.build/Debug-iphonesimulator/VariableBlur.build/VariableBlur.DependencyStaticMetadataFileList

WriteAuxiliaryFile /tmp/TasteBuddyHomeQuestionsQA/Build/Intermediates.noindex/VariableBlur.build/Debug-iphonesimulator/VariableBlur.build/VariableBlur.DependencyMetadataFileList (in target 'VariableBlur' from project 'VariableBlur')
    cd /tmp/TasteBuddyHomeQuestionsQA/SourcePackages/checkouts/VariableBlur
    write-file /tmp/TasteBuddyHomeQuestionsQA/Build/Intermediates.noindex/VariableBlur.build/Debug-iphonesimulator/VariableBlur.build/VariableBlur.DependencyMetadataFileList

WriteAuxiliaryFile /tmp/TasteBuddyHomeQuestionsQA/Build/Intermediates.noindex/VariableBlur.build/Debug-iphonesimulator/VariableBlur.build/Objects-normal/x86_64/VariableBlur-OutputFileMap.json (in target 'VariableBlur' from project 'VariableBlur')
    cd /tmp/TasteBuddyHomeQuestionsQA/SourcePackages/checkouts/VariableBlur
    write-file /tmp/TasteBuddyHomeQuestionsQA/Build/Intermediates.noindex/VariableBlur.build/Debug-iphonesimulator/VariableBlur.build/Objects-normal/x86_64/VariableBlur-OutputFileMap.json

WriteAuxiliaryFile /tmp/TasteBuddyHomeQuestionsQA/Build/Intermediates.noindex/VariableBlur.build/Debug-iphonesimulator/VariableBlur.build/Objects-normal/x86_64/VariableBlur.SwiftFileList (in target 'VariableBlur' from project 'VariableBlur')
    cd /tmp/TasteBuddyHomeQuestionsQA/SourcePackages/checkouts/VariableBlur
    write-file /tmp/TasteBuddyHomeQuestionsQA/Build/Intermediates.noindex/VariableBlur.build/Debug-iphonesimulator/VariableBlur.build/Objects-normal/x86_64/VariableBlur.SwiftFileList

WriteAuxiliaryFile /tmp/TasteBuddyHomeQuestionsQA/Build/Intermediates.noindex/TasteBuddy.build/Debug-iphonesimulator/TasteBuddyTests.build/TasteBuddyTests.hmap (in target 'TasteBuddyTests' from project 'TasteBuddy')
    cd /Users/sinjunho/Desktop/Taste\ Buddy/ios
    write-file /tmp/TasteBuddyHomeQuestionsQA/Build/Intermediates.noindex/TasteBuddy.build/Debug-iphonesimulator/TasteBuddyTests.build/TasteBuddyTests.hmap

WriteAuxiliaryFile /tmp/TasteBuddyHomeQuestionsQA/Build/Intermediates.noindex/VariableBlur.build/Debug-iphonesimulator/VariableBlur.build/Objects-normal/x86_64/VariableBlur.LinkFileList (in target 'VariableBlur' from project 'VariableBlur')
    cd /tmp/TasteBuddyHomeQuestionsQA/SourcePackages/checkouts/VariableBlur
    write-file /tmp/TasteBuddyHomeQuestionsQA/Build/Intermediates.noindex/VariableBlur.build/Debug-iphonesimulator/VariableBlur.build/Objects-normal/x86_64/VariableBlur.LinkFileList

WriteAuxiliaryFile /tmp/TasteBuddyHomeQuestionsQA/Build/Intermediates.noindex/VariableBlur.build/Debug-iphonesimulator/VariableBlur.build/Objects-normal/x86_64/VariableBlur.SwiftConstValuesFileList (in target 'VariableBlur' from project 'VariableBlur')
    cd /tmp/TasteBuddyHomeQuestionsQA/SourcePackages/checkouts/VariableBlur
    write-file /tmp/TasteBuddyHomeQuestionsQA/Build/Intermediates.noindex/VariableBlur.build/Debug-iphonesimulator/VariableBlur.build/Objects-normal/x86_64/VariableBlur.SwiftConstValuesFileList

WriteAuxiliaryFile /tmp/TasteBuddyHomeQuestionsQA/Build/Intermediates.noindex/VariableBlur.build/Debug-iphonesimulator/VariableBlur.build/Objects-normal/x86_64/VariableBlur_const_extract_protocols.json (in target 'VariableBlur' from project 'VariableBlur')
    cd /tmp/TasteBuddyHomeQuestionsQA/SourcePackages/checkouts/VariableBlur
    write-file /tmp/TasteBuddyHomeQuestionsQA/Build/Intermediates.noindex/VariableBlur.build/Debug-iphonesimulator/VariableBlur.build/Objects-normal/x86_64/VariableBlur_const_extract_protocols.json

WriteAuxiliaryFile /tmp/TasteBuddyHomeQuestionsQA/Build/Intermediates.noindex/TasteBuddy.build/Debug-iphonesimulator/TasteBuddyTests.build/empty-TasteBuddyTests.plist (in target 'TasteBuddyTests' from project 'TasteBuddy')
    cd /Users/sinjunho/Desktop/Taste\ Buddy/ios
    write-file /tmp/TasteBuddyHomeQuestionsQA/Build/Intermediates.noindex/TasteBuddy.build/Debug-iphonesimulator/TasteBuddyTests.build/empty-TasteBuddyTests.plist

Copy /tmp/TasteBuddyHomeQuestionsQA/Build/Intermediates.noindex/GeneratedModuleMaps-iphonesimulator/XCTestDynamicOverlay.modulemap /tmp/TasteBuddyHomeQuestionsQA/Build/Intermediates.noindex/xctest-dynamic-overlay.build/Debug-iphonesimulator/XCTestDynamicOverlay.build/XCTestDynamicOverlay.modulemap (in target 'XCTestDynamicOverlay' from project 'xctest-dynamic-overlay')
    cd /tmp/TasteBuddyHomeQuestionsQA/SourcePackages/checkouts/xctest-dynamic-overlay
    builtin-copy -exclude .DS_Store -exclude CVS -exclude .svn -exclude .git -exclude .hg -resolve-src-symlinks /tmp/TasteBuddyHomeQuestionsQA/Build/Intermediates.noindex/xctest-dynamic-overlay.build/Debug-iphonesimulator/XCTestDynamicOverlay.build/XCTestDynamicOverlay.modulemap /tmp/TasteBuddyHomeQuestionsQA/Build/Intermediates.noindex/GeneratedModuleMaps-iphonesimulator

WriteAuxiliaryFile /tmp/TasteBuddyHomeQuestionsQA/Build/Intermediates.noindex/TasteBuddy.build/Debug-iphonesimulator/TasteBuddyTests.build/TasteBuddyTests.DependencyStaticMetadataFileList (in target 'TasteBuddyTests' from project 'TasteBuddy')
    cd /Users/sinjunho/Desktop/Taste\ Buddy/ios
    write-file /tmp/TasteBuddyHomeQuestionsQA/Build/Intermediates.noindex/TasteBuddy.build/Debug-iphonesimulator/TasteBuddyTests.build/TasteBuddyTests.DependencyStaticMetadataFileList

Copy /tmp/TasteBuddyHomeQuestionsQA/Build/Intermediates.noindex/GeneratedModuleMaps-iphonesimulator/VariableBlur.modulemap /tmp/TasteBuddyHomeQuestionsQA/Build/Intermediates.noindex/VariableBlur.build/Debug-iphonesimulator/VariableBlur.build/VariableBlur.modulemap (in target 'VariableBlur' from project 'VariableBlur')
    cd /tmp/TasteBuddyHomeQuestionsQA/SourcePackages/checkouts/VariableBlur
    builtin-copy -exclude .DS_Store -exclude CVS -exclude .svn -exclude .git -exclude .hg -resolve-src-symlinks /tmp/TasteBuddyHomeQuestionsQA/Build/Intermediates.noindex/VariableBlur.build/Debug-iphonesimulator/VariableBlur.build/VariableBlur.modulemap /tmp/TasteBuddyHomeQuestionsQA/Build/Intermediates.noindex/GeneratedModuleMaps-iphonesimulator

WriteAuxiliaryFile /tmp/TasteBuddyHomeQuestionsQA/Build/Intermediates.noindex/TasteBuddy.build/Debug-iphonesimulator/TasteBuddyTests.build/TasteBuddyTests.DependencyMetadataFileList (in target 'TasteBuddyTests' from project 'TasteBuddy')
    cd /Users/sinjunho/Desktop/Taste\ Buddy/ios
    write-file /tmp/TasteBuddyHomeQuestionsQA/Build/Intermediates.noindex/TasteBuddy.build/Debug-iphonesimulator/TasteBuddyTests.build/TasteBuddyTests.DependencyMetadataFileList

WriteAuxiliaryFile /tmp/TasteBuddyHomeQuestionsQA/Build/Intermediates.noindex/TasteBuddy.build/Debug-iphonesimulator/TasteBuddyTests.build/TasteBuddyTests-project-headers.hmap (in target 'TasteBuddyTests' from project 'TasteBuddy')
    cd /Users/sinjunho/Desktop/Taste\ Buddy/ios
    write-file /tmp/TasteBuddyHomeQuestionsQA/Build/Intermediates.noindex/TasteBuddy.build/Debug-iphonesimulator/TasteBuddyTests.build/TasteBuddyTests-project-headers.hmap

WriteAuxiliaryFile /tmp/TasteBuddyHomeQuestionsQA/Build/Intermediates.noindex/TasteBuddy.build/Debug-iphonesimulator/TasteBuddyTests.build/TasteBuddyTests-own-target-headers.hmap (in target 'TasteBuddyTests' from project 'TasteBuddy')
    cd /Users/sinjunho/Desktop/Taste\ Buddy/ios
    write-file /tmp/TasteBuddyHomeQuestionsQA/Build/Intermediates.noindex/TasteBuddy.build/Debug-iphonesimulator/TasteBuddyTests.build/TasteBuddyTests-own-target-headers.hmap

WriteAuxiliaryFile /tmp/TasteBuddyHomeQuestionsQA/Build/Intermediates.noindex/TasteBuddy.build/Debug-iphonesimulator/TasteBuddyTests.build/TasteBuddyTests-all-target-headers.hmap (in target 'TasteBuddyTests' from project 'TasteBuddy')
    cd /Users/sinjunho/Desktop/Taste\ Buddy/ios
    write-file /tmp/TasteBuddyHomeQuestionsQA/Build/Intermediates.noindex/TasteBuddy.build/Debug-iphonesimulator/TasteBuddyTests.build/TasteBuddyTests-all-target-headers.hmap

WriteAuxiliaryFile /tmp/TasteBuddyHomeQuestionsQA/Build/Intermediates.noindex/TasteBuddy.build/Debug-iphonesimulator/TasteBuddyTests.build/TasteBuddyTests-generated-files.hmap (in target 'TasteBuddyTests' from project 'TasteBuddy')
    cd /Users/sinjunho/Desktop/Taste\ Buddy/ios
    write-file /tmp/TasteBuddyHomeQuestionsQA/Build/Intermediates.noindex/TasteBuddy.build/Debug-iphonesimulator/TasteBuddyTests.build/TasteBuddyTests-generated-files.hmap

WriteAuxiliaryFile /tmp/TasteBuddyHomeQuestionsQA/Build/Intermediates.noindex/TasteBuddy.build/Debug-iphonesimulator/TasteBuddyTests.build/TasteBuddyTests-all-non-framework-target-headers.hmap (in target 'TasteBuddyTests' from project 'TasteBuddy')
    cd /Users/sinjunho/Desktop/Taste\ Buddy/ios
    write-file /tmp/TasteBuddyHomeQuestionsQA/Build/Intermediates.noindex/TasteBuddy.build/Debug-iphonesimulator/TasteBuddyTests.build/TasteBuddyTests-all-non-framework-target-headers.hmap

WriteAuxiliaryFile /tmp/TasteBuddyHomeQuestionsQA/Build/Intermediates.noindex/TasteBuddy.build/Debug-iphonesimulator/TasteBuddyTests.build/Objects-normal/x86_64/TasteBuddyTests.SwiftFileList (in target 'TasteBuddyTests' from project 'TasteBuddy')
    cd /Users/sinjunho/Desktop/Taste\ Buddy/ios
    write-file /tmp/TasteBuddyHomeQuestionsQA/Build/Intermediates.noindex/TasteBuddy.build/Debug-iphonesimulator/TasteBuddyTests.build/Objects-normal/x86_64/TasteBuddyTests.SwiftFileList

WriteAuxiliaryFile /tmp/TasteBuddyHomeQuestionsQA/Build/Intermediates.noindex/TasteBuddy.build/Debug-iphonesimulator/TasteBuddyTests.build/Objects-normal/x86_64/TasteBuddyTests_const_extract_protocols.json (in target 'TasteBuddyTests' from project 'TasteBuddy')
    cd /Users/sinjunho/Desktop/Taste\ Buddy/ios
    write-file /tmp/TasteBuddyHomeQuestionsQA/Build/Intermediates.noindex/TasteBuddy.build/Debug-iphonesimulator/TasteBuddyTests.build/Objects-normal/x86_64/TasteBuddyTests_const_extract_protocols.json

WriteAuxiliaryFile /tmp/TasteBuddyHomeQuestionsQA/Build/Intermediates.noindex/TasteBuddy.build/Debug-iphonesimulator/TasteBuddyTests.build/Objects-normal/x86_64/TasteBuddyTests.SwiftConstValuesFileList (in target 'TasteBuddyTests' from project 'TasteBuddy')
    cd /Users/sinjunho/Desktop/Taste\ Buddy/ios
    write-file /tmp/TasteBuddyHomeQuestionsQA/Build/Intermediates.noindex/TasteBuddy.build/Debug-iphonesimulator/TasteBuddyTests.build/Objects-normal/x86_64/TasteBuddyTests.SwiftConstValuesFileList

WriteAuxiliaryFile /tmp/TasteBuddyHomeQuestionsQA/Build/Intermediates.noindex/TasteBuddy.build/Debug-iphonesimulator/TasteBuddyTests.build/Objects-normal/x86_64/TasteBuddyTests.LinkFileList (in target 'TasteBuddyTests' from project 'TasteBuddy')
    cd /Users/sinjunho/Desktop/Taste\ Buddy/ios
    write-file /tmp/TasteBuddyHomeQuestionsQA/Build/Intermediates.noindex/TasteBuddy.build/Debug-iphonesimulator/TasteBuddyTests.build/Objects-normal/x86_64/TasteBuddyTests.LinkFileList

WriteAuxiliaryFile /tmp/TasteBuddyHomeQuestionsQA/Build/Intermediates.noindex/TasteBuddy.build/Debug-iphonesimulator/TasteBuddyTests.build/Objects-normal/x86_64/TasteBuddyTests-OutputFileMap.json (in target 'TasteBuddyTests' from project 'TasteBuddy')
    cd /Users/sinjunho/Desktop/Taste\ Buddy/ios
    write-file /tmp/TasteBuddyHomeQuestionsQA/Build/Intermediates.noindex/TasteBuddy.build/Debug-iphonesimulator/TasteBuddyTests.build/Objects-normal/x86_64/TasteBuddyTests-OutputFileMap.json

WriteAuxiliaryFile /tmp/TasteBuddyHomeQuestionsQA/Build/Intermediates.noindex/TasteBuddy.build/Debug-iphonesimulator/TasteBuddy.build/TasteBuddy.hmap (in target 'TasteBuddy' from project 'TasteBuddy')
    cd /Users/sinjunho/Desktop/Taste\ Buddy/ios
    write-file /tmp/TasteBuddyHomeQuestionsQA/Build/Intermediates.noindex/TasteBuddy.build/Debug-iphonesimulator/TasteBuddy.build/TasteBuddy.hmap

WriteAuxiliaryFile /tmp/TasteBuddyHomeQuestionsQA/Build/Intermediates.noindex/TasteBuddy.build/Debug-iphonesimulator/TasteBuddy.build/TasteBuddy-all-non-framework-target-headers.hmap (in target 'TasteBuddy' from project 'TasteBuddy')
    cd /Users/sinjunho/Desktop/Taste\ Buddy/ios
    write-file /tmp/TasteBuddyHomeQuestionsQA/Build/Intermediates.noindex/TasteBuddy.build/Debug-iphonesimulator/TasteBuddy.build/TasteBuddy-all-non-framework-target-headers.hmap

WriteAuxiliaryFile /tmp/TasteBuddyHomeQuestionsQA/Build/Intermediates.noindex/TasteBuddy.build/Debug-iphonesimulator/TasteBuddy.build/TasteBuddy-all-target-headers.hmap (in target 'TasteBuddy' from project 'TasteBuddy')
    cd /Users/sinjunho/Desktop/Taste\ Buddy/ios
    write-file /tmp/TasteBuddyHomeQuestionsQA/Build/Intermediates.noindex/TasteBuddy.build/Debug-iphonesimulator/TasteBuddy.build/TasteBuddy-all-target-headers.hmap

WriteAuxiliaryFile /tmp/TasteBuddyHomeQuestionsQA/Build/Intermediates.noindex/TasteBuddy.build/Debug-iphonesimulator/TasteBuddy.build/TasteBuddy.DependencyMetadataFileList (in target 'TasteBuddy' from project 'TasteBuddy')
    cd /Users/sinjunho/Desktop/Taste\ Buddy/ios
    write-file /tmp/TasteBuddyHomeQuestionsQA/Build/Intermediates.noindex/TasteBuddy.build/Debug-iphonesimulator/TasteBuddy.build/TasteBuddy.DependencyMetadataFileList

WriteAuxiliaryFile /tmp/TasteBuddyHomeQuestionsQA/Build/Intermediates.noindex/TasteBuddy.build/Debug-iphonesimulator/TasteBuddy.build/TasteBuddy-project-headers.hmap (in target 'TasteBuddy' from project 'TasteBuddy')
    cd /Users/sinjunho/Desktop/Taste\ Buddy/ios
    write-file /tmp/TasteBuddyHomeQuestionsQA/Build/Intermediates.noindex/TasteBuddy.build/Debug-iphonesimulator/TasteBuddy.build/TasteBuddy-project-headers.hmap

WriteAuxiliaryFile /tmp/TasteBuddyHomeQuestionsQA/Build/Intermediates.noindex/TasteBuddy.build/Debug-iphonesimulator/TasteBuddy.build/TasteBuddy.DependencyStaticMetadataFileList (in target 'TasteBuddy' from project 'TasteBuddy')
    cd /Users/sinjunho/Desktop/Taste\ Buddy/ios
    write-file /tmp/TasteBuddyHomeQuestionsQA/Build/Intermediates.noindex/TasteBuddy.build/Debug-iphonesimulator/TasteBuddy.build/TasteBuddy.DependencyStaticMetadataFileList

WriteAuxiliaryFile /tmp/TasteBuddyHomeQuestionsQA/Build/Intermediates.noindex/TasteBuddy.build/Debug-iphonesimulator/TasteBuddy.build/TasteBuddy-own-target-headers.hmap (in target 'TasteBuddy' from project 'TasteBuddy')
    cd /Users/sinjunho/Desktop/Taste\ Buddy/ios
    write-file /tmp/TasteBuddyHomeQuestionsQA/Build/Intermediates.noindex/TasteBuddy.build/Debug-iphonesimulator/TasteBuddy.build/TasteBuddy-own-target-headers.hmap

WriteAuxiliaryFile /tmp/TasteBuddyHomeQuestionsQA/Build/Intermediates.noindex/TasteBuddy.build/Debug-iphonesimulator/TasteBuddy.build/TasteBuddy-generated-files.hmap (in target 'TasteBuddy' from project 'TasteBuddy')
    cd /Users/sinjunho/Desktop/Taste\ Buddy/ios
    write-file /tmp/TasteBuddyHomeQuestionsQA/Build/Intermediates.noindex/TasteBuddy.build/Debug-iphonesimulator/TasteBuddy.build/TasteBuddy-generated-files.hmap

WriteAuxiliaryFile /tmp/TasteBuddyHomeQuestionsQA/Build/Intermediates.noindex/Supabase.build/Debug-iphonesimulator/Supabase.build/Supabase.DependencyStaticMetadataFileList (in target 'Supabase' from project 'Supabase')
    cd /tmp/TasteBuddyHomeQuestionsQA/SourcePackages/checkouts/supabase-swift
    write-file /tmp/TasteBuddyHomeQuestionsQA/Build/Intermediates.noindex/Supabase.build/Debug-iphonesimulator/Supabase.build/Supabase.DependencyStaticMetadataFileList

WriteAuxiliaryFile /tmp/TasteBuddyHomeQuestionsQA/Build/Intermediates.noindex/TasteBuddy.build/Debug-iphonesimulator/TasteBuddy.build/Objects-normal/x86_64/TasteBuddy-OutputFileMap.json (in target 'TasteBuddy' from project 'TasteBuddy')
    cd /Users/sinjunho/Desktop/Taste\ Buddy/ios
    write-file /tmp/TasteBuddyHomeQuestionsQA/Build/Intermediates.noindex/TasteBuddy.build/Debug-iphonesimulator/TasteBuddy.build/Objects-normal/x86_64/TasteBuddy-OutputFileMap.json

WriteAuxiliaryFile /tmp/TasteBuddyHomeQuestionsQA/Build/Intermediates.noindex/Supabase.build/Debug-iphonesimulator/Supabase.build/Supabase.modulemap (in target 'Supabase' from project 'Supabase')
    cd /tmp/TasteBuddyHomeQuestionsQA/SourcePackages/checkouts/supabase-swift
    write-file /tmp/TasteBuddyHomeQuestionsQA/Build/Intermediates.noindex/Supabase.build/Debug-iphonesimulator/Supabase.build/Supabase.modulemap

WriteAuxiliaryFile /tmp/TasteBuddyHomeQuestionsQA/Build/Intermediates.noindex/TasteBuddy.build/Debug-iphonesimulator/TasteBuddy.build/Objects-normal/x86_64/TasteBuddy_const_extract_protocols.json (in target 'TasteBuddy' from project 'TasteBuddy')
    cd /Users/sinjunho/Desktop/Taste\ Buddy/ios
    write-file /tmp/TasteBuddyHomeQuestionsQA/Build/Intermediates.noindex/TasteBuddy.build/Debug-iphonesimulator/TasteBuddy.build/Objects-normal/x86_64/TasteBuddy_const_extract_protocols.json

WriteAuxiliaryFile /tmp/TasteBuddyHomeQuestionsQA/Build/Intermediates.noindex/TasteBuddy.build/Debug-iphonesimulator/TasteBuddy.build/Objects-normal/x86_64/TasteBuddy.SwiftConstValuesFileList (in target 'TasteBuddy' from project 'TasteBuddy')
    cd /Users/sinjunho/Desktop/Taste\ Buddy/ios
    write-file /tmp/TasteBuddyHomeQuestionsQA/Build/Intermediates.noindex/TasteBuddy.build/Debug-iphonesimulator/TasteBuddy.build/Objects-normal/x86_64/TasteBuddy.SwiftConstValuesFileList

WriteAuxiliaryFile /tmp/TasteBuddyHomeQuestionsQA/Build/Intermediates.noindex/TasteBuddy.build/Debug-iphonesimulator/TasteBuddy.build/Objects-normal/x86_64/TasteBuddy.LinkFileList (in target 'TasteBuddy' from project 'TasteBuddy')
    cd /Users/sinjunho/Desktop/Taste\ Buddy/ios
    write-file /tmp/TasteBuddyHomeQuestionsQA/Build/Intermediates.noindex/TasteBuddy.build/Debug-iphonesimulator/TasteBuddy.build/Objects-normal/x86_64/TasteBuddy.LinkFileList

WriteAuxiliaryFile /tmp/TasteBuddyHomeQuestionsQA/Build/Intermediates.noindex/TasteBuddy.build/Debug-iphonesimulator/TasteBuddy.build/Objects-normal/x86_64/TasteBuddy.SwiftFileList (in target 'TasteBuddy' from project 'TasteBuddy')
    cd /Users/sinjunho/Desktop/Taste\ Buddy/ios
    write-file /tmp/TasteBuddyHomeQuestionsQA/Build/Intermediates.noindex/TasteBuddy.build/Debug-iphonesimulator/TasteBuddy.build/Objects-normal/x86_64/TasteBuddy.SwiftFileList

WriteAuxiliaryFile /tmp/TasteBuddyHomeQuestionsQA/Build/Intermediates.noindex/Supabase.build/Debug-iphonesimulator/Supabase.build/Supabase.DependencyMetadataFileList (in target 'Supabase' from project 'Supabase')
    cd /tmp/TasteBuddyHomeQuestionsQA/SourcePackages/checkouts/supabase-swift
    write-file /tmp/TasteBuddyHomeQuestionsQA/Build/Intermediates.noindex/Supabase.build/Debug-iphonesimulator/Supabase.build/Supabase.DependencyMetadataFileList

WriteAuxiliaryFile /tmp/TasteBuddyHomeQuestionsQA/Build/Intermediates.noindex/Supabase.build/Debug-iphonesimulator/Supabase.build/Objects-normal/x86_64/Supabase_const_extract_protocols.json (in target 'Supabase' from project 'Supabase')
    cd /tmp/TasteBuddyHomeQuestionsQA/SourcePackages/checkouts/supabase-swift
    write-file /tmp/TasteBuddyHomeQuestionsQA/Build/Intermediates.noindex/Supabase.build/Debug-iphonesimulator/Supabase.build/Objects-normal/x86_64/Supabase_const_extract_protocols.json

WriteAuxiliaryFile /tmp/TasteBuddyHomeQuestionsQA/Build/Intermediates.noindex/Supabase.build/Debug-iphonesimulator/Supabase.build/Objects-normal/x86_64/Supabase.SwiftFileList (in target 'Supabase' from project 'Supabase')
    cd /tmp/TasteBuddyHomeQuestionsQA/SourcePackages/checkouts/supabase-swift
    write-file /tmp/TasteBuddyHomeQuestionsQA/Build/Intermediates.noindex/Supabase.build/Debug-iphonesimulator/Supabase.build/Objects-normal/x86_64/Supabase.SwiftFileList

WriteAuxiliaryFile /tmp/TasteBuddyHomeQuestionsQA/Build/Intermediates.noindex/Supabase.build/Debug-iphonesimulator/Supabase.build/Objects-normal/x86_64/Supabase.SwiftConstValuesFileList (in target 'Supabase' from project 'Supabase')
    cd /tmp/TasteBuddyHomeQuestionsQA/SourcePackages/checkouts/supabase-swift
    write-file /tmp/TasteBuddyHomeQuestionsQA/Build/Intermediates.noindex/Supabase.build/Debug-iphonesimulator/Supabase.build/Objects-normal/x86_64/Supabase.SwiftConstValuesFileList

WriteAuxiliaryFile /tmp/TasteBuddyHomeQuestionsQA/Build/Intermediates.noindex/Supabase.build/Debug-iphonesimulator/Supabase.build/Objects-normal/x86_64/Supabase.LinkFileList (in target 'Supabase' from project 'Supabase')
    cd /tmp/TasteBuddyHomeQuestionsQA/SourcePackages/checkouts/supabase-swift
    write-file /tmp/TasteBuddyHomeQuestionsQA/Build/Intermediates.noindex/Supabase.build/Debug-iphonesimulator/Supabase.build/Objects-normal/x86_64/Supabase.LinkFileList

WriteAuxiliaryFile /tmp/TasteBuddyHomeQuestionsQA/Build/Intermediates.noindex/Supabase.build/Debug-iphonesimulator/Supabase.build/Objects-normal/x86_64/Supabase-OutputFileMap.json (in target 'Supabase' from project 'Supabase')
    cd /tmp/TasteBuddyHomeQuestionsQA/SourcePackages/checkouts/supabase-swift
    write-file /tmp/TasteBuddyHomeQuestionsQA/Build/Intermediates.noindex/Supabase.build/Debug-iphonesimulator/Supabase.build/Objects-normal/x86_64/Supabase-OutputFileMap.json

WriteAuxiliaryFile /tmp/TasteBuddyHomeQuestionsQA/Build/Intermediates.noindex/Supabase.build/Debug-iphonesimulator/Storage.build/Storage.modulemap (in target 'Storage' from project 'Supabase')
    cd /tmp/TasteBuddyHomeQuestionsQA/SourcePackages/checkouts/supabase-swift
    write-file /tmp/TasteBuddyHomeQuestionsQA/Build/Intermediates.noindex/Supabase.build/Debug-iphonesimulator/Storage.build/Storage.modulemap

Copy /tmp/TasteBuddyHomeQuestionsQA/Build/Intermediates.noindex/GeneratedModuleMaps-iphonesimulator/Supabase.modulemap /tmp/TasteBuddyHomeQuestionsQA/Build/Intermediates.noindex/Supabase.build/Debug-iphonesimulator/Supabase.build/Supabase.modulemap (in target 'Supabase' from project 'Supabase')
    cd /tmp/TasteBuddyHomeQuestionsQA/SourcePackages/checkouts/supabase-swift
    builtin-copy -exclude .DS_Store -exclude CVS -exclude .svn -exclude .git -exclude .hg -resolve-src-symlinks /tmp/TasteBuddyHomeQuestionsQA/Build/Intermediates.noindex/Supabase.build/Debug-iphonesimulator/Supabase.build/Supabase.modulemap /tmp/TasteBuddyHomeQuestionsQA/Build/Intermediates.noindex/GeneratedModuleMaps-iphonesimulator

WriteAuxiliaryFile /tmp/TasteBuddyHomeQuestionsQA/Build/Intermediates.noindex/Supabase.build/Debug-iphonesimulator/Storage.build/Storage.DependencyStaticMetadataFileList (in target 'Storage' from project 'Supabase')
    cd /tmp/TasteBuddyHomeQuestionsQA/SourcePackages/checkouts/supabase-swift
    write-file /tmp/TasteBuddyHomeQuestionsQA/Build/Intermediates.noindex/Supabase.build/Debug-iphonesimulator/Storage.build/Storage.DependencyStaticMetadataFileList

WriteAuxiliaryFile /tmp/TasteBuddyHomeQuestionsQA/Build/Intermediates.noindex/Supabase.build/Debug-iphonesimulator/Storage.build/Storage.DependencyMetadataFileList (in target 'Storage' from project 'Supabase')
    cd /tmp/TasteBuddyHomeQuestionsQA/SourcePackages/checkouts/supabase-swift
    write-file /tmp/TasteBuddyHomeQuestionsQA/Build/Intermediates.noindex/Supabase.build/Debug-iphonesimulator/Storage.build/Storage.DependencyMetadataFileList

WriteAuxiliaryFile /tmp/TasteBuddyHomeQuestionsQA/Build/Intermediates.noindex/Supabase.build/Debug-iphonesimulator/Storage.build/Objects-normal/x86_64/Storage_const_extract_protocols.json (in target 'Storage' from project 'Supabase')
    cd /tmp/TasteBuddyHomeQuestionsQA/SourcePackages/checkouts/supabase-swift
    write-file /tmp/TasteBuddyHomeQuestionsQA/Build/Intermediates.noindex/Supabase.build/Debug-iphonesimulator/Storage.build/Objects-normal/x86_64/Storage_const_extract_protocols.json

WriteAuxiliaryFile /tmp/TasteBuddyHomeQuestionsQA/Build/Intermediates.noindex/Supabase.build/Debug-iphonesimulator/Storage.build/Objects-normal/x86_64/Storage.SwiftFileList (in target 'Storage' from project 'Supabase')
    cd /tmp/TasteBuddyHomeQuestionsQA/SourcePackages/checkouts/supabase-swift
    write-file /tmp/TasteBuddyHomeQuestionsQA/Build/Intermediates.noindex/Supabase.build/Debug-iphonesimulator/Storage.build/Objects-normal/x86_64/Storage.SwiftFileList

WriteAuxiliaryFile /tmp/TasteBuddyHomeQuestionsQA/Build/Intermediates.noindex/Supabase.build/Debug-iphonesimulator/Storage.build/Objects-normal/x86_64/Storage.SwiftConstValuesFileList (in target 'Storage' from project 'Supabase')
    cd /tmp/TasteBuddyHomeQuestionsQA/SourcePackages/checkouts/supabase-swift
    write-file /tmp/TasteBuddyHomeQuestionsQA/Build/Intermediates.noindex/Supabase.build/Debug-iphonesimulator/Storage.build/Objects-normal/x86_64/Storage.SwiftConstValuesFileList

WriteAuxiliaryFile /tmp/TasteBuddyHomeQuestionsQA/Build/Intermediates.noindex/Supabase.build/Debug-iphonesimulator/Storage.build/Objects-normal/x86_64/Storage.LinkFileList (in target 'Storage' from project 'Supabase')
    cd /tmp/TasteBuddyHomeQuestionsQA/SourcePackages/checkouts/supabase-swift
    write-file /tmp/TasteBuddyHomeQuestionsQA/Build/Intermediates.noindex/Supabase.build/Debug-iphonesimulator/Storage.build/Objects-normal/x86_64/Storage.LinkFileList

WriteAuxiliaryFile /tmp/TasteBuddyHomeQuestionsQA/Build/Intermediates.noindex/Supabase.build/Debug-iphonesimulator/Storage.build/Objects-normal/x86_64/Storage-OutputFileMap.json (in target 'Storage' from project 'Supabase')
    cd /tmp/TasteBuddyHomeQuestionsQA/SourcePackages/checkouts/supabase-swift
    write-file /tmp/TasteBuddyHomeQuestionsQA/Build/Intermediates.noindex/Supabase.build/Debug-iphonesimulator/Storage.build/Objects-normal/x86_64/Storage-OutputFileMap.json

WriteAuxiliaryFile /tmp/TasteBuddyHomeQuestionsQA/Build/Intermediates.noindex/Supabase.build/Debug-iphonesimulator/Realtime.build/Realtime.DependencyStaticMetadataFileList (in target 'Realtime' from project 'Supabase')
    cd /tmp/TasteBuddyHomeQuestionsQA/SourcePackages/checkouts/supabase-swift
    write-file /tmp/TasteBuddyHomeQuestionsQA/Build/Intermediates.noindex/Supabase.build/Debug-iphonesimulator/Realtime.build/Realtime.DependencyStaticMetadataFileList

WriteAuxiliaryFile /tmp/TasteBuddyHomeQuestionsQA/Build/Intermediates.noindex/Supabase.build/Debug-iphonesimulator/Realtime.build/Realtime.modulemap (in target 'Realtime' from project 'Supabase')
    cd /tmp/TasteBuddyHomeQuestionsQA/SourcePackages/checkouts/supabase-swift
    write-file /tmp/TasteBuddyHomeQuestionsQA/Build/Intermediates.noindex/Supabase.build/Debug-iphonesimulator/Realtime.build/Realtime.modulemap

WriteAuxiliaryFile /tmp/TasteBuddyHomeQuestionsQA/Build/Intermediates.noindex/Supabase.build/Debug-iphonesimulator/Realtime.build/Realtime.DependencyMetadataFileList (in target 'Realtime' from project 'Supabase')
    cd /tmp/TasteBuddyHomeQuestionsQA/SourcePackages/checkouts/supabase-swift
    write-file /tmp/TasteBuddyHomeQuestionsQA/Build/Intermediates.noindex/Supabase.build/Debug-iphonesimulator/Realtime.build/Realtime.DependencyMetadataFileList

WriteAuxiliaryFile /tmp/TasteBuddyHomeQuestionsQA/Build/Intermediates.noindex/Supabase.build/Debug-iphonesimulator/Realtime.build/Objects-normal/x86_64/Realtime.SwiftFileList (in target 'Realtime' from project 'Supabase')
    cd /tmp/TasteBuddyHomeQuestionsQA/SourcePackages/checkouts/supabase-swift
    write-file /tmp/TasteBuddyHomeQuestionsQA/Build/Intermediates.noindex/Supabase.build/Debug-iphonesimulator/Realtime.build/Objects-normal/x86_64/Realtime.SwiftFileList

WriteAuxiliaryFile /tmp/TasteBuddyHomeQuestionsQA/Build/Intermediates.noindex/Supabase.build/Debug-iphonesimulator/Realtime.build/Objects-normal/x86_64/Realtime_const_extract_protocols.json (in target 'Realtime' from project 'Supabase')
    cd /tmp/TasteBuddyHomeQuestionsQA/SourcePackages/checkouts/supabase-swift
    write-file /tmp/TasteBuddyHomeQuestionsQA/Build/Intermediates.noindex/Supabase.build/Debug-iphonesimulator/Realtime.build/Objects-normal/x86_64/Realtime_const_extract_protocols.json

Copy /tmp/TasteBuddyHomeQuestionsQA/Build/Intermediates.noindex/GeneratedModuleMaps-iphonesimulator/Storage.modulemap /tmp/TasteBuddyHomeQuestionsQA/Build/Intermediates.noindex/Supabase.build/Debug-iphonesimulator/Storage.build/Storage.modulemap (in target 'Storage' from project 'Supabase')
    cd /tmp/TasteBuddyHomeQuestionsQA/SourcePackages/checkouts/supabase-swift
    builtin-copy -exclude .DS_Store -exclude CVS -exclude .svn -exclude .git -exclude .hg -resolve-src-symlinks /tmp/TasteBuddyHomeQuestionsQA/Build/Intermediates.noindex/Supabase.build/Debug-iphonesimulator/Storage.build/Storage.modulemap /tmp/TasteBuddyHomeQuestionsQA/Build/Intermediates.noindex/GeneratedModuleMaps-iphonesimulator

WriteAuxiliaryFile /tmp/TasteBuddyHomeQuestionsQA/Build/Intermediates.noindex/Supabase.build/Debug-iphonesimulator/Realtime.build/Objects-normal/x86_64/Realtime.LinkFileList (in target 'Realtime' from project 'Supabase')
    cd /tmp/TasteBuddyHomeQuestionsQA/SourcePackages/checkouts/supabase-swift
    write-file /tmp/TasteBuddyHomeQuestionsQA/Build/Intermediates.noindex/Supabase.build/Debug-iphonesimulator/Realtime.build/Objects-normal/x86_64/Realtime.LinkFileList

WriteAuxiliaryFile /tmp/TasteBuddyHomeQuestionsQA/Build/Intermediates.noindex/Supabase.build/Debug-iphonesimulator/Realtime.build/Objects-normal/x86_64/Realtime.SwiftConstValuesFileList (in target 'Realtime' from project 'Supabase')
    cd /tmp/TasteBuddyHomeQuestionsQA/SourcePackages/checkouts/supabase-swift
    write-file /tmp/TasteBuddyHomeQuestionsQA/Build/Intermediates.noindex/Supabase.build/Debug-iphonesimulator/Realtime.build/Objects-normal/x86_64/Realtime.SwiftConstValuesFileList

WriteAuxiliaryFile /tmp/TasteBuddyHomeQuestionsQA/Build/Intermediates.noindex/Supabase.build/Debug-iphonesimulator/Realtime.build/Objects-normal/x86_64/Realtime-OutputFileMap.json (in target 'Realtime' from project 'Supabase')
    cd /tmp/TasteBuddyHomeQuestionsQA/SourcePackages/checkouts/supabase-swift
    write-file /tmp/TasteBuddyHomeQuestionsQA/Build/Intermediates.noindex/Supabase.build/Debug-iphonesimulator/Realtime.build/Objects-normal/x86_64/Realtime-OutputFileMap.json

WriteAuxiliaryFile /tmp/TasteBuddyHomeQuestionsQA/Build/Intermediates.noindex/ProgressiveBlurHeader.build/Debug-iphonesimulator/ProgressiveBlurHeader.build/ProgressiveBlurHeader.modulemap (in target 'ProgressiveBlurHeader' from project 'ProgressiveBlurHeader')
    cd /tmp/TasteBuddyHomeQuestionsQA/SourcePackages/checkouts/ProgressiveBlurHeader
    write-file /tmp/TasteBuddyHomeQuestionsQA/Build/Intermediates.noindex/ProgressiveBlurHeader.build/Debug-iphonesimulator/ProgressiveBlurHeader.build/ProgressiveBlurHeader.modulemap

WriteAuxiliaryFile /tmp/TasteBuddyHomeQuestionsQA/Build/Intermediates.noindex/ProgressiveBlurHeader.build/Debug-iphonesimulator/ProgressiveBlurHeader.build/ProgressiveBlurHeader.DependencyStaticMetadataFileList (in target 'ProgressiveBlurHeader' from project 'ProgressiveBlurHeader')
    cd /tmp/TasteBuddyHomeQuestionsQA/SourcePackages/checkouts/ProgressiveBlurHeader
    write-file /tmp/TasteBuddyHomeQuestionsQA/Build/Intermediates.noindex/ProgressiveBlurHeader.build/Debug-iphonesimulator/ProgressiveBlurHeader.build/ProgressiveBlurHeader.DependencyStaticMetadataFileList

WriteAuxiliaryFile /tmp/TasteBuddyHomeQuestionsQA/Build/Intermediates.noindex/ProgressiveBlurHeader.build/Debug-iphonesimulator/ProgressiveBlurHeader.build/ProgressiveBlurHeader.DependencyMetadataFileList (in target 'ProgressiveBlurHeader' from project 'ProgressiveBlurHeader')
    cd /tmp/TasteBuddyHomeQuestionsQA/SourcePackages/checkouts/ProgressiveBlurHeader
    write-file /tmp/TasteBuddyHomeQuestionsQA/Build/Intermediates.noindex/ProgressiveBlurHeader.build/Debug-iphonesimulator/ProgressiveBlurHeader.build/ProgressiveBlurHeader.DependencyMetadataFileList

WriteAuxiliaryFile /tmp/TasteBuddyHomeQuestionsQA/Build/Intermediates.noindex/ProgressiveBlurHeader.build/Debug-iphonesimulator/ProgressiveBlurHeader.build/Objects-normal/x86_64/ProgressiveBlurHeader_const_extract_protocols.json (in target 'ProgressiveBlurHeader' from project 'ProgressiveBlurHeader')
    cd /tmp/TasteBuddyHomeQuestionsQA/SourcePackages/checkouts/ProgressiveBlurHeader
    write-file /tmp/TasteBuddyHomeQuestionsQA/Build/Intermediates.noindex/ProgressiveBlurHeader.build/Debug-iphonesimulator/ProgressiveBlurHeader.build/Objects-normal/x86_64/ProgressiveBlurHeader_const_extract_protocols.json

WriteAuxiliaryFile /tmp/TasteBuddyHomeQuestionsQA/Build/Intermediates.noindex/ProgressiveBlurHeader.build/Debug-iphonesimulator/ProgressiveBlurHeader.build/Objects-normal/x86_64/ProgressiveBlurHeader.SwiftFileList (in target 'ProgressiveBlurHeader' from project 'ProgressiveBlurHeader')
    cd /tmp/TasteBuddyHomeQuestionsQA/SourcePackages/checkouts/ProgressiveBlurHeader
    write-file /tmp/TasteBuddyHomeQuestionsQA/Build/Intermediates.noindex/ProgressiveBlurHeader.build/Debug-iphonesimulator/ProgressiveBlurHeader.build/Objects-normal/x86_64/ProgressiveBlurHeader.SwiftFileList

Copy /tmp/TasteBuddyHomeQuestionsQA/Build/Intermediates.noindex/GeneratedModuleMaps-iphonesimulator/Realtime.modulemap /tmp/TasteBuddyHomeQuestionsQA/Build/Intermediates.noindex/Supabase.build/Debug-iphonesimulator/Realtime.build/Realtime.modulemap (in target 'Realtime' from project 'Supabase')
    cd /tmp/TasteBuddyHomeQuestionsQA/SourcePackages/checkouts/supabase-swift
    builtin-copy -exclude .DS_Store -exclude CVS -exclude .svn -exclude .git -exclude .hg -resolve-src-symlinks /tmp/TasteBuddyHomeQuestionsQA/Build/Intermediates.noindex/Supabase.build/Debug-iphonesimulator/Realtime.build/Realtime.modulemap /tmp/TasteBuddyHomeQuestionsQA/Build/Intermediates.noindex/GeneratedModuleMaps-iphonesimulator

WriteAuxiliaryFile /tmp/TasteBuddyHomeQuestionsQA/Build/Intermediates.noindex/ProgressiveBlurHeader.build/Debug-iphonesimulator/ProgressiveBlurHeader.build/Objects-normal/x86_64/ProgressiveBlurHeader.SwiftConstValuesFileList (in target 'ProgressiveBlurHeader' from project 'ProgressiveBlurHeader')
    cd /tmp/TasteBuddyHomeQuestionsQA/SourcePackages/checkouts/ProgressiveBlurHeader
    write-file /tmp/TasteBuddyHomeQuestionsQA/Build/Intermediates.noindex/ProgressiveBlurHeader.build/Debug-iphonesimulator/ProgressiveBlurHeader.build/Objects-normal/x86_64/ProgressiveBlurHeader.SwiftConstValuesFileList

WriteAuxiliaryFile /tmp/TasteBuddyHomeQuestionsQA/Build/Intermediates.noindex/ProgressiveBlurHeader.build/Debug-iphonesimulator/ProgressiveBlurHeader.build/Objects-normal/x86_64/ProgressiveBlurHeader-OutputFileMap.json (in target 'ProgressiveBlurHeader' from project 'ProgressiveBlurHeader')
    cd /tmp/TasteBuddyHomeQuestionsQA/SourcePackages/checkouts/ProgressiveBlurHeader
    write-file /tmp/TasteBuddyHomeQuestionsQA/Build/Intermediates.noindex/ProgressiveBlurHeader.build/Debug-iphonesimulator/ProgressiveBlurHeader.build/Objects-normal/x86_64/ProgressiveBlurHeader-OutputFileMap.json

WriteAuxiliaryFile /tmp/TasteBuddyHomeQuestionsQA/Build/Intermediates.noindex/ProgressiveBlurHeader.build/Debug-iphonesimulator/ProgressiveBlurHeader.build/Objects-normal/x86_64/ProgressiveBlurHeader.LinkFileList (in target 'ProgressiveBlurHeader' from project 'ProgressiveBlurHeader')
    cd /tmp/TasteBuddyHomeQuestionsQA/SourcePackages/checkouts/ProgressiveBlurHeader
    write-file /tmp/TasteBuddyHomeQuestionsQA/Build/Intermediates.noindex/ProgressiveBlurHeader.build/Debug-iphonesimulator/ProgressiveBlurHeader.build/Objects-normal/x86_64/ProgressiveBlurHeader.LinkFileList

WriteAuxiliaryFile /tmp/TasteBuddyHomeQuestionsQA/Build/Intermediates.noindex/Supabase.build/Debug-iphonesimulator/PostgREST.build/PostgREST.DependencyMetadataFileList (in target 'PostgREST' from project 'Supabase')
    cd /tmp/TasteBuddyHomeQuestionsQA/SourcePackages/checkouts/supabase-swift
    write-file /tmp/TasteBuddyHomeQuestionsQA/Build/Intermediates.noindex/Supabase.build/Debug-iphonesimulator/PostgREST.build/PostgREST.DependencyMetadataFileList

WriteAuxiliaryFile /tmp/TasteBuddyHomeQuestionsQA/Build/Intermediates.noindex/Supabase.build/Debug-iphonesimulator/PostgREST.build/PostgREST.DependencyStaticMetadataFileList (in target 'PostgREST' from project 'Supabase')
    cd /tmp/TasteBuddyHomeQuestionsQA/SourcePackages/checkouts/supabase-swift
    write-file /tmp/TasteBuddyHomeQuestionsQA/Build/Intermediates.noindex/Supabase.build/Debug-iphonesimulator/PostgREST.build/PostgREST.DependencyStaticMetadataFileList

WriteAuxiliaryFile /tmp/TasteBuddyHomeQuestionsQA/Build/Intermediates.noindex/Supabase.build/Debug-iphonesimulator/PostgREST.build/PostgREST.modulemap (in target 'PostgREST' from project 'Supabase')
    cd /tmp/TasteBuddyHomeQuestionsQA/SourcePackages/checkouts/supabase-swift
    write-file /tmp/TasteBuddyHomeQuestionsQA/Build/Intermediates.noindex/Supabase.build/Debug-iphonesimulator/PostgREST.build/PostgREST.modulemap

WriteAuxiliaryFile /tmp/TasteBuddyHomeQuestionsQA/Build/Intermediates.noindex/Supabase.build/Debug-iphonesimulator/PostgREST.build/Objects-normal/x86_64/PostgREST.SwiftFileList (in target 'PostgREST' from project 'Supabase')
    cd /tmp/TasteBuddyHomeQuestionsQA/SourcePackages/checkouts/supabase-swift
    write-file /tmp/TasteBuddyHomeQuestionsQA/Build/Intermediates.noindex/Supabase.build/Debug-iphonesimulator/PostgREST.build/Objects-normal/x86_64/PostgREST.SwiftFileList

WriteAuxiliaryFile /tmp/TasteBuddyHomeQuestionsQA/Build/Intermediates.noindex/Supabase.build/Debug-iphonesimulator/PostgREST.build/Objects-normal/x86_64/PostgREST_const_extract_protocols.json (in target 'PostgREST' from project 'Supabase')
    cd /tmp/TasteBuddyHomeQuestionsQA/SourcePackages/checkouts/supabase-swift
    write-file /tmp/TasteBuddyHomeQuestionsQA/Build/Intermediates.noindex/Supabase.build/Debug-iphonesimulator/PostgREST.build/Objects-normal/x86_64/PostgREST_const_extract_protocols.json

Copy /tmp/TasteBuddyHomeQuestionsQA/Build/Intermediates.noindex/GeneratedModuleMaps-iphonesimulator/ProgressiveBlurHeader.modulemap /tmp/TasteBuddyHomeQuestionsQA/Build/Intermediates.noindex/ProgressiveBlurHeader.build/Debug-iphonesimulator/ProgressiveBlurHeader.build/ProgressiveBlurHeader.modulemap (in target 'ProgressiveBlurHeader' from project 'ProgressiveBlurHeader')
    cd /tmp/TasteBuddyHomeQuestionsQA/SourcePackages/checkouts/ProgressiveBlurHeader
    builtin-copy -exclude .DS_Store -exclude CVS -exclude .svn -exclude .git -exclude .hg -resolve-src-symlinks /tmp/TasteBuddyHomeQuestionsQA/Build/Intermediates.noindex/ProgressiveBlurHeader.build/Debug-iphonesimulator/ProgressiveBlurHeader.build/ProgressiveBlurHeader.modulemap /tmp/TasteBuddyHomeQuestionsQA/Build/Intermediates.noindex/GeneratedModuleMaps-iphonesimulator

WriteAuxiliaryFile /tmp/TasteBuddyHomeQuestionsQA/Build/Intermediates.noindex/Supabase.build/Debug-iphonesimulator/PostgREST.build/Objects-normal/x86_64/PostgREST.SwiftConstValuesFileList (in target 'PostgREST' from project 'Supabase')
    cd /tmp/TasteBuddyHomeQuestionsQA/SourcePackages/checkouts/supabase-swift
    write-file /tmp/TasteBuddyHomeQuestionsQA/Build/Intermediates.noindex/Supabase.build/Debug-iphonesimulator/PostgREST.build/Objects-normal/x86_64/PostgREST.SwiftConstValuesFileList

WriteAuxiliaryFile /tmp/TasteBuddyHomeQuestionsQA/Build/Intermediates.noindex/Supabase.build/Debug-iphonesimulator/PostgREST.build/Objects-normal/x86_64/PostgREST.LinkFileList (in target 'PostgREST' from project 'Supabase')
    cd /tmp/TasteBuddyHomeQuestionsQA/SourcePackages/checkouts/supabase-swift
    write-file /tmp/TasteBuddyHomeQuestionsQA/Build/Intermediates.noindex/Supabase.build/Debug-iphonesimulator/PostgREST.build/Objects-normal/x86_64/PostgREST.LinkFileList

WriteAuxiliaryFile /tmp/TasteBuddyHomeQuestionsQA/Build/Intermediates.noindex/Supabase.build/Debug-iphonesimulator/PostgREST.build/Objects-normal/x86_64/PostgREST-OutputFileMap.json (in target 'PostgREST' from project 'Supabase')
    cd /tmp/TasteBuddyHomeQuestionsQA/SourcePackages/checkouts/supabase-swift
    write-file /tmp/TasteBuddyHomeQuestionsQA/Build/Intermediates.noindex/Supabase.build/Debug-iphonesimulator/PostgREST.build/Objects-normal/x86_64/PostgREST-OutputFileMap.json

WriteAuxiliaryFile /tmp/TasteBuddyHomeQuestionsQA/Build/Intermediates.noindex/xctest-dynamic-overlay.build/Debug-iphonesimulator/IssueReportingPackageSupport.build/Objects-normal/x86_64/IssueReportingPackageSupport.SwiftFileList (in target 'IssueReportingPackageSupport' from project 'xctest-dynamic-overlay')
    cd /tmp/TasteBuddyHomeQuestionsQA/SourcePackages/checkouts/xctest-dynamic-overlay
    write-file /tmp/TasteBuddyHomeQuestionsQA/Build/Intermediates.noindex/xctest-dynamic-overlay.build/Debug-iphonesimulator/IssueReportingPackageSupport.build/Objects-normal/x86_64/IssueReportingPackageSupport.SwiftFileList

WriteAuxiliaryFile /tmp/TasteBuddyHomeQuestionsQA/Build/Intermediates.noindex/xctest-dynamic-overlay.build/Debug-iphonesimulator/IssueReportingPackageSupport.build/Objects-normal/x86_64/IssueReportingPackageSupport.SwiftConstValuesFileList (in target 'IssueReportingPackageSupport' from project 'xctest-dynamic-overlay')
    cd /tmp/TasteBuddyHomeQuestionsQA/SourcePackages/checkouts/xctest-dynamic-overlay
    write-file /tmp/TasteBuddyHomeQuestionsQA/Build/Intermediates.noindex/xctest-dynamic-overlay.build/Debug-iphonesimulator/IssueReportingPackageSupport.build/Objects-normal/x86_64/IssueReportingPackageSupport.SwiftConstValuesFileList

WriteAuxiliaryFile /tmp/TasteBuddyHomeQuestionsQA/Build/Intermediates.noindex/xctest-dynamic-overlay.build/Debug-iphonesimulator/IssueReportingPackageSupport.build/Objects-normal/x86_64/IssueReportingPackageSupport_const_extract_protocols.json (in target 'IssueReportingPackageSupport' from project 'xctest-dynamic-overlay')
    cd /tmp/TasteBuddyHomeQuestionsQA/SourcePackages/checkouts/xctest-dynamic-overlay
    write-file /tmp/TasteBuddyHomeQuestionsQA/Build/Intermediates.noindex/xctest-dynamic-overlay.build/Debug-iphonesimulator/IssueReportingPackageSupport.build/Objects-normal/x86_64/IssueReportingPackageSupport_const_extract_protocols.json

WriteAuxiliaryFile /tmp/TasteBuddyHomeQuestionsQA/Build/Intermediates.noindex/xctest-dynamic-overlay.build/Debug-iphonesimulator/IssueReportingPackageSupport.build/Objects-normal/x86_64/IssueReportingPackageSupport.LinkFileList (in target 'IssueReportingPackageSupport' from project 'xctest-dynamic-overlay')
    cd /tmp/TasteBuddyHomeQuestionsQA/SourcePackages/checkouts/xctest-dynamic-overlay
    write-file /tmp/TasteBuddyHomeQuestionsQA/Build/Intermediates.noindex/xctest-dynamic-overlay.build/Debug-iphonesimulator/IssueReportingPackageSupport.build/Objects-normal/x86_64/IssueReportingPackageSupport.LinkFileList

WriteAuxiliaryFile /tmp/TasteBuddyHomeQuestionsQA/Build/Intermediates.noindex/xctest-dynamic-overlay.build/Debug-iphonesimulator/IssueReportingPackageSupport.build/IssueReportingPackageSupport.modulemap (in target 'IssueReportingPackageSupport' from project 'xctest-dynamic-overlay')
    cd /tmp/TasteBuddyHomeQuestionsQA/SourcePackages/checkouts/xctest-dynamic-overlay
    write-file /tmp/TasteBuddyHomeQuestionsQA/Build/Intermediates.noindex/xctest-dynamic-overlay.build/Debug-iphonesimulator/IssueReportingPackageSupport.build/IssueReportingPackageSupport.modulemap

WriteAuxiliaryFile /tmp/TasteBuddyHomeQuestionsQA/Build/Intermediates.noindex/xctest-dynamic-overlay.build/Debug-iphonesimulator/IssueReportingPackageSupport.build/Objects-normal/x86_64/IssueReportingPackageSupport-OutputFileMap.json (in target 'IssueReportingPackageSupport' from project 'xctest-dynamic-overlay')
    cd /tmp/TasteBuddyHomeQuestionsQA/SourcePackages/checkouts/xctest-dynamic-overlay
    write-file /tmp/TasteBuddyHomeQuestionsQA/Build/Intermediates.noindex/xctest-dynamic-overlay.build/Debug-iphonesimulator/IssueReportingPackageSupport.build/Objects-normal/x86_64/IssueReportingPackageSupport-OutputFileMap.json

WriteAuxiliaryFile /tmp/TasteBuddyHomeQuestionsQA/Build/Intermediates.noindex/xctest-dynamic-overlay.build/Debug-iphonesimulator/IssueReportingPackageSupport.build/IssueReportingPackageSupport.DependencyStaticMetadataFileList (in target 'IssueReportingPackageSupport' from project 'xctest-dynamic-overlay')
    cd /tmp/TasteBuddyHomeQuestionsQA/SourcePackages/checkouts/xctest-dynamic-overlay
    write-file /tmp/TasteBuddyHomeQuestionsQA/Build/Intermediates.noindex/xctest-dynamic-overlay.build/Debug-iphonesimulator/IssueReportingPackageSupport.build/IssueReportingPackageSupport.DependencyStaticMetadataFileList

Copy /tmp/TasteBuddyHomeQuestionsQA/Build/Intermediates.noindex/GeneratedModuleMaps-iphonesimulator/PostgREST.modulemap /tmp/TasteBuddyHomeQuestionsQA/Build/Intermediates.noindex/Supabase.build/Debug-iphonesimulator/PostgREST.build/PostgREST.modulemap (in target 'PostgREST' from project 'Supabase')
    cd /tmp/TasteBuddyHomeQuestionsQA/SourcePackages/checkouts/supabase-swift
    builtin-copy -exclude .DS_Store -exclude CVS -exclude .svn -exclude .git -exclude .hg -resolve-src-symlinks /tmp/TasteBuddyHomeQuestionsQA/Build/Intermediates.noindex/Supabase.build/Debug-iphonesimulator/PostgREST.build/PostgREST.modulemap /tmp/TasteBuddyHomeQuestionsQA/Build/Intermediates.noindex/GeneratedModuleMaps-iphonesimulator

WriteAuxiliaryFile /tmp/TasteBuddyHomeQuestionsQA/Build/Intermediates.noindex/xctest-dynamic-overlay.build/Debug-iphonesimulator/IssueReportingPackageSupport.build/IssueReportingPackageSupport.DependencyMetadataFileList (in target 'IssueReportingPackageSupport' from project 'xctest-dynamic-overlay')
    cd /tmp/TasteBuddyHomeQuestionsQA/SourcePackages/checkouts/xctest-dynamic-overlay
    write-file /tmp/TasteBuddyHomeQuestionsQA/Build/Intermediates.noindex/xctest-dynamic-overlay.build/Debug-iphonesimulator/IssueReportingPackageSupport.build/IssueReportingPackageSupport.DependencyMetadataFileList

WriteAuxiliaryFile /tmp/TasteBuddyHomeQuestionsQA/Build/Intermediates.noindex/xctest-dynamic-overlay.build/Debug-iphonesimulator/IssueReporting.build/Objects-normal/x86_64/IssueReporting_const_extract_protocols.json (in target 'IssueReporting' from project 'xctest-dynamic-overlay')
    cd /tmp/TasteBuddyHomeQuestionsQA/SourcePackages/checkouts/xctest-dynamic-overlay
    write-file /tmp/TasteBuddyHomeQuestionsQA/Build/Intermediates.noindex/xctest-dynamic-overlay.build/Debug-iphonesimulator/IssueReporting.build/Objects-normal/x86_64/IssueReporting_const_extract_protocols.json

WriteAuxiliaryFile /tmp/TasteBuddyHomeQuestionsQA/Build/Intermediates.noindex/xctest-dynamic-overlay.build/Debug-iphonesimulator/IssueReporting.build/Objects-normal/x86_64/IssueReporting.SwiftFileList (in target 'IssueReporting' from project 'xctest-dynamic-overlay')
    cd /tmp/TasteBuddyHomeQuestionsQA/SourcePackages/checkouts/xctest-dynamic-overlay
    write-file /tmp/TasteBuddyHomeQuestionsQA/Build/Intermediates.noindex/xctest-dynamic-overlay.build/Debug-iphonesimulator/IssueReporting.build/Objects-normal/x86_64/IssueReporting.SwiftFileList

WriteAuxiliaryFile /tmp/TasteBuddyHomeQuestionsQA/Build/Intermediates.noindex/xctest-dynamic-overlay.build/Debug-iphonesimulator/IssueReporting.build/Objects-normal/x86_64/IssueReporting.LinkFileList (in target 'IssueReporting' from project 'xctest-dynamic-overlay')
    cd /tmp/TasteBuddyHomeQuestionsQA/SourcePackages/checkouts/xctest-dynamic-overlay
    write-file /tmp/TasteBuddyHomeQuestionsQA/Build/Intermediates.noindex/xctest-dynamic-overlay.build/Debug-iphonesimulator/IssueReporting.build/Objects-normal/x86_64/IssueReporting.LinkFileList

WriteAuxiliaryFile /tmp/TasteBuddyHomeQuestionsQA/Build/Intermediates.noindex/xctest-dynamic-overlay.build/Debug-iphonesimulator/IssueReporting.build/Objects-normal/x86_64/IssueReporting.SwiftConstValuesFileList (in target 'IssueReporting' from project 'xctest-dynamic-overlay')
    cd /tmp/TasteBuddyHomeQuestionsQA/SourcePackages/checkouts/xctest-dynamic-overlay
    write-file /tmp/TasteBuddyHomeQuestionsQA/Build/Intermediates.noindex/xctest-dynamic-overlay.build/Debug-iphonesimulator/IssueReporting.build/Objects-normal/x86_64/IssueReporting.SwiftConstValuesFileList

WriteAuxiliaryFile /tmp/TasteBuddyHomeQuestionsQA/Build/Intermediates.noindex/xctest-dynamic-overlay.build/Debug-iphonesimulator/IssueReporting.build/Objects-normal/x86_64/IssueReporting-OutputFileMap.json (in target 'IssueReporting' from project 'xctest-dynamic-overlay')
    cd /tmp/TasteBuddyHomeQuestionsQA/SourcePackages/checkouts/xctest-dynamic-overlay
    write-file /tmp/TasteBuddyHomeQuestionsQA/Build/Intermediates.noindex/xctest-dynamic-overlay.build/Debug-iphonesimulator/IssueReporting.build/Objects-normal/x86_64/IssueReporting-OutputFileMap.json

WriteAuxiliaryFile /tmp/TasteBuddyHomeQuestionsQA/Build/Intermediates.noindex/xctest-dynamic-overlay.build/Debug-iphonesimulator/IssueReporting.build/IssueReporting.modulemap (in target 'IssueReporting' from project 'xctest-dynamic-overlay')
    cd /tmp/TasteBuddyHomeQuestionsQA/SourcePackages/checkouts/xctest-dynamic-overlay
    write-file /tmp/TasteBuddyHomeQuestionsQA/Build/Intermediates.noindex/xctest-dynamic-overlay.build/Debug-iphonesimulator/IssueReporting.build/IssueReporting.modulemap

WriteAuxiliaryFile /tmp/TasteBuddyHomeQuestionsQA/Build/Intermediates.noindex/xctest-dynamic-overlay.build/Debug-iphonesimulator/IssueReporting.build/IssueReporting.DependencyStaticMetadataFileList (in target 'IssueReporting' from project 'xctest-dynamic-overlay')
    cd /tmp/TasteBuddyHomeQuestionsQA/SourcePackages/checkouts/xctest-dynamic-overlay
    write-file /tmp/TasteBuddyHomeQuestionsQA/Build/Intermediates.noindex/xctest-dynamic-overlay.build/Debug-iphonesimulator/IssueReporting.build/IssueReporting.DependencyStaticMetadataFileList

Copy /tmp/TasteBuddyHomeQuestionsQA/Build/Intermediates.noindex/GeneratedModuleMaps-iphonesimulator/IssueReportingPackageSupport.modulemap /tmp/TasteBuddyHomeQuestionsQA/Build/Intermediates.noindex/xctest-dynamic-overlay.build/Debug-iphonesimulator/IssueReportingPackageSupport.build/IssueReportingPackageSupport.modulemap (in target 'IssueReportingPackageSupport' from project 'xctest-dynamic-overlay')
    cd /tmp/TasteBuddyHomeQuestionsQA/SourcePackages/checkouts/xctest-dynamic-overlay
    builtin-copy -exclude .DS_Store -exclude CVS -exclude .svn -exclude .git -exclude .hg -resolve-src-symlinks /tmp/TasteBuddyHomeQuestionsQA/Build/Intermediates.noindex/xctest-dynamic-overlay.build/Debug-iphonesimulator/IssueReportingPackageSupport.build/IssueReportingPackageSupport.modulemap /tmp/TasteBuddyHomeQuestionsQA/Build/Intermediates.noindex/GeneratedModuleMaps-iphonesimulator

WriteAuxiliaryFile /tmp/TasteBuddyHomeQuestionsQA/Build/Intermediates.noindex/xctest-dynamic-overlay.build/Debug-iphonesimulator/IssueReporting.build/IssueReporting.DependencyMetadataFileList (in target 'IssueReporting' from project 'xctest-dynamic-overlay')
    cd /tmp/TasteBuddyHomeQuestionsQA/SourcePackages/checkouts/xctest-dynamic-overlay
    write-file /tmp/TasteBuddyHomeQuestionsQA/Build/Intermediates.noindex/xctest-dynamic-overlay.build/Debug-iphonesimulator/IssueReporting.build/IssueReporting.DependencyMetadataFileList

WriteAuxiliaryFile /tmp/TasteBuddyHomeQuestionsQA/Build/Intermediates.noindex/Supabase.build/Debug-iphonesimulator/Helpers.build/Helpers.modulemap (in target 'Helpers' from project 'Supabase')
    cd /tmp/TasteBuddyHomeQuestionsQA/SourcePackages/checkouts/supabase-swift
    write-file /tmp/TasteBuddyHomeQuestionsQA/Build/Intermediates.noindex/Supabase.build/Debug-iphonesimulator/Helpers.build/Helpers.modulemap

WriteAuxiliaryFile /tmp/TasteBuddyHomeQuestionsQA/Build/Intermediates.noindex/Supabase.build/Debug-iphonesimulator/Helpers.build/Helpers.DependencyStaticMetadataFileList (in target 'Helpers' from project 'Supabase')
    cd /tmp/TasteBuddyHomeQuestionsQA/SourcePackages/checkouts/supabase-swift
    write-file /tmp/TasteBuddyHomeQuestionsQA/Build/Intermediates.noindex/Supabase.build/Debug-iphonesimulator/Helpers.build/Helpers.DependencyStaticMetadataFileList

WriteAuxiliaryFile /tmp/TasteBuddyHomeQuestionsQA/Build/Intermediates.noindex/Supabase.build/Debug-iphonesimulator/Helpers.build/Helpers.DependencyMetadataFileList (in target 'Helpers' from project 'Supabase')
    cd /tmp/TasteBuddyHomeQuestionsQA/SourcePackages/checkouts/supabase-swift
    write-file /tmp/TasteBuddyHomeQuestionsQA/Build/Intermediates.noindex/Supabase.build/Debug-iphonesimulator/Helpers.build/Helpers.DependencyMetadataFileList

WriteAuxiliaryFile /tmp/TasteBuddyHomeQuestionsQA/Build/Intermediates.noindex/Supabase.build/Debug-iphonesimulator/Helpers.build/Objects-normal/x86_64/Helpers_const_extract_protocols.json (in target 'Helpers' from project 'Supabase')
    cd /tmp/TasteBuddyHomeQuestionsQA/SourcePackages/checkouts/supabase-swift
    write-file /tmp/TasteBuddyHomeQuestionsQA/Build/Intermediates.noindex/Supabase.build/Debug-iphonesimulator/Helpers.build/Objects-normal/x86_64/Helpers_const_extract_protocols.json

WriteAuxiliaryFile /tmp/TasteBuddyHomeQuestionsQA/Build/Intermediates.noindex/Supabase.build/Debug-iphonesimulator/Helpers.build/Objects-normal/x86_64/Helpers.SwiftFileList (in target 'Helpers' from project 'Supabase')
    cd /tmp/TasteBuddyHomeQuestionsQA/SourcePackages/checkouts/supabase-swift
    write-file /tmp/TasteBuddyHomeQuestionsQA/Build/Intermediates.noindex/Supabase.build/Debug-iphonesimulator/Helpers.build/Objects-normal/x86_64/Helpers.SwiftFileList

WriteAuxiliaryFile /tmp/TasteBuddyHomeQuestionsQA/Build/Intermediates.noindex/Supabase.build/Debug-iphonesimulator/Helpers.build/Objects-normal/x86_64/Helpers.LinkFileList (in target 'Helpers' from project 'Supabase')
    cd /tmp/TasteBuddyHomeQuestionsQA/SourcePackages/checkouts/supabase-swift
    write-file /tmp/TasteBuddyHomeQuestionsQA/Build/Intermediates.noindex/Supabase.build/Debug-iphonesimulator/Helpers.build/Objects-normal/x86_64/Helpers.LinkFileList

WriteAuxiliaryFile /tmp/TasteBuddyHomeQuestionsQA/Build/Intermediates.noindex/Supabase.build/Debug-iphonesimulator/Helpers.build/Objects-normal/x86_64/Helpers-OutputFileMap.json (in target 'Helpers' from project 'Supabase')
    cd /tmp/TasteBuddyHomeQuestionsQA/SourcePackages/checkouts/supabase-swift
    write-file /tmp/TasteBuddyHomeQuestionsQA/Build/Intermediates.noindex/Supabase.build/Debug-iphonesimulator/Helpers.build/Objects-normal/x86_64/Helpers-OutputFileMap.json

WriteAuxiliaryFile /tmp/TasteBuddyHomeQuestionsQA/Build/Intermediates.noindex/Supabase.build/Debug-iphonesimulator/Helpers.build/Objects-normal/x86_64/Helpers.SwiftConstValuesFileList (in target 'Helpers' from project 'Supabase')
    cd /tmp/TasteBuddyHomeQuestionsQA/SourcePackages/checkouts/supabase-swift
    write-file /tmp/TasteBuddyHomeQuestionsQA/Build/Intermediates.noindex/Supabase.build/Debug-iphonesimulator/Helpers.build/Objects-normal/x86_64/Helpers.SwiftConstValuesFileList

WriteAuxiliaryFile /tmp/TasteBuddyHomeQuestionsQA/Build/Intermediates.noindex/swift-http-types.build/Debug-iphonesimulator/HTTPTypes.build/Objects-normal/x86_64/HTTPTypes_const_extract_protocols.json (in target 'HTTPTypes' from project 'swift-http-types')
    cd /tmp/TasteBuddyHomeQuestionsQA/SourcePackages/checkouts/swift-http-types
    write-file /tmp/TasteBuddyHomeQuestionsQA/Build/Intermediates.noindex/swift-http-types.build/Debug-iphonesimulator/HTTPTypes.build/Objects-normal/x86_64/HTTPTypes_const_extract_protocols.json

Copy /tmp/TasteBuddyHomeQuestionsQA/Build/Intermediates.noindex/GeneratedModuleMaps-iphonesimulator/IssueReporting.modulemap /tmp/TasteBuddyHomeQuestionsQA/Build/Intermediates.noindex/xctest-dynamic-overlay.build/Debug-iphonesimulator/IssueReporting.build/IssueReporting.modulemap (in target 'IssueReporting' from project 'xctest-dynamic-overlay')
    cd /tmp/TasteBuddyHomeQuestionsQA/SourcePackages/checkouts/xctest-dynamic-overlay
    builtin-copy -exclude .DS_Store -exclude CVS -exclude .svn -exclude .git -exclude .hg -resolve-src-symlinks /tmp/TasteBuddyHomeQuestionsQA/Build/Intermediates.noindex/xctest-dynamic-overlay.build/Debug-iphonesimulator/IssueReporting.build/IssueReporting.modulemap /tmp/TasteBuddyHomeQuestionsQA/Build/Intermediates.noindex/GeneratedModuleMaps-iphonesimulator

WriteAuxiliaryFile /tmp/TasteBuddyHomeQuestionsQA/Build/Intermediates.noindex/swift-http-types.build/Debug-iphonesimulator/HTTPTypes.build/Objects-normal/x86_64/HTTPTypes.SwiftFileList (in target 'HTTPTypes' from project 'swift-http-types')
    cd /tmp/TasteBuddyHomeQuestionsQA/SourcePackages/checkouts/swift-http-types
    write-file /tmp/TasteBuddyHomeQuestionsQA/Build/Intermediates.noindex/swift-http-types.build/Debug-iphonesimulator/HTTPTypes.build/Objects-normal/x86_64/HTTPTypes.SwiftFileList

WriteAuxiliaryFile /tmp/TasteBuddyHomeQuestionsQA/Build/Intermediates.noindex/swift-http-types.build/Debug-iphonesimulator/HTTPTypes.build/Objects-normal/x86_64/HTTPTypes.SwiftConstValuesFileList (in target 'HTTPTypes' from project 'swift-http-types')
    cd /tmp/TasteBuddyHomeQuestionsQA/SourcePackages/checkouts/swift-http-types
    write-file /tmp/TasteBuddyHomeQuestionsQA/Build/Intermediates.noindex/swift-http-types.build/Debug-iphonesimulator/HTTPTypes.build/Objects-normal/x86_64/HTTPTypes.SwiftConstValuesFileList

WriteAuxiliaryFile /tmp/TasteBuddyHomeQuestionsQA/Build/Intermediates.noindex/swift-http-types.build/Debug-iphonesimulator/HTTPTypes.build/Objects-normal/x86_64/HTTPTypes.LinkFileList (in target 'HTTPTypes' from project 'swift-http-types')
    cd /tmp/TasteBuddyHomeQuestionsQA/SourcePackages/checkouts/swift-http-types
    write-file /tmp/TasteBuddyHomeQuestionsQA/Build/Intermediates.noindex/swift-http-types.build/Debug-iphonesimulator/HTTPTypes.build/Objects-normal/x86_64/HTTPTypes.LinkFileList

Copy /tmp/TasteBuddyHomeQuestionsQA/Build/Intermediates.noindex/GeneratedModuleMaps-iphonesimulator/Helpers.modulemap /tmp/TasteBuddyHomeQuestionsQA/Build/Intermediates.noindex/Supabase.build/Debug-iphonesimulator/Helpers.build/Helpers.modulemap (in target 'Helpers' from project 'Supabase')
    cd /tmp/TasteBuddyHomeQuestionsQA/SourcePackages/checkouts/supabase-swift
    builtin-copy -exclude .DS_Store -exclude CVS -exclude .svn -exclude .git -exclude .hg -resolve-src-symlinks /tmp/TasteBuddyHomeQuestionsQA/Build/Intermediates.noindex/Supabase.build/Debug-iphonesimulator/Helpers.build/Helpers.modulemap /tmp/TasteBuddyHomeQuestionsQA/Build/Intermediates.noindex/GeneratedModuleMaps-iphonesimulator

WriteAuxiliaryFile /tmp/TasteBuddyHomeQuestionsQA/Build/Intermediates.noindex/swift-http-types.build/Debug-iphonesimulator/HTTPTypes.build/Objects-normal/x86_64/HTTPTypes-OutputFileMap.json (in target 'HTTPTypes' from project 'swift-http-types')
    cd /tmp/TasteBuddyHomeQuestionsQA/SourcePackages/checkouts/swift-http-types
    write-file /tmp/TasteBuddyHomeQuestionsQA/Build/Intermediates.noindex/swift-http-types.build/Debug-iphonesimulator/HTTPTypes.build/Objects-normal/x86_64/HTTPTypes-OutputFileMap.json

WriteAuxiliaryFile /tmp/TasteBuddyHomeQuestionsQA/Build/Intermediates.noindex/swift-http-types.build/Debug-iphonesimulator/HTTPTypes.build/HTTPTypes.modulemap (in target 'HTTPTypes' from project 'swift-http-types')
    cd /tmp/TasteBuddyHomeQuestionsQA/SourcePackages/checkouts/swift-http-types
    write-file /tmp/TasteBuddyHomeQuestionsQA/Build/Intermediates.noindex/swift-http-types.build/Debug-iphonesimulator/HTTPTypes.build/HTTPTypes.modulemap

WriteAuxiliaryFile /tmp/TasteBuddyHomeQuestionsQA/Build/Intermediates.noindex/swift-http-types.build/Debug-iphonesimulator/HTTPTypes.build/HTTPTypes.DependencyStaticMetadataFileList (in target 'HTTPTypes' from project 'swift-http-types')
    cd /tmp/TasteBuddyHomeQuestionsQA/SourcePackages/checkouts/swift-http-types
    write-file /tmp/TasteBuddyHomeQuestionsQA/Build/Intermediates.noindex/swift-http-types.build/Debug-iphonesimulator/HTTPTypes.build/HTTPTypes.DependencyStaticMetadataFileList

WriteAuxiliaryFile /tmp/TasteBuddyHomeQuestionsQA/Build/Intermediates.noindex/swift-http-types.build/Debug-iphonesimulator/HTTPTypes.build/HTTPTypes.DependencyMetadataFileList (in target 'HTTPTypes' from project 'swift-http-types')
    cd /tmp/TasteBuddyHomeQuestionsQA/SourcePackages/checkouts/swift-http-types
    write-file /tmp/TasteBuddyHomeQuestionsQA/Build/Intermediates.noindex/swift-http-types.build/Debug-iphonesimulator/HTTPTypes.build/HTTPTypes.DependencyMetadataFileList

WriteAuxiliaryFile /tmp/TasteBuddyHomeQuestionsQA/Build/Intermediates.noindex/Supabase.build/Debug-iphonesimulator/Functions.build/Objects-normal/x86_64/Functions.LinkFileList (in target 'Functions' from project 'Supabase')
    cd /tmp/TasteBuddyHomeQuestionsQA/SourcePackages/checkouts/supabase-swift
    write-file /tmp/TasteBuddyHomeQuestionsQA/Build/Intermediates.noindex/Supabase.build/Debug-iphonesimulator/Functions.build/Objects-normal/x86_64/Functions.LinkFileList

WriteAuxiliaryFile /tmp/TasteBuddyHomeQuestionsQA/Build/Intermediates.noindex/Supabase.build/Debug-iphonesimulator/Functions.build/Functions.modulemap (in target 'Functions' from project 'Supabase')
    cd /tmp/TasteBuddyHomeQuestionsQA/SourcePackages/checkouts/supabase-swift
    write-file /tmp/TasteBuddyHomeQuestionsQA/Build/Intermediates.noindex/Supabase.build/Debug-iphonesimulator/Functions.build/Functions.modulemap

WriteAuxiliaryFile /tmp/TasteBuddyHomeQuestionsQA/Build/Intermediates.noindex/Supabase.build/Debug-iphonesimulator/Functions.build/Objects-normal/x86_64/Functions-OutputFileMap.json (in target 'Functions' from project 'Supabase')
    cd /tmp/TasteBuddyHomeQuestionsQA/SourcePackages/checkouts/supabase-swift
    write-file /tmp/TasteBuddyHomeQuestionsQA/Build/Intermediates.noindex/Supabase.build/Debug-iphonesimulator/Functions.build/Objects-normal/x86_64/Functions-OutputFileMap.json

WriteAuxiliaryFile /tmp/TasteBuddyHomeQuestionsQA/Build/Intermediates.noindex/Supabase.build/Debug-iphonesimulator/Functions.build/Functions.DependencyStaticMetadataFileList (in target 'Functions' from project 'Supabase')
    cd /tmp/TasteBuddyHomeQuestionsQA/SourcePackages/checkouts/supabase-swift
    write-file /tmp/TasteBuddyHomeQuestionsQA/Build/Intermediates.noindex/Supabase.build/Debug-iphonesimulator/Functions.build/Functions.DependencyStaticMetadataFileList

WriteAuxiliaryFile /tmp/TasteBuddyHomeQuestionsQA/Build/Intermediates.noindex/Supabase.build/Debug-iphonesimulator/Functions.build/Functions.DependencyMetadataFileList (in target 'Functions' from project 'Supabase')
    cd /tmp/TasteBuddyHomeQuestionsQA/SourcePackages/checkouts/supabase-swift
    write-file /tmp/TasteBuddyHomeQuestionsQA/Build/Intermediates.noindex/Supabase.build/Debug-iphonesimulator/Functions.build/Functions.DependencyMetadataFileList

WriteAuxiliaryFile /tmp/TasteBuddyHomeQuestionsQA/Build/Intermediates.noindex/swift-crypto.build/Debug-iphonesimulator/Crypto.build/Objects-normal/x86_64/Crypto.SwiftFileList (in target 'Crypto' from project 'swift-crypto')
    cd /tmp/TasteBuddyHomeQuestionsQA/SourcePackages/checkouts/swift-crypto
    write-file /tmp/TasteBuddyHomeQuestionsQA/Build/Intermediates.noindex/swift-crypto.build/Debug-iphonesimulator/Crypto.build/Objects-normal/x86_64/Crypto.SwiftFileList

WriteAuxiliaryFile /tmp/TasteBuddyHomeQuestionsQA/Build/Intermediates.noindex/swift-crypto.build/Debug-iphonesimulator/Crypto.build/Objects-normal/x86_64/Crypto_const_extract_protocols.json (in target 'Crypto' from project 'swift-crypto')
    cd /tmp/TasteBuddyHomeQuestionsQA/SourcePackages/checkouts/swift-crypto
    write-file /tmp/TasteBuddyHomeQuestionsQA/Build/Intermediates.noindex/swift-crypto.build/Debug-iphonesimulator/Crypto.build/Objects-normal/x86_64/Crypto_const_extract_protocols.json

WriteAuxiliaryFile /tmp/TasteBuddyHomeQuestionsQA/Build/Intermediates.noindex/swift-crypto.build/Debug-iphonesimulator/Crypto.build/Objects-normal/x86_64/Crypto.SwiftConstValuesFileList (in target 'Crypto' from project 'swift-crypto')
    cd /tmp/TasteBuddyHomeQuestionsQA/SourcePackages/checkouts/swift-crypto
    write-file /tmp/TasteBuddyHomeQuestionsQA/Build/Intermediates.noindex/swift-crypto.build/Debug-iphonesimulator/Crypto.build/Objects-normal/x86_64/Crypto.SwiftConstValuesFileList

WriteAuxiliaryFile /tmp/TasteBuddyHomeQuestionsQA/Build/Intermediates.noindex/swift-crypto.build/Debug-iphonesimulator/Crypto.build/Objects-normal/x86_64/Crypto.LinkFileList (in target 'Crypto' from project 'swift-crypto')
    cd /tmp/TasteBuddyHomeQuestionsQA/SourcePackages/checkouts/swift-crypto
    write-file /tmp/TasteBuddyHomeQuestionsQA/Build/Intermediates.noindex/swift-crypto.build/Debug-iphonesimulator/Crypto.build/Objects-normal/x86_64/Crypto.LinkFileList

WriteAuxiliaryFile /tmp/TasteBuddyHomeQuestionsQA/Build/Intermediates.noindex/swift-crypto.build/Debug-iphonesimulator/Crypto.build/Objects-normal/x86_64/Crypto-OutputFileMap.json (in target 'Crypto' from project 'swift-crypto')
    cd /tmp/TasteBuddyHomeQuestionsQA/SourcePackages/checkouts/swift-crypto
    write-file /tmp/TasteBuddyHomeQuestionsQA/Build/Intermediates.noindex/swift-crypto.build/Debug-iphonesimulator/Crypto.build/Objects-normal/x86_64/Crypto-OutputFileMap.json

Copy /tmp/TasteBuddyHomeQuestionsQA/Build/Intermediates.noindex/GeneratedModuleMaps-iphonesimulator/HTTPTypes.modulemap /tmp/TasteBuddyHomeQuestionsQA/Build/Intermediates.noindex/swift-http-types.build/Debug-iphonesimulator/HTTPTypes.build/HTTPTypes.modulemap (in target 'HTTPTypes' from project 'swift-http-types')
    cd /tmp/TasteBuddyHomeQuestionsQA/SourcePackages/checkouts/swift-http-types
    builtin-copy -exclude .DS_Store -exclude CVS -exclude .svn -exclude .git -exclude .hg -resolve-src-symlinks /tmp/TasteBuddyHomeQuestionsQA/Build/Intermediates.noindex/swift-http-types.build/Debug-iphonesimulator/HTTPTypes.build/HTTPTypes.modulemap /tmp/TasteBuddyHomeQuestionsQA/Build/Intermediates.noindex/GeneratedModuleMaps-iphonesimulator

WriteAuxiliaryFile /tmp/TasteBuddyHomeQuestionsQA/Build/Intermediates.noindex/swift-crypto.build/Debug-iphonesimulator/Crypto.build/Crypto.modulemap (in target 'Crypto' from project 'swift-crypto')
    cd /tmp/TasteBuddyHomeQuestionsQA/SourcePackages/checkouts/swift-crypto
    write-file /tmp/TasteBuddyHomeQuestionsQA/Build/Intermediates.noindex/swift-crypto.build/Debug-iphonesimulator/Crypto.build/Crypto.modulemap

WriteAuxiliaryFile /tmp/TasteBuddyHomeQuestionsQA/Build/Intermediates.noindex/swift-crypto.build/Debug-iphonesimulator/Crypto.build/Crypto.DependencyStaticMetadataFileList (in target 'Crypto' from project 'swift-crypto')
    cd /tmp/TasteBuddyHomeQuestionsQA/SourcePackages/checkouts/swift-crypto
    write-file /tmp/TasteBuddyHomeQuestionsQA/Build/Intermediates.noindex/swift-crypto.build/Debug-iphonesimulator/Crypto.build/Crypto.DependencyStaticMetadataFileList

WriteAuxiliaryFile /tmp/TasteBuddyHomeQuestionsQA/Build/Intermediates.noindex/swift-crypto.build/Debug-iphonesimulator/Crypto.build/DerivedSources/resource_bundle_accessor.swift (in target 'Crypto' from project 'swift-crypto')
    cd /tmp/TasteBuddyHomeQuestionsQA/SourcePackages/checkouts/swift-crypto
    write-file /tmp/TasteBuddyHomeQuestionsQA/Build/Intermediates.noindex/swift-crypto.build/Debug-iphonesimulator/Crypto.build/DerivedSources/resource_bundle_accessor.swift

Copy /tmp/TasteBuddyHomeQuestionsQA/Build/Intermediates.noindex/GeneratedModuleMaps-iphonesimulator/Functions.modulemap /tmp/TasteBuddyHomeQuestionsQA/Build/Intermediates.noindex/Supabase.build/Debug-iphonesimulator/Functions.build/Functions.modulemap (in target 'Functions' from project 'Supabase')
    cd /tmp/TasteBuddyHomeQuestionsQA/SourcePackages/checkouts/supabase-swift
    builtin-copy -exclude .DS_Store -exclude CVS -exclude .svn -exclude .git -exclude .hg -resolve-src-symlinks /tmp/TasteBuddyHomeQuestionsQA/Build/Intermediates.noindex/Supabase.build/Debug-iphonesimulator/Functions.build/Functions.modulemap /tmp/TasteBuddyHomeQuestionsQA/Build/Intermediates.noindex/GeneratedModuleMaps-iphonesimulator

WriteAuxiliaryFile /tmp/TasteBuddyHomeQuestionsQA/Build/Intermediates.noindex/swift-crypto.build/Debug-iphonesimulator/Crypto.build/Crypto.DependencyMetadataFileList (in target 'Crypto' from project 'swift-crypto')
    cd /tmp/TasteBuddyHomeQuestionsQA/SourcePackages/checkouts/swift-crypto
    write-file /tmp/TasteBuddyHomeQuestionsQA/Build/Intermediates.noindex/swift-crypto.build/Debug-iphonesimulator/Crypto.build/Crypto.DependencyMetadataFileList

WriteAuxiliaryFile /tmp/TasteBuddyHomeQuestionsQA/Build/Intermediates.noindex/swift-concurrency-extras.build/Debug-iphonesimulator/ConcurrencyExtras.build/ConcurrencyExtras.modulemap (in target 'ConcurrencyExtras' from project 'swift-concurrency-extras')
    cd /tmp/TasteBuddyHomeQuestionsQA/SourcePackages/checkouts/swift-concurrency-extras
    write-file /tmp/TasteBuddyHomeQuestionsQA/Build/Intermediates.noindex/swift-concurrency-extras.build/Debug-iphonesimulator/ConcurrencyExtras.build/ConcurrencyExtras.modulemap

WriteAuxiliaryFile /tmp/TasteBuddyHomeQuestionsQA/Build/Intermediates.noindex/swift-concurrency-extras.build/Debug-iphonesimulator/ConcurrencyExtras.build/Objects-normal/x86_64/ConcurrencyExtras.SwiftFileList (in target 'ConcurrencyExtras' from project 'swift-concurrency-extras')
    cd /tmp/TasteBuddyHomeQuestionsQA/SourcePackages/checkouts/swift-concurrency-extras
    write-file /tmp/TasteBuddyHomeQuestionsQA/Build/Intermediates.noindex/swift-concurrency-extras.build/Debug-iphonesimulator/ConcurrencyExtras.build/Objects-normal/x86_64/ConcurrencyExtras.SwiftFileList

WriteAuxiliaryFile /tmp/TasteBuddyHomeQuestionsQA/Build/Intermediates.noindex/swift-concurrency-extras.build/Debug-iphonesimulator/ConcurrencyExtras.build/Objects-normal/x86_64/ConcurrencyExtras.LinkFileList (in target 'ConcurrencyExtras' from project 'swift-concurrency-extras')
    cd /tmp/TasteBuddyHomeQuestionsQA/SourcePackages/checkouts/swift-concurrency-extras
    write-file /tmp/TasteBuddyHomeQuestionsQA/Build/Intermediates.noindex/swift-concurrency-extras.build/Debug-iphonesimulator/ConcurrencyExtras.build/Objects-normal/x86_64/ConcurrencyExtras.LinkFileList

WriteAuxiliaryFile /tmp/TasteBuddyHomeQuestionsQA/Build/Intermediates.noindex/swift-concurrency-extras.build/Debug-iphonesimulator/ConcurrencyExtras.build/Objects-normal/x86_64/ConcurrencyExtras-OutputFileMap.json (in target 'ConcurrencyExtras' from project 'swift-concurrency-extras')
    cd /tmp/TasteBuddyHomeQuestionsQA/SourcePackages/checkouts/swift-concurrency-extras
    write-file /tmp/TasteBuddyHomeQuestionsQA/Build/Intermediates.noindex/swift-concurrency-extras.build/Debug-iphonesimulator/ConcurrencyExtras.build/Objects-normal/x86_64/ConcurrencyExtras-OutputFileMap.json

WriteAuxiliaryFile /tmp/TasteBuddyHomeQuestionsQA/Build/Intermediates.noindex/swift-concurrency-extras.build/Debug-iphonesimulator/ConcurrencyExtras.build/Objects-normal/x86_64/ConcurrencyExtras.SwiftConstValuesFileList (in target 'ConcurrencyExtras' from project 'swift-concurrency-extras')
    cd /tmp/TasteBuddyHomeQuestionsQA/SourcePackages/checkouts/swift-concurrency-extras
    write-file /tmp/TasteBuddyHomeQuestionsQA/Build/Intermediates.noindex/swift-concurrency-extras.build/Debug-iphonesimulator/ConcurrencyExtras.build/Objects-normal/x86_64/ConcurrencyExtras.SwiftConstValuesFileList

WriteAuxiliaryFile /tmp/TasteBuddyHomeQuestionsQA/Build/Intermediates.noindex/swift-concurrency-extras.build/Debug-iphonesimulator/ConcurrencyExtras.build/Objects-normal/x86_64/ConcurrencyExtras_const_extract_protocols.json (in target 'ConcurrencyExtras' from project 'swift-concurrency-extras')
    cd /tmp/TasteBuddyHomeQuestionsQA/SourcePackages/checkouts/swift-concurrency-extras
    write-file /tmp/TasteBuddyHomeQuestionsQA/Build/Intermediates.noindex/swift-concurrency-extras.build/Debug-iphonesimulator/ConcurrencyExtras.build/Objects-normal/x86_64/ConcurrencyExtras_const_extract_protocols.json

WriteAuxiliaryFile /tmp/TasteBuddyHomeQuestionsQA/Build/Intermediates.noindex/swift-concurrency-extras.build/Debug-iphonesimulator/ConcurrencyExtras.build/ConcurrencyExtras.DependencyStaticMetadataFileList (in target 'ConcurrencyExtras' from project 'swift-concurrency-extras')
    cd /tmp/TasteBuddyHomeQuestionsQA/SourcePackages/checkouts/swift-concurrency-extras
    write-file /tmp/TasteBuddyHomeQuestionsQA/Build/Intermediates.noindex/swift-concurrency-extras.build/Debug-iphonesimulator/ConcurrencyExtras.build/ConcurrencyExtras.DependencyStaticMetadataFileList

WriteAuxiliaryFile /tmp/TasteBuddyHomeQuestionsQA/Build/Intermediates.noindex/swift-concurrency-extras.build/Debug-iphonesimulator/ConcurrencyExtras.build/ConcurrencyExtras.DependencyMetadataFileList (in target 'ConcurrencyExtras' from project 'swift-concurrency-extras')
    cd /tmp/TasteBuddyHomeQuestionsQA/SourcePackages/checkouts/swift-concurrency-extras
    write-file /tmp/TasteBuddyHomeQuestionsQA/Build/Intermediates.noindex/swift-concurrency-extras.build/Debug-iphonesimulator/ConcurrencyExtras.build/ConcurrencyExtras.DependencyMetadataFileList

Copy /tmp/TasteBuddyHomeQuestionsQA/Build/Intermediates.noindex/GeneratedModuleMaps-iphonesimulator/Crypto.modulemap /tmp/TasteBuddyHomeQuestionsQA/Build/Intermediates.noindex/swift-crypto.build/Debug-iphonesimulator/Crypto.build/Crypto.modulemap (in target 'Crypto' from project 'swift-crypto')
    cd /tmp/TasteBuddyHomeQuestionsQA/SourcePackages/checkouts/swift-crypto
    builtin-copy -exclude .DS_Store -exclude CVS -exclude .svn -exclude .git -exclude .hg -resolve-src-symlinks /tmp/TasteBuddyHomeQuestionsQA/Build/Intermediates.noindex/swift-crypto.build/Debug-iphonesimulator/Crypto.build/Crypto.modulemap /tmp/TasteBuddyHomeQuestionsQA/Build/Intermediates.noindex/GeneratedModuleMaps-iphonesimulator

WriteAuxiliaryFile /tmp/TasteBuddyHomeQuestionsQA/Build/Intermediates.noindex/swift-clocks.build/Debug-iphonesimulator/Clocks.build/Objects-normal/x86_64/Clocks_const_extract_protocols.json (in target 'Clocks' from project 'swift-clocks')
    cd /tmp/TasteBuddyHomeQuestionsQA/SourcePackages/checkouts/swift-clocks
    write-file /tmp/TasteBuddyHomeQuestionsQA/Build/Intermediates.noindex/swift-clocks.build/Debug-iphonesimulator/Clocks.build/Objects-normal/x86_64/Clocks_const_extract_protocols.json

WriteAuxiliaryFile /tmp/TasteBuddyHomeQuestionsQA/Build/Intermediates.noindex/swift-clocks.build/Debug-iphonesimulator/Clocks.build/Objects-normal/x86_64/Clocks.SwiftFileList (in target 'Clocks' from project 'swift-clocks')
    cd /tmp/TasteBuddyHomeQuestionsQA/SourcePackages/checkouts/swift-clocks
    write-file /tmp/TasteBuddyHomeQuestionsQA/Build/Intermediates.noindex/swift-clocks.build/Debug-iphonesimulator/Clocks.build/Objects-normal/x86_64/Clocks.SwiftFileList

WriteAuxiliaryFile /tmp/TasteBuddyHomeQuestionsQA/Build/Intermediates.noindex/swift-clocks.build/Debug-iphonesimulator/Clocks.build/Objects-normal/x86_64/Clocks.SwiftConstValuesFileList (in target 'Clocks' from project 'swift-clocks')
    cd /tmp/TasteBuddyHomeQuestionsQA/SourcePackages/checkouts/swift-clocks
    write-file /tmp/TasteBuddyHomeQuestionsQA/Build/Intermediates.noindex/swift-clocks.build/Debug-iphonesimulator/Clocks.build/Objects-normal/x86_64/Clocks.SwiftConstValuesFileList

Copy /tmp/TasteBuddyHomeQuestionsQA/Build/Intermediates.noindex/GeneratedModuleMaps-iphonesimulator/ConcurrencyExtras.modulemap /tmp/TasteBuddyHomeQuestionsQA/Build/Intermediates.noindex/swift-concurrency-extras.build/Debug-iphonesimulator/ConcurrencyExtras.build/ConcurrencyExtras.modulemap (in target 'ConcurrencyExtras' from project 'swift-concurrency-extras')
    cd /tmp/TasteBuddyHomeQuestionsQA/SourcePackages/checkouts/swift-concurrency-extras
    builtin-copy -exclude .DS_Store -exclude CVS -exclude .svn -exclude .git -exclude .hg -resolve-src-symlinks /tmp/TasteBuddyHomeQuestionsQA/Build/Intermediates.noindex/swift-concurrency-extras.build/Debug-iphonesimulator/ConcurrencyExtras.build/ConcurrencyExtras.modulemap /tmp/TasteBuddyHomeQuestionsQA/Build/Intermediates.noindex/GeneratedModuleMaps-iphonesimulator

WriteAuxiliaryFile /tmp/TasteBuddyHomeQuestionsQA/Build/Intermediates.noindex/swift-clocks.build/Debug-iphonesimulator/Clocks.build/Objects-normal/x86_64/Clocks-OutputFileMap.json (in target 'Clocks' from project 'swift-clocks')
    cd /tmp/TasteBuddyHomeQuestionsQA/SourcePackages/checkouts/swift-clocks
    write-file /tmp/TasteBuddyHomeQuestionsQA/Build/Intermediates.noindex/swift-clocks.build/Debug-iphonesimulator/Clocks.build/Objects-normal/x86_64/Clocks-OutputFileMap.json

WriteAuxiliaryFile /tmp/TasteBuddyHomeQuestionsQA/Build/Intermediates.noindex/swift-clocks.build/Debug-iphonesimulator/Clocks.build/Objects-normal/x86_64/Clocks.LinkFileList (in target 'Clocks' from project 'swift-clocks')
    cd /tmp/TasteBuddyHomeQuestionsQA/SourcePackages/checkouts/swift-clocks
    write-file /tmp/TasteBuddyHomeQuestionsQA/Build/Intermediates.noindex/swift-clocks.build/Debug-iphonesimulator/Clocks.build/Objects-normal/x86_64/Clocks.LinkFileList

WriteAuxiliaryFile /tmp/TasteBuddyHomeQuestionsQA/Build/Intermediates.noindex/swift-clocks.build/Debug-iphonesimulator/Clocks.build/Clocks.modulemap (in target 'Clocks' from project 'swift-clocks')
    cd /tmp/TasteBuddyHomeQuestionsQA/SourcePackages/checkouts/swift-clocks
    write-file /tmp/TasteBuddyHomeQuestionsQA/Build/Intermediates.noindex/swift-clocks.build/Debug-iphonesimulator/Clocks.build/Clocks.modulemap

WriteAuxiliaryFile /tmp/TasteBuddyHomeQuestionsQA/Build/Intermediates.noindex/swift-clocks.build/Debug-iphonesimulator/Clocks.build/Clocks.DependencyStaticMetadataFileList (in target 'Clocks' from project 'swift-clocks')
    cd /tmp/TasteBuddyHomeQuestionsQA/SourcePackages/checkouts/swift-clocks
    write-file /tmp/TasteBuddyHomeQuestionsQA/Build/Intermediates.noindex/swift-clocks.build/Debug-iphonesimulator/Clocks.build/Clocks.DependencyStaticMetadataFileList

WriteAuxiliaryFile /tmp/TasteBuddyHomeQuestionsQA/Build/Intermediates.noindex/swift-clocks.build/Debug-iphonesimulator/Clocks.build/Clocks.DependencyMetadataFileList (in target 'Clocks' from project 'swift-clocks')
    cd /tmp/TasteBuddyHomeQuestionsQA/SourcePackages/checkouts/swift-clocks
    write-file /tmp/TasteBuddyHomeQuestionsQA/Build/Intermediates.noindex/swift-clocks.build/Debug-iphonesimulator/Clocks.build/Clocks.DependencyMetadataFileList

WriteAuxiliaryFile /tmp/TasteBuddyHomeQuestionsQA/Build/Intermediates.noindex/Supabase.build/Debug-iphonesimulator/Auth.build/Auth.DependencyMetadataFileList (in target 'Auth' from project 'Supabase')
    cd /tmp/TasteBuddyHomeQuestionsQA/SourcePackages/checkouts/supabase-swift
    write-file /tmp/TasteBuddyHomeQuestionsQA/Build/Intermediates.noindex/Supabase.build/Debug-iphonesimulator/Auth.build/Auth.DependencyMetadataFileList

Copy /tmp/TasteBuddyHomeQuestionsQA/Build/Intermediates.noindex/GeneratedModuleMaps-iphonesimulator/Auth.modulemap /tmp/TasteBuddyHomeQuestionsQA/Build/Intermediates.noindex/Supabase.build/Debug-iphonesimulator/Auth.build/Auth.modulemap (in target 'Auth' from project 'Supabase')
    cd /tmp/TasteBuddyHomeQuestionsQA/SourcePackages/checkouts/supabase-swift
    builtin-copy -exclude .DS_Store -exclude CVS -exclude .svn -exclude .git -exclude .hg -resolve-src-symlinks /tmp/TasteBuddyHomeQuestionsQA/Build/Intermediates.noindex/Supabase.build/Debug-iphonesimulator/Auth.build/Auth.modulemap /tmp/TasteBuddyHomeQuestionsQA/Build/Intermediates.noindex/GeneratedModuleMaps-iphonesimulator

MkDir /tmp/TasteBuddyHomeQuestionsQA/Build/Products/Debug-iphonesimulator/swift-crypto_Crypto.bundle (in target 'swift-crypto_Crypto' from project 'swift-crypto')
    cd /tmp/TasteBuddyHomeQuestionsQA/SourcePackages/checkouts/swift-crypto
    /bin/mkdir -p /tmp/TasteBuddyHomeQuestionsQA/Build/Products/Debug-iphonesimulator/swift-crypto_Crypto.bundle

Copy /tmp/TasteBuddyHomeQuestionsQA/Build/Intermediates.noindex/GeneratedModuleMaps-iphonesimulator/Clocks.modulemap /tmp/TasteBuddyHomeQuestionsQA/Build/Intermediates.noindex/swift-clocks.build/Debug-iphonesimulator/Clocks.build/Clocks.modulemap (in target 'Clocks' from project 'swift-clocks')
    cd /tmp/TasteBuddyHomeQuestionsQA/SourcePackages/checkouts/swift-clocks
    builtin-copy -exclude .DS_Store -exclude CVS -exclude .svn -exclude .git -exclude .hg -resolve-src-symlinks /tmp/TasteBuddyHomeQuestionsQA/Build/Intermediates.noindex/swift-clocks.build/Debug-iphonesimulator/Clocks.build/Clocks.modulemap /tmp/TasteBuddyHomeQuestionsQA/Build/Intermediates.noindex/GeneratedModuleMaps-iphonesimulator

MkDir /tmp/TasteBuddyHomeQuestionsQA/Build/Products/Debug-iphonesimulator/TasteBuddy.app (in target 'TasteBuddy' from project 'TasteBuddy')
    cd /Users/sinjunho/Desktop/Taste\ Buddy/ios
    /bin/mkdir -p /tmp/TasteBuddyHomeQuestionsQA/Build/Products/Debug-iphonesimulator/TasteBuddy.app

MkDir /tmp/TasteBuddyHomeQuestionsQA/Build/Products/Debug-iphonesimulator/TasteBuddy.app/Frameworks (in target 'TasteBuddy' from project 'TasteBuddy')
    cd /Users/sinjunho/Desktop/Taste\ Buddy/ios
    /bin/mkdir -p /tmp/TasteBuddyHomeQuestionsQA/Build/Products/Debug-iphonesimulator/TasteBuddy.app/Frameworks

MkDir /tmp/TasteBuddyHomeQuestionsQA/Build/Products/Debug-iphonesimulator/TasteBuddy.app/PlugIns (in target 'TasteBuddy' from project 'TasteBuddy')
    cd /Users/sinjunho/Desktop/Taste\ Buddy/ios
    /bin/mkdir -p /tmp/TasteBuddyHomeQuestionsQA/Build/Products/Debug-iphonesimulator/TasteBuddy.app/PlugIns

MkDir /tmp/TasteBuddyHomeQuestionsQA/Build/Products/Debug-iphonesimulator/TasteBuddy.app/PlugIns/TasteBuddyTests.xctest (in target 'TasteBuddyTests' from project 'TasteBuddy')
    cd /Users/sinjunho/Desktop/Taste\ Buddy/ios
    /bin/mkdir -p /tmp/TasteBuddyHomeQuestionsQA/Build/Products/Debug-iphonesimulator/TasteBuddy.app/PlugIns/TasteBuddyTests.xctest

ProcessInfoPlistFile /tmp/TasteBuddyHomeQuestionsQA/Build/Products/Debug-iphonesimulator/swift-crypto_Crypto.bundle/Info.plist /tmp/TasteBuddyHomeQuestionsQA/Build/Intermediates.noindex/swift-crypto.build/Debug-iphonesimulator/swift-crypto_Crypto.build/empty-swift-crypto_Crypto.plist (in target 'swift-crypto_Crypto' from project 'swift-crypto')
    cd /tmp/TasteBuddyHomeQuestionsQA/SourcePackages/checkouts/swift-crypto
    builtin-infoPlistUtility /tmp/TasteBuddyHomeQuestionsQA/Build/Intermediates.noindex/swift-crypto.build/Debug-iphonesimulator/swift-crypto_Crypto.build/empty-swift-crypto_Crypto.plist -producttype com.apple.product-type.bundle -expandbuildsettings -format binary -platform iphonesimulator -o /tmp/TasteBuddyHomeQuestionsQA/Build/Products/Debug-iphonesimulator/swift-crypto_Crypto.bundle/Info.plist

CpResource /tmp/TasteBuddyHomeQuestionsQA/Build/Products/Debug-iphonesimulator/swift-crypto_Crypto.bundle/PrivacyInfo.xcprivacy /tmp/TasteBuddyHomeQuestionsQA/SourcePackages/checkouts/swift-crypto/Sources/Crypto/PrivacyInfo.xcprivacy (in target 'swift-crypto_Crypto' from project 'swift-crypto')
    cd /tmp/TasteBuddyHomeQuestionsQA/SourcePackages/checkouts/swift-crypto
    builtin-copy -exclude .DS_Store -exclude CVS -exclude .svn -exclude .git -exclude .hg -resolve-src-symlinks /tmp/TasteBuddyHomeQuestionsQA/SourcePackages/checkouts/swift-crypto/Sources/Crypto/PrivacyInfo.xcprivacy /tmp/TasteBuddyHomeQuestionsQA/Build/Products/Debug-iphonesimulator/swift-crypto_Crypto.bundle

RegisterExecutionPolicyException /tmp/TasteBuddyHomeQuestionsQA/Build/Products/Debug-iphonesimulator/swift-crypto_Crypto.bundle (in target 'swift-crypto_Crypto' from project 'swift-crypto')
    cd /tmp/TasteBuddyHomeQuestionsQA/SourcePackages/checkouts/swift-crypto
    builtin-RegisterExecutionPolicyException /tmp/TasteBuddyHomeQuestionsQA/Build/Products/Debug-iphonesimulator/swift-crypto_Crypto.bundle

Touch /tmp/TasteBuddyHomeQuestionsQA/Build/Products/Debug-iphonesimulator/swift-crypto_Crypto.bundle (in target 'swift-crypto_Crypto' from project 'swift-crypto')
    cd /tmp/TasteBuddyHomeQuestionsQA/SourcePackages/checkouts/swift-crypto
    /usr/bin/touch -c /tmp/TasteBuddyHomeQuestionsQA/Build/Products/Debug-iphonesimulator/swift-crypto_Crypto.bundle

SwiftDriver VariableBlur normal x86_64 com.apple.xcode.tools.swift.compiler (in target 'VariableBlur' from project 'VariableBlur')
    cd /Users/sinjunho/Desktop/Taste\ Buddy/ios/TasteBuddy.xcodeproj
    builtin-SwiftDriver -- /Applications/Xcode.app/Contents/Developer/Toolchains/XcodeDefault.xctoolchain/usr/bin/swiftc -module-name VariableBlur -Onone @/tmp/TasteBuddyHomeQuestionsQA/Build/Intermediates.noindex/VariableBlur.build/Debug-iphonesimulator/VariableBlur.build/Objects-normal/x86_64/VariableBlur.SwiftFileList -DSWIFT_PACKAGE -DDEBUG -DSWIFT_MODULE_RESOURCE_BUNDLE_UNAVAILABLE -DXcode -plugin-path /Applications/Xcode.app/Contents/Developer/Toolchains/XcodeDefault.xctoolchain/usr/lib/swift/host/plugins/testing -enable-experimental-feature DebugDescriptionMacro -sdk /Applications/Xcode.app/Contents/Developer/Platforms/iPhoneSimulator.platform/Developer/SDKs/iPhoneSimulator26.5.sdk -target x86_64-apple-ios13.0-simulator -g -module-cache-path /tmp/TasteBuddyHomeQuestionsQA/ModuleCache.noindex -Xfrontend -serialize-debugging-options -enable-testing -suppress-warnings -index-store-path /tmp/TasteBuddyHomeQuestionsQA/Index.noindex/DataStore -Xcc -D_LIBCPP_HARDENING_MODE\=_LIBCPP_HARDENING_MODE_DEBUG -swift-version 5 -I /tmp/TasteBuddyHomeQuestionsQA/Build/Products/Debug-iphonesimulator -Isystem /Applications/Xcode.app/Contents/Developer/Platforms/iPhoneSimulator.platform/Developer/usr/lib -F /tmp/TasteBuddyHomeQuestionsQA/Build/Products/Debug-iphonesimulator -F /Applications/Xcode.app/Contents/Developer/Platforms/iPhoneSimulator.platform/Developer/Library/Frameworks -F /Applications/Xcode.app/Contents/Developer/Platforms/iPhoneSimulator.platform/Developer/SDKs/iPhoneSimulator26.5.sdk/Developer/Library/Frameworks -c -j12 -enable-batch-mode -incremental -Xcc -ivfsstatcache -Xcc /tmp/TasteBuddyHomeQuestionsQA/SDKStatCaches.noindex/iphonesimulator26.5-23F81a-6cfe768891a92b912361537c460fe42b.sdkstatcache -output-file-map /tmp/TasteBuddyHomeQuestionsQA/Build/Intermediates.noindex/VariableBlur.build/Debug-iphonesimulator/VariableBlur.build/Objects-normal/x86_64/VariableBlur-OutputFileMap.json -use-frontend-parseable-output -save-temps -no-color-diagnostics -explicit-module-build -module-cache-path /tmp/TasteBuddyHomeQuestionsQA/Build/Intermediates.noindex/SwiftExplicitPrecompiledModules -clang-scanner-module-cache-path /tmp/TasteBuddyHomeQuestionsQA/ModuleCache.noindex -sdk-module-cache-path /tmp/TasteBuddyHomeQuestionsQA/ModuleCache.noindex -serialize-diagnostics -emit-dependencies -emit-module -emit-module-path /tmp/TasteBuddyHomeQuestionsQA/Build/Intermediates.noindex/VariableBlur.build/Debug-iphonesimulator/VariableBlur.build/Objects-normal/x86_64/VariableBlur.swiftmodule -validate-clang-modules-once -clang-build-session-file /tmp/TasteBuddyHomeQuestionsQA/ModuleCache.noindex/Session.modulevalidation -package-name variableblur -Xcc -I/tmp/TasteBuddyHomeQuestionsQA/Build/Intermediates.noindex/VariableBlur.build/Debug-iphonesimulator/VariableBlur.build/swift-overrides.hmap -emit-const-values -Xfrontend -const-gather-protocols-file -Xfrontend /tmp/TasteBuddyHomeQuestionsQA/Build/Intermediates.noindex/VariableBlur.build/Debug-iphonesimulator/VariableBlur.build/Objects-normal/x86_64/VariableBlur_const_extract_protocols.json -Xcc -I/tmp/TasteBuddyHomeQuestionsQA/Build/Products/Debug-iphonesimulator/include -Xcc -I/tmp/TasteBuddyHomeQuestionsQA/Build/Intermediates.noindex/VariableBlur.build/Debug-iphonesimulator/VariableBlur.build/DerivedSources-normal/x86_64 -Xcc -I/tmp/TasteBuddyHomeQuestionsQA/Build/Intermediates.noindex/VariableBlur.build/Debug-iphonesimulator/VariableBlur.build/DerivedSources/x86_64 -Xcc -I/tmp/TasteBuddyHomeQuestionsQA/Build/Intermediates.noindex/VariableBlur.build/Debug-iphonesimulator/VariableBlur.build/DerivedSources -Xcc -DSWIFT_PACKAGE -Xcc -DDEBUG\=1 -emit-objc-header -emit-objc-header-path /tmp/TasteBuddyHomeQuestionsQA/Build/Intermediates.noindex/VariableBlur.build/Debug-iphonesimulator/VariableBlur.build/Objects-normal/x86_64/VariableBlur-Swift.h -working-directory /Users/sinjunho/Desktop/Taste\ Buddy/ios/TasteBuddy.xcodeproj -experimental-emit-module-separately -disable-cmo

SwiftDriver IssueReportingPackageSupport normal x86_64 com.apple.xcode.tools.swift.compiler (in target 'IssueReportingPackageSupport' from project 'xctest-dynamic-overlay')
    cd /Users/sinjunho/Desktop/Taste\ Buddy/ios/TasteBuddy.xcodeproj
    builtin-SwiftDriver -- /Applications/Xcode.app/Contents/Developer/Toolchains/XcodeDefault.xctoolchain/usr/bin/swiftc -module-name IssueReportingPackageSupport -Onone @/tmp/TasteBuddyHomeQuestionsQA/Build/Intermediates.noindex/xctest-dynamic-overlay.build/Debug-iphonesimulator/IssueReportingPackageSupport.build/Objects-normal/x86_64/IssueReportingPackageSupport.SwiftFileList -DSWIFT_PACKAGE -DDEBUG -DSWIFT_MODULE_RESOURCE_BUNDLE_UNAVAILABLE -DXcode -plugin-path /Applications/Xcode.app/Contents/Developer/Toolchains/XcodeDefault.xctoolchain/usr/lib/swift/host/plugins/testing -enable-experimental-feature DebugDescriptionMacro -sdk /Applications/Xcode.app/Contents/Developer/Platforms/iPhoneSimulator.platform/Developer/SDKs/iPhoneSimulator26.5.sdk -target x86_64-apple-ios13.0-simulator -g -module-cache-path /tmp/TasteBuddyHomeQuestionsQA/ModuleCache.noindex -Xfrontend -serialize-debugging-options -enable-testing -suppress-warnings -index-store-path /tmp/TasteBuddyHomeQuestionsQA/Index.noindex/DataStore -Xcc -D_LIBCPP_HARDENING_MODE\=_LIBCPP_HARDENING_MODE_DEBUG -swift-version 6 -I /tmp/TasteBuddyHomeQuestionsQA/Build/Products/Debug-iphonesimulator -Isystem /Applications/Xcode.app/Contents/Developer/Platforms/iPhoneSimulator.platform/Developer/usr/lib -F /tmp/TasteBuddyHomeQuestionsQA/Build/Products/Debug-iphonesimulator -F /Applications/Xcode.app/Contents/Developer/Platforms/iPhoneSimulator.platform/Developer/Library/Frameworks -F /Applications/Xcode.app/Contents/Developer/Platforms/iPhoneSimulator.platform/Developer/SDKs/iPhoneSimulator26.5.sdk/Developer/Library/Frameworks -parse-as-library -c -j12 -enable-batch-mode -incremental -Xcc -ivfsstatcache -Xcc /tmp/TasteBuddyHomeQuestionsQA/SDKStatCaches.noindex/iphonesimulator26.5-23F81a-6cfe768891a92b912361537c460fe42b.sdkstatcache -output-file-map /tmp/TasteBuddyHomeQuestionsQA/Build/Intermediates.noindex/xctest-dynamic-overlay.build/Debug-iphonesimulator/IssueReportingPackageSupport.build/Objects-normal/x86_64/IssueReportingPackageSupport-OutputFileMap.json -use-frontend-parseable-output -save-temps -no-color-diagnostics -explicit-module-build -module-cache-path /tmp/TasteBuddyHomeQuestionsQA/Build/Intermediates.noindex/SwiftExplicitPrecompiledModules -clang-scanner-module-cache-path /tmp/TasteBuddyHomeQuestionsQA/ModuleCache.noindex -sdk-module-cache-path /tmp/TasteBuddyHomeQuestionsQA/ModuleCache.noindex -serialize-diagnostics -emit-dependencies -emit-module -emit-module-path /tmp/TasteBuddyHomeQuestionsQA/Build/Intermediates.noindex/xctest-dynamic-overlay.build/Debug-iphonesimulator/IssueReportingPackageSupport.build/Objects-normal/x86_64/IssueReportingPackageSupport.swiftmodule -user-module-version 1.9.0 -validate-clang-modules-once -clang-build-session-file /tmp/TasteBuddyHomeQuestionsQA/ModuleCache.noindex/Session.modulevalidation -package-name xctest_dynamic_overlay -Xcc -I/tmp/TasteBuddyHomeQuestionsQA/Build/Intermediates.noindex/xctest-dynamic-overlay.build/Debug-iphonesimulator/IssueReportingPackageSupport.build/swift-overrides.hmap -emit-const-values -Xfrontend -const-gather-protocols-file -Xfrontend /tmp/TasteBuddyHomeQuestionsQA/Build/Intermediates.noindex/xctest-dynamic-overlay.build/Debug-iphonesimulator/IssueReportingPackageSupport.build/Objects-normal/x86_64/IssueReportingPackageSupport_const_extract_protocols.json -Xcc -I/tmp/TasteBuddyHomeQuestionsQA/Build/Products/Debug-iphonesimulator/include -Xcc -I/tmp/TasteBuddyHomeQuestionsQA/Build/Intermediates.noindex/xctest-dynamic-overlay.build/Debug-iphonesimulator/IssueReportingPackageSupport.build/DerivedSources-normal/x86_64 -Xcc -I/tmp/TasteBuddyHomeQuestionsQA/Build/Intermediates.noindex/xctest-dynamic-overlay.build/Debug-iphonesimulator/IssueReportingPackageSupport.build/DerivedSources/x86_64 -Xcc -I/tmp/TasteBuddyHomeQuestionsQA/Build/Intermediates.noindex/xctest-dynamic-overlay.build/Debug-iphonesimulator/IssueReportingPackageSupport.build/DerivedSources -Xcc -DSWIFT_PACKAGE -Xcc -DDEBUG\=1 -emit-objc-header -emit-objc-header-path /tmp/TasteBuddyHomeQuestionsQA/Build/Intermediates.noindex/xctest-dynamic-overlay.build/Debug-iphonesimulator/IssueReportingPackageSupport.build/Objects-normal/x86_64/IssueReportingPackageSupport-Swift.h -working-directory /Users/sinjunho/Desktop/Taste\ Buddy/ios/TasteBuddy.xcodeproj -experimental-emit-module-separately -disable-cmo

SwiftDriver HTTPTypes normal x86_64 com.apple.xcode.tools.swift.compiler (in target 'HTTPTypes' from project 'swift-http-types')
    cd /Users/sinjunho/Desktop/Taste\ Buddy/ios/TasteBuddy.xcodeproj
    builtin-SwiftDriver -- /Applications/Xcode.app/Contents/Developer/Toolchains/XcodeDefault.xctoolchain/usr/bin/swiftc -module-name HTTPTypes -Onone @/tmp/TasteBuddyHomeQuestionsQA/Build/Intermediates.noindex/swift-http-types.build/Debug-iphonesimulator/HTTPTypes.build/Objects-normal/x86_64/HTTPTypes.SwiftFileList -DSWIFT_PACKAGE -DDEBUG -DSWIFT_MODULE_RESOURCE_BUNDLE_UNAVAILABLE -DFoundationURL -DXcode -enable-upcoming-feature InternalImportsByDefault -enable-upcoming-feature MemberImportVisibility -plugin-path /Applications/Xcode.app/Contents/Developer/Toolchains/XcodeDefault.xctoolchain/usr/lib/swift/host/plugins/testing -enable-experimental-feature DebugDescriptionMacro -sdk /Applications/Xcode.app/Contents/Developer/Platforms/iPhoneSimulator.platform/Developer/SDKs/iPhoneSimulator26.5.sdk -target x86_64-apple-ios12.0-simulator -g -module-cache-path /tmp/TasteBuddyHomeQuestionsQA/ModuleCache.noindex -Xfrontend -serialize-debugging-options -enable-testing -suppress-warnings -index-store-path /tmp/TasteBuddyHomeQuestionsQA/Index.noindex/DataStore -Xcc -D_LIBCPP_HARDENING_MODE\=_LIBCPP_HARDENING_MODE_DEBUG -swift-version 6 -I /tmp/TasteBuddyHomeQuestionsQA/Build/Products/Debug-iphonesimulator -Isystem /Applications/Xcode.app/Contents/Developer/Platforms/iPhoneSimulator.platform/Developer/usr/lib -F /tmp/TasteBuddyHomeQuestionsQA/Build/Products/Debug-iphonesimulator -F /Applications/Xcode.app/Contents/Developer/Platforms/iPhoneSimulator.platform/Developer/Library/Frameworks -F /Applications/Xcode.app/Contents/Developer/Platforms/iPhoneSimulator.platform/Developer/SDKs/iPhoneSimulator26.5.sdk/Developer/Library/Frameworks -c -j12 -enable-batch-mode -incremental -Xcc -ivfsstatcache -Xcc /tmp/TasteBuddyHomeQuestionsQA/SDKStatCaches.noindex/iphonesimulator26.5-23F81a-6cfe768891a92b912361537c460fe42b.sdkstatcache -output-file-map /tmp/TasteBuddyHomeQuestionsQA/Build/Intermediates.noindex/swift-http-types.build/Debug-iphonesimulator/HTTPTypes.build/Objects-normal/x86_64/HTTPTypes-OutputFileMap.json -use-frontend-parseable-output -save-temps -no-color-diagnostics -explicit-module-build -module-cache-path /tmp/TasteBuddyHomeQuestionsQA/Build/Intermediates.noindex/SwiftExplicitPrecompiledModules -clang-scanner-module-cache-path /tmp/TasteBuddyHomeQuestionsQA/ModuleCache.noindex -sdk-module-cache-path /tmp/TasteBuddyHomeQuestionsQA/ModuleCache.noindex -serialize-diagnostics -emit-dependencies -emit-module -emit-module-path /tmp/TasteBuddyHomeQuestionsQA/Build/Intermediates.noindex/swift-http-types.build/Debug-iphonesimulator/HTTPTypes.build/Objects-normal/x86_64/HTTPTypes.swiftmodule -user-module-version 1.6.0 -validate-clang-modules-once -clang-build-session-file /tmp/TasteBuddyHomeQuestionsQA/ModuleCache.noindex/Session.modulevalidation -package-name swift_http_types -Xcc -I/tmp/TasteBuddyHomeQuestionsQA/Build/Intermediates.noindex/swift-http-types.build/Debug-iphonesimulator/HTTPTypes.build/swift-overrides.hmap -emit-const-values -Xfrontend -const-gather-protocols-file -Xfrontend /tmp/TasteBuddyHomeQuestionsQA/Build/Intermediates.noindex/swift-http-types.build/Debug-iphonesimulator/HTTPTypes.build/Objects-normal/x86_64/HTTPTypes_const_extract_protocols.json -Xcc -I/tmp/TasteBuddyHomeQuestionsQA/Build/Products/Debug-iphonesimulator/include -Xcc -I/tmp/TasteBuddyHomeQuestionsQA/Build/Intermediates.noindex/swift-http-types.build/Debug-iphonesimulator/HTTPTypes.build/DerivedSources-normal/x86_64 -Xcc -I/tmp/TasteBuddyHomeQuestionsQA/Build/Intermediates.noindex/swift-http-types.build/Debug-iphonesimulator/HTTPTypes.build/DerivedSources/x86_64 -Xcc -I/tmp/TasteBuddyHomeQuestionsQA/Build/Intermediates.noindex/swift-http-types.build/Debug-iphonesimulator/HTTPTypes.build/DerivedSources -Xcc -DSWIFT_PACKAGE -Xcc -DDEBUG\=1 -emit-objc-header -emit-objc-header-path /tmp/TasteBuddyHomeQuestionsQA/Build/Intermediates.noindex/swift-http-types.build/Debug-iphonesimulator/HTTPTypes.build/Objects-normal/x86_64/HTTPTypes-Swift.h -working-directory /Users/sinjunho/Desktop/Taste\ Buddy/ios/TasteBuddy.xcodeproj -experimental-emit-module-separately -disable-cmo

SwiftDriver ConcurrencyExtras normal x86_64 com.apple.xcode.tools.swift.compiler (in target 'ConcurrencyExtras' from project 'swift-concurrency-extras')
    cd /Users/sinjunho/Desktop/Taste\ Buddy/ios/TasteBuddy.xcodeproj
    builtin-SwiftDriver -- /Applications/Xcode.app/Contents/Developer/Toolchains/XcodeDefault.xctoolchain/usr/bin/swiftc -module-name ConcurrencyExtras -Onone @/tmp/TasteBuddyHomeQuestionsQA/Build/Intermediates.noindex/swift-concurrency-extras.build/Debug-iphonesimulator/ConcurrencyExtras.build/Objects-normal/x86_64/ConcurrencyExtras.SwiftFileList -DSWIFT_PACKAGE -DDEBUG -DSWIFT_MODULE_RESOURCE_BUNDLE_UNAVAILABLE -DXcode -enable-upcoming-feature NonisolatedNonsendingByDefault -plugin-path /Applications/Xcode.app/Contents/Developer/Toolchains/XcodeDefault.xctoolchain/usr/lib/swift/host/plugins/testing -enable-experimental-feature DebugDescriptionMacro -sdk /Applications/Xcode.app/Contents/Developer/Platforms/iPhoneSimulator.platform/Developer/SDKs/iPhoneSimulator26.5.sdk -target x86_64-apple-ios13.0-simulator -g -module-cache-path /tmp/TasteBuddyHomeQuestionsQA/ModuleCache.noindex -Xfrontend -serialize-debugging-options -enable-testing -suppress-warnings -index-store-path /tmp/TasteBuddyHomeQuestionsQA/Index.noindex/DataStore -Xcc -D_LIBCPP_HARDENING_MODE\=_LIBCPP_HARDENING_MODE_DEBUG -swift-version 6 -I /tmp/TasteBuddyHomeQuestionsQA/Build/Products/Debug-iphonesimulator -Isystem /Applications/Xcode.app/Contents/Developer/Platforms/iPhoneSimulator.platform/Developer/usr/lib -F /tmp/TasteBuddyHomeQuestionsQA/Build/Products/Debug-iphonesimulator -F /Applications/Xcode.app/Contents/Developer/Platforms/iPhoneSimulator.platform/Developer/Library/Frameworks -F /Applications/Xcode.app/Contents/Developer/Platforms/iPhoneSimulator.platform/Developer/SDKs/iPhoneSimulator26.5.sdk/Developer/Library/Frameworks -c -j12 -enable-batch-mode -incremental -Xcc -ivfsstatcache -Xcc /tmp/TasteBuddyHomeQuestionsQA/SDKStatCaches.noindex/iphonesimulator26.5-23F81a-6cfe768891a92b912361537c460fe42b.sdkstatcache -output-file-map /tmp/TasteBuddyHomeQuestionsQA/Build/Intermediates.noindex/swift-concurrency-extras.build/Debug-iphonesimulator/ConcurrencyExtras.build/Objects-normal/x86_64/ConcurrencyExtras-OutputFileMap.json -use-frontend-parseable-output -save-temps -no-color-diagnostics -explicit-module-build -module-cache-path /tmp/TasteBuddyHomeQuestionsQA/Build/Intermediates.noindex/SwiftExplicitPrecompiledModules -clang-scanner-module-cache-path /tmp/TasteBuddyHomeQuestionsQA/ModuleCache.noindex -sdk-module-cache-path /tmp/TasteBuddyHomeQuestionsQA/ModuleCache.noindex -serialize-diagnostics -emit-dependencies -emit-module -emit-module-path /tmp/TasteBuddyHomeQuestionsQA/Build/Intermediates.noindex/swift-concurrency-extras.build/Debug-iphonesimulator/ConcurrencyExtras.build/Objects-normal/x86_64/ConcurrencyExtras.swiftmodule -user-module-version 1.4.0 -validate-clang-modules-once -clang-build-session-file /tmp/TasteBuddyHomeQuestionsQA/ModuleCache.noindex/Session.modulevalidation -package-name swift_concurrency_extras -Xcc -I/tmp/TasteBuddyHomeQuestionsQA/Build/Intermediates.noindex/swift-concurrency-extras.build/Debug-iphonesimulator/ConcurrencyExtras.build/swift-overrides.hmap -emit-const-values -Xfrontend -const-gather-protocols-file -Xfrontend /tmp/TasteBuddyHomeQuestionsQA/Build/Intermediates.noindex/swift-concurrency-extras.build/Debug-iphonesimulator/ConcurrencyExtras.build/Objects-normal/x86_64/ConcurrencyExtras_const_extract_protocols.json -Xcc -I/tmp/TasteBuddyHomeQuestionsQA/Build/Products/Debug-iphonesimulator/include -Xcc -I/tmp/TasteBuddyHomeQuestionsQA/Build/Intermediates.noindex/swift-concurrency-extras.build/Debug-iphonesimulator/ConcurrencyExtras.build/DerivedSources-normal/x86_64 -Xcc -I/tmp/TasteBuddyHomeQuestionsQA/Build/Intermediates.noindex/swift-concurrency-extras.build/Debug-iphonesimulator/ConcurrencyExtras.build/DerivedSources/x86_64 -Xcc -I/tmp/TasteBuddyHomeQuestionsQA/Build/Intermediates.noindex/swift-concurrency-extras.build/Debug-iphonesimulator/ConcurrencyExtras.build/DerivedSources -Xcc -DSWIFT_PACKAGE -Xcc -DDEBUG\=1 -emit-objc-header -emit-objc-header-path /tmp/TasteBuddyHomeQuestionsQA/Build/Intermediates.noindex/swift-concurrency-extras.build/Debug-iphonesimulator/ConcurrencyExtras.build/Objects-normal/x86_64/ConcurrencyExtras-Swift.h -working-directory /Users/sinjunho/Desktop/Taste\ Buddy/ios/TasteBuddy.xcodeproj -experimental-emit-module-separately -disable-cmo

SwiftDriver Crypto normal x86_64 com.apple.xcode.tools.swift.compiler (in target 'Crypto' from project 'swift-crypto')
    cd /Users/sinjunho/Desktop/Taste\ Buddy/ios/TasteBuddy.xcodeproj
    builtin-SwiftDriver -- /Applications/Xcode.app/Contents/Developer/Toolchains/XcodeDefault.xctoolchain/usr/bin/swiftc -module-name Crypto -Onone @/tmp/TasteBuddyHomeQuestionsQA/Build/Intermediates.noindex/swift-crypto.build/Debug-iphonesimulator/Crypto.build/Objects-normal/x86_64/Crypto.SwiftFileList -DSWIFT_PACKAGE -DDEBUG -DSWIFT_MODULE_RESOURCE_BUNDLE_AVAILABLE -DCRYPTO_IN_SWIFTPM -DXcode -enable-upcoming-feature MemberImportVisibility -plugin-path /Applications/Xcode.app/Contents/Developer/Toolchains/XcodeDefault.xctoolchain/usr/lib/swift/host/plugins/testing -enable-experimental-feature DebugDescriptionMacro -sdk /Applications/Xcode.app/Contents/Developer/Platforms/iPhoneSimulator.platform/Developer/SDKs/iPhoneSimulator26.5.sdk -target x86_64-apple-ios12.0-simulator -g -module-cache-path /tmp/TasteBuddyHomeQuestionsQA/ModuleCache.noindex -Xfrontend -serialize-debugging-options -enable-testing -suppress-warnings -index-store-path /tmp/TasteBuddyHomeQuestionsQA/Index.noindex/DataStore -Xcc -D_LIBCPP_HARDENING_MODE\=_LIBCPP_HARDENING_MODE_DEBUG -swift-version 6 -I /tmp/TasteBuddyHomeQuestionsQA/Build/Products/Debug-iphonesimulator -Isystem /Applications/Xcode.app/Contents/Developer/Platforms/iPhoneSimulator.platform/Developer/usr/lib -F /tmp/TasteBuddyHomeQuestionsQA/Build/Products/Debug-iphonesimulator -F /Applications/Xcode.app/Contents/Developer/Platforms/iPhoneSimulator.platform/Developer/Library/Frameworks -F /Applications/Xcode.app/Contents/Developer/Platforms/iPhoneSimulator.platform/Developer/SDKs/iPhoneSimulator26.5.sdk/Developer/Library/Frameworks -c -j12 -enable-batch-mode -incremental -Xcc -ivfsstatcache -Xcc /tmp/TasteBuddyHomeQuestionsQA/SDKStatCaches.noindex/iphonesimulator26.5-23F81a-6cfe768891a92b912361537c460fe42b.sdkstatcache -output-file-map /tmp/TasteBuddyHomeQuestionsQA/Build/Intermediates.noindex/swift-crypto.build/Debug-iphonesimulator/Crypto.build/Objects-normal/x86_64/Crypto-OutputFileMap.json -use-frontend-parseable-output -save-temps -no-color-diagnostics -explicit-module-build -module-cache-path /tmp/TasteBuddyHomeQuestionsQA/Build/Intermediates.noindex/SwiftExplicitPrecompiledModules -clang-scanner-module-cache-path /tmp/TasteBuddyHomeQuestionsQA/ModuleCache.noindex -sdk-module-cache-path /tmp/TasteBuddyHomeQuestionsQA/ModuleCache.noindex -serialize-diagnostics -emit-dependencies -emit-module -emit-module-path /tmp/TasteBuddyHomeQuestionsQA/Build/Intermediates.noindex/swift-crypto.build/Debug-iphonesimulator/Crypto.build/Objects-normal/x86_64/Crypto.swiftmodule -user-module-version 4.5.0 -validate-clang-modules-once -clang-build-session-file /tmp/TasteBuddyHomeQuestionsQA/ModuleCache.noindex/Session.modulevalidation -package-name swift_crypto -Xcc -I/tmp/TasteBuddyHomeQuestionsQA/Build/Intermediates.noindex/swift-crypto.build/Debug-iphonesimulator/Crypto.build/swift-overrides.hmap -emit-const-values -Xfrontend -const-gather-protocols-file -Xfrontend /tmp/TasteBuddyHomeQuestionsQA/Build/Intermediates.noindex/swift-crypto.build/Debug-iphonesimulator/Crypto.build/Objects-normal/x86_64/Crypto_const_extract_protocols.json -Xcc -I/tmp/TasteBuddyHomeQuestionsQA/Build/Products/Debug-iphonesimulator/include -Xcc -I/tmp/TasteBuddyHomeQuestionsQA/Build/Intermediates.noindex/swift-crypto.build/Debug-iphonesimulator/Crypto.build/DerivedSources-normal/x86_64 -Xcc -I/tmp/TasteBuddyHomeQuestionsQA/Build/Intermediates.noindex/swift-crypto.build/Debug-iphonesimulator/Crypto.build/DerivedSources/x86_64 -Xcc -I/tmp/TasteBuddyHomeQuestionsQA/Build/Intermediates.noindex/swift-crypto.build/Debug-iphonesimulator/Crypto.build/DerivedSources -Xcc -DSWIFT_PACKAGE -Xcc -DDEBUG\=1 -emit-objc-header -emit-objc-header-path /tmp/TasteBuddyHomeQuestionsQA/Build/Intermediates.noindex/swift-crypto.build/Debug-iphonesimulator/Crypto.build/Objects-normal/x86_64/Crypto-Swift.h -working-directory /Users/sinjunho/Desktop/Taste\ Buddy/ios/TasteBuddy.xcodeproj -experimental-emit-module-separately -disable-cmo

SwiftExplicitDependencyGeneratePcm x86_64 /tmp/TasteBuddyHomeQuestionsQA/ModuleCache.noindex/SwiftShims-92QSC8CA4D39AY8HF7K6UV8O3.pcm

SwiftExplicitDependencyGeneratePcm x86_64 /tmp/TasteBuddyHomeQuestionsQA/ModuleCache.noindex/_SwiftConcurrencyShims-BA38Z32UMI73DXZ5PN8OJZDLL.pcm

SwiftCompile normal x86_64 Compiling\ _Test.swift /tmp/TasteBuddyHomeQuestionsQA/SourcePackages/checkouts/xctest-dynamic-overlay/Sources/IssueReportingPackageSupport/_Test.swift (in target 'IssueReportingPackageSupport' from project 'xctest-dynamic-overlay')
SwiftCompile normal x86_64 /tmp/TasteBuddyHomeQuestionsQA/SourcePackages/checkouts/xctest-dynamic-overlay/Sources/IssueReportingPackageSupport/_Test.swift (in target 'IssueReportingPackageSupport' from project 'xctest-dynamic-overlay')
    cd /Users/sinjunho/Desktop/Taste\ Buddy/ios/TasteBuddy.xcodeproj
    

SwiftEmitModule normal x86_64 Emitting\ module\ for\ IssueReportingPackageSupport (in target 'IssueReportingPackageSupport' from project 'xctest-dynamic-overlay')

SwiftCompile normal x86_64 /tmp/TasteBuddyHomeQuestionsQA/SourcePackages/checkouts/xctest-dynamic-overlay/Sources/IssueReportingPackageSupport/_Test.swift (in target 'IssueReportingPackageSupport' from project 'xctest-dynamic-overlay')
    cd /Users/sinjunho/Desktop/Taste\ Buddy/ios/TasteBuddy.xcodeproj
    

SwiftDriverJobDiscovery normal x86_64 Emitting module for IssueReportingPackageSupport (in target 'IssueReportingPackageSupport' from project 'xctest-dynamic-overlay')

SwiftDriver\ Compilation\ Requirements IssueReportingPackageSupport normal x86_64 com.apple.xcode.tools.swift.compiler (in target 'IssueReportingPackageSupport' from project 'xctest-dynamic-overlay')
    cd /Users/sinjunho/Desktop/Taste\ Buddy/ios/TasteBuddy.xcodeproj
    builtin-Swift-Compilation-Requirements -- /Applications/Xcode.app/Contents/Developer/Toolchains/XcodeDefault.xctoolchain/usr/bin/swiftc -module-name IssueReportingPackageSupport -Onone @/tmp/TasteBuddyHomeQuestionsQA/Build/Intermediates.noindex/xctest-dynamic-overlay.build/Debug-iphonesimulator/IssueReportingPackageSupport.build/Objects-normal/x86_64/IssueReportingPackageSupport.SwiftFileList -DSWIFT_PACKAGE -DDEBUG -DSWIFT_MODULE_RESOURCE_BUNDLE_UNAVAILABLE -DXcode -plugin-path /Applications/Xcode.app/Contents/Developer/Toolchains/XcodeDefault.xctoolchain/usr/lib/swift/host/plugins/testing -enable-experimental-feature DebugDescriptionMacro -sdk /Applications/Xcode.app/Contents/Developer/Platforms/iPhoneSimulator.platform/Developer/SDKs/iPhoneSimulator26.5.sdk -target x86_64-apple-ios13.0-simulator -g -module-cache-path /tmp/TasteBuddyHomeQuestionsQA/ModuleCache.noindex -Xfrontend -serialize-debugging-options -enable-testing -suppress-warnings -index-store-path /tmp/TasteBuddyHomeQuestionsQA/Index.noindex/DataStore -Xcc -D_LIBCPP_HARDENING_MODE\=_LIBCPP_HARDENING_MODE_DEBUG -swift-version 6 -I /tmp/TasteBuddyHomeQuestionsQA/Build/Products/Debug-iphonesimulator -Isystem /Applications/Xcode.app/Contents/Developer/Platforms/iPhoneSimulator.platform/Developer/usr/lib -F /tmp/TasteBuddyHomeQuestionsQA/Build/Products/Debug-iphonesimulator -F /Applications/Xcode.app/Contents/Developer/Platforms/iPhoneSimulator.platform/Developer/Library/Frameworks -F /Applications/Xcode.app/Contents/Developer/Platforms/iPhoneSimulator.platform/Developer/SDKs/iPhoneSimulator26.5.sdk/Developer/Library/Frameworks -parse-as-library -c -j12 -enable-batch-mode -incremental -Xcc -ivfsstatcache -Xcc /tmp/TasteBuddyHomeQuestionsQA/SDKStatCaches.noindex/iphonesimulator26.5-23F81a-6cfe768891a92b912361537c460fe42b.sdkstatcache -output-file-map /tmp/TasteBuddyHomeQuestionsQA/Build/Intermediates.noindex/xctest-dynamic-overlay.build/Debug-iphonesimulator/IssueReportingPackageSupport.build/Objects-normal/x86_64/IssueReportingPackageSupport-OutputFileMap.json -use-frontend-parseable-output -save-temps -no-color-diagnostics -explicit-module-build -module-cache-path /tmp/TasteBuddyHomeQuestionsQA/Build/Intermediates.noindex/SwiftExplicitPrecompiledModules -clang-scanner-module-cache-path /tmp/TasteBuddyHomeQuestionsQA/ModuleCache.noindex -sdk-module-cache-path /tmp/TasteBuddyHomeQuestionsQA/ModuleCache.noindex -serialize-diagnostics -emit-dependencies -emit-module -emit-module-path /tmp/TasteBuddyHomeQuestionsQA/Build/Intermediates.noindex/xctest-dynamic-overlay.build/Debug-iphonesimulator/IssueReportingPackageSupport.build/Objects-normal/x86_64/IssueReportingPackageSupport.swiftmodule -user-module-version 1.9.0 -validate-clang-modules-once -clang-build-session-file /tmp/TasteBuddyHomeQuestionsQA/ModuleCache.noindex/Session.modulevalidation -package-name xctest_dynamic_overlay -Xcc -I/tmp/TasteBuddyHomeQuestionsQA/Build/Intermediates.noindex/xctest-dynamic-overlay.build/Debug-iphonesimulator/IssueReportingPackageSupport.build/swift-overrides.hmap -emit-const-values -Xfrontend -const-gather-protocols-file -Xfrontend /tmp/TasteBuddyHomeQuestionsQA/Build/Intermediates.noindex/xctest-dynamic-overlay.build/Debug-iphonesimulator/IssueReportingPackageSupport.build/Objects-normal/x86_64/IssueReportingPackageSupport_const_extract_protocols.json -Xcc -I/tmp/TasteBuddyHomeQuestionsQA/Build/Products/Debug-iphonesimulator/include -Xcc -I/tmp/TasteBuddyHomeQuestionsQA/Build/Intermediates.noindex/xctest-dynamic-overlay.build/Debug-iphonesimulator/IssueReportingPackageSupport.build/DerivedSources-normal/x86_64 -Xcc -I/tmp/TasteBuddyHomeQuestionsQA/Build/Intermediates.noindex/xctest-dynamic-overlay.build/Debug-iphonesimulator/IssueReportingPackageSupport.build/DerivedSources/x86_64 -Xcc -I/tmp/TasteBuddyHomeQuestionsQA/Build/Intermediates.noindex/xctest-dynamic-overlay.build/Debug-iphonesimulator/IssueReportingPackageSupport.build/DerivedSources -Xcc -DSWIFT_PACKAGE -Xcc -DDEBUG\=1 -emit-objc-header -emit-objc-header-path /tmp/TasteBuddyHomeQuestionsQA/Build/Intermediates.noindex/xctest-dynamic-overlay.build/Debug-iphonesimulator/IssueReportingPackageSupport.build/Objects-normal/x86_64/IssueReportingPackageSupport-Swift.h -working-directory /Users/sinjunho/Desktop/Taste\ Buddy/ios/TasteBuddy.xcodeproj -experimental-emit-module-separately -disable-cmo

SwiftMergeGeneratedHeaders /tmp/TasteBuddyHomeQuestionsQA/Build/Intermediates.noindex/GeneratedModuleMaps-iphonesimulator/IssueReportingPackageSupport-Swift.h /tmp/TasteBuddyHomeQuestionsQA/Build/Intermediates.noindex/xctest-dynamic-overlay.build/Debug-iphonesimulator/IssueReportingPackageSupport.build/Objects-normal/x86_64/IssueReportingPackageSupport-Swift.h (in target 'IssueReportingPackageSupport' from project 'xctest-dynamic-overlay')
    cd /tmp/TasteBuddyHomeQuestionsQA/SourcePackages/checkouts/xctest-dynamic-overlay
    builtin-swiftHeaderTool -arch x86_64 /tmp/TasteBuddyHomeQuestionsQA/Build/Intermediates.noindex/xctest-dynamic-overlay.build/Debug-iphonesimulator/IssueReportingPackageSupport.build/Objects-normal/x86_64/IssueReportingPackageSupport-Swift.h -o /tmp/TasteBuddyHomeQuestionsQA/Build/Intermediates.noindex/GeneratedModuleMaps-iphonesimulator/IssueReportingPackageSupport-Swift.h

Copy /tmp/TasteBuddyHomeQuestionsQA/Build/Products/Debug-iphonesimulator/IssueReportingPackageSupport.swiftmodule/x86_64-apple-ios-simulator.swiftdoc /tmp/TasteBuddyHomeQuestionsQA/Build/Intermediates.noindex/xctest-dynamic-overlay.build/Debug-iphonesimulator/IssueReportingPackageSupport.build/Objects-normal/x86_64/IssueReportingPackageSupport.swiftdoc (in target 'IssueReportingPackageSupport' from project 'xctest-dynamic-overlay')
    cd /tmp/TasteBuddyHomeQuestionsQA/SourcePackages/checkouts/xctest-dynamic-overlay
    builtin-copy -exclude .DS_Store -exclude CVS -exclude .svn -exclude .git -exclude .hg -resolve-src-symlinks -rename /tmp/TasteBuddyHomeQuestionsQA/Build/Intermediates.noindex/xctest-dynamic-overlay.build/Debug-iphonesimulator/IssueReportingPackageSupport.build/Objects-normal/x86_64/IssueReportingPackageSupport.swiftdoc /tmp/TasteBuddyHomeQuestionsQA/Build/Products/Debug-iphonesimulator/IssueReportingPackageSupport.swiftmodule/x86_64-apple-ios-simulator.swiftdoc

Copy /tmp/TasteBuddyHomeQuestionsQA/Build/Products/Debug-iphonesimulator/IssueReportingPackageSupport.swiftmodule/x86_64-apple-ios-simulator.abi.json /tmp/TasteBuddyHomeQuestionsQA/Build/Intermediates.noindex/xctest-dynamic-overlay.build/Debug-iphonesimulator/IssueReportingPackageSupport.build/Objects-normal/x86_64/IssueReportingPackageSupport.abi.json (in target 'IssueReportingPackageSupport' from project 'xctest-dynamic-overlay')
    cd /tmp/TasteBuddyHomeQuestionsQA/SourcePackages/checkouts/xctest-dynamic-overlay
    builtin-copy -exclude .DS_Store -exclude CVS -exclude .svn -exclude .git -exclude .hg -resolve-src-symlinks -rename /tmp/TasteBuddyHomeQuestionsQA/Build/Intermediates.noindex/xctest-dynamic-overlay.build/Debug-iphonesimulator/IssueReportingPackageSupport.build/Objects-normal/x86_64/IssueReportingPackageSupport.abi.json /tmp/TasteBuddyHomeQuestionsQA/Build/Products/Debug-iphonesimulator/IssueReportingPackageSupport.swiftmodule/x86_64-apple-ios-simulator.abi.json

Copy /tmp/TasteBuddyHomeQuestionsQA/Build/Products/Debug-iphonesimulator/IssueReportingPackageSupport.swiftmodule/x86_64-apple-ios-simulator.swiftmodule /tmp/TasteBuddyHomeQuestionsQA/Build/Intermediates.noindex/xctest-dynamic-overlay.build/Debug-iphonesimulator/IssueReportingPackageSupport.build/Objects-normal/x86_64/IssueReportingPackageSupport.swiftmodule (in target 'IssueReportingPackageSupport' from project 'xctest-dynamic-overlay')
    cd /tmp/TasteBuddyHomeQuestionsQA/SourcePackages/checkouts/xctest-dynamic-overlay
    builtin-copy -exclude .DS_Store -exclude CVS -exclude .svn -exclude .git -exclude .hg -resolve-src-symlinks -rename /tmp/TasteBuddyHomeQuestionsQA/Build/Intermediates.noindex/xctest-dynamic-overlay.build/Debug-iphonesimulator/IssueReportingPackageSupport.build/Objects-normal/x86_64/IssueReportingPackageSupport.swiftmodule /tmp/TasteBuddyHomeQuestionsQA/Build/Products/Debug-iphonesimulator/IssueReportingPackageSupport.swiftmodule/x86_64-apple-ios-simulator.swiftmodule

Copy /tmp/TasteBuddyHomeQuestionsQA/Build/Products/Debug-iphonesimulator/IssueReportingPackageSupport.swiftmodule/Project/x86_64-apple-ios-simulator.swiftsourceinfo /tmp/TasteBuddyHomeQuestionsQA/Build/Intermediates.noindex/xctest-dynamic-overlay.build/Debug-iphonesimulator/IssueReportingPackageSupport.build/Objects-normal/x86_64/IssueReportingPackageSupport.swiftsourceinfo (in target 'IssueReportingPackageSupport' from project 'xctest-dynamic-overlay')
    cd /tmp/TasteBuddyHomeQuestionsQA/SourcePackages/checkouts/xctest-dynamic-overlay
    builtin-copy -exclude .DS_Store -exclude CVS -exclude .svn -exclude .git -exclude .hg -resolve-src-symlinks -rename /tmp/TasteBuddyHomeQuestionsQA/Build/Intermediates.noindex/xctest-dynamic-overlay.build/Debug-iphonesimulator/IssueReportingPackageSupport.build/Objects-normal/x86_64/IssueReportingPackageSupport.swiftsourceinfo /tmp/TasteBuddyHomeQuestionsQA/Build/Products/Debug-iphonesimulator/IssueReportingPackageSupport.swiftmodule/Project/x86_64-apple-ios-simulator.swiftsourceinfo

SwiftDriver IssueReporting normal x86_64 com.apple.xcode.tools.swift.compiler (in target 'IssueReporting' from project 'xctest-dynamic-overlay')
    cd /Users/sinjunho/Desktop/Taste\ Buddy/ios/TasteBuddy.xcodeproj
    builtin-SwiftDriver -- /Applications/Xcode.app/Contents/Developer/Toolchains/XcodeDefault.xctoolchain/usr/bin/swiftc -module-name IssueReporting -Onone @/tmp/TasteBuddyHomeQuestionsQA/Build/Intermediates.noindex/xctest-dynamic-overlay.build/Debug-iphonesimulator/IssueReporting.build/Objects-normal/x86_64/IssueReporting.SwiftFileList -DSWIFT_PACKAGE -DDEBUG -DSWIFT_MODULE_RESOURCE_BUNDLE_UNAVAILABLE -DXcode -plugin-path /Applications/Xcode.app/Contents/Developer/Toolchains/XcodeDefault.xctoolchain/usr/lib/swift/host/plugins/testing -enable-experimental-feature DebugDescriptionMacro -sdk /Applications/Xcode.app/Contents/Developer/Platforms/iPhoneSimulator.platform/Developer/SDKs/iPhoneSimulator26.5.sdk -target x86_64-apple-ios13.0-simulator -g -module-cache-path /tmp/TasteBuddyHomeQuestionsQA/ModuleCache.noindex -Xfrontend -serialize-debugging-options -enable-testing -suppress-warnings -index-store-path /tmp/TasteBuddyHomeQuestionsQA/Index.noindex/DataStore -Xcc -D_LIBCPP_HARDENING_MODE\=_LIBCPP_HARDENING_MODE_DEBUG -swift-version 6 -I /tmp/TasteBuddyHomeQuestionsQA/Build/Products/Debug-iphonesimulator -Isystem /Applications/Xcode.app/Contents/Developer/Platforms/iPhoneSimulator.platform/Developer/usr/lib -F /tmp/TasteBuddyHomeQuestionsQA/Build/Products/Debug-iphonesimulator/PackageFrameworks -F /tmp/TasteBuddyHomeQuestionsQA/Build/Products/Debug-iphonesimulator -F /Applications/Xcode.app/Contents/Developer/Platforms/iPhoneSimulator.platform/Developer/Library/Frameworks -F /Applications/Xcode.app/Contents/Developer/Platforms/iPhoneSimulator.platform/Developer/SDKs/iPhoneSimulator26.5.sdk/Developer/Library/Frameworks -c -j12 -enable-batch-mode -incremental -Xcc -ivfsstatcache -Xcc /tmp/TasteBuddyHomeQuestionsQA/SDKStatCaches.noindex/iphonesimulator26.5-23F81a-6cfe768891a92b912361537c460fe42b.sdkstatcache -output-file-map /tmp/TasteBuddyHomeQuestionsQA/Build/Intermediates.noindex/xctest-dynamic-overlay.build/Debug-iphonesimulator/IssueReporting.build/Objects-normal/x86_64/IssueReporting-OutputFileMap.json -use-frontend-parseable-output -save-temps -no-color-diagnostics -explicit-module-build -module-cache-path /tmp/TasteBuddyHomeQuestionsQA/Build/Intermediates.noindex/SwiftExplicitPrecompiledModules -clang-scanner-module-cache-path /tmp/TasteBuddyHomeQuestionsQA/ModuleCache.noindex -sdk-module-cache-path /tmp/TasteBuddyHomeQuestionsQA/ModuleCache.noindex -serialize-diagnostics -emit-dependencies -emit-module -emit-module-path /tmp/TasteBuddyHomeQuestionsQA/Build/Intermediates.noindex/xctest-dynamic-overlay.build/Debug-iphonesimulator/IssueReporting.build/Objects-normal/x86_64/IssueReporting.swiftmodule -user-module-version 1.9.0 -validate-clang-modules-once -clang-build-session-file /tmp/TasteBuddyHomeQuestionsQA/ModuleCache.noindex/Session.modulevalidation -package-name xctest_dynamic_overlay -Xcc -I/tmp/TasteBuddyHomeQuestionsQA/Build/Intermediates.noindex/xctest-dynamic-overlay.build/Debug-iphonesimulator/IssueReporting.build/swift-overrides.hmap -emit-const-values -Xfrontend -const-gather-protocols-file -Xfrontend /tmp/TasteBuddyHomeQuestionsQA/Build/Intermediates.noindex/xctest-dynamic-overlay.build/Debug-iphonesimulator/IssueReporting.build/Objects-normal/x86_64/IssueReporting_const_extract_protocols.json -Xcc -I/tmp/TasteBuddyHomeQuestionsQA/Build/Products/Debug-iphonesimulator/include -Xcc -I/tmp/TasteBuddyHomeQuestionsQA/Build/Intermediates.noindex/xctest-dynamic-overlay.build/Debug-iphonesimulator/IssueReporting.build/DerivedSources-normal/x86_64 -Xcc -I/tmp/TasteBuddyHomeQuestionsQA/Build/Intermediates.noindex/xctest-dynamic-overlay.build/Debug-iphonesimulator/IssueReporting.build/DerivedSources/x86_64 -Xcc -I/tmp/TasteBuddyHomeQuestionsQA/Build/Intermediates.noindex/xctest-dynamic-overlay.build/Debug-iphonesimulator/IssueReporting.build/DerivedSources -Xcc -DSWIFT_PACKAGE -Xcc -DDEBUG\=1 -emit-objc-header -emit-objc-header-path /tmp/TasteBuddyHomeQuestionsQA/Build/Intermediates.noindex/xctest-dynamic-overlay.build/Debug-iphonesimulator/IssueReporting.build/Objects-normal/x86_64/IssueReporting-Swift.h -working-directory /Users/sinjunho/Desktop/Taste\ Buddy/ios/TasteBuddy.xcodeproj -experimental-emit-module-separately -disable-cmo

SwiftExplicitDependencyGeneratePcm x86_64 /tmp/TasteBuddyHomeQuestionsQA/ModuleCache.noindex/_Builtin_stddef-D9EN0V0ZKZNRTT7GH8B4C0B5D.pcm

SwiftExplicitDependencyGeneratePcm x86_64 /tmp/TasteBuddyHomeQuestionsQA/ModuleCache.noindex/_Builtin_stdarg-4B1UD1WRSZWOEZGEOD54OE7UX.pcm

SwiftExplicitDependencyGeneratePcm x86_64 /tmp/TasteBuddyHomeQuestionsQA/ModuleCache.noindex/_Builtin_stdbool-7M5ILIS9RJ66ER6ITWIJKOGAP.pcm

SwiftExplicitDependencyGeneratePcm x86_64 /tmp/TasteBuddyHomeQuestionsQA/ModuleCache.noindex/_Builtin_float-D3GFBKHVRI8D3DKKD1GVKD4.pcm

SwiftExplicitDependencyGeneratePcm x86_64 /tmp/TasteBuddyHomeQuestionsQA/ModuleCache.noindex/ptrcheck-599O5NP5JBZLTZD8XU63IP91N.pcm

SwiftExplicitDependencyGeneratePcm x86_64 /tmp/TasteBuddyHomeQuestionsQA/ModuleCache.noindex/ptrauth-7DFCALGCE5XBVAT372DQV71DG.pcm

SwiftExplicitDependencyGeneratePcm x86_64 /tmp/TasteBuddyHomeQuestionsQA/ModuleCache.noindex/_AvailabilityInternal-1KXQYXN8P1736M8J1G56OBR46.pcm

SwiftExplicitDependencyGeneratePcm x86_64 /tmp/TasteBuddyHomeQuestionsQA/ModuleCache.noindex/_DarwinFoundation1-8KUODW3XR01NN1ACKSXCKMKEM.pcm

SwiftExplicitDependencyGeneratePcm x86_64 /tmp/TasteBuddyHomeQuestionsQA/ModuleCache.noindex/_DarwinFoundation2-1QYM1H034IAPOBQH1BPWPV1PA.pcm

SwiftExplicitDependencyGeneratePcm x86_64 /tmp/TasteBuddyHomeQuestionsQA/ModuleCache.noindex/_Builtin_limits-7KWGRHC0J7D64HBKRXQKDXXZG.pcm

SwiftExplicitDependencyGeneratePcm x86_64 /tmp/TasteBuddyHomeQuestionsQA/ModuleCache.noindex/_Builtin_stdint-3RG45PWMWJAC08ZH04IF80WV1.pcm

SwiftExplicitDependencyGeneratePcm x86_64 /tmp/TasteBuddyHomeQuestionsQA/ModuleCache.noindex/sys_types-D3Q4E38YH4YNJBSTDLTBAMQ2Z.pcm

SwiftExplicitDependencyGeneratePcm x86_64 /tmp/TasteBuddyHomeQuestionsQA/ModuleCache.noindex/_SwiftConcurrencyShims-8FUCJWFIHQWKUNFIWF7JDA3UM.pcm

SwiftExplicitDependencyGeneratePcm x86_64 /tmp/TasteBuddyHomeQuestionsQA/ModuleCache.noindex/DeveloperToolsSupport-6MSOHR29RRVSHY52YGNQ8HJ06.pcm

SwiftExplicitDependencyGeneratePcm x86_64 /tmp/TasteBuddyHomeQuestionsQA/ModuleCache.noindex/_Builtin_stdbool-121VK4HZQ8J2ZZJKYQ8HFLRI.pcm

SwiftExplicitDependencyGeneratePcm x86_64 /tmp/TasteBuddyHomeQuestionsQA/ModuleCache.noindex/_Builtin_stddef-6Z87MYXYNIGGFDSMARV5C5OS2.pcm

SwiftExplicitDependencyGeneratePcm x86_64 /tmp/TasteBuddyHomeQuestionsQA/ModuleCache.noindex/ptrauth-QFU69HY0355T7TJOEI0SK5WC.pcm

SwiftExplicitDependencyGeneratePcm x86_64 /tmp/TasteBuddyHomeQuestionsQA/ModuleCache.noindex/_AvailabilityInternal-DENUVHJMBJ1DFL8TH8MGXS136.pcm

SwiftExplicitDependencyGeneratePcm x86_64 /tmp/TasteBuddyHomeQuestionsQA/ModuleCache.noindex/_Builtin_stdarg-4MTYX1ZQ2TALC84OAODIHQFYH.pcm

SwiftExplicitDependencyGeneratePcm x86_64 /tmp/TasteBuddyHomeQuestionsQA/ModuleCache.noindex/_Builtin_float-88H369OBGQ5C8452XDE4IE18C.pcm

SwiftExplicitDependencyGeneratePcm x86_64 /tmp/TasteBuddyHomeQuestionsQA/ModuleCache.noindex/ptrcheck-2RGP930P5JGHQRSEW3UYJ99LS.pcm

SwiftExplicitDependencyGeneratePcm x86_64 /tmp/TasteBuddyHomeQuestionsQA/ModuleCache.noindex/SwiftShims-8UHJDWC7PB5AP4IRHZ1OODCO1.pcm

SwiftExplicitDependencyGeneratePcm x86_64 /tmp/TasteBuddyHomeQuestionsQA/ModuleCache.noindex/_Builtin_stdatomic-DW5K75RAGDQVIEP5N7FQV6DMJ.pcm

SwiftExplicitDependencyGeneratePcm x86_64 /tmp/TasteBuddyHomeQuestionsQA/ModuleCache.noindex/_DarwinFoundation3-BG5ATWCVVAK1YA13TDBYC58AF.pcm

SwiftExplicitDependencyGeneratePcm x86_64 /tmp/TasteBuddyHomeQuestionsQA/ModuleCache.noindex/_DarwinFoundation1-H8CY72QNP2OB6926HTU7PEE0.pcm

SwiftExplicitDependencyGeneratePcm x86_64 /tmp/TasteBuddyHomeQuestionsQA/ModuleCache.noindex/_Builtin_limits-74OG2MNA4PNW81613AECIIDYR.pcm

SwiftExplicitDependencyGeneratePcm x86_64 /tmp/TasteBuddyHomeQuestionsQA/ModuleCache.noindex/_DarwinFoundation2-AGXKSA1FWXGSKMVO7ZIYYCGI9.pcm

SwiftExplicitDependencyGeneratePcm x86_64 /tmp/TasteBuddyHomeQuestionsQA/ModuleCache.noindex/_Builtin_inttypes-8DY839H1LQR4MM5H4LH9N13B3.pcm

SwiftDriverJobDiscovery normal x86_64 Compiling _Test.swift (in target 'IssueReportingPackageSupport' from project 'xctest-dynamic-overlay')

SwiftDriver\ Compilation IssueReportingPackageSupport normal x86_64 com.apple.xcode.tools.swift.compiler (in target 'IssueReportingPackageSupport' from project 'xctest-dynamic-overlay')
    cd /Users/sinjunho/Desktop/Taste\ Buddy/ios/TasteBuddy.xcodeproj
    builtin-Swift-Compilation -- /Applications/Xcode.app/Contents/Developer/Toolchains/XcodeDefault.xctoolchain/usr/bin/swiftc -module-name IssueReportingPackageSupport -Onone @/tmp/TasteBuddyHomeQuestionsQA/Build/Intermediates.noindex/xctest-dynamic-overlay.build/Debug-iphonesimulator/IssueReportingPackageSupport.build/Objects-normal/x86_64/IssueReportingPackageSupport.SwiftFileList -DSWIFT_PACKAGE -DDEBUG -DSWIFT_MODULE_RESOURCE_BUNDLE_UNAVAILABLE -DXcode -plugin-path /Applications/Xcode.app/Contents/Developer/Toolchains/XcodeDefault.xctoolchain/usr/lib/swift/host/plugins/testing -enable-experimental-feature DebugDescriptionMacro -sdk /Applications/Xcode.app/Contents/Developer/Platforms/iPhoneSimulator.platform/Developer/SDKs/iPhoneSimulator26.5.sdk -target x86_64-apple-ios13.0-simulator -g -module-cache-path /tmp/TasteBuddyHomeQuestionsQA/ModuleCache.noindex -Xfrontend -serialize-debugging-options -enable-testing -suppress-warnings -index-store-path /tmp/TasteBuddyHomeQuestionsQA/Index.noindex/DataStore -Xcc -D_LIBCPP_HARDENING_MODE\=_LIBCPP_HARDENING_MODE_DEBUG -swift-version 6 -I /tmp/TasteBuddyHomeQuestionsQA/Build/Products/Debug-iphonesimulator -Isystem /Applications/Xcode.app/Contents/Developer/Platforms/iPhoneSimulator.platform/Developer/usr/lib -F /tmp/TasteBuddyHomeQuestionsQA/Build/Products/Debug-iphonesimulator -F /Applications/Xcode.app/Contents/Developer/Platforms/iPhoneSimulator.platform/Developer/Library/Frameworks -F /Applications/Xcode.app/Contents/Developer/Platforms/iPhoneSimulator.platform/Developer/SDKs/iPhoneSimulator26.5.sdk/Developer/Library/Frameworks -parse-as-library -c -j12 -enable-batch-mode -incremental -Xcc -ivfsstatcache -Xcc /tmp/TasteBuddyHomeQuestionsQA/SDKStatCaches.noindex/iphonesimulator26.5-23F81a-6cfe768891a92b912361537c460fe42b.sdkstatcache -output-file-map /tmp/TasteBuddyHomeQuestionsQA/Build/Intermediates.noindex/xctest-dynamic-overlay.build/Debug-iphonesimulator/IssueReportingPackageSupport.build/Objects-normal/x86_64/IssueReportingPackageSupport-OutputFileMap.json -use-frontend-parseable-output -save-temps -no-color-diagnostics -explicit-module-build -module-cache-path /tmp/TasteBuddyHomeQuestionsQA/Build/Intermediates.noindex/SwiftExplicitPrecompiledModules -clang-scanner-module-cache-path /tmp/TasteBuddyHomeQuestionsQA/ModuleCache.noindex -sdk-module-cache-path /tmp/TasteBuddyHomeQuestionsQA/ModuleCache.noindex -serialize-diagnostics -emit-dependencies -emit-module -emit-module-path /tmp/TasteBuddyHomeQuestionsQA/Build/Intermediates.noindex/xctest-dynamic-overlay.build/Debug-iphonesimulator/IssueReportingPackageSupport.build/Objects-normal/x86_64/IssueReportingPackageSupport.swiftmodule -user-module-version 1.9.0 -validate-clang-modules-once -clang-build-session-file /tmp/TasteBuddyHomeQuestionsQA/ModuleCache.noindex/Session.modulevalidation -package-name xctest_dynamic_overlay -Xcc -I/tmp/TasteBuddyHomeQuestionsQA/Build/Intermediates.noindex/xctest-dynamic-overlay.build/Debug-iphonesimulator/IssueReportingPackageSupport.build/swift-overrides.hmap -emit-const-values -Xfrontend -const-gather-protocols-file -Xfrontend /tmp/TasteBuddyHomeQuestionsQA/Build/Intermediates.noindex/xctest-dynamic-overlay.build/Debug-iphonesimulator/IssueReportingPackageSupport.build/Objects-normal/x86_64/IssueReportingPackageSupport_const_extract_protocols.json -Xcc -I/tmp/TasteBuddyHomeQuestionsQA/Build/Products/Debug-iphonesimulator/include -Xcc -I/tmp/TasteBuddyHomeQuestionsQA/Build/Intermediates.noindex/xctest-dynamic-overlay.build/Debug-iphonesimulator/IssueReportingPackageSupport.build/DerivedSources-normal/x86_64 -Xcc -I/tmp/TasteBuddyHomeQuestionsQA/Build/Intermediates.noindex/xctest-dynamic-overlay.build/Debug-iphonesimulator/IssueReportingPackageSupport.build/DerivedSources/x86_64 -Xcc -I/tmp/TasteBuddyHomeQuestionsQA/Build/Intermediates.noindex/xctest-dynamic-overlay.build/Debug-iphonesimulator/IssueReportingPackageSupport.build/DerivedSources -Xcc -DSWIFT_PACKAGE -Xcc -DDEBUG\=1 -emit-objc-header -emit-objc-header-path /tmp/TasteBuddyHomeQuestionsQA/Build/Intermediates.noindex/xctest-dynamic-overlay.build/Debug-iphonesimulator/IssueReportingPackageSupport.build/Objects-normal/x86_64/IssueReportingPackageSupport-Swift.h -working-directory /Users/sinjunho/Desktop/Taste\ Buddy/ios/TasteBuddy.xcodeproj -experimental-emit-module-separately -disable-cmo

Ld /tmp/TasteBuddyHomeQuestionsQA/Build/Products/Debug-iphonesimulator/IssueReportingPackageSupport.o normal (in target 'IssueReportingPackageSupport' from project 'xctest-dynamic-overlay')
    cd /tmp/TasteBuddyHomeQuestionsQA/SourcePackages/checkouts/xctest-dynamic-overlay
    /Applications/Xcode.app/Contents/Developer/Toolchains/XcodeDefault.xctoolchain/usr/bin/clang -Xlinker -reproducible -target x86_64-apple-ios13.0-simulator -r -isysroot /Applications/Xcode.app/Contents/Developer/Platforms/iPhoneSimulator.platform/Developer/SDKs/iPhoneSimulator26.5.sdk -O0 -w -F/tmp/TasteBuddyHomeQuestionsQA/Build/Intermediates.noindex/EagerLinkingTBDs/Debug-iphonesimulator -F/tmp/TasteBuddyHomeQuestionsQA/Build/Products/Debug-iphonesimulator -iframework /Applications/Xcode.app/Contents/Developer/Platforms/iPhoneSimulator.platform/Developer/Library/Frameworks -iframework /Applications/Xcode.app/Contents/Developer/Platforms/iPhoneSimulator.platform/Developer/SDKs/iPhoneSimulator26.5.sdk/Developer/Library/Frameworks -filelist /tmp/TasteBuddyHomeQuestionsQA/Build/Intermediates.noindex/xctest-dynamic-overlay.build/Debug-iphonesimulator/IssueReportingPackageSupport.build/Objects-normal/x86_64/IssueReportingPackageSupport.LinkFileList -nostdlib -Xlinker -object_path_lto -Xlinker /tmp/TasteBuddyHomeQuestionsQA/Build/Intermediates.noindex/xctest-dynamic-overlay.build/Debug-iphonesimulator/IssueReportingPackageSupport.build/Objects-normal/x86_64/IssueReportingPackageSupport_lto.o -Xlinker -no_deduplicate -Xlinker -objc_abi_version -Xlinker 2 -Xlinker -dependency_info -Xlinker /tmp/TasteBuddyHomeQuestionsQA/Build/Intermediates.noindex/xctest-dynamic-overlay.build/Debug-iphonesimulator/IssueReportingPackageSupport.build/Objects-normal/x86_64/IssueReportingPackageSupport_dependency_info.dat -fobjc-link-runtime -L/Applications/Xcode.app/Contents/Developer/Toolchains/XcodeDefault.xctoolchain/usr/lib/swift/iphonesimulator -L/usr/lib/swift -Xlinker -add_ast_path -Xlinker /tmp/TasteBuddyHomeQuestionsQA/Build/Intermediates.noindex/xctest-dynamic-overlay.build/Debug-iphonesimulator/IssueReportingPackageSupport.build/Objects-normal/x86_64/IssueReportingPackageSupport.swiftmodule @/tmp/TasteBuddyHomeQuestionsQA/Build/Intermediates.noindex/xctest-dynamic-overlay.build/Debug-iphonesimulator/IssueReportingPackageSupport.build/Objects-normal/x86_64/IssueReportingPackageSupport-linker-args.resp -o /tmp/TasteBuddyHomeQuestionsQA/Build/Products/Debug-iphonesimulator/IssueReportingPackageSupport.o

SwiftExplicitDependencyGeneratePcm x86_64 /tmp/TasteBuddyHomeQuestionsQA/ModuleCache.noindex/Darwin-88TR3SUZEB8UUBUOBVJPTCUWT.pcm

ExtractAppIntentsMetadata (in target 'IssueReportingPackageSupport' from project 'xctest-dynamic-overlay')
    cd /tmp/TasteBuddyHomeQuestionsQA/SourcePackages/checkouts/xctest-dynamic-overlay
    /Applications/Xcode.app/Contents/Developer/Toolchains/XcodeDefault.xctoolchain/usr/bin/appintentsmetadataprocessor --toolchain-dir /Applications/Xcode.app/Contents/Developer/Toolchains/XcodeDefault.xctoolchain --module-name IssueReportingPackageSupport --sdk-root /Applications/Xcode.app/Contents/Developer/Platforms/iPhoneSimulator.platform/Developer/SDKs/iPhoneSimulator26.5.sdk --xcode-version 17F113 --platform-family iOS --deployment-target 13.0 --bundle-identifier xctest-dynamic-overlay.IssueReportingPackageSupport --output /tmp/TasteBuddyHomeQuestionsQA/Build/Products/Debug-iphonesimulator/IssueReportingPackageSupport.appintents --target-triple x86_64-apple-ios13.0-simulator --binary-file /tmp/TasteBuddyHomeQuestionsQA/Build/Products/Debug-iphonesimulator/IssueReportingPackageSupport.o --dependency-file /tmp/TasteBuddyHomeQuestionsQA/Build/Intermediates.noindex/xctest-dynamic-overlay.build/Debug-iphonesimulator/IssueReportingPackageSupport.build/Objects-normal/x86_64/IssueReportingPackageSupport_dependency_info.dat --stringsdata-file /tmp/TasteBuddyHomeQuestionsQA/Build/Intermediates.noindex/xctest-dynamic-overlay.build/Debug-iphonesimulator/IssueReportingPackageSupport.build/Objects-normal/x86_64/ExtractedAppShortcutsMetadata.stringsdata --source-file-list /tmp/TasteBuddyHomeQuestionsQA/Build/Intermediates.noindex/xctest-dynamic-overlay.build/Debug-iphonesimulator/IssueReportingPackageSupport.build/Objects-normal/x86_64/IssueReportingPackageSupport.SwiftFileList --metadata-file-list /tmp/TasteBuddyHomeQuestionsQA/Build/Intermediates.noindex/xctest-dynamic-overlay.build/Debug-iphonesimulator/IssueReportingPackageSupport.build/IssueReportingPackageSupport.DependencyMetadataFileList --static-metadata-file-list /tmp/TasteBuddyHomeQuestionsQA/Build/Intermediates.noindex/xctest-dynamic-overlay.build/Debug-iphonesimulator/IssueReportingPackageSupport.build/IssueReportingPackageSupport.DependencyStaticMetadataFileList --swift-const-vals-list /tmp/TasteBuddyHomeQuestionsQA/Build/Intermediates.noindex/xctest-dynamic-overlay.build/Debug-iphonesimulator/IssueReportingPackageSupport.build/Objects-normal/x86_64/IssueReportingPackageSupport.SwiftConstValuesFileList --force --compile-time-extraction --deployment-aware-processing --validate-assistant-intents --no-app-shortcuts-localization
2026-09-13 16:10:05.979 appintentsmetadataprocessor[82057:4038736] Starting appintentsmetadataprocessor export
2026-09-13 16:10:06.049 appintentsmetadataprocessor[82057:4038736] Extracted no relevant App Intents symbols, skipping writing output

SwiftExplicitDependencyGeneratePcm x86_64 /tmp/TasteBuddyHomeQuestionsQA/ModuleCache.noindex/sys_types-F2C4O7AMAD3LU1P7DW0AEPRVS.pcm

SwiftExplicitDependencyGeneratePcm x86_64 /tmp/TasteBuddyHomeQuestionsQA/ModuleCache.noindex/_Builtin_tgmath-3ZRJ83CNDZ29C1PBXKFKN44ZZ.pcm

SwiftExplicitDependencyGeneratePcm x86_64 /tmp/TasteBuddyHomeQuestionsQA/ModuleCache.noindex/_Builtin_stdint-1TGFTFLDUBZXQN5CFHTPIJSEN.pcm

SwiftExplicitDependencyGeneratePcm x86_64 /tmp/TasteBuddyHomeQuestionsQA/ModuleCache.noindex/_DarwinFoundation3-P2779GUCJ5Q6MT11WXDGWFNY.pcm

SwiftExplicitDependencyGeneratePcm x86_64 /tmp/TasteBuddyHomeQuestionsQA/ModuleCache.noindex/_Builtin_stdatomic-DUI1A9SZBLDJ4IK1BWQWUXC3T.pcm

RegisterExecutionPolicyException /tmp/TasteBuddyHomeQuestionsQA/Build/Products/Debug-iphonesimulator/IssueReportingPackageSupport.o (in target 'IssueReportingPackageSupport' from project 'xctest-dynamic-overlay')
    cd /tmp/TasteBuddyHomeQuestionsQA/SourcePackages/checkouts/xctest-dynamic-overlay
    builtin-RegisterExecutionPolicyException /tmp/TasteBuddyHomeQuestionsQA/Build/Products/Debug-iphonesimulator/IssueReportingPackageSupport.o

SwiftExplicitDependencyGeneratePcm x86_64 /tmp/TasteBuddyHomeQuestionsQA/ModuleCache.noindex/_Builtin_intrinsics-F0S7FUF469KTZ6U9LSN89HLXT.pcm

SwiftExplicitDependencyGeneratePcm x86_64 /tmp/TasteBuddyHomeQuestionsQA/ModuleCache.noindex/_Builtin_inttypes-7LNVEB67VC13TH1PBOTLZISU8.pcm

SwiftExplicitDependencyGeneratePcm x86_64 /tmp/TasteBuddyHomeQuestionsQA/ModuleCache.noindex/Darwin-C00X61UPHBH46P2ZMW8WBYFYU.pcm

SwiftExplicitDependencyGeneratePcm x86_64 /tmp/TasteBuddyHomeQuestionsQA/ModuleCache.noindex/MachO-53PZ60WG06BL4I9X6JR11BJ6U.pcm

SwiftExplicitDependencyGeneratePcm x86_64 /tmp/TasteBuddyHomeQuestionsQA/ModuleCache.noindex/ObjectiveC-CZ6OYZERXNRXDCKIIJLKHX6QW.pcm

SwiftExplicitDependencyGeneratePcm x86_64 /tmp/TasteBuddyHomeQuestionsQA/ModuleCache.noindex/os_object-6XBWYN471H0ZIADB9H9J5AWD4.pcm

SwiftExplicitDependencyGeneratePcm x86_64 /tmp/TasteBuddyHomeQuestionsQA/ModuleCache.noindex/os_workgroup-6U8LFUIFPPZCTW32OCC2GX3CL.pcm

SwiftExplicitDependencyGeneratePcm x86_64 /tmp/TasteBuddyHomeQuestionsQA/ModuleCache.noindex/Dispatch-O2AF428WMI1YTKME2EEOQ3NT.pcm

SwiftExplicitDependencyGeneratePcm x86_64 /tmp/TasteBuddyHomeQuestionsQA/ModuleCache.noindex/ObjectiveC-60KITRZWGF42T3F16PV7U1DVI.pcm

SwiftExplicitDependencyGeneratePcm x86_64 /tmp/TasteBuddyHomeQuestionsQA/ModuleCache.noindex/MachO-61EI4KQ9OBC2E3A75I7ZVXES0.pcm

SwiftExplicitDependencyGeneratePcm x86_64 /tmp/TasteBuddyHomeQuestionsQA/ModuleCache.noindex/CoreFoundation-7TXNDGCZ8UIC9HTNKCB8CW3PO.pcm

SwiftExplicitDependencyGeneratePcm x86_64 /tmp/TasteBuddyHomeQuestionsQA/ModuleCache.noindex/XPC-8KUBN9C0OFN4BCSULUCTZM3VX.pcm

SwiftExplicitDependencyGeneratePcm x86_64 /tmp/TasteBuddyHomeQuestionsQA/ModuleCache.noindex/os_object-1VT8E1TS8BL3H38BU4BP2Z5QH.pcm

SwiftExplicitDependencyGeneratePcm x86_64 /tmp/TasteBuddyHomeQuestionsQA/ModuleCache.noindex/os-AB24KEV08IBE4DMT2B71UVB31.pcm

SwiftExplicitDependencyGeneratePcm x86_64 /tmp/TasteBuddyHomeQuestionsQA/ModuleCache.noindex/os_workgroup-1VFOM7IC7XNWEVYMIRM8E1B2M.pcm

SwiftExplicitDependencyGeneratePcm x86_64 /tmp/TasteBuddyHomeQuestionsQA/ModuleCache.noindex/simd-3R6UG36YXC1Q1ORKQ47TGSIA3.pcm

SwiftExplicitDependencyGeneratePcm x86_64 /tmp/TasteBuddyHomeQuestionsQA/ModuleCache.noindex/Security-7Z42LOGH2IP0BS5X824L3AKVO.pcm

SwiftExplicitDependencyGeneratePcm x86_64 /tmp/TasteBuddyHomeQuestionsQA/ModuleCache.noindex/CFNetwork-44TC47GDGI77K62PJ39HQL2XQ.pcm

SwiftExplicitDependencyGeneratePcm x86_64 /tmp/TasteBuddyHomeQuestionsQA/ModuleCache.noindex/Dispatch-4BMXRMJQ7XXNJG8TQOEU7Z42P.pcm

SwiftExplicitDependencyGeneratePcm x86_64 /tmp/TasteBuddyHomeQuestionsQA/ModuleCache.noindex/CoreFoundation-C2FMHJTJ2OF70AD5KTJQMKCKM.pcm

SwiftExplicitDependencyGeneratePcm x86_64 /tmp/TasteBuddyHomeQuestionsQA/ModuleCache.noindex/XPC-8HSURAXDRW8KOCC4YD7QCIO3Z.pcm

SwiftExplicitDependencyGeneratePcm x86_64 /tmp/TasteBuddyHomeQuestionsQA/ModuleCache.noindex/Foundation-1UCVD9Z7KC0CT4QPO13M8KTXR.pcm

SwiftExplicitDependencyGeneratePcm x86_64 /tmp/TasteBuddyHomeQuestionsQA/ModuleCache.noindex/os-BV7WFE39DA9FEMXJFKTJTA9E0.pcm

SwiftExplicitDependencyGeneratePcm x86_64 /tmp/TasteBuddyHomeQuestionsQA/ModuleCache.noindex/CoreGraphics-6667MWUQ8X6XIXWDVIAZR92QZ.pcm

SwiftExplicitDependencyGeneratePcm x86_64 /tmp/TasteBuddyHomeQuestionsQA/ModuleCache.noindex/Security-8H9LEJ1ZR8TY8MMNOG2TSLMJ2.pcm

SwiftExplicitDependencyGeneratePcm x86_64 /tmp/TasteBuddyHomeQuestionsQA/ModuleCache.noindex/CFNetwork-95PPB6CLAM2CD870HEZF1AIDW.pcm

SwiftExplicitDependencyGeneratePcm x86_64 /tmp/TasteBuddyHomeQuestionsQA/ModuleCache.noindex/Foundation-1XD2L4ZS0LSGCMUZ5XHL564ZC.pcm

SwiftExplicitDependencyGeneratePcm x86_64 /tmp/TasteBuddyHomeQuestionsQA/ModuleCache.noindex/CoreText-658TDT8EI4C2LPG1VIIU2OPMK.pcm

SwiftExplicitDependencyGeneratePcm x86_64 /tmp/TasteBuddyHomeQuestionsQA/ModuleCache.noindex/ImageIO-EFKIYZ7ZT29DUB6ASPS9YEIP5.pcm

SwiftEmitModule normal x86_64 Emitting\ module\ for\ IssueReporting (in target 'IssueReporting' from project 'xctest-dynamic-overlay')
EmitSwiftModule normal x86_64 (in target 'IssueReporting' from project 'xctest-dynamic-overlay')
    cd /Users/sinjunho/Desktop/Taste\ Buddy/ios/TasteBuddy.xcodeproj
    

SwiftCompile normal x86_64 Compiling\ WithIssueContext.swift /tmp/TasteBuddyHomeQuestionsQA/SourcePackages/checkouts/xctest-dynamic-overlay/Sources/IssueReporting/WithIssueContext.swift (in target 'IssueReporting' from project 'xctest-dynamic-overlay')

SwiftCompile normal x86_64 /tmp/TasteBuddyHomeQuestionsQA/SourcePackages/checkouts/xctest-dynamic-overlay/Sources/IssueReporting/WithIssueContext.swift (in target 'IssueReporting' from project 'xctest-dynamic-overlay')
    cd /Users/sinjunho/Desktop/Taste\ Buddy/ios/TasteBuddy.xcodeproj
    

SwiftCompile normal x86_64 Compiling\ WithExpectedIssue.swift /tmp/TasteBuddyHomeQuestionsQA/SourcePackages/checkouts/xctest-dynamic-overlay/Sources/IssueReporting/WithExpectedIssue.swift (in target 'IssueReporting' from project 'xctest-dynamic-overlay')

SwiftCompile normal x86_64 /tmp/TasteBuddyHomeQuestionsQA/SourcePackages/checkouts/xctest-dynamic-overlay/Sources/IssueReporting/WithExpectedIssue.swift (in target 'IssueReporting' from project 'xctest-dynamic-overlay')
    cd /Users/sinjunho/Desktop/Taste\ Buddy/ios/TasteBuddy.xcodeproj
    

SwiftCompile normal x86_64 Compiling\ BreakpointReporter.swift,\ DefaultReporter.swift /tmp/TasteBuddyHomeQuestionsQA/SourcePackages/checkouts/xctest-dynamic-overlay/Sources/IssueReporting/IssueReporters/BreakpointReporter.swift /tmp/TasteBuddyHomeQuestionsQA/SourcePackages/checkouts/xctest-dynamic-overlay/Sources/IssueReporting/IssueReporters/DefaultReporter.swift (in target 'IssueReporting' from project 'xctest-dynamic-overlay')
SwiftCompile normal x86_64 /tmp/TasteBuddyHomeQuestionsQA/SourcePackages/checkouts/xctest-dynamic-overlay/Sources/IssueReporting/IssueReporters/BreakpointReporter.swift (in target 'IssueReporting' from project 'xctest-dynamic-overlay')
    cd /Users/sinjunho/Desktop/Taste\ Buddy/ios/TasteBuddy.xcodeproj
    

SwiftCompile normal x86_64 /tmp/TasteBuddyHomeQuestionsQA/SourcePackages/checkouts/xctest-dynamic-overlay/Sources/IssueReporting/IssueReporters/DefaultReporter.swift (in target 'IssueReporting' from project 'xctest-dynamic-overlay')
    cd /Users/sinjunho/Desktop/Taste\ Buddy/ios/TasteBuddy.xcodeproj
    

SwiftCompile normal x86_64 Compiling\ FatalErrorReporter.swift,\ IssueSeverity.swift /tmp/TasteBuddyHomeQuestionsQA/SourcePackages/checkouts/xctest-dynamic-overlay/Sources/IssueReporting/IssueReporters/FatalErrorReporter.swift /tmp/TasteBuddyHomeQuestionsQA/SourcePackages/checkouts/xctest-dynamic-overlay/Sources/IssueReporting/IssueSeverity.swift (in target 'IssueReporting' from project 'xctest-dynamic-overlay')

SwiftCompile normal x86_64 /tmp/TasteBuddyHomeQuestionsQA/SourcePackages/checkouts/xctest-dynamic-overlay/Sources/IssueReporting/IssueReporters/FatalErrorReporter.swift (in target 'IssueReporting' from project 'xctest-dynamic-overlay')
    cd /Users/sinjunho/Desktop/Taste\ Buddy/ios/TasteBuddy.xcodeproj
    

SwiftCompile normal x86_64 /tmp/TasteBuddyHomeQuestionsQA/SourcePackages/checkouts/xctest-dynamic-overlay/Sources/IssueReporting/IssueSeverity.swift (in target 'IssueReporting' from project 'xctest-dynamic-overlay')
    cd /Users/sinjunho/Desktop/Taste\ Buddy/ios/TasteBuddy.xcodeproj
    

SwiftCompile normal x86_64 Compiling\ LockIsolated.swift,\ Rethrows.swift /tmp/TasteBuddyHomeQuestionsQA/SourcePackages/checkouts/xctest-dynamic-overlay/Sources/IssueReporting/Internal/LockIsolated.swift /tmp/TasteBuddyHomeQuestionsQA/SourcePackages/checkouts/xctest-dynamic-overlay/Sources/IssueReporting/Internal/Rethrows.swift (in target 'IssueReporting' from project 'xctest-dynamic-overlay')

SwiftCompile normal x86_64 /tmp/TasteBuddyHomeQuestionsQA/SourcePackages/checkouts/xctest-dynamic-overlay/Sources/IssueReporting/Internal/LockIsolated.swift (in target 'IssueReporting' from project 'xctest-dynamic-overlay')
    cd /Users/sinjunho/Desktop/Taste\ Buddy/ios/TasteBuddy.xcodeproj
    

SwiftCompile normal x86_64 /tmp/TasteBuddyHomeQuestionsQA/SourcePackages/checkouts/xctest-dynamic-overlay/Sources/IssueReporting/Internal/Rethrows.swift (in target 'IssueReporting' from project 'xctest-dynamic-overlay')
    cd /Users/sinjunho/Desktop/Taste\ Buddy/ios/TasteBuddy.xcodeproj
    

SwiftCompile normal x86_64 Compiling\ IsTesting.swift,\ IssueReporter.swift /tmp/TasteBuddyHomeQuestionsQA/SourcePackages/checkouts/xctest-dynamic-overlay/Sources/IssueReporting/IsTesting.swift /tmp/TasteBuddyHomeQuestionsQA/SourcePackages/checkouts/xctest-dynamic-overlay/Sources/IssueReporting/IssueReporter.swift (in target 'IssueReporting' from project 'xctest-dynamic-overlay')

SwiftCompile normal x86_64 /tmp/TasteBuddyHomeQuestionsQA/SourcePackages/checkouts/xctest-dynamic-overlay/Sources/IssueReporting/IsTesting.swift (in target 'IssueReporting' from project 'xctest-dynamic-overlay')
    cd /Users/sinjunho/Desktop/Taste\ Buddy/ios/TasteBuddy.xcodeproj
    

SwiftCompile normal x86_64 /tmp/TasteBuddyHomeQuestionsQA/SourcePackages/checkouts/xctest-dynamic-overlay/Sources/IssueReporting/IssueReporter.swift (in target 'IssueReporting' from project 'xctest-dynamic-overlay')
    cd /Users/sinjunho/Desktop/Taste\ Buddy/ios/TasteBuddy.xcodeproj
    

SwiftCompile normal x86_64 Compiling\ SwiftTesting.swift,\ UncheckedSendable.swift /tmp/TasteBuddyHomeQuestionsQA/SourcePackages/checkouts/xctest-dynamic-overlay/Sources/IssueReporting/Internal/SwiftTesting.swift /tmp/TasteBuddyHomeQuestionsQA/SourcePackages/checkouts/xctest-dynamic-overlay/Sources/IssueReporting/Internal/UncheckedSendable.swift (in target 'IssueReporting' from project 'xctest-dynamic-overlay')

SwiftCompile normal x86_64 /tmp/TasteBuddyHomeQuestionsQA/SourcePackages/checkouts/xctest-dynamic-overlay/Sources/IssueReporting/Internal/SwiftTesting.swift (in target 'IssueReporting' from project 'xctest-dynamic-overlay')
    cd /Users/sinjunho/Desktop/Taste\ Buddy/ios/TasteBuddy.xcodeproj
    

SwiftCompile normal x86_64 /tmp/TasteBuddyHomeQuestionsQA/SourcePackages/checkouts/xctest-dynamic-overlay/Sources/IssueReporting/Internal/UncheckedSendable.swift (in target 'IssueReporting' from project 'xctest-dynamic-overlay')
    cd /Users/sinjunho/Desktop/Taste\ Buddy/ios/TasteBuddy.xcodeproj
    

SwiftCompile normal x86_64 Compiling\ Warn.swift,\ XCTest.swift /tmp/TasteBuddyHomeQuestionsQA/SourcePackages/checkouts/xctest-dynamic-overlay/Sources/IssueReporting/Internal/Warn.swift /tmp/TasteBuddyHomeQuestionsQA/SourcePackages/checkouts/xctest-dynamic-overlay/Sources/IssueReporting/Internal/XCTest.swift (in target 'IssueReporting' from project 'xctest-dynamic-overlay')

SwiftCompile normal x86_64 /tmp/TasteBuddyHomeQuestionsQA/SourcePackages/checkouts/xctest-dynamic-overlay/Sources/IssueReporting/Internal/Warn.swift (in target 'IssueReporting' from project 'xctest-dynamic-overlay')
    cd /Users/sinjunho/Desktop/Taste\ Buddy/ios/TasteBuddy.xcodeproj
    

SwiftCompile normal x86_64 /tmp/TasteBuddyHomeQuestionsQA/SourcePackages/checkouts/xctest-dynamic-overlay/Sources/IssueReporting/Internal/XCTest.swift (in target 'IssueReporting' from project 'xctest-dynamic-overlay')
    cd /Users/sinjunho/Desktop/Taste\ Buddy/ios/TasteBuddy.xcodeproj
    

SwiftCompile normal x86_64 Compiling\ Unimplemented.swift /tmp/TasteBuddyHomeQuestionsQA/SourcePackages/checkouts/xctest-dynamic-overlay/Sources/IssueReporting/Unimplemented.swift (in target 'IssueReporting' from project 'xctest-dynamic-overlay')

SwiftCompile normal x86_64 /tmp/TasteBuddyHomeQuestionsQA/SourcePackages/checkouts/xctest-dynamic-overlay/Sources/IssueReporting/Unimplemented.swift (in target 'IssueReporting' from project 'xctest-dynamic-overlay')
    cd /Users/sinjunho/Desktop/Taste\ Buddy/ios/TasteBuddy.xcodeproj
    

SwiftEmitModule normal x86_64 Emitting\ module\ for\ HTTPTypes (in target 'HTTPTypes' from project 'swift-http-types')

EmitSwiftModule normal x86_64 (in target 'HTTPTypes' from project 'swift-http-types')
    cd /Users/sinjunho/Desktop/Taste\ Buddy/ios/TasteBuddy.xcodeproj
    

SwiftEmitModule normal x86_64 Emitting\ module\ for\ ConcurrencyExtras (in target 'ConcurrencyExtras' from project 'swift-concurrency-extras')

EmitSwiftModule normal x86_64 (in target 'ConcurrencyExtras' from project 'swift-concurrency-extras')
    cd /Users/sinjunho/Desktop/Taste\ Buddy/ios/TasteBuddy.xcodeproj
    

SwiftDriverJobDiscovery normal x86_64 Compiling FatalErrorReporter.swift, IssueSeverity.swift (in target 'IssueReporting' from project 'xctest-dynamic-overlay')

SwiftExplicitDependencyGeneratePcm x86_64 /tmp/TasteBuddyHomeQuestionsQA/ModuleCache.noindex/Spatial-30RNAFB769L2G47XBY7U0AEOS.pcm

SwiftDriverJobDiscovery normal x86_64 Compiling WithIssueContext.swift (in target 'IssueReporting' from project 'xctest-dynamic-overlay')

SwiftExplicitDependencyGeneratePcm x86_64 /tmp/TasteBuddyHomeQuestionsQA/ModuleCache.noindex/LocalAuthentication-14APG5Z0CVBABVB7JPJWYLHYK.pcm

SwiftDriverJobDiscovery normal x86_64 Compiling Unimplemented.swift (in target 'IssueReporting' from project 'xctest-dynamic-overlay')

SwiftCompile normal x86_64 Compiling\ ErrorReporting.swift,\ AppHostWarning.swift /tmp/TasteBuddyHomeQuestionsQA/SourcePackages/checkouts/xctest-dynamic-overlay/Sources/IssueReporting/ErrorReporting.swift /tmp/TasteBuddyHomeQuestionsQA/SourcePackages/checkouts/xctest-dynamic-overlay/Sources/IssueReporting/Internal/AppHostWarning.swift (in target 'IssueReporting' from project 'xctest-dynamic-overlay')

SwiftCompile normal x86_64 /tmp/TasteBuddyHomeQuestionsQA/SourcePackages/checkouts/xctest-dynamic-overlay/Sources/IssueReporting/ErrorReporting.swift (in target 'IssueReporting' from project 'xctest-dynamic-overlay')
    cd /Users/sinjunho/Desktop/Taste\ Buddy/ios/TasteBuddy.xcodeproj
    

SwiftCompile normal x86_64 /tmp/TasteBuddyHomeQuestionsQA/SourcePackages/checkouts/xctest-dynamic-overlay/Sources/IssueReporting/Internal/AppHostWarning.swift (in target 'IssueReporting' from project 'xctest-dynamic-overlay')
    cd /Users/sinjunho/Desktop/Taste\ Buddy/ios/TasteBuddy.xcodeproj
    

SwiftExplicitDependencyGeneratePcm x86_64 /tmp/TasteBuddyHomeQuestionsQA/ModuleCache.noindex/OpenGLES-656EI79HE3LTEROHENG6JJSJI.pcm

SwiftEmitModule normal x86_64 Emitting\ module\ for\ Crypto (in target 'Crypto' from project 'swift-crypto')

EmitSwiftModule normal x86_64 (in target 'Crypto' from project 'swift-crypto')
    cd /Users/sinjunho/Desktop/Taste\ Buddy/ios/TasteBuddy.xcodeproj
    

SwiftDriverJobDiscovery normal x86_64 Emitting module for ConcurrencyExtras (in target 'ConcurrencyExtras' from project 'swift-concurrency-extras')

SwiftDriver\ Compilation\ Requirements ConcurrencyExtras normal x86_64 com.apple.xcode.tools.swift.compiler (in target 'ConcurrencyExtras' from project 'swift-concurrency-extras')
    cd /Users/sinjunho/Desktop/Taste\ Buddy/ios/TasteBuddy.xcodeproj
    builtin-Swift-Compilation-Requirements -- /Applications/Xcode.app/Contents/Developer/Toolchains/XcodeDefault.xctoolchain/usr/bin/swiftc -module-name ConcurrencyExtras -Onone @/tmp/TasteBuddyHomeQuestionsQA/Build/Intermediates.noindex/swift-concurrency-extras.build/Debug-iphonesimulator/ConcurrencyExtras.build/Objects-normal/x86_64/ConcurrencyExtras.SwiftFileList -DSWIFT_PACKAGE -DDEBUG -DSWIFT_MODULE_RESOURCE_BUNDLE_UNAVAILABLE -DXcode -enable-upcoming-feature NonisolatedNonsendingByDefault -plugin-path /Applications/Xcode.app/Contents/Developer/Toolchains/XcodeDefault.xctoolchain/usr/lib/swift/host/plugins/testing -enable-experimental-feature DebugDescriptionMacro -sdk /Applications/Xcode.app/Contents/Developer/Platforms/iPhoneSimulator.platform/Developer/SDKs/iPhoneSimulator26.5.sdk -target x86_64-apple-ios13.0-simulator -g -module-cache-path /tmp/TasteBuddyHomeQuestionsQA/ModuleCache.noindex -Xfrontend -serialize-debugging-options -enable-testing -suppress-warnings -index-store-path /tmp/TasteBuddyHomeQuestionsQA/Index.noindex/DataStore -Xcc -D_LIBCPP_HARDENING_MODE\=_LIBCPP_HARDENING_MODE_DEBUG -swift-version 6 -I /tmp/TasteBuddyHomeQuestionsQA/Build/Products/Debug-iphonesimulator -Isystem /Applications/Xcode.app/Contents/Developer/Platforms/iPhoneSimulator.platform/Developer/usr/lib -F /tmp/TasteBuddyHomeQuestionsQA/Build/Products/Debug-iphonesimulator -F /Applications/Xcode.app/Contents/Developer/Platforms/iPhoneSimulator.platform/Developer/Library/Frameworks -F /Applications/Xcode.app/Contents/Developer/Platforms/iPhoneSimulator.platform/Developer/SDKs/iPhoneSimulator26.5.sdk/Developer/Library/Frameworks -c -j12 -enable-batch-mode -incremental -Xcc -ivfsstatcache -Xcc /tmp/TasteBuddyHomeQuestionsQA/SDKStatCaches.noindex/iphonesimulator26.5-23F81a-6cfe768891a92b912361537c460fe42b.sdkstatcache -output-file-map /tmp/TasteBuddyHomeQuestionsQA/Build/Intermediates.noindex/swift-concurrency-extras.build/Debug-iphonesimulator/ConcurrencyExtras.build/Objects-normal/x86_64/ConcurrencyExtras-OutputFileMap.json -use-frontend-parseable-output -save-temps -no-color-diagnostics -explicit-module-build -module-cache-path /tmp/TasteBuddyHomeQuestionsQA/Build/Intermediates.noindex/SwiftExplicitPrecompiledModules -clang-scanner-module-cache-path /tmp/TasteBuddyHomeQuestionsQA/ModuleCache.noindex -sdk-module-cache-path /tmp/TasteBuddyHomeQuestionsQA/ModuleCache.noindex -serialize-diagnostics -emit-dependencies -emit-module -emit-module-path /tmp/TasteBuddyHomeQuestionsQA/Build/Intermediates.noindex/swift-concurrency-extras.build/Debug-iphonesimulator/ConcurrencyExtras.build/Objects-normal/x86_64/ConcurrencyExtras.swiftmodule -user-module-version 1.4.0 -validate-clang-modules-once -clang-build-session-file /tmp/TasteBuddyHomeQuestionsQA/ModuleCache.noindex/Session.modulevalidation -package-name swift_concurrency_extras -Xcc -I/tmp/TasteBuddyHomeQuestionsQA/Build/Intermediates.noindex/swift-concurrency-extras.build/Debug-iphonesimulator/ConcurrencyExtras.build/swift-overrides.hmap -emit-const-values -Xfrontend -const-gather-protocols-file -Xfrontend /tmp/TasteBuddyHomeQuestionsQA/Build/Intermediates.noindex/swift-concurrency-extras.build/Debug-iphonesimulator/ConcurrencyExtras.build/Objects-normal/x86_64/ConcurrencyExtras_const_extract_protocols.json -Xcc -I/tmp/TasteBuddyHomeQuestionsQA/Build/Products/Debug-iphonesimulator/include -Xcc -I/tmp/TasteBuddyHomeQuestionsQA/Build/Intermediates.noindex/swift-concurrency-extras.build/Debug-iphonesimulator/ConcurrencyExtras.build/DerivedSources-normal/x86_64 -Xcc -I/tmp/TasteBuddyHomeQuestionsQA/Build/Intermediates.noindex/swift-concurrency-extras.build/Debug-iphonesimulator/ConcurrencyExtras.build/DerivedSources/x86_64 -Xcc -I/tmp/TasteBuddyHomeQuestionsQA/Build/Intermediates.noindex/swift-concurrency-extras.build/Debug-iphonesimulator/ConcurrencyExtras.build/DerivedSources -Xcc -DSWIFT_PACKAGE -Xcc -DDEBUG\=1 -emit-objc-header -emit-objc-header-path /tmp/TasteBuddyHomeQuestionsQA/Build/Intermediates.noindex/swift-concurrency-extras.build/Debug-iphonesimulator/ConcurrencyExtras.build/Objects-normal/x86_64/ConcurrencyExtras-Swift.h -working-directory /Users/sinjunho/Desktop/Taste\ Buddy/ios/TasteBuddy.xcodeproj -experimental-emit-module-separately -disable-cmo

SwiftDriverJobDiscovery normal x86_64 Emitting module for HTTPTypes (in target 'HTTPTypes' from project 'swift-http-types')

SwiftDriver\ Compilation\ Requirements HTTPTypes normal x86_64 com.apple.xcode.tools.swift.compiler (in target 'HTTPTypes' from project 'swift-http-types')
    cd /Users/sinjunho/Desktop/Taste\ Buddy/ios/TasteBuddy.xcodeproj
    builtin-Swift-Compilation-Requirements -- /Applications/Xcode.app/Contents/Developer/Toolchains/XcodeDefault.xctoolchain/usr/bin/swiftc -module-name HTTPTypes -Onone @/tmp/TasteBuddyHomeQuestionsQA/Build/Intermediates.noindex/swift-http-types.build/Debug-iphonesimulator/HTTPTypes.build/Objects-normal/x86_64/HTTPTypes.SwiftFileList -DSWIFT_PACKAGE -DDEBUG -DSWIFT_MODULE_RESOURCE_BUNDLE_UNAVAILABLE -DFoundationURL -DXcode -enable-upcoming-feature InternalImportsByDefault -enable-upcoming-feature MemberImportVisibility -plugin-path /Applications/Xcode.app/Contents/Developer/Toolchains/XcodeDefault.xctoolchain/usr/lib/swift/host/plugins/testing -enable-experimental-feature DebugDescriptionMacro -sdk /Applications/Xcode.app/Contents/Developer/Platforms/iPhoneSimulator.platform/Developer/SDKs/iPhoneSimulator26.5.sdk -target x86_64-apple-ios12.0-simulator -g -module-cache-path /tmp/TasteBuddyHomeQuestionsQA/ModuleCache.noindex -Xfrontend -serialize-debugging-options -enable-testing -suppress-warnings -index-store-path /tmp/TasteBuddyHomeQuestionsQA/Index.noindex/DataStore -Xcc -D_LIBCPP_HARDENING_MODE\=_LIBCPP_HARDENING_MODE_DEBUG -swift-version 6 -I /tmp/TasteBuddyHomeQuestionsQA/Build/Products/Debug-iphonesimulator -Isystem /Applications/Xcode.app/Contents/Developer/Platforms/iPhoneSimulator.platform/Developer/usr/lib -F /tmp/TasteBuddyHomeQuestionsQA/Build/Products/Debug-iphonesimulator -F /Applications/Xcode.app/Contents/Developer/Platforms/iPhoneSimulator.platform/Developer/Library/Frameworks -F /Applications/Xcode.app/Contents/Developer/Platforms/iPhoneSimulator.platform/Developer/SDKs/iPhoneSimulator26.5.sdk/Developer/Library/Frameworks -c -j12 -enable-batch-mode -incremental -Xcc -ivfsstatcache -Xcc /tmp/TasteBuddyHomeQuestionsQA/SDKStatCaches.noindex/iphonesimulator26.5-23F81a-6cfe768891a92b912361537c460fe42b.sdkstatcache -output-file-map /tmp/TasteBuddyHomeQuestionsQA/Build/Intermediates.noindex/swift-http-types.build/Debug-iphonesimulator/HTTPTypes.build/Objects-normal/x86_64/HTTPTypes-OutputFileMap.json -use-frontend-parseable-output -save-temps -no-color-diagnostics -explicit-module-build -module-cache-path /tmp/TasteBuddyHomeQuestionsQA/Build/Intermediates.noindex/SwiftExplicitPrecompiledModules -clang-scanner-module-cache-path /tmp/TasteBuddyHomeQuestionsQA/ModuleCache.noindex -sdk-module-cache-path /tmp/TasteBuddyHomeQuestionsQA/ModuleCache.noindex -serialize-diagnostics -emit-dependencies -emit-module -emit-module-path /tmp/TasteBuddyHomeQuestionsQA/Build/Intermediates.noindex/swift-http-types.build/Debug-iphonesimulator/HTTPTypes.build/Objects-normal/x86_64/HTTPTypes.swiftmodule -user-module-version 1.6.0 -validate-clang-modules-once -clang-build-session-file /tmp/TasteBuddyHomeQuestionsQA/ModuleCache.noindex/Session.modulevalidation -package-name swift_http_types -Xcc -I/tmp/TasteBuddyHomeQuestionsQA/Build/Intermediates.noindex/swift-http-types.build/Debug-iphonesimulator/HTTPTypes.build/swift-overrides.hmap -emit-const-values -Xfrontend -const-gather-protocols-file -Xfrontend /tmp/TasteBuddyHomeQuestionsQA/Build/Intermediates.noindex/swift-http-types.build/Debug-iphonesimulator/HTTPTypes.build/Objects-normal/x86_64/HTTPTypes_const_extract_protocols.json -Xcc -I/tmp/TasteBuddyHomeQuestionsQA/Build/Products/Debug-iphonesimulator/include -Xcc -I/tmp/TasteBuddyHomeQuestionsQA/Build/Intermediates.noindex/swift-http-types.build/Debug-iphonesimulator/HTTPTypes.build/DerivedSources-normal/x86_64 -Xcc -I/tmp/TasteBuddyHomeQuestionsQA/Build/Intermediates.noindex/swift-http-types.build/Debug-iphonesimulator/HTTPTypes.build/DerivedSources/x86_64 -Xcc -I/tmp/TasteBuddyHomeQuestionsQA/Build/Intermediates.noindex/swift-http-types.build/Debug-iphonesimulator/HTTPTypes.build/DerivedSources -Xcc -DSWIFT_PACKAGE -Xcc -DDEBUG\=1 -emit-objc-header -emit-objc-header-path /tmp/TasteBuddyHomeQuestionsQA/Build/Intermediates.noindex/swift-http-types.build/Debug-iphonesimulator/HTTPTypes.build/Objects-normal/x86_64/HTTPTypes-Swift.h -working-directory /Users/sinjunho/Desktop/Taste\ Buddy/ios/TasteBuddy.xcodeproj -experimental-emit-module-separately -disable-cmo

SwiftMergeGeneratedHeaders /tmp/TasteBuddyHomeQuestionsQA/Build/Intermediates.noindex/GeneratedModuleMaps-iphonesimulator/ConcurrencyExtras-Swift.h /tmp/TasteBuddyHomeQuestionsQA/Build/Intermediates.noindex/swift-concurrency-extras.build/Debug-iphonesimulator/ConcurrencyExtras.build/Objects-normal/x86_64/ConcurrencyExtras-Swift.h (in target 'ConcurrencyExtras' from project 'swift-concurrency-extras')
    cd /tmp/TasteBuddyHomeQuestionsQA/SourcePackages/checkouts/swift-concurrency-extras
    builtin-swiftHeaderTool -arch x86_64 /tmp/TasteBuddyHomeQuestionsQA/Build/Intermediates.noindex/swift-concurrency-extras.build/Debug-iphonesimulator/ConcurrencyExtras.build/Objects-normal/x86_64/ConcurrencyExtras-Swift.h -o /tmp/TasteBuddyHomeQuestionsQA/Build/Intermediates.noindex/GeneratedModuleMaps-iphonesimulator/ConcurrencyExtras-Swift.h

SwiftMergeGeneratedHeaders /tmp/TasteBuddyHomeQuestionsQA/Build/Intermediates.noindex/GeneratedModuleMaps-iphonesimulator/HTTPTypes-Swift.h /tmp/TasteBuddyHomeQuestionsQA/Build/Intermediates.noindex/swift-http-types.build/Debug-iphonesimulator/HTTPTypes.build/Objects-normal/x86_64/HTTPTypes-Swift.h (in target 'HTTPTypes' from project 'swift-http-types')
    cd /tmp/TasteBuddyHomeQuestionsQA/SourcePackages/checkouts/swift-http-types
    builtin-swiftHeaderTool -arch x86_64 /tmp/TasteBuddyHomeQuestionsQA/Build/Intermediates.noindex/swift-http-types.build/Debug-iphonesimulator/HTTPTypes.build/Objects-normal/x86_64/HTTPTypes-Swift.h -o /tmp/TasteBuddyHomeQuestionsQA/Build/Intermediates.noindex/GeneratedModuleMaps-iphonesimulator/HTTPTypes-Swift.h

Copy /tmp/TasteBuddyHomeQuestionsQA/Build/Products/Debug-iphonesimulator/HTTPTypes.swiftmodule/x86_64-apple-ios-simulator.swiftmodule /tmp/TasteBuddyHomeQuestionsQA/Build/Intermediates.noindex/swift-http-types.build/Debug-iphonesimulator/HTTPTypes.build/Objects-normal/x86_64/HTTPTypes.swiftmodule (in target 'HTTPTypes' from project 'swift-http-types')
    cd /tmp/TasteBuddyHomeQuestionsQA/SourcePackages/checkouts/swift-http-types
    builtin-copy -exclude .DS_Store -exclude CVS -exclude .svn -exclude .git -exclude .hg -resolve-src-symlinks -rename /tmp/TasteBuddyHomeQuestionsQA/Build/Intermediates.noindex/swift-http-types.build/Debug-iphonesimulator/HTTPTypes.build/Objects-normal/x86_64/HTTPTypes.swiftmodule /tmp/TasteBuddyHomeQuestionsQA/Build/Products/Debug-iphonesimulator/HTTPTypes.swiftmodule/x86_64-apple-ios-simulator.swiftmodule

Copy /tmp/TasteBuddyHomeQuestionsQA/Build/Products/Debug-iphonesimulator/HTTPTypes.swiftmodule/x86_64-apple-ios-simulator.swiftdoc /tmp/TasteBuddyHomeQuestionsQA/Build/Intermediates.noindex/swift-http-types.build/Debug-iphonesimulator/HTTPTypes.build/Objects-normal/x86_64/HTTPTypes.swiftdoc (in target 'HTTPTypes' from project 'swift-http-types')
    cd /tmp/TasteBuddyHomeQuestionsQA/SourcePackages/checkouts/swift-http-types
    builtin-copy -exclude .DS_Store -exclude CVS -exclude .svn -exclude .git -exclude .hg -resolve-src-symlinks -rename /tmp/TasteBuddyHomeQuestionsQA/Build/Intermediates.noindex/swift-http-types.build/Debug-iphonesimulator/HTTPTypes.build/Objects-normal/x86_64/HTTPTypes.swiftdoc /tmp/TasteBuddyHomeQuestionsQA/Build/Products/Debug-iphonesimulator/HTTPTypes.swiftmodule/x86_64-apple-ios-simulator.swiftdoc

Copy /tmp/TasteBuddyHomeQuestionsQA/Build/Products/Debug-iphonesimulator/HTTPTypes.swiftmodule/x86_64-apple-ios-simulator.abi.json /tmp/TasteBuddyHomeQuestionsQA/Build/Intermediates.noindex/swift-http-types.build/Debug-iphonesimulator/HTTPTypes.build/Objects-normal/x86_64/HTTPTypes.abi.json (in target 'HTTPTypes' from project 'swift-http-types')
    cd /tmp/TasteBuddyHomeQuestionsQA/SourcePackages/checkouts/swift-http-types
    builtin-copy -exclude .DS_Store -exclude CVS -exclude .svn -exclude .git -exclude .hg -resolve-src-symlinks -rename /tmp/TasteBuddyHomeQuestionsQA/Build/Intermediates.noindex/swift-http-types.build/Debug-iphonesimulator/HTTPTypes.build/Objects-normal/x86_64/HTTPTypes.abi.json /tmp/TasteBuddyHomeQuestionsQA/Build/Products/Debug-iphonesimulator/HTTPTypes.swiftmodule/x86_64-apple-ios-simulator.abi.json

Copy /tmp/TasteBuddyHomeQuestionsQA/Build/Products/Debug-iphonesimulator/HTTPTypes.swiftmodule/Project/x86_64-apple-ios-simulator.swiftsourceinfo /tmp/TasteBuddyHomeQuestionsQA/Build/Intermediates.noindex/swift-http-types.build/Debug-iphonesimulator/HTTPTypes.build/Objects-normal/x86_64/HTTPTypes.swiftsourceinfo (in target 'HTTPTypes' from project 'swift-http-types')
    cd /tmp/TasteBuddyHomeQuestionsQA/SourcePackages/checkouts/swift-http-types
    builtin-copy -exclude .DS_Store -exclude CVS -exclude .svn -exclude .git -exclude .hg -resolve-src-symlinks -rename /tmp/TasteBuddyHomeQuestionsQA/Build/Intermediates.noindex/swift-http-types.build/Debug-iphonesimulator/HTTPTypes.build/Objects-normal/x86_64/HTTPTypes.swiftsourceinfo /tmp/TasteBuddyHomeQuestionsQA/Build/Products/Debug-iphonesimulator/HTTPTypes.swiftmodule/Project/x86_64-apple-ios-simulator.swiftsourceinfo

Copy /tmp/TasteBuddyHomeQuestionsQA/Build/Products/Debug-iphonesimulator/ConcurrencyExtras.swiftmodule/x86_64-apple-ios-simulator.swiftmodule /tmp/TasteBuddyHomeQuestionsQA/Build/Intermediates.noindex/swift-concurrency-extras.build/Debug-iphonesimulator/ConcurrencyExtras.build/Objects-normal/x86_64/ConcurrencyExtras.swiftmodule (in target 'ConcurrencyExtras' from project 'swift-concurrency-extras')
    cd /tmp/TasteBuddyHomeQuestionsQA/SourcePackages/checkouts/swift-concurrency-extras
    builtin-copy -exclude .DS_Store -exclude CVS -exclude .svn -exclude .git -exclude .hg -resolve-src-symlinks -rename /tmp/TasteBuddyHomeQuestionsQA/Build/Intermediates.noindex/swift-concurrency-extras.build/Debug-iphonesimulator/ConcurrencyExtras.build/Objects-normal/x86_64/ConcurrencyExtras.swiftmodule /tmp/TasteBuddyHomeQuestionsQA/Build/Products/Debug-iphonesimulator/ConcurrencyExtras.swiftmodule/x86_64-apple-ios-simulator.swiftmodule

Copy /tmp/TasteBuddyHomeQuestionsQA/Build/Products/Debug-iphonesimulator/ConcurrencyExtras.swiftmodule/x86_64-apple-ios-simulator.swiftdoc /tmp/TasteBuddyHomeQuestionsQA/Build/Intermediates.noindex/swift-concurrency-extras.build/Debug-iphonesimulator/ConcurrencyExtras.build/Objects-normal/x86_64/ConcurrencyExtras.swiftdoc (in target 'ConcurrencyExtras' from project 'swift-concurrency-extras')
    cd /tmp/TasteBuddyHomeQuestionsQA/SourcePackages/checkouts/swift-concurrency-extras
    builtin-copy -exclude .DS_Store -exclude CVS -exclude .svn -exclude .git -exclude .hg -resolve-src-symlinks -rename /tmp/TasteBuddyHomeQuestionsQA/Build/Intermediates.noindex/swift-concurrency-extras.build/Debug-iphonesimulator/ConcurrencyExtras.build/Objects-normal/x86_64/ConcurrencyExtras.swiftdoc /tmp/TasteBuddyHomeQuestionsQA/Build/Products/Debug-iphonesimulator/ConcurrencyExtras.swiftmodule/x86_64-apple-ios-simulator.swiftdoc

Copy /tmp/TasteBuddyHomeQuestionsQA/Build/Products/Debug-iphonesimulator/ConcurrencyExtras.swiftmodule/x86_64-apple-ios-simulator.abi.json /tmp/TasteBuddyHomeQuestionsQA/Build/Intermediates.noindex/swift-concurrency-extras.build/Debug-iphonesimulator/ConcurrencyExtras.build/Objects-normal/x86_64/ConcurrencyExtras.abi.json (in target 'ConcurrencyExtras' from project 'swift-concurrency-extras')
    cd /tmp/TasteBuddyHomeQuestionsQA/SourcePackages/checkouts/swift-concurrency-extras
    builtin-copy -exclude .DS_Store -exclude CVS -exclude .svn -exclude .git -exclude .hg -resolve-src-symlinks -rename /tmp/TasteBuddyHomeQuestionsQA/Build/Intermediates.noindex/swift-concurrency-extras.build/Debug-iphonesimulator/ConcurrencyExtras.build/Objects-normal/x86_64/ConcurrencyExtras.abi.json /tmp/TasteBuddyHomeQuestionsQA/Build/Products/Debug-iphonesimulator/ConcurrencyExtras.swiftmodule/x86_64-apple-ios-simulator.abi.json

Copy /tmp/TasteBuddyHomeQuestionsQA/Build/Products/Debug-iphonesimulator/ConcurrencyExtras.swiftmodule/Project/x86_64-apple-ios-simulator.swiftsourceinfo /tmp/TasteBuddyHomeQuestionsQA/Build/Intermediates.noindex/swift-concurrency-extras.build/Debug-iphonesimulator/ConcurrencyExtras.build/Objects-normal/x86_64/ConcurrencyExtras.swiftsourceinfo (in target 'ConcurrencyExtras' from project 'swift-concurrency-extras')
    cd /tmp/TasteBuddyHomeQuestionsQA/SourcePackages/checkouts/swift-concurrency-extras
    builtin-copy -exclude .DS_Store -exclude CVS -exclude .svn -exclude .git -exclude .hg -resolve-src-symlinks -rename /tmp/TasteBuddyHomeQuestionsQA/Build/Intermediates.noindex/swift-concurrency-extras.build/Debug-iphonesimulator/ConcurrencyExtras.build/Objects-normal/x86_64/ConcurrencyExtras.swiftsourceinfo /tmp/TasteBuddyHomeQuestionsQA/Build/Products/Debug-iphonesimulator/ConcurrencyExtras.swiftmodule/Project/x86_64-apple-ios-simulator.swiftsourceinfo

SwiftExplicitDependencyGeneratePcm x86_64 /tmp/TasteBuddyHomeQuestionsQA/ModuleCache.noindex/UserNotifications-B72J9ZOSSBHEBBJOVMWU50P75.pcm

SwiftExplicitDependencyGeneratePcm x86_64 /tmp/TasteBuddyHomeQuestionsQA/ModuleCache.noindex/Accessibility-30U25PATLKZQPCTU2VGA23SS7.pcm

SwiftExplicitDependencyGeneratePcm x86_64 /tmp/TasteBuddyHomeQuestionsQA/ModuleCache.noindex/CoreData-81Y4Q1CXP7958T92ZX6W3A4DK.pcm

SwiftExplicitDependencyGeneratePcm x86_64 /tmp/TasteBuddyHomeQuestionsQA/ModuleCache.noindex/UIUtilities-9BRQD223AKZ8N2QAPOWKRLQIN.pcm

SwiftDriverJobDiscovery normal x86_64 Compiling WithExpectedIssue.swift (in target 'IssueReporting' from project 'xctest-dynamic-overlay')

SwiftExplicitDependencyGeneratePcm x86_64 /tmp/TasteBuddyHomeQuestionsQA/ModuleCache.noindex/OSLog-BEO5HVCAH815B5EV81AOQ4X77.pcm

SwiftExplicitDependencyGeneratePcm x86_64 /tmp/TasteBuddyHomeQuestionsQA/ModuleCache.noindex/CoreTransferable-3VPS69HLTQ20NYGWB6EDS7160.pcm

SwiftExplicitDependencyGeneratePcm x86_64 /tmp/TasteBuddyHomeQuestionsQA/ModuleCache.noindex/UniformTypeIdentifiers-988S9X7ZMY6WH4WV5ZHP69TFL.pcm

SwiftExplicitDependencyGeneratePcm x86_64 /tmp/TasteBuddyHomeQuestionsQA/ModuleCache.noindex/FileProvider-DO9HOGOKAIIN6WBKCCWE4PQJA.pcm

SwiftExplicitDependencyGeneratePcm x86_64 /tmp/TasteBuddyHomeQuestionsQA/ModuleCache.noindex/IOSurface-7PQ5IEZFBP2B89VUO74CJ96Q6.pcm

SwiftExplicitDependencyGeneratePcm x86_64 /tmp/TasteBuddyHomeQuestionsQA/ModuleCache.noindex/Symbols-ADOEJQ559X1KU2ICLKRRRRNR2.pcm

SwiftExplicitDependencyGeneratePcm x86_64 /tmp/TasteBuddyHomeQuestionsQA/ModuleCache.noindex/DataDetection-D0LM5B3J6R2ZBHDJ1O8C73GLV.pcm

SwiftCompile normal x86_64 Compiling\ ReportIssue.swift,\ TestContext.swift /tmp/TasteBuddyHomeQuestionsQA/SourcePackages/checkouts/xctest-dynamic-overlay/Sources/IssueReporting/ReportIssue.swift /tmp/TasteBuddyHomeQuestionsQA/SourcePackages/checkouts/xctest-dynamic-overlay/Sources/IssueReporting/TestContext.swift (in target 'IssueReporting' from project 'xctest-dynamic-overlay')

SwiftCompile normal x86_64 /tmp/TasteBuddyHomeQuestionsQA/SourcePackages/checkouts/xctest-dynamic-overlay/Sources/IssueReporting/ReportIssue.swift (in target 'IssueReporting' from project 'xctest-dynamic-overlay')
    cd /Users/sinjunho/Desktop/Taste\ Buddy/ios/TasteBuddy.xcodeproj
    

SwiftCompile normal x86_64 /tmp/TasteBuddyHomeQuestionsQA/SourcePackages/checkouts/xctest-dynamic-overlay/Sources/IssueReporting/TestContext.swift (in target 'IssueReporting' from project 'xctest-dynamic-overlay')
    cd /Users/sinjunho/Desktop/Taste\ Buddy/ios/TasteBuddy.xcodeproj
    

SwiftExplicitDependencyGeneratePcm x86_64 /tmp/TasteBuddyHomeQuestionsQA/ModuleCache.noindex/Metal-5S569ZOWXRJ96MQZLGM9DV0BM.pcm

SwiftCompile normal x86_64 Compiling\ Deprecations.swift,\ FailureObserver.swift /tmp/TasteBuddyHomeQuestionsQA/SourcePackages/checkouts/xctest-dynamic-overlay/Sources/IssueReporting/Internal/Deprecations.swift /tmp/TasteBuddyHomeQuestionsQA/SourcePackages/checkouts/xctest-dynamic-overlay/Sources/IssueReporting/Internal/FailureObserver.swift (in target 'IssueReporting' from project 'xctest-dynamic-overlay')

SwiftCompile normal x86_64 /tmp/TasteBuddyHomeQuestionsQA/SourcePackages/checkouts/xctest-dynamic-overlay/Sources/IssueReporting/Internal/Deprecations.swift (in target 'IssueReporting' from project 'xctest-dynamic-overlay')
    cd /Users/sinjunho/Desktop/Taste\ Buddy/ios/TasteBuddy.xcodeproj
    

SwiftCompile normal x86_64 /tmp/TasteBuddyHomeQuestionsQA/SourcePackages/checkouts/xctest-dynamic-overlay/Sources/IssueReporting/Internal/FailureObserver.swift (in target 'IssueReporting' from project 'xctest-dynamic-overlay')
    cd /Users/sinjunho/Desktop/Taste\ Buddy/ios/TasteBuddy.xcodeproj
    

SwiftCompile normal x86_64 Compiling\ HTTPParsedFields.swift /tmp/TasteBuddyHomeQuestionsQA/SourcePackages/checkouts/swift-http-types/Sources/HTTPTypes/HTTPParsedFields.swift (in target 'HTTPTypes' from project 'swift-http-types')

SwiftCompile normal x86_64 /tmp/TasteBuddyHomeQuestionsQA/SourcePackages/checkouts/swift-http-types/Sources/HTTPTypes/HTTPParsedFields.swift (in target 'HTTPTypes' from project 'swift-http-types')
    cd /Users/sinjunho/Desktop/Taste\ Buddy/ios/TasteBuddy.xcodeproj
    

SwiftCompile normal x86_64 Compiling\ HTTPField.swift /tmp/TasteBuddyHomeQuestionsQA/SourcePackages/checkouts/swift-http-types/Sources/HTTPTypes/HTTPField.swift (in target 'HTTPTypes' from project 'swift-http-types')

SwiftCompile normal x86_64 /tmp/TasteBuddyHomeQuestionsQA/SourcePackages/checkouts/swift-http-types/Sources/HTTPTypes/HTTPField.swift (in target 'HTTPTypes' from project 'swift-http-types')
    cd /Users/sinjunho/Desktop/Taste\ Buddy/ios/TasteBuddy.xcodeproj
    

SwiftDriverJobDiscovery normal x86_64 Emitting module for Crypto (in target 'Crypto' from project 'swift-crypto')

SwiftDriver\ Compilation\ Requirements Crypto normal x86_64 com.apple.xcode.tools.swift.compiler (in target 'Crypto' from project 'swift-crypto')
    cd /Users/sinjunho/Desktop/Taste\ Buddy/ios/TasteBuddy.xcodeproj
    builtin-Swift-Compilation-Requirements -- /Applications/Xcode.app/Contents/Developer/Toolchains/XcodeDefault.xctoolchain/usr/bin/swiftc -module-name Crypto -Onone @/tmp/TasteBuddyHomeQuestionsQA/Build/Intermediates.noindex/swift-crypto.build/Debug-iphonesimulator/Crypto.build/Objects-normal/x86_64/Crypto.SwiftFileList -DSWIFT_PACKAGE -DDEBUG -DSWIFT_MODULE_RESOURCE_BUNDLE_AVAILABLE -DCRYPTO_IN_SWIFTPM -DXcode -enable-upcoming-feature MemberImportVisibility -plugin-path /Applications/Xcode.app/Contents/Developer/Toolchains/XcodeDefault.xctoolchain/usr/lib/swift/host/plugins/testing -enable-experimental-feature DebugDescriptionMacro -sdk /Applications/Xcode.app/Contents/Developer/Platforms/iPhoneSimulator.platform/Developer/SDKs/iPhoneSimulator26.5.sdk -target x86_64-apple-ios12.0-simulator -g -module-cache-path /tmp/TasteBuddyHomeQuestionsQA/ModuleCache.noindex -Xfrontend -serialize-debugging-options -enable-testing -suppress-warnings -index-store-path /tmp/TasteBuddyHomeQuestionsQA/Index.noindex/DataStore -Xcc -D_LIBCPP_HARDENING_MODE\=_LIBCPP_HARDENING_MODE_DEBUG -swift-version 6 -I /tmp/TasteBuddyHomeQuestionsQA/Build/Products/Debug-iphonesimulator -Isystem /Applications/Xcode.app/Contents/Developer/Platforms/iPhoneSimulator.platform/Developer/usr/lib -F /tmp/TasteBuddyHomeQuestionsQA/Build/Products/Debug-iphonesimulator -F /Applications/Xcode.app/Contents/Developer/Platforms/iPhoneSimulator.platform/Developer/Library/Frameworks -F /Applications/Xcode.app/Contents/Developer/Platforms/iPhoneSimulator.platform/Developer/SDKs/iPhoneSimulator26.5.sdk/Developer/Library/Frameworks -c -j12 -enable-batch-mode -incremental -Xcc -ivfsstatcache -Xcc /tmp/TasteBuddyHomeQuestionsQA/SDKStatCaches.noindex/iphonesimulator26.5-23F81a-6cfe768891a92b912361537c460fe42b.sdkstatcache -output-file-map /tmp/TasteBuddyHomeQuestionsQA/Build/Intermediates.noindex/swift-crypto.build/Debug-iphonesimulator/Crypto.build/Objects-normal/x86_64/Crypto-OutputFileMap.json -use-frontend-parseable-output -save-temps -no-color-diagnostics -explicit-module-build -module-cache-path /tmp/TasteBuddyHomeQuestionsQA/Build/Intermediates.noindex/SwiftExplicitPrecompiledModules -clang-scanner-module-cache-path /tmp/TasteBuddyHomeQuestionsQA/ModuleCache.noindex -sdk-module-cache-path /tmp/TasteBuddyHomeQuestionsQA/ModuleCache.noindex -serialize-diagnostics -emit-dependencies -emit-module -emit-module-path /tmp/TasteBuddyHomeQuestionsQA/Build/Intermediates.noindex/swift-crypto.build/Debug-iphonesimulator/Crypto.build/Objects-normal/x86_64/Crypto.swiftmodule -user-module-version 4.5.0 -validate-clang-modules-once -clang-build-session-file /tmp/TasteBuddyHomeQuestionsQA/ModuleCache.noindex/Session.modulevalidation -package-name swift_crypto -Xcc -I/tmp/TasteBuddyHomeQuestionsQA/Build/Intermediates.noindex/swift-crypto.build/Debug-iphonesimulator/Crypto.build/swift-overrides.hmap -emit-const-values -Xfrontend -const-gather-protocols-file -Xfrontend /tmp/TasteBuddyHomeQuestionsQA/Build/Intermediates.noindex/swift-crypto.build/Debug-iphonesimulator/Crypto.build/Objects-normal/x86_64/Crypto_const_extract_protocols.json -Xcc -I/tmp/TasteBuddyHomeQuestionsQA/Build/Products/Debug-iphonesimulator/include -Xcc -I/tmp/TasteBuddyHomeQuestionsQA/Build/Intermediates.noindex/swift-crypto.build/Debug-iphonesimulator/Crypto.build/DerivedSources-normal/x86_64 -Xcc -I/tmp/TasteBuddyHomeQuestionsQA/Build/Intermediates.noindex/swift-crypto.build/Debug-iphonesimulator/Crypto.build/DerivedSources/x86_64 -Xcc -I/tmp/TasteBuddyHomeQuestionsQA/Build/Intermediates.noindex/swift-crypto.build/Debug-iphonesimulator/Crypto.build/DerivedSources -Xcc -DSWIFT_PACKAGE -Xcc -DDEBUG\=1 -emit-objc-header -emit-objc-header-path /tmp/TasteBuddyHomeQuestionsQA/Build/Intermediates.noindex/swift-crypto.build/Debug-iphonesimulator/Crypto.build/Objects-normal/x86_64/Crypto-Swift.h -working-directory /Users/sinjunho/Desktop/Taste\ Buddy/ios/TasteBuddy.xcodeproj -experimental-emit-module-separately -disable-cmo

SwiftDriverJobDiscovery normal x86_64 Emitting module for IssueReporting (in target 'IssueReporting' from project 'xctest-dynamic-overlay')

SwiftDriver\ Compilation\ Requirements IssueReporting normal x86_64 com.apple.xcode.tools.swift.compiler (in target 'IssueReporting' from project 'xctest-dynamic-overlay')
    cd /Users/sinjunho/Desktop/Taste\ Buddy/ios/TasteBuddy.xcodeproj
    builtin-Swift-Compilation-Requirements -- /Applications/Xcode.app/Contents/Developer/Toolchains/XcodeDefault.xctoolchain/usr/bin/swiftc -module-name IssueReporting -Onone @/tmp/TasteBuddyHomeQuestionsQA/Build/Intermediates.noindex/xctest-dynamic-overlay.build/Debug-iphonesimulator/IssueReporting.build/Objects-normal/x86_64/IssueReporting.SwiftFileList -DSWIFT_PACKAGE -DDEBUG -DSWIFT_MODULE_RESOURCE_BUNDLE_UNAVAILABLE -DXcode -plugin-path /Applications/Xcode.app/Contents/Developer/Toolchains/XcodeDefault.xctoolchain/usr/lib/swift/host/plugins/testing -enable-experimental-feature DebugDescriptionMacro -sdk /Applications/Xcode.app/Contents/Developer/Platforms/iPhoneSimulator.platform/Developer/SDKs/iPhoneSimulator26.5.sdk -target x86_64-apple-ios13.0-simulator -g -module-cache-path /tmp/TasteBuddyHomeQuestionsQA/ModuleCache.noindex -Xfrontend -serialize-debugging-options -enable-testing -suppress-warnings -index-store-path /tmp/TasteBuddyHomeQuestionsQA/Index.noindex/DataStore -Xcc -D_LIBCPP_HARDENING_MODE\=_LIBCPP_HARDENING_MODE_DEBUG -swift-version 6 -I /tmp/TasteBuddyHomeQuestionsQA/Build/Products/Debug-iphonesimulator -Isystem /Applications/Xcode.app/Contents/Developer/Platforms/iPhoneSimulator.platform/Developer/usr/lib -F /tmp/TasteBuddyHomeQuestionsQA/Build/Products/Debug-iphonesimulator/PackageFrameworks -F /tmp/TasteBuddyHomeQuestionsQA/Build/Products/Debug-iphonesimulator -F /Applications/Xcode.app/Contents/Developer/Platforms/iPhoneSimulator.platform/Developer/Library/Frameworks -F /Applications/Xcode.app/Contents/Developer/Platforms/iPhoneSimulator.platform/Developer/SDKs/iPhoneSimulator26.5.sdk/Developer/Library/Frameworks -c -j12 -enable-batch-mode -incremental -Xcc -ivfsstatcache -Xcc /tmp/TasteBuddyHomeQuestionsQA/SDKStatCaches.noindex/iphonesimulator26.5-23F81a-6cfe768891a92b912361537c460fe42b.sdkstatcache -output-file-map /tmp/TasteBuddyHomeQuestionsQA/Build/Intermediates.noindex/xctest-dynamic-overlay.build/Debug-iphonesimulator/IssueReporting.build/Objects-normal/x86_64/IssueReporting-OutputFileMap.json -use-frontend-parseable-output -save-temps -no-color-diagnostics -explicit-module-build -module-cache-path /tmp/TasteBuddyHomeQuestionsQA/Build/Intermediates.noindex/SwiftExplicitPrecompiledModules -clang-scanner-module-cache-path /tmp/TasteBuddyHomeQuestionsQA/ModuleCache.noindex -sdk-module-cache-path /tmp/TasteBuddyHomeQuestionsQA/ModuleCache.noindex -serialize-diagnostics -emit-dependencies -emit-module -emit-module-path /tmp/TasteBuddyHomeQuestionsQA/Build/Intermediates.noindex/xctest-dynamic-overlay.build/Debug-iphonesimulator/IssueReporting.build/Objects-normal/x86_64/IssueReporting.swiftmodule -user-module-version 1.9.0 -validate-clang-modules-once -clang-build-session-file /tmp/TasteBuddyHomeQuestionsQA/ModuleCache.noindex/Session.modulevalidation -package-name xctest_dynamic_overlay -Xcc -I/tmp/TasteBuddyHomeQuestionsQA/Build/Intermediates.noindex/xctest-dynamic-overlay.build/Debug-iphonesimulator/IssueReporting.build/swift-overrides.hmap -emit-const-values -Xfrontend -const-gather-protocols-file -Xfrontend /tmp/TasteBuddyHomeQuestionsQA/Build/Intermediates.noindex/xctest-dynamic-overlay.build/Debug-iphonesimulator/IssueReporting.build/Objects-normal/x86_64/IssueReporting_const_extract_protocols.json -Xcc -I/tmp/TasteBuddyHomeQuestionsQA/Build/Products/Debug-iphonesimulator/include -Xcc -I/tmp/TasteBuddyHomeQuestionsQA/Build/Intermediates.noindex/xctest-dynamic-overlay.build/Debug-iphonesimulator/IssueReporting.build/DerivedSources-normal/x86_64 -Xcc -I/tmp/TasteBuddyHomeQuestionsQA/Build/Intermediates.noindex/xctest-dynamic-overlay.build/Debug-iphonesimulator/IssueReporting.build/DerivedSources/x86_64 -Xcc -I/tmp/TasteBuddyHomeQuestionsQA/Build/Intermediates.noindex/xctest-dynamic-overlay.build/Debug-iphonesimulator/IssueReporting.build/DerivedSources -Xcc -DSWIFT_PACKAGE -Xcc -DDEBUG\=1 -emit-objc-header -emit-objc-header-path /tmp/TasteBuddyHomeQuestionsQA/Build/Intermediates.noindex/xctest-dynamic-overlay.build/Debug-iphonesimulator/IssueReporting.build/Objects-normal/x86_64/IssueReporting-Swift.h -working-directory /Users/sinjunho/Desktop/Taste\ Buddy/ios/TasteBuddy.xcodeproj -experimental-emit-module-separately -disable-cmo

SwiftMergeGeneratedHeaders /tmp/TasteBuddyHomeQuestionsQA/Build/Intermediates.noindex/GeneratedModuleMaps-iphonesimulator/Crypto-Swift.h /tmp/TasteBuddyHomeQuestionsQA/Build/Intermediates.noindex/swift-crypto.build/Debug-iphonesimulator/Crypto.build/Objects-normal/x86_64/Crypto-Swift.h (in target 'Crypto' from project 'swift-crypto')
    cd /tmp/TasteBuddyHomeQuestionsQA/SourcePackages/checkouts/swift-crypto
    builtin-swiftHeaderTool -arch x86_64 /tmp/TasteBuddyHomeQuestionsQA/Build/Intermediates.noindex/swift-crypto.build/Debug-iphonesimulator/Crypto.build/Objects-normal/x86_64/Crypto-Swift.h -o /tmp/TasteBuddyHomeQuestionsQA/Build/Intermediates.noindex/GeneratedModuleMaps-iphonesimulator/Crypto-Swift.h

SwiftMergeGeneratedHeaders /tmp/TasteBuddyHomeQuestionsQA/Build/Intermediates.noindex/GeneratedModuleMaps-iphonesimulator/IssueReporting-Swift.h /tmp/TasteBuddyHomeQuestionsQA/Build/Intermediates.noindex/xctest-dynamic-overlay.build/Debug-iphonesimulator/IssueReporting.build/Objects-normal/x86_64/IssueReporting-Swift.h (in target 'IssueReporting' from project 'xctest-dynamic-overlay')
    cd /tmp/TasteBuddyHomeQuestionsQA/SourcePackages/checkouts/xctest-dynamic-overlay
    builtin-swiftHeaderTool -arch x86_64 /tmp/TasteBuddyHomeQuestionsQA/Build/Intermediates.noindex/xctest-dynamic-overlay.build/Debug-iphonesimulator/IssueReporting.build/Objects-normal/x86_64/IssueReporting-Swift.h -o /tmp/TasteBuddyHomeQuestionsQA/Build/Intermediates.noindex/GeneratedModuleMaps-iphonesimulator/IssueReporting-Swift.h

Copy /tmp/TasteBuddyHomeQuestionsQA/Build/Products/Debug-iphonesimulator/IssueReporting.swiftmodule/x86_64-apple-ios-simulator.swiftmodule /tmp/TasteBuddyHomeQuestionsQA/Build/Intermediates.noindex/xctest-dynamic-overlay.build/Debug-iphonesimulator/IssueReporting.build/Objects-normal/x86_64/IssueReporting.swiftmodule (in target 'IssueReporting' from project 'xctest-dynamic-overlay')
    cd /tmp/TasteBuddyHomeQuestionsQA/SourcePackages/checkouts/xctest-dynamic-overlay
    builtin-copy -exclude .DS_Store -exclude CVS -exclude .svn -exclude .git -exclude .hg -resolve-src-symlinks -rename /tmp/TasteBuddyHomeQuestionsQA/Build/Intermediates.noindex/xctest-dynamic-overlay.build/Debug-iphonesimulator/IssueReporting.build/Objects-normal/x86_64/IssueReporting.swiftmodule /tmp/TasteBuddyHomeQuestionsQA/Build/Products/Debug-iphonesimulator/IssueReporting.swiftmodule/x86_64-apple-ios-simulator.swiftmodule

Copy /tmp/TasteBuddyHomeQuestionsQA/Build/Products/Debug-iphonesimulator/IssueReporting.swiftmodule/x86_64-apple-ios-simulator.swiftdoc /tmp/TasteBuddyHomeQuestionsQA/Build/Intermediates.noindex/xctest-dynamic-overlay.build/Debug-iphonesimulator/IssueReporting.build/Objects-normal/x86_64/IssueReporting.swiftdoc (in target 'IssueReporting' from project 'xctest-dynamic-overlay')
    cd /tmp/TasteBuddyHomeQuestionsQA/SourcePackages/checkouts/xctest-dynamic-overlay
    builtin-copy -exclude .DS_Store -exclude CVS -exclude .svn -exclude .git -exclude .hg -resolve-src-symlinks -rename /tmp/TasteBuddyHomeQuestionsQA/Build/Intermediates.noindex/xctest-dynamic-overlay.build/Debug-iphonesimulator/IssueReporting.build/Objects-normal/x86_64/IssueReporting.swiftdoc /tmp/TasteBuddyHomeQuestionsQA/Build/Products/Debug-iphonesimulator/IssueReporting.swiftmodule/x86_64-apple-ios-simulator.swiftdoc

Copy /tmp/TasteBuddyHomeQuestionsQA/Build/Products/Debug-iphonesimulator/IssueReporting.swiftmodule/x86_64-apple-ios-simulator.abi.json /tmp/TasteBuddyHomeQuestionsQA/Build/Intermediates.noindex/xctest-dynamic-overlay.build/Debug-iphonesimulator/IssueReporting.build/Objects-normal/x86_64/IssueReporting.abi.json (in target 'IssueReporting' from project 'xctest-dynamic-overlay')
    cd /tmp/TasteBuddyHomeQuestionsQA/SourcePackages/checkouts/xctest-dynamic-overlay
    builtin-copy -exclude .DS_Store -exclude CVS -exclude .svn -exclude .git -exclude .hg -resolve-src-symlinks -rename /tmp/TasteBuddyHomeQuestionsQA/Build/Intermediates.noindex/xctest-dynamic-overlay.build/Debug-iphonesimulator/IssueReporting.build/Objects-normal/x86_64/IssueReporting.abi.json /tmp/TasteBuddyHomeQuestionsQA/Build/Products/Debug-iphonesimulator/IssueReporting.swiftmodule/x86_64-apple-ios-simulator.abi.json

Copy /tmp/TasteBuddyHomeQuestionsQA/Build/Products/Debug-iphonesimulator/IssueReporting.swiftmodule/Project/x86_64-apple-ios-simulator.swiftsourceinfo /tmp/TasteBuddyHomeQuestionsQA/Build/Intermediates.noindex/xctest-dynamic-overlay.build/Debug-iphonesimulator/IssueReporting.build/Objects-normal/x86_64/IssueReporting.swiftsourceinfo (in target 'IssueReporting' from project 'xctest-dynamic-overlay')
    cd /tmp/TasteBuddyHomeQuestionsQA/SourcePackages/checkouts/xctest-dynamic-overlay
    builtin-copy -exclude .DS_Store -exclude CVS -exclude .svn -exclude .git -exclude .hg -resolve-src-symlinks -rename /tmp/TasteBuddyHomeQuestionsQA/Build/Intermediates.noindex/xctest-dynamic-overlay.build/Debug-iphonesimulator/IssueReporting.build/Objects-normal/x86_64/IssueReporting.swiftsourceinfo /tmp/TasteBuddyHomeQuestionsQA/Build/Products/Debug-iphonesimulator/IssueReporting.swiftmodule/Project/x86_64-apple-ios-simulator.swiftsourceinfo

Copy /tmp/TasteBuddyHomeQuestionsQA/Build/Products/Debug-iphonesimulator/Crypto.swiftmodule/x86_64-apple-ios-simulator.swiftmodule /tmp/TasteBuddyHomeQuestionsQA/Build/Intermediates.noindex/swift-crypto.build/Debug-iphonesimulator/Crypto.build/Objects-normal/x86_64/Crypto.swiftmodule (in target 'Crypto' from project 'swift-crypto')
    cd /tmp/TasteBuddyHomeQuestionsQA/SourcePackages/checkouts/swift-crypto
    builtin-copy -exclude .DS_Store -exclude CVS -exclude .svn -exclude .git -exclude .hg -resolve-src-symlinks -rename /tmp/TasteBuddyHomeQuestionsQA/Build/Intermediates.noindex/swift-crypto.build/Debug-iphonesimulator/Crypto.build/Objects-normal/x86_64/Crypto.swiftmodule /tmp/TasteBuddyHomeQuestionsQA/Build/Products/Debug-iphonesimulator/Crypto.swiftmodule/x86_64-apple-ios-simulator.swiftmodule

Copy /tmp/TasteBuddyHomeQuestionsQA/Build/Products/Debug-iphonesimulator/Crypto.swiftmodule/x86_64-apple-ios-simulator.swiftdoc /tmp/TasteBuddyHomeQuestionsQA/Build/Intermediates.noindex/swift-crypto.build/Debug-iphonesimulator/Crypto.build/Objects-normal/x86_64/Crypto.swiftdoc (in target 'Crypto' from project 'swift-crypto')
    cd /tmp/TasteBuddyHomeQuestionsQA/SourcePackages/checkouts/swift-crypto
    builtin-copy -exclude .DS_Store -exclude CVS -exclude .svn -exclude .git -exclude .hg -resolve-src-symlinks -rename /tmp/TasteBuddyHomeQuestionsQA/Build/Intermediates.noindex/swift-crypto.build/Debug-iphonesimulator/Crypto.build/Objects-normal/x86_64/Crypto.swiftdoc /tmp/TasteBuddyHomeQuestionsQA/Build/Products/Debug-iphonesimulator/Crypto.swiftmodule/x86_64-apple-ios-simulator.swiftdoc

Copy /tmp/TasteBuddyHomeQuestionsQA/Build/Products/Debug-iphonesimulator/Crypto.swiftmodule/x86_64-apple-ios-simulator.abi.json /tmp/TasteBuddyHomeQuestionsQA/Build/Intermediates.noindex/swift-crypto.build/Debug-iphonesimulator/Crypto.build/Objects-normal/x86_64/Crypto.abi.json (in target 'Crypto' from project 'swift-crypto')
    cd /tmp/TasteBuddyHomeQuestionsQA/SourcePackages/checkouts/swift-crypto
    builtin-copy -exclude .DS_Store -exclude CVS -exclude .svn -exclude .git -exclude .hg -resolve-src-symlinks -rename /tmp/TasteBuddyHomeQuestionsQA/Build/Intermediates.noindex/swift-crypto.build/Debug-iphonesimulator/Crypto.build/Objects-normal/x86_64/Crypto.abi.json /tmp/TasteBuddyHomeQuestionsQA/Build/Products/Debug-iphonesimulator/Crypto.swiftmodule/x86_64-apple-ios-simulator.abi.json

Copy /tmp/TasteBuddyHomeQuestionsQA/Build/Products/Debug-iphonesimulator/Crypto.swiftmodule/Project/x86_64-apple-ios-simulator.swiftsourceinfo /tmp/TasteBuddyHomeQuestionsQA/Build/Intermediates.noindex/swift-crypto.build/Debug-iphonesimulator/Crypto.build/Objects-normal/x86_64/Crypto.swiftsourceinfo (in target 'Crypto' from project 'swift-crypto')
    cd /tmp/TasteBuddyHomeQuestionsQA/SourcePackages/checkouts/swift-crypto
    builtin-copy -exclude .DS_Store -exclude CVS -exclude .svn -exclude .git -exclude .hg -resolve-src-symlinks -rename /tmp/TasteBuddyHomeQuestionsQA/Build/Intermediates.noindex/swift-crypto.build/Debug-iphonesimulator/Crypto.build/Objects-normal/x86_64/Crypto.swiftsourceinfo /tmp/TasteBuddyHomeQuestionsQA/Build/Products/Debug-iphonesimulator/Crypto.swiftmodule/Project/x86_64-apple-ios-simulator.swiftsourceinfo

SwiftCompile normal x86_64 Compiling\ HTTPRequest.swift /tmp/TasteBuddyHomeQuestionsQA/SourcePackages/checkouts/swift-http-types/Sources/HTTPTypes/HTTPRequest.swift (in target 'HTTPTypes' from project 'swift-http-types')

SwiftCompile normal x86_64 /tmp/TasteBuddyHomeQuestionsQA/SourcePackages/checkouts/swift-http-types/Sources/HTTPTypes/HTTPRequest.swift (in target 'HTTPTypes' from project 'swift-http-types')
    cd /Users/sinjunho/Desktop/Taste\ Buddy/ios/TasteBuddy.xcodeproj
    

SwiftExplicitDependencyGeneratePcm x86_64 /tmp/TasteBuddyHomeQuestionsQA/ModuleCache.noindex/CoreVideo-1WEZ4EFXM5NMNL7P2CUGYEIPX.pcm

SwiftDriverJobDiscovery normal x86_64 Compiling ReportIssue.swift, TestContext.swift (in target 'IssueReporting' from project 'xctest-dynamic-overlay')

SwiftCompile normal x86_64 Compiling\ HTTPFieldName.swift /tmp/TasteBuddyHomeQuestionsQA/SourcePackages/checkouts/swift-http-types/Sources/HTTPTypes/HTTPFieldName.swift (in target 'HTTPTypes' from project 'swift-http-types')

SwiftCompile normal x86_64 /tmp/TasteBuddyHomeQuestionsQA/SourcePackages/checkouts/swift-http-types/Sources/HTTPTypes/HTTPFieldName.swift (in target 'HTTPTypes' from project 'swift-http-types')
    cd /Users/sinjunho/Desktop/Taste\ Buddy/ios/TasteBuddy.xcodeproj
    

SwiftDriverJobDiscovery normal x86_64 Compiling HTTPParsedFields.swift (in target 'HTTPTypes' from project 'swift-http-types')

SwiftCompile normal x86_64 Compiling\ NIOLock.swift /tmp/TasteBuddyHomeQuestionsQA/SourcePackages/checkouts/swift-http-types/Sources/HTTPTypes/NIOLock.swift (in target 'HTTPTypes' from project 'swift-http-types')

SwiftCompile normal x86_64 /tmp/TasteBuddyHomeQuestionsQA/SourcePackages/checkouts/swift-http-types/Sources/HTTPTypes/NIOLock.swift (in target 'HTTPTypes' from project 'swift-http-types')
    cd /Users/sinjunho/Desktop/Taste\ Buddy/ios/TasteBuddy.xcodeproj
    

SwiftExplicitDependencyGeneratePcm x86_64 /tmp/TasteBuddyHomeQuestionsQA/ModuleCache.noindex/CoreImage-D33B8673VGHDJH4F4RVUM2IXJ.pcm

SwiftExplicitDependencyGeneratePcm x86_64 /tmp/TasteBuddyHomeQuestionsQA/ModuleCache.noindex/QuartzCore-6SPYMH3A6XYB7TPP9LA3N3WK9.pcm

SwiftDriverJobDiscovery normal x86_64 Compiling HTTPField.swift (in target 'HTTPTypes' from project 'swift-http-types')

SwiftCompile normal x86_64 Compiling\ HTTPResponse.swift /tmp/TasteBuddyHomeQuestionsQA/SourcePackages/checkouts/swift-http-types/Sources/HTTPTypes/HTTPResponse.swift (in target 'HTTPTypes' from project 'swift-http-types')
SwiftCompile normal x86_64 /tmp/TasteBuddyHomeQuestionsQA/SourcePackages/checkouts/swift-http-types/Sources/HTTPTypes/HTTPResponse.swift (in target 'HTTPTypes' from project 'swift-http-types')
    cd /Users/sinjunho/Desktop/Taste\ Buddy/ios/TasteBuddy.xcodeproj
    

SwiftDriverJobDiscovery normal x86_64 Compiling HTTPRequest.swift (in target 'HTTPTypes' from project 'swift-http-types')

SwiftCompile normal x86_64 Compiling\ HTTPFields.swift /tmp/TasteBuddyHomeQuestionsQA/SourcePackages/checkouts/swift-http-types/Sources/HTTPTypes/HTTPFields.swift (in target 'HTTPTypes' from project 'swift-http-types')
SwiftCompile normal x86_64 /tmp/TasteBuddyHomeQuestionsQA/SourcePackages/checkouts/swift-http-types/Sources/HTTPTypes/HTTPFields.swift (in target 'HTTPTypes' from project 'swift-http-types')
    cd /Users/sinjunho/Desktop/Taste\ Buddy/ios/TasteBuddy.xcodeproj
    

SwiftCompile normal x86_64 Compiling\ HTTPRequest+URL.swift /tmp/TasteBuddyHomeQuestionsQA/SourcePackages/checkouts/swift-http-types/Sources/HTTPTypes/HTTPRequest+URL.swift (in target 'HTTPTypes' from project 'swift-http-types')

SwiftCompile normal x86_64 /tmp/TasteBuddyHomeQuestionsQA/SourcePackages/checkouts/swift-http-types/Sources/HTTPTypes/HTTPRequest+URL.swift (in target 'HTTPTypes' from project 'swift-http-types')
    cd /Users/sinjunho/Desktop/Taste\ Buddy/ios/TasteBuddy.xcodeproj
    

SwiftDriverJobDiscovery normal x86_64 Compiling SwiftTesting.swift, UncheckedSendable.swift (in target 'IssueReporting' from project 'xctest-dynamic-overlay')

SwiftCompile normal x86_64 Compiling\ ISOLatin1String.swift /tmp/TasteBuddyHomeQuestionsQA/SourcePackages/checkouts/swift-http-types/Sources/HTTPTypes/ISOLatin1String.swift (in target 'HTTPTypes' from project 'swift-http-types')

SwiftCompile normal x86_64 /tmp/TasteBuddyHomeQuestionsQA/SourcePackages/checkouts/swift-http-types/Sources/HTTPTypes/ISOLatin1String.swift (in target 'HTTPTypes' from project 'swift-http-types')
    cd /Users/sinjunho/Desktop/Taste\ Buddy/ios/TasteBuddy.xcodeproj
    

SwiftDriverJobDiscovery normal x86_64 Compiling ErrorReporting.swift, AppHostWarning.swift (in target 'IssueReporting' from project 'xctest-dynamic-overlay')

SwiftDriverJobDiscovery normal x86_64 Compiling LockIsolated.swift, Rethrows.swift (in target 'IssueReporting' from project 'xctest-dynamic-overlay')

SwiftCompile normal x86_64 Compiling\ HPKE-KEM-Curve25519.swift,\ HPKE-NIST-EC-KEMs.swift,\ HPKE-KEM.swift,\ HPKE-Errors.swift,\ HPKE.swift,\ HPKE-Context.swift,\ HPKE-KeySchedule.swift,\ HPKE-Modes.swift /tmp/TasteBuddyHomeQuestionsQA/SourcePackages/checkouts/swift-crypto/Sources/Crypto/HPKE/Ciphersuite/KEM/Conformances/HPKE-KEM-Curve25519.swift /tmp/TasteBuddyHomeQuestionsQA/SourcePackages/checkouts/swift-crypto/Sources/Crypto/HPKE/Ciphersuite/KEM/Conformances/HPKE-NIST-EC-KEMs.swift /tmp/TasteBuddyHomeQuestionsQA/SourcePackages/checkouts/swift-crypto/Sources/Crypto/HPKE/Ciphersuite/KEM/HPKE-KEM.swift /tmp/TasteBuddyHomeQuestionsQA/SourcePackages/checkouts/swift-crypto/Sources/Crypto/HPKE/HPKE-Errors.swift /tmp/TasteBuddyHomeQuestionsQA/SourcePackages/checkouts/swift-crypto/Sources/Crypto/HPKE/HPKE.swift /tmp/TasteBuddyHomeQuestionsQA/SourcePackages/checkouts/swift-crypto/Sources/Crypto/HPKE/Key\ Schedule/HPKE-Context.swift /tmp/TasteBuddyHomeQuestionsQA/SourcePackages/checkouts/swift-crypto/Sources/Crypto/HPKE/Key\ Schedule/HPKE-KeySchedule.swift /tmp/TasteBuddyHomeQuestionsQA/SourcePackages/checkouts/swift-crypto/Sources/Crypto/HPKE/Modes/HPKE-Modes.swift (in target 'Crypto' from project 'swift-crypto')

SwiftCompile normal x86_64 /tmp/TasteBuddyHomeQuestionsQA/SourcePackages/checkouts/swift-crypto/Sources/Crypto/HPKE/Ciphersuite/KEM/Conformances/HPKE-KEM-Curve25519.swift (in target 'Crypto' from project 'swift-crypto')
    cd /Users/sinjunho/Desktop/Taste\ Buddy/ios/TasteBuddy.xcodeproj
    

SwiftCompile normal x86_64 /tmp/TasteBuddyHomeQuestionsQA/SourcePackages/checkouts/swift-crypto/Sources/Crypto/HPKE/Ciphersuite/KEM/Conformances/HPKE-NIST-EC-KEMs.swift (in target 'Crypto' from project 'swift-crypto')
    cd /Users/sinjunho/Desktop/Taste\ Buddy/ios/TasteBuddy.xcodeproj
    

SwiftCompile normal x86_64 /tmp/TasteBuddyHomeQuestionsQA/SourcePackages/checkouts/swift-crypto/Sources/Crypto/HPKE/Ciphersuite/KEM/HPKE-KEM.swift (in target 'Crypto' from project 'swift-crypto')
    cd /Users/sinjunho/Desktop/Taste\ Buddy/ios/TasteBuddy.xcodeproj
    

SwiftCompile normal x86_64 /tmp/TasteBuddyHomeQuestionsQA/SourcePackages/checkouts/swift-crypto/Sources/Crypto/HPKE/HPKE-Errors.swift (in target 'Crypto' from project 'swift-crypto')
    cd /Users/sinjunho/Desktop/Taste\ Buddy/ios/TasteBuddy.xcodeproj
    

SwiftCompile normal x86_64 /tmp/TasteBuddyHomeQuestionsQA/SourcePackages/checkouts/swift-crypto/Sources/Crypto/HPKE/HPKE.swift (in target 'Crypto' from project 'swift-crypto')
    cd /Users/sinjunho/Desktop/Taste\ Buddy/ios/TasteBuddy.xcodeproj
    

SwiftCompile normal x86_64 /tmp/TasteBuddyHomeQuestionsQA/SourcePackages/checkouts/swift-crypto/Sources/Crypto/HPKE/Key\ Schedule/HPKE-Context.swift (in target 'Crypto' from project 'swift-crypto')
    cd /Users/sinjunho/Desktop/Taste\ Buddy/ios/TasteBuddy.xcodeproj
    

SwiftCompile normal x86_64 /tmp/TasteBuddyHomeQuestionsQA/SourcePackages/checkouts/swift-crypto/Sources/Crypto/HPKE/Key\ Schedule/HPKE-KeySchedule.swift (in target 'Crypto' from project 'swift-crypto')
    cd /Users/sinjunho/Desktop/Taste\ Buddy/ios/TasteBuddy.xcodeproj
    

SwiftCompile normal x86_64 /tmp/TasteBuddyHomeQuestionsQA/SourcePackages/checkouts/swift-crypto/Sources/Crypto/HPKE/Modes/HPKE-Modes.swift (in target 'Crypto' from project 'swift-crypto')
    cd /Users/sinjunho/Desktop/Taste\ Buddy/ios/TasteBuddy.xcodeproj
    

SwiftDriverJobDiscovery normal x86_64 Compiling IsTesting.swift, IssueReporter.swift (in target 'IssueReporting' from project 'xctest-dynamic-overlay')

SwiftCompile normal x86_64 Compiling\ MLDSA_wrapper.swift,\ ECDSA.swift,\ Ed25519.swift,\ MLDSA.swift,\ Signature.swift,\ CryptoKitErrors_boring.swift,\ Optional+withUnsafeBytes_boring.swift,\ RNG_boring.swift /tmp/TasteBuddyHomeQuestionsQA/SourcePackages/checkouts/swift-crypto/Sources/Crypto/Signatures/BoringSSL/MLDSA_wrapper.swift /tmp/TasteBuddyHomeQuestionsQA/SourcePackages/checkouts/swift-crypto/Sources/Crypto/Signatures/ECDSA.swift /tmp/TasteBuddyHomeQuestionsQA/SourcePackages/checkouts/swift-crypto/Sources/Crypto/Signatures/Ed25519.swift /tmp/TasteBuddyHomeQuestionsQA/SourcePackages/checkouts/swift-crypto/Sources/Crypto/Signatures/MLDSA.swift /tmp/TasteBuddyHomeQuestionsQA/SourcePackages/checkouts/swift-crypto/Sources/Crypto/Signatures/Signature.swift /tmp/TasteBuddyHomeQuestionsQA/SourcePackages/checkouts/swift-crypto/Sources/Crypto/Util/BoringSSL/CryptoKitErrors_boring.swift /tmp/TasteBuddyHomeQuestionsQA/SourcePackages/checkouts/swift-crypto/Sources/Crypto/Util/BoringSSL/Optional+withUnsafeBytes_boring.swift /tmp/TasteBuddyHomeQuestionsQA/SourcePackages/checkouts/swift-crypto/Sources/Crypto/Util/BoringSSL/RNG_boring.swift (in target 'Crypto' from project 'swift-crypto')

SwiftCompile normal x86_64 /tmp/TasteBuddyHomeQuestionsQA/SourcePackages/checkouts/swift-crypto/Sources/Crypto/Signatures/BoringSSL/MLDSA_wrapper.swift (in target 'Crypto' from project 'swift-crypto')
    cd /Users/sinjunho/Desktop/Taste\ Buddy/ios/TasteBuddy.xcodeproj
    

SwiftCompile normal x86_64 /tmp/TasteBuddyHomeQuestionsQA/SourcePackages/checkouts/swift-crypto/Sources/Crypto/Signatures/ECDSA.swift (in target 'Crypto' from project 'swift-crypto')
    cd /Users/sinjunho/Desktop/Taste\ Buddy/ios/TasteBuddy.xcodeproj
    

SwiftCompile normal x86_64 /tmp/TasteBuddyHomeQuestionsQA/SourcePackages/checkouts/swift-crypto/Sources/Crypto/Signatures/Ed25519.swift (in target 'Crypto' from project 'swift-crypto')
    cd /Users/sinjunho/Desktop/Taste\ Buddy/ios/TasteBuddy.xcodeproj
    

SwiftCompile normal x86_64 /tmp/TasteBuddyHomeQuestionsQA/SourcePackages/checkouts/swift-crypto/Sources/Crypto/Signatures/MLDSA.swift (in target 'Crypto' from project 'swift-crypto')
    cd /Users/sinjunho/Desktop/Taste\ Buddy/ios/TasteBuddy.xcodeproj
    

SwiftCompile normal x86_64 /tmp/TasteBuddyHomeQuestionsQA/SourcePackages/checkouts/swift-crypto/Sources/Crypto/Signatures/Signature.swift (in target 'Crypto' from project 'swift-crypto')
    cd /Users/sinjunho/Desktop/Taste\ Buddy/ios/TasteBuddy.xcodeproj
    

SwiftCompile normal x86_64 /tmp/TasteBuddyHomeQuestionsQA/SourcePackages/checkouts/swift-crypto/Sources/Crypto/Util/BoringSSL/CryptoKitErrors_boring.swift (in target 'Crypto' from project 'swift-crypto')
    cd /Users/sinjunho/Desktop/Taste\ Buddy/ios/TasteBuddy.xcodeproj
    

SwiftCompile normal x86_64 /tmp/TasteBuddyHomeQuestionsQA/SourcePackages/checkouts/swift-crypto/Sources/Crypto/Util/BoringSSL/Optional+withUnsafeBytes_boring.swift (in target 'Crypto' from project 'swift-crypto')
    cd /Users/sinjunho/Desktop/Taste\ Buddy/ios/TasteBuddy.xcodeproj
    

SwiftCompile normal x86_64 /tmp/TasteBuddyHomeQuestionsQA/SourcePackages/checkouts/swift-crypto/Sources/Crypto/Util/BoringSSL/RNG_boring.swift (in target 'Crypto' from project 'swift-crypto')
    cd /Users/sinjunho/Desktop/Taste\ Buddy/ios/TasteBuddy.xcodeproj
    

SwiftExplicitDependencyGeneratePcm x86_64 /tmp/TasteBuddyHomeQuestionsQA/ModuleCache.noindex/UIKit-12GP5I41N7II6LO8PNSAAWRXS.pcm

SwiftExplicitDependencyGeneratePcm x86_64 /tmp/TasteBuddyHomeQuestionsQA/ModuleCache.noindex/SwiftUICore-5CRRQKRTOIW4YHHLOAXSSKNCW.pcm

SwiftDriverJobDiscovery normal x86_64 Compiling Warn.swift, XCTest.swift (in target 'IssueReporting' from project 'xctest-dynamic-overlay')

SwiftDriverJobDiscovery normal x86_64 Compiling HTTPFieldName.swift (in target 'HTTPTypes' from project 'swift-http-types')

SwiftCompile normal x86_64 Compiling\ Insecure.swift,\ Insecure_HashFunctions.swift,\ MLKEM_boring.swift,\ MLKEM_wrapper.swift,\ XWing_boring.swift,\ KEM-Errors.swift,\ KEM.swift,\ MLKEM.swift /tmp/TasteBuddyHomeQuestionsQA/SourcePackages/checkouts/swift-crypto/Sources/Crypto/Insecure/Insecure.swift /tmp/TasteBuddyHomeQuestionsQA/SourcePackages/checkouts/swift-crypto/Sources/Crypto/Insecure/Insecure_HashFunctions.swift /tmp/TasteBuddyHomeQuestionsQA/SourcePackages/checkouts/swift-crypto/Sources/Crypto/KEM/BoringSSL/MLKEM_boring.swift /tmp/TasteBuddyHomeQuestionsQA/SourcePackages/checkouts/swift-crypto/Sources/Crypto/KEM/BoringSSL/MLKEM_wrapper.swift /tmp/TasteBuddyHomeQuestionsQA/SourcePackages/checkouts/swift-crypto/Sources/Crypto/KEM/BoringSSL/XWing_boring.swift /tmp/TasteBuddyHomeQuestionsQA/SourcePackages/checkouts/swift-crypto/Sources/Crypto/KEM/KEM-Errors.swift /tmp/TasteBuddyHomeQuestionsQA/SourcePackages/checkouts/swift-crypto/Sources/Crypto/KEM/KEM.swift /tmp/TasteBuddyHomeQuestionsQA/SourcePackages/checkouts/swift-crypto/Sources/Crypto/KEM/MLKEM.swift (in target 'Crypto' from project 'swift-crypto')

SwiftCompile normal x86_64 /tmp/TasteBuddyHomeQuestionsQA/SourcePackages/checkouts/swift-crypto/Sources/Crypto/Insecure/Insecure.swift (in target 'Crypto' from project 'swift-crypto')
    cd /Users/sinjunho/Desktop/Taste\ Buddy/ios/TasteBuddy.xcodeproj
    

SwiftCompile normal x86_64 /tmp/TasteBuddyHomeQuestionsQA/SourcePackages/checkouts/swift-crypto/Sources/Crypto/Insecure/Insecure_HashFunctions.swift (in target 'Crypto' from project 'swift-crypto')
    cd /Users/sinjunho/Desktop/Taste\ Buddy/ios/TasteBuddy.xcodeproj
    

SwiftCompile normal x86_64 /tmp/TasteBuddyHomeQuestionsQA/SourcePackages/checkouts/swift-crypto/Sources/Crypto/KEM/BoringSSL/MLKEM_boring.swift (in target 'Crypto' from project 'swift-crypto')
    cd /Users/sinjunho/Desktop/Taste\ Buddy/ios/TasteBuddy.xcodeproj
    

SwiftCompile normal x86_64 /tmp/TasteBuddyHomeQuestionsQA/SourcePackages/checkouts/swift-crypto/Sources/Crypto/KEM/BoringSSL/MLKEM_wrapper.swift (in target 'Crypto' from project 'swift-crypto')
    cd /Users/sinjunho/Desktop/Taste\ Buddy/ios/TasteBuddy.xcodeproj
    

SwiftCompile normal x86_64 /tmp/TasteBuddyHomeQuestionsQA/SourcePackages/checkouts/swift-crypto/Sources/Crypto/KEM/BoringSSL/XWing_boring.swift (in target 'Crypto' from project 'swift-crypto')
    cd /Users/sinjunho/Desktop/Taste\ Buddy/ios/TasteBuddy.xcodeproj
    

SwiftCompile normal x86_64 /tmp/TasteBuddyHomeQuestionsQA/SourcePackages/checkouts/swift-crypto/Sources/Crypto/KEM/KEM-Errors.swift (in target 'Crypto' from project 'swift-crypto')
    cd /Users/sinjunho/Desktop/Taste\ Buddy/ios/TasteBuddy.xcodeproj
    

SwiftCompile normal x86_64 /tmp/TasteBuddyHomeQuestionsQA/SourcePackages/checkouts/swift-crypto/Sources/Crypto/KEM/KEM.swift (in target 'Crypto' from project 'swift-crypto')
    cd /Users/sinjunho/Desktop/Taste\ Buddy/ios/TasteBuddy.xcodeproj
    

SwiftCompile normal x86_64 /tmp/TasteBuddyHomeQuestionsQA/SourcePackages/checkouts/swift-crypto/Sources/Crypto/KEM/MLKEM.swift (in target 'Crypto' from project 'swift-crypto')
    cd /Users/sinjunho/Desktop/Taste\ Buddy/ios/TasteBuddy.xcodeproj
    

SwiftCompile normal x86_64 Compiling\ ASN1Any.swift,\ ASN1BitString.swift,\ ASN1Boolean.swift,\ ASN1Identifier.swift,\ ASN1Integer.swift,\ ASN1Null.swift,\ ASN1OctetString.swift,\ ASN1Strings.swift /tmp/TasteBuddyHomeQuestionsQA/SourcePackages/checkouts/swift-crypto/Sources/Crypto/ASN1/Basic\ ASN1\ Types/ASN1Any.swift /tmp/TasteBuddyHomeQuestionsQA/SourcePackages/checkouts/swift-crypto/Sources/Crypto/ASN1/Basic\ ASN1\ Types/ASN1BitString.swift /tmp/TasteBuddyHomeQuestionsQA/SourcePackages/checkouts/swift-crypto/Sources/Crypto/ASN1/Basic\ ASN1\ Types/ASN1Boolean.swift /tmp/TasteBuddyHomeQuestionsQA/SourcePackages/checkouts/swift-crypto/Sources/Crypto/ASN1/Basic\ ASN1\ Types/ASN1Identifier.swift /tmp/TasteBuddyHomeQuestionsQA/SourcePackages/checkouts/swift-crypto/Sources/Crypto/ASN1/Basic\ ASN1\ Types/ASN1Integer.swift /tmp/TasteBuddyHomeQuestionsQA/SourcePackages/checkouts/swift-crypto/Sources/Crypto/ASN1/Basic\ ASN1\ Types/ASN1Null.swift /tmp/TasteBuddyHomeQuestionsQA/SourcePackages/checkouts/swift-crypto/Sources/Crypto/ASN1/Basic\ ASN1\ Types/ASN1OctetString.swift /tmp/TasteBuddyHomeQuestionsQA/SourcePackages/checkouts/swift-crypto/Sources/Crypto/ASN1/Basic\ ASN1\ Types/ASN1Strings.swift (in target 'Crypto' from project 'swift-crypto')

SwiftCompile normal x86_64 /tmp/TasteBuddyHomeQuestionsQA/SourcePackages/checkouts/swift-crypto/Sources/Crypto/ASN1/Basic\ ASN1\ Types/ASN1Any.swift (in target 'Crypto' from project 'swift-crypto')
    cd /Users/sinjunho/Desktop/Taste\ Buddy/ios/TasteBuddy.xcodeproj
    

SwiftCompile normal x86_64 /tmp/TasteBuddyHomeQuestionsQA/SourcePackages/checkouts/swift-crypto/Sources/Crypto/ASN1/Basic\ ASN1\ Types/ASN1BitString.swift (in target 'Crypto' from project 'swift-crypto')
    cd /Users/sinjunho/Desktop/Taste\ Buddy/ios/TasteBuddy.xcodeproj
    

SwiftCompile normal x86_64 /tmp/TasteBuddyHomeQuestionsQA/SourcePackages/checkouts/swift-crypto/Sources/Crypto/ASN1/Basic\ ASN1\ Types/ASN1Boolean.swift (in target 'Crypto' from project 'swift-crypto')
    cd /Users/sinjunho/Desktop/Taste\ Buddy/ios/TasteBuddy.xcodeproj
    

SwiftCompile normal x86_64 /tmp/TasteBuddyHomeQuestionsQA/SourcePackages/checkouts/swift-crypto/Sources/Crypto/ASN1/Basic\ ASN1\ Types/ASN1Identifier.swift (in target 'Crypto' from project 'swift-crypto')
    cd /Users/sinjunho/Desktop/Taste\ Buddy/ios/TasteBuddy.xcodeproj
    

SwiftCompile normal x86_64 /tmp/TasteBuddyHomeQuestionsQA/SourcePackages/checkouts/swift-crypto/Sources/Crypto/ASN1/Basic\ ASN1\ Types/ASN1Integer.swift (in target 'Crypto' from project 'swift-crypto')
    cd /Users/sinjunho/Desktop/Taste\ Buddy/ios/TasteBuddy.xcodeproj
    

SwiftCompile normal x86_64 /tmp/TasteBuddyHomeQuestionsQA/SourcePackages/checkouts/swift-crypto/Sources/Crypto/ASN1/Basic\ ASN1\ Types/ASN1Null.swift (in target 'Crypto' from project 'swift-crypto')
    cd /Users/sinjunho/Desktop/Taste\ Buddy/ios/TasteBuddy.xcodeproj
    

SwiftCompile normal x86_64 /tmp/TasteBuddyHomeQuestionsQA/SourcePackages/checkouts/swift-crypto/Sources/Crypto/ASN1/Basic\ ASN1\ Types/ASN1OctetString.swift (in target 'Crypto' from project 'swift-crypto')
    cd /Users/sinjunho/Desktop/Taste\ Buddy/ios/TasteBuddy.xcodeproj
    

SwiftCompile normal x86_64 /tmp/TasteBuddyHomeQuestionsQA/SourcePackages/checkouts/swift-crypto/Sources/Crypto/ASN1/Basic\ ASN1\ Types/ASN1Strings.swift (in target 'Crypto' from project 'swift-crypto')
    cd /Users/sinjunho/Desktop/Taste\ Buddy/ios/TasteBuddy.xcodeproj
    

SwiftDriverJobDiscovery normal x86_64 Compiling NIOLock.swift (in target 'HTTPTypes' from project 'swift-http-types')

SwiftCompile normal x86_64 Compiling\ XWing.swift,\ ECDH_boring.swift,\ DH.swift,\ ECDH.swift,\ ANSIx963.swift,\ HKDF.swift,\ AESWrap.swift,\ AESWrap_boring.swift /tmp/TasteBuddyHomeQuestionsQA/SourcePackages/checkouts/swift-crypto/Sources/Crypto/KEM/XWing.swift /tmp/TasteBuddyHomeQuestionsQA/SourcePackages/checkouts/swift-crypto/Sources/Crypto/Key\ Agreement/BoringSSL/ECDH_boring.swift /tmp/TasteBuddyHomeQuestionsQA/SourcePackages/checkouts/swift-crypto/Sources/Crypto/Key\ Agreement/DH.swift /tmp/TasteBuddyHomeQuestionsQA/SourcePackages/checkouts/swift-crypto/Sources/Crypto/Key\ Agreement/ECDH.swift /tmp/TasteBuddyHomeQuestionsQA/SourcePackages/checkouts/swift-crypto/Sources/Crypto/Key\ Derivation/ANSIx963.swift /tmp/TasteBuddyHomeQuestionsQA/SourcePackages/checkouts/swift-crypto/Sources/Crypto/Key\ Derivation/HKDF.swift /tmp/TasteBuddyHomeQuestionsQA/SourcePackages/checkouts/swift-crypto/Sources/Crypto/Key\ Wrapping/AESWrap.swift /tmp/TasteBuddyHomeQuestionsQA/SourcePackages/checkouts/swift-crypto/Sources/Crypto/Key\ Wrapping/BoringSSL/AESWrap_boring.swift (in target 'Crypto' from project 'swift-crypto')

SwiftCompile normal x86_64 /tmp/TasteBuddyHomeQuestionsQA/SourcePackages/checkouts/swift-crypto/Sources/Crypto/KEM/XWing.swift (in target 'Crypto' from project 'swift-crypto')
    cd /Users/sinjunho/Desktop/Taste\ Buddy/ios/TasteBuddy.xcodeproj
    

SwiftCompile normal x86_64 /tmp/TasteBuddyHomeQuestionsQA/SourcePackages/checkouts/swift-crypto/Sources/Crypto/Key\ Agreement/BoringSSL/ECDH_boring.swift (in target 'Crypto' from project 'swift-crypto')
    cd /Users/sinjunho/Desktop/Taste\ Buddy/ios/TasteBuddy.xcodeproj
    

SwiftCompile normal x86_64 /tmp/TasteBuddyHomeQuestionsQA/SourcePackages/checkouts/swift-crypto/Sources/Crypto/Key\ Agreement/DH.swift (in target 'Crypto' from project 'swift-crypto')
    cd /Users/sinjunho/Desktop/Taste\ Buddy/ios/TasteBuddy.xcodeproj
    

SwiftCompile normal x86_64 /tmp/TasteBuddyHomeQuestionsQA/SourcePackages/checkouts/swift-crypto/Sources/Crypto/Key\ Agreement/ECDH.swift (in target 'Crypto' from project 'swift-crypto')
    cd /Users/sinjunho/Desktop/Taste\ Buddy/ios/TasteBuddy.xcodeproj
    

SwiftCompile normal x86_64 /tmp/TasteBuddyHomeQuestionsQA/SourcePackages/checkouts/swift-crypto/Sources/Crypto/Key\ Derivation/ANSIx963.swift (in target 'Crypto' from project 'swift-crypto')
    cd /Users/sinjunho/Desktop/Taste\ Buddy/ios/TasteBuddy.xcodeproj
    

SwiftCompile normal x86_64 /tmp/TasteBuddyHomeQuestionsQA/SourcePackages/checkouts/swift-crypto/Sources/Crypto/Key\ Derivation/HKDF.swift (in target 'Crypto' from project 'swift-crypto')
    cd /Users/sinjunho/Desktop/Taste\ Buddy/ios/TasteBuddy.xcodeproj
    

SwiftCompile normal x86_64 /tmp/TasteBuddyHomeQuestionsQA/SourcePackages/checkouts/swift-crypto/Sources/Crypto/Key\ Wrapping/AESWrap.swift (in target 'Crypto' from project 'swift-crypto')
    cd /Users/sinjunho/Desktop/Taste\ Buddy/ios/TasteBuddy.xcodeproj
    

SwiftCompile normal x86_64 /tmp/TasteBuddyHomeQuestionsQA/SourcePackages/checkouts/swift-crypto/Sources/Crypto/Key\ Wrapping/BoringSSL/AESWrap_boring.swift (in target 'Crypto' from project 'swift-crypto')
    cd /Users/sinjunho/Desktop/Taste\ Buddy/ios/TasteBuddy.xcodeproj
    

SwiftCompile normal x86_64 Compiling\ ArraySliceBigint.swift,\ GeneralizedTime.swift,\ ObjectIdentifier.swift,\ ECDSASignature.swift,\ PEMDocument.swift,\ PKCS8PrivateKey.swift,\ SEC1PrivateKey.swift,\ SubjectPublicKeyInfo.swift /tmp/TasteBuddyHomeQuestionsQA/SourcePackages/checkouts/swift-crypto/Sources/Crypto/ASN1/Basic\ ASN1\ Types/ArraySliceBigint.swift /tmp/TasteBuddyHomeQuestionsQA/SourcePackages/checkouts/swift-crypto/Sources/Crypto/ASN1/Basic\ ASN1\ Types/GeneralizedTime.swift /tmp/TasteBuddyHomeQuestionsQA/SourcePackages/checkouts/swift-crypto/Sources/Crypto/ASN1/Basic\ ASN1\ Types/ObjectIdentifier.swift /tmp/TasteBuddyHomeQuestionsQA/SourcePackages/checkouts/swift-crypto/Sources/Crypto/ASN1/ECDSASignature.swift /tmp/TasteBuddyHomeQuestionsQA/SourcePackages/checkouts/swift-crypto/Sources/Crypto/ASN1/PEMDocument.swift /tmp/TasteBuddyHomeQuestionsQA/SourcePackages/checkouts/swift-crypto/Sources/Crypto/ASN1/PKCS8PrivateKey.swift /tmp/TasteBuddyHomeQuestionsQA/SourcePackages/checkouts/swift-crypto/Sources/Crypto/ASN1/SEC1PrivateKey.swift /tmp/TasteBuddyHomeQuestionsQA/SourcePackages/checkouts/swift-crypto/Sources/Crypto/ASN1/SubjectPublicKeyInfo.swift (in target 'Crypto' from project 'swift-crypto')

SwiftCompile normal x86_64 /tmp/TasteBuddyHomeQuestionsQA/SourcePackages/checkouts/swift-crypto/Sources/Crypto/ASN1/Basic\ ASN1\ Types/ArraySliceBigint.swift (in target 'Crypto' from project 'swift-crypto')
    cd /Users/sinjunho/Desktop/Taste\ Buddy/ios/TasteBuddy.xcodeproj
    

SwiftCompile normal x86_64 /tmp/TasteBuddyHomeQuestionsQA/SourcePackages/checkouts/swift-crypto/Sources/Crypto/ASN1/Basic\ ASN1\ Types/GeneralizedTime.swift (in target 'Crypto' from project 'swift-crypto')
    cd /Users/sinjunho/Desktop/Taste\ Buddy/ios/TasteBuddy.xcodeproj
    

SwiftCompile normal x86_64 /tmp/TasteBuddyHomeQuestionsQA/SourcePackages/checkouts/swift-crypto/Sources/Crypto/ASN1/Basic\ ASN1\ Types/ObjectIdentifier.swift (in target 'Crypto' from project 'swift-crypto')
    cd /Users/sinjunho/Desktop/Taste\ Buddy/ios/TasteBuddy.xcodeproj
    

SwiftCompile normal x86_64 /tmp/TasteBuddyHomeQuestionsQA/SourcePackages/checkouts/swift-crypto/Sources/Crypto/ASN1/ECDSASignature.swift (in target 'Crypto' from project 'swift-crypto')
    cd /Users/sinjunho/Desktop/Taste\ Buddy/ios/TasteBuddy.xcodeproj
    

SwiftCompile normal x86_64 /tmp/TasteBuddyHomeQuestionsQA/SourcePackages/checkouts/swift-crypto/Sources/Crypto/ASN1/PEMDocument.swift (in target 'Crypto' from project 'swift-crypto')
    cd /Users/sinjunho/Desktop/Taste\ Buddy/ios/TasteBuddy.xcodeproj
    

SwiftCompile normal x86_64 /tmp/TasteBuddyHomeQuestionsQA/SourcePackages/checkouts/swift-crypto/Sources/Crypto/ASN1/PKCS8PrivateKey.swift (in target 'Crypto' from project 'swift-crypto')
    cd /Users/sinjunho/Desktop/Taste\ Buddy/ios/TasteBuddy.xcodeproj
    

SwiftCompile normal x86_64 /tmp/TasteBuddyHomeQuestionsQA/SourcePackages/checkouts/swift-crypto/Sources/Crypto/ASN1/SEC1PrivateKey.swift (in target 'Crypto' from project 'swift-crypto')
    cd /Users/sinjunho/Desktop/Taste\ Buddy/ios/TasteBuddy.xcodeproj
    

SwiftCompile normal x86_64 /tmp/TasteBuddyHomeQuestionsQA/SourcePackages/checkouts/swift-crypto/Sources/Crypto/ASN1/SubjectPublicKeyInfo.swift (in target 'Crypto' from project 'swift-crypto')
    cd /Users/sinjunho/Desktop/Taste\ Buddy/ios/TasteBuddy.xcodeproj
    

SwiftDriverJobDiscovery normal x86_64 Compiling Deprecations.swift, FailureObserver.swift (in target 'IssueReporting' from project 'xctest-dynamic-overlay')

SwiftCompile normal x86_64 Compiling\ HMAC.swift,\ MACFunctions.swift,\ MessageAuthenticationCode.swift,\ AES.swift,\ ECDSASignature_boring.swift,\ ECDSA_boring.swift,\ EdDSA_boring.swift,\ MLDSA_boring.swift /tmp/TasteBuddyHomeQuestionsQA/SourcePackages/checkouts/swift-crypto/Sources/Crypto/Message\ Authentication\ Codes/HMAC/HMAC.swift /tmp/TasteBuddyHomeQuestionsQA/SourcePackages/checkouts/swift-crypto/Sources/Crypto/Message\ Authentication\ Codes/MACFunctions.swift /tmp/TasteBuddyHomeQuestionsQA/SourcePackages/checkouts/swift-crypto/Sources/Crypto/Message\ Authentication\ Codes/MessageAuthenticationCode.swift /tmp/TasteBuddyHomeQuestionsQA/SourcePackages/checkouts/swift-crypto/Sources/Crypto/PRF/AES.swift /tmp/TasteBuddyHomeQuestionsQA/SourcePackages/checkouts/swift-crypto/Sources/Crypto/Signatures/BoringSSL/ECDSASignature_boring.swift /tmp/TasteBuddyHomeQuestionsQA/SourcePackages/checkouts/swift-crypto/Sources/Crypto/Signatures/BoringSSL/ECDSA_boring.swift /tmp/TasteBuddyHomeQuestionsQA/SourcePackages/checkouts/swift-crypto/Sources/Crypto/Signatures/BoringSSL/EdDSA_boring.swift /tmp/TasteBuddyHomeQuestionsQA/SourcePackages/checkouts/swift-crypto/Sources/Crypto/Signatures/BoringSSL/MLDSA_boring.swift (in target 'Crypto' from project 'swift-crypto')

SwiftCompile normal x86_64 /tmp/TasteBuddyHomeQuestionsQA/SourcePackages/checkouts/swift-crypto/Sources/Crypto/Message\ Authentication\ Codes/HMAC/HMAC.swift (in target 'Crypto' from project 'swift-crypto')
    cd /Users/sinjunho/Desktop/Taste\ Buddy/ios/TasteBuddy.xcodeproj
    

SwiftCompile normal x86_64 /tmp/TasteBuddyHomeQuestionsQA/SourcePackages/checkouts/swift-crypto/Sources/Crypto/Message\ Authentication\ Codes/MACFunctions.swift (in target 'Crypto' from project 'swift-crypto')
    cd /Users/sinjunho/Desktop/Taste\ Buddy/ios/TasteBuddy.xcodeproj
    

SwiftCompile normal x86_64 /tmp/TasteBuddyHomeQuestionsQA/SourcePackages/checkouts/swift-crypto/Sources/Crypto/Message\ Authentication\ Codes/MessageAuthenticationCode.swift (in target 'Crypto' from project 'swift-crypto')
    cd /Users/sinjunho/Desktop/Taste\ Buddy/ios/TasteBuddy.xcodeproj
    

SwiftCompile normal x86_64 /tmp/TasteBuddyHomeQuestionsQA/SourcePackages/checkouts/swift-crypto/Sources/Crypto/PRF/AES.swift (in target 'Crypto' from project 'swift-crypto')
    cd /Users/sinjunho/Desktop/Taste\ Buddy/ios/TasteBuddy.xcodeproj
    

SwiftCompile normal x86_64 /tmp/TasteBuddyHomeQuestionsQA/SourcePackages/checkouts/swift-crypto/Sources/Crypto/Signatures/BoringSSL/ECDSASignature_boring.swift (in target 'Crypto' from project 'swift-crypto')
    cd /Users/sinjunho/Desktop/Taste\ Buddy/ios/TasteBuddy.xcodeproj
    

SwiftCompile normal x86_64 /tmp/TasteBuddyHomeQuestionsQA/SourcePackages/checkouts/swift-crypto/Sources/Crypto/Signatures/BoringSSL/ECDSA_boring.swift (in target 'Crypto' from project 'swift-crypto')
    cd /Users/sinjunho/Desktop/Taste\ Buddy/ios/TasteBuddy.xcodeproj
    

SwiftCompile normal x86_64 /tmp/TasteBuddyHomeQuestionsQA/SourcePackages/checkouts/swift-crypto/Sources/Crypto/Signatures/BoringSSL/EdDSA_boring.swift (in target 'Crypto' from project 'swift-crypto')
    cd /Users/sinjunho/Desktop/Taste\ Buddy/ios/TasteBuddy.xcodeproj
    

SwiftCompile normal x86_64 /tmp/TasteBuddyHomeQuestionsQA/SourcePackages/checkouts/swift-crypto/Sources/Crypto/Signatures/BoringSSL/MLDSA_boring.swift (in target 'Crypto' from project 'swift-crypto')
    cd /Users/sinjunho/Desktop/Taste\ Buddy/ios/TasteBuddy.xcodeproj
    

SwiftDriverJobDiscovery normal x86_64 Compiling BreakpointReporter.swift, DefaultReporter.swift (in target 'IssueReporting' from project 'xctest-dynamic-overlay')

SwiftDriverJobDiscovery normal x86_64 Compiling HPKE-KEM-Curve25519.swift, HPKE-NIST-EC-KEMs.swift, HPKE-KEM.swift, HPKE-Errors.swift, HPKE.swift, HPKE-Context.swift, HPKE-KeySchedule.swift, HPKE-Modes.swift (in target 'Crypto' from project 'swift-crypto')

SwiftDriver\ Compilation IssueReporting normal x86_64 com.apple.xcode.tools.swift.compiler (in target 'IssueReporting' from project 'xctest-dynamic-overlay')
    cd /Users/sinjunho/Desktop/Taste\ Buddy/ios/TasteBuddy.xcodeproj
    builtin-Swift-Compilation -- /Applications/Xcode.app/Contents/Developer/Toolchains/XcodeDefault.xctoolchain/usr/bin/swiftc -module-name IssueReporting -Onone @/tmp/TasteBuddyHomeQuestionsQA/Build/Intermediates.noindex/xctest-dynamic-overlay.build/Debug-iphonesimulator/IssueReporting.build/Objects-normal/x86_64/IssueReporting.SwiftFileList -DSWIFT_PACKAGE -DDEBUG -DSWIFT_MODULE_RESOURCE_BUNDLE_UNAVAILABLE -DXcode -plugin-path /Applications/Xcode.app/Contents/Developer/Toolchains/XcodeDefault.xctoolchain/usr/lib/swift/host/plugins/testing -enable-experimental-feature DebugDescriptionMacro -sdk /Applications/Xcode.app/Contents/Developer/Platforms/iPhoneSimulator.platform/Developer/SDKs/iPhoneSimulator26.5.sdk -target x86_64-apple-ios13.0-simulator -g -module-cache-path /tmp/TasteBuddyHomeQuestionsQA/ModuleCache.noindex -Xfrontend -serialize-debugging-options -enable-testing -suppress-warnings -index-store-path /tmp/TasteBuddyHomeQuestionsQA/Index.noindex/DataStore -Xcc -D_LIBCPP_HARDENING_MODE\=_LIBCPP_HARDENING_MODE_DEBUG -swift-version 6 -I /tmp/TasteBuddyHomeQuestionsQA/Build/Products/Debug-iphonesimulator -Isystem /Applications/Xcode.app/Contents/Developer/Platforms/iPhoneSimulator.platform/Developer/usr/lib -F /tmp/TasteBuddyHomeQuestionsQA/Build/Products/Debug-iphonesimulator/PackageFrameworks -F /tmp/TasteBuddyHomeQuestionsQA/Build/Products/Debug-iphonesimulator -F /Applications/Xcode.app/Contents/Developer/Platforms/iPhoneSimulator.platform/Developer/Library/Frameworks -F /Applications/Xcode.app/Contents/Developer/Platforms/iPhoneSimulator.platform/Developer/SDKs/iPhoneSimulator26.5.sdk/Developer/Library/Frameworks -c -j12 -enable-batch-mode -incremental -Xcc -ivfsstatcache -Xcc /tmp/TasteBuddyHomeQuestionsQA/SDKStatCaches.noindex/iphonesimulator26.5-23F81a-6cfe768891a92b912361537c460fe42b.sdkstatcache -output-file-map /tmp/TasteBuddyHomeQuestionsQA/Build/Intermediates.noindex/xctest-dynamic-overlay.build/Debug-iphonesimulator/IssueReporting.build/Objects-normal/x86_64/IssueReporting-OutputFileMap.json -use-frontend-parseable-output -save-temps -no-color-diagnostics -explicit-module-build -module-cache-path /tmp/TasteBuddyHomeQuestionsQA/Build/Intermediates.noindex/SwiftExplicitPrecompiledModules -clang-scanner-module-cache-path /tmp/TasteBuddyHomeQuestionsQA/ModuleCache.noindex -sdk-module-cache-path /tmp/TasteBuddyHomeQuestionsQA/ModuleCache.noindex -serialize-diagnostics -emit-dependencies -emit-module -emit-module-path /tmp/TasteBuddyHomeQuestionsQA/Build/Intermediates.noindex/xctest-dynamic-overlay.build/Debug-iphonesimulator/IssueReporting.build/Objects-normal/x86_64/IssueReporting.swiftmodule -user-module-version 1.9.0 -validate-clang-modules-once -clang-build-session-file /tmp/TasteBuddyHomeQuestionsQA/ModuleCache.noindex/Session.modulevalidation -package-name xctest_dynamic_overlay -Xcc -I/tmp/TasteBuddyHomeQuestionsQA/Build/Intermediates.noindex/xctest-dynamic-overlay.build/Debug-iphonesimulator/IssueReporting.build/swift-overrides.hmap -emit-const-values -Xfrontend -const-gather-protocols-file -Xfrontend /tmp/TasteBuddyHomeQuestionsQA/Build/Intermediates.noindex/xctest-dynamic-overlay.build/Debug-iphonesimulator/IssueReporting.build/Objects-normal/x86_64/IssueReporting_const_extract_protocols.json -Xcc -I/tmp/TasteBuddyHomeQuestionsQA/Build/Products/Debug-iphonesimulator/include -Xcc -I/tmp/TasteBuddyHomeQuestionsQA/Build/Intermediates.noindex/xctest-dynamic-overlay.build/Debug-iphonesimulator/IssueReporting.build/DerivedSources-normal/x86_64 -Xcc -I/tmp/TasteBuddyHomeQuestionsQA/Build/Intermediates.noindex/xctest-dynamic-overlay.build/Debug-iphonesimulator/IssueReporting.build/DerivedSources/x86_64 -Xcc -I/tmp/TasteBuddyHomeQuestionsQA/Build/Intermediates.noindex/xctest-dynamic-overlay.build/Debug-iphonesimulator/IssueReporting.build/DerivedSources -Xcc -DSWIFT_PACKAGE -Xcc -DDEBUG\=1 -emit-objc-header -emit-objc-header-path /tmp/TasteBuddyHomeQuestionsQA/Build/Intermediates.noindex/xctest-dynamic-overlay.build/Debug-iphonesimulator/IssueReporting.build/Objects-normal/x86_64/IssueReporting-Swift.h -working-directory /Users/sinjunho/Desktop/Taste\ Buddy/ios/TasteBuddy.xcodeproj -experimental-emit-module-separately -disable-cmo

SwiftCompile normal x86_64 Compiling\ Ed25519_boring.swift,\ NISTCurvesKeys_boring.swift,\ X25519Keys_boring.swift,\ Curve25519.swift,\ Ed25519Keys.swift,\ NISTCurvesKeys.swift,\ X25519Keys.swift,\ SymmetricKeys.swift /tmp/TasteBuddyHomeQuestionsQA/SourcePackages/checkouts/swift-crypto/Sources/Crypto/Keys/EC/BoringSSL/Ed25519_boring.swift /tmp/TasteBuddyHomeQuestionsQA/SourcePackages/checkouts/swift-crypto/Sources/Crypto/Keys/EC/BoringSSL/NISTCurvesKeys_boring.swift /tmp/TasteBuddyHomeQuestionsQA/SourcePackages/checkouts/swift-crypto/Sources/Crypto/Keys/EC/BoringSSL/X25519Keys_boring.swift /tmp/TasteBuddyHomeQuestionsQA/SourcePackages/checkouts/swift-crypto/Sources/Crypto/Keys/EC/Curve25519.swift /tmp/TasteBuddyHomeQuestionsQA/SourcePackages/checkouts/swift-crypto/Sources/Crypto/Keys/EC/Ed25519Keys.swift /tmp/TasteBuddyHomeQuestionsQA/SourcePackages/checkouts/swift-crypto/Sources/Crypto/Keys/EC/NISTCurvesKeys.swift /tmp/TasteBuddyHomeQuestionsQA/SourcePackages/checkouts/swift-crypto/Sources/Crypto/Keys/EC/X25519Keys.swift /tmp/TasteBuddyHomeQuestionsQA/SourcePackages/checkouts/swift-crypto/Sources/Crypto/Keys/Symmetric/SymmetricKeys.swift (in target 'Crypto' from project 'swift-crypto')

SwiftCompile normal x86_64 /tmp/TasteBuddyHomeQuestionsQA/SourcePackages/checkouts/swift-crypto/Sources/Crypto/Keys/EC/BoringSSL/Ed25519_boring.swift (in target 'Crypto' from project 'swift-crypto')
    cd /Users/sinjunho/Desktop/Taste\ Buddy/ios/TasteBuddy.xcodeproj
    

SwiftCompile normal x86_64 /tmp/TasteBuddyHomeQuestionsQA/SourcePackages/checkouts/swift-crypto/Sources/Crypto/Keys/EC/BoringSSL/NISTCurvesKeys_boring.swift (in target 'Crypto' from project 'swift-crypto')
    cd /Users/sinjunho/Desktop/Taste\ Buddy/ios/TasteBuddy.xcodeproj
    

SwiftCompile normal x86_64 /tmp/TasteBuddyHomeQuestionsQA/SourcePackages/checkouts/swift-crypto/Sources/Crypto/Keys/EC/BoringSSL/X25519Keys_boring.swift (in target 'Crypto' from project 'swift-crypto')
    cd /Users/sinjunho/Desktop/Taste\ Buddy/ios/TasteBuddy.xcodeproj
    

SwiftCompile normal x86_64 /tmp/TasteBuddyHomeQuestionsQA/SourcePackages/checkouts/swift-crypto/Sources/Crypto/Keys/EC/Curve25519.swift (in target 'Crypto' from project 'swift-crypto')
    cd /Users/sinjunho/Desktop/Taste\ Buddy/ios/TasteBuddy.xcodeproj
    

SwiftCompile normal x86_64 /tmp/TasteBuddyHomeQuestionsQA/SourcePackages/checkouts/swift-crypto/Sources/Crypto/Keys/EC/Ed25519Keys.swift (in target 'Crypto' from project 'swift-crypto')
    cd /Users/sinjunho/Desktop/Taste\ Buddy/ios/TasteBuddy.xcodeproj
    

SwiftCompile normal x86_64 /tmp/TasteBuddyHomeQuestionsQA/SourcePackages/checkouts/swift-crypto/Sources/Crypto/Keys/EC/NISTCurvesKeys.swift (in target 'Crypto' from project 'swift-crypto')
    cd /Users/sinjunho/Desktop/Taste\ Buddy/ios/TasteBuddy.xcodeproj
    

SwiftCompile normal x86_64 /tmp/TasteBuddyHomeQuestionsQA/SourcePackages/checkouts/swift-crypto/Sources/Crypto/Keys/EC/X25519Keys.swift (in target 'Crypto' from project 'swift-crypto')
    cd /Users/sinjunho/Desktop/Taste\ Buddy/ios/TasteBuddy.xcodeproj
    

SwiftCompile normal x86_64 /tmp/TasteBuddyHomeQuestionsQA/SourcePackages/checkouts/swift-crypto/Sources/Crypto/Keys/Symmetric/SymmetricKeys.swift (in target 'Crypto' from project 'swift-crypto')
    cd /Users/sinjunho/Desktop/Taste\ Buddy/ios/TasteBuddy.xcodeproj
    

SwiftCompile normal x86_64 Compiling\ resource_bundle_accessor.swift,\ AES-GCM.swift,\ AES-GCM_boring.swift,\ ChaChaPoly_boring.swift,\ ChaChaPoly.swift,\ Cipher.swift,\ Nonces.swift,\ ASN1.swift /tmp/TasteBuddyHomeQuestionsQA/Build/Intermediates.noindex/swift-crypto.build/Debug-iphonesimulator/Crypto.build/DerivedSources/resource_bundle_accessor.swift /tmp/TasteBuddyHomeQuestionsQA/SourcePackages/checkouts/swift-crypto/Sources/Crypto/AEADs/AES/GCM/AES-GCM.swift /tmp/TasteBuddyHomeQuestionsQA/SourcePackages/checkouts/swift-crypto/Sources/Crypto/AEADs/AES/GCM/BoringSSL/AES-GCM_boring.swift /tmp/TasteBuddyHomeQuestionsQA/SourcePackages/checkouts/swift-crypto/Sources/Crypto/AEADs/ChachaPoly/BoringSSL/ChaChaPoly_boring.swift /tmp/TasteBuddyHomeQuestionsQA/SourcePackages/checkouts/swift-crypto/Sources/Crypto/AEADs/ChachaPoly/ChaChaPoly.swift /tmp/TasteBuddyHomeQuestionsQA/SourcePackages/checkouts/swift-crypto/Sources/Crypto/AEADs/Cipher.swift /tmp/TasteBuddyHomeQuestionsQA/SourcePackages/checkouts/swift-crypto/Sources/Crypto/AEADs/Nonces.swift /tmp/TasteBuddyHomeQuestionsQA/SourcePackages/checkouts/swift-crypto/Sources/Crypto/ASN1/ASN1.swift (in target 'Crypto' from project 'swift-crypto')

SwiftCompile normal x86_64 /tmp/TasteBuddyHomeQuestionsQA/Build/Intermediates.noindex/swift-crypto.build/Debug-iphonesimulator/Crypto.build/DerivedSources/resource_bundle_accessor.swift (in target 'Crypto' from project 'swift-crypto')
    cd /Users/sinjunho/Desktop/Taste\ Buddy/ios/TasteBuddy.xcodeproj
    

SwiftCompile normal x86_64 /tmp/TasteBuddyHomeQuestionsQA/SourcePackages/checkouts/swift-crypto/Sources/Crypto/AEADs/AES/GCM/AES-GCM.swift (in target 'Crypto' from project 'swift-crypto')
    cd /Users/sinjunho/Desktop/Taste\ Buddy/ios/TasteBuddy.xcodeproj
    

SwiftCompile normal x86_64 /tmp/TasteBuddyHomeQuestionsQA/SourcePackages/checkouts/swift-crypto/Sources/Crypto/AEADs/AES/GCM/BoringSSL/AES-GCM_boring.swift (in target 'Crypto' from project 'swift-crypto')
    cd /Users/sinjunho/Desktop/Taste\ Buddy/ios/TasteBuddy.xcodeproj
    

SwiftCompile normal x86_64 /tmp/TasteBuddyHomeQuestionsQA/SourcePackages/checkouts/swift-crypto/Sources/Crypto/AEADs/ChachaPoly/BoringSSL/ChaChaPoly_boring.swift (in target 'Crypto' from project 'swift-crypto')
    cd /Users/sinjunho/Desktop/Taste\ Buddy/ios/TasteBuddy.xcodeproj
    

SwiftCompile normal x86_64 /tmp/TasteBuddyHomeQuestionsQA/SourcePackages/checkouts/swift-crypto/Sources/Crypto/AEADs/ChachaPoly/ChaChaPoly.swift (in target 'Crypto' from project 'swift-crypto')
    cd /Users/sinjunho/Desktop/Taste\ Buddy/ios/TasteBuddy.xcodeproj
    

SwiftCompile normal x86_64 /tmp/TasteBuddyHomeQuestionsQA/SourcePackages/checkouts/swift-crypto/Sources/Crypto/AEADs/Cipher.swift (in target 'Crypto' from project 'swift-crypto')
    cd /Users/sinjunho/Desktop/Taste\ Buddy/ios/TasteBuddy.xcodeproj
    

SwiftCompile normal x86_64 /tmp/TasteBuddyHomeQuestionsQA/SourcePackages/checkouts/swift-crypto/Sources/Crypto/AEADs/Nonces.swift (in target 'Crypto' from project 'swift-crypto')
    cd /Users/sinjunho/Desktop/Taste\ Buddy/ios/TasteBuddy.xcodeproj
    

SwiftCompile normal x86_64 /tmp/TasteBuddyHomeQuestionsQA/SourcePackages/checkouts/swift-crypto/Sources/Crypto/ASN1/ASN1.swift (in target 'Crypto' from project 'swift-crypto')
    cd /Users/sinjunho/Desktop/Taste\ Buddy/ios/TasteBuddy.xcodeproj
    

SwiftDriverJobDiscovery normal x86_64 Compiling ASN1Any.swift, ASN1BitString.swift, ASN1Boolean.swift, ASN1Identifier.swift, ASN1Integer.swift, ASN1Null.swift, ASN1OctetString.swift, ASN1Strings.swift (in target 'Crypto' from project 'swift-crypto')

SwiftCompile normal x86_64 Compiling\ Digest_xkcp.swift,\ HPKE-AEAD.swift,\ HPKE-Ciphersuite.swift,\ HPKE-KDF.swift,\ HPKE-KexKeyDerivation.swift,\ HPKE-LabeledExtract.swift,\ HPKE-Utils.swift,\ DHKEM.swift /tmp/TasteBuddyHomeQuestionsQA/SourcePackages/checkouts/swift-crypto/Sources/Crypto/Digests/XKCP/Digest_xkcp.swift /tmp/TasteBuddyHomeQuestionsQA/SourcePackages/checkouts/swift-crypto/Sources/Crypto/HPKE/Ciphersuite/HPKE-AEAD.swift /tmp/TasteBuddyHomeQuestionsQA/SourcePackages/checkouts/swift-crypto/Sources/Crypto/HPKE/Ciphersuite/HPKE-Ciphersuite.swift /tmp/TasteBuddyHomeQuestionsQA/SourcePackages/checkouts/swift-crypto/Sources/Crypto/HPKE/Ciphersuite/HPKE-KDF.swift /tmp/TasteBuddyHomeQuestionsQA/SourcePackages/checkouts/swift-crypto/Sources/Crypto/HPKE/Ciphersuite/HPKE-KexKeyDerivation.swift /tmp/TasteBuddyHomeQuestionsQA/SourcePackages/checkouts/swift-crypto/Sources/Crypto/HPKE/Ciphersuite/HPKE-LabeledExtract.swift /tmp/TasteBuddyHomeQuestionsQA/SourcePackages/checkouts/swift-crypto/Sources/Crypto/HPKE/Ciphersuite/HPKE-Utils.swift /tmp/TasteBuddyHomeQuestionsQA/SourcePackages/checkouts/swift-crypto/Sources/Crypto/HPKE/Ciphersuite/KEM/Conformances/DHKEM.swift (in target 'Crypto' from project 'swift-crypto')

SwiftCompile normal x86_64 /tmp/TasteBuddyHomeQuestionsQA/SourcePackages/checkouts/swift-crypto/Sources/Crypto/Digests/XKCP/Digest_xkcp.swift (in target 'Crypto' from project 'swift-crypto')
    cd /Users/sinjunho/Desktop/Taste\ Buddy/ios/TasteBuddy.xcodeproj
    

SwiftCompile normal x86_64 /tmp/TasteBuddyHomeQuestionsQA/SourcePackages/checkouts/swift-crypto/Sources/Crypto/HPKE/Ciphersuite/HPKE-AEAD.swift (in target 'Crypto' from project 'swift-crypto')
    cd /Users/sinjunho/Desktop/Taste\ Buddy/ios/TasteBuddy.xcodeproj
    

SwiftCompile normal x86_64 /tmp/TasteBuddyHomeQuestionsQA/SourcePackages/checkouts/swift-crypto/Sources/Crypto/HPKE/Ciphersuite/HPKE-Ciphersuite.swift (in target 'Crypto' from project 'swift-crypto')
    cd /Users/sinjunho/Desktop/Taste\ Buddy/ios/TasteBuddy.xcodeproj
    

SwiftCompile normal x86_64 /tmp/TasteBuddyHomeQuestionsQA/SourcePackages/checkouts/swift-crypto/Sources/Crypto/HPKE/Ciphersuite/HPKE-KDF.swift (in target 'Crypto' from project 'swift-crypto')
    cd /Users/sinjunho/Desktop/Taste\ Buddy/ios/TasteBuddy.xcodeproj
    

SwiftCompile normal x86_64 /tmp/TasteBuddyHomeQuestionsQA/SourcePackages/checkouts/swift-crypto/Sources/Crypto/HPKE/Ciphersuite/HPKE-KexKeyDerivation.swift (in target 'Crypto' from project 'swift-crypto')
    cd /Users/sinjunho/Desktop/Taste\ Buddy/ios/TasteBuddy.xcodeproj
    

SwiftCompile normal x86_64 /tmp/TasteBuddyHomeQuestionsQA/SourcePackages/checkouts/swift-crypto/Sources/Crypto/HPKE/Ciphersuite/HPKE-LabeledExtract.swift (in target 'Crypto' from project 'swift-crypto')
    cd /Users/sinjunho/Desktop/Taste\ Buddy/ios/TasteBuddy.xcodeproj
    

SwiftCompile normal x86_64 /tmp/TasteBuddyHomeQuestionsQA/SourcePackages/checkouts/swift-crypto/Sources/Crypto/HPKE/Ciphersuite/HPKE-Utils.swift (in target 'Crypto' from project 'swift-crypto')
    cd /Users/sinjunho/Desktop/Taste\ Buddy/ios/TasteBuddy.xcodeproj
    

SwiftCompile normal x86_64 /tmp/TasteBuddyHomeQuestionsQA/SourcePackages/checkouts/swift-crypto/Sources/Crypto/HPKE/Ciphersuite/KEM/Conformances/DHKEM.swift (in target 'Crypto' from project 'swift-crypto')
    cd /Users/sinjunho/Desktop/Taste\ Buddy/ios/TasteBuddy.xcodeproj
    

SwiftDriverJobDiscovery normal x86_64 Compiling Insecure.swift, Insecure_HashFunctions.swift, MLKEM_boring.swift, MLKEM_wrapper.swift, XWing_boring.swift, KEM-Errors.swift, KEM.swift, MLKEM.swift (in target 'Crypto' from project 'swift-crypto')

SwiftCompile normal x86_64 Compiling\ CryptoError_boring.swift,\ CryptoKitErrors.swift,\ Digest_boring.swift,\ Digest.swift,\ Digests.swift,\ HashFunctions.swift,\ HashFunctions_SHA2.swift,\ HashFunctions_SHA3.swift /tmp/TasteBuddyHomeQuestionsQA/SourcePackages/checkouts/swift-crypto/Sources/Crypto/CryptoError_boring.swift /tmp/TasteBuddyHomeQuestionsQA/SourcePackages/checkouts/swift-crypto/Sources/Crypto/CryptoKitErrors.swift /tmp/TasteBuddyHomeQuestionsQA/SourcePackages/checkouts/swift-crypto/Sources/Crypto/Digests/BoringSSL/Digest_boring.swift /tmp/TasteBuddyHomeQuestionsQA/SourcePackages/checkouts/swift-crypto/Sources/Crypto/Digests/Digest.swift /tmp/TasteBuddyHomeQuestionsQA/SourcePackages/checkouts/swift-crypto/Sources/Crypto/Digests/Digests.swift /tmp/TasteBuddyHomeQuestionsQA/SourcePackages/checkouts/swift-crypto/Sources/Crypto/Digests/HashFunctions.swift /tmp/TasteBuddyHomeQuestionsQA/SourcePackages/checkouts/swift-crypto/Sources/Crypto/Digests/HashFunctions_SHA2.swift /tmp/TasteBuddyHomeQuestionsQA/SourcePackages/checkouts/swift-crypto/Sources/Crypto/Digests/HashFunctions_SHA3.swift (in target 'Crypto' from project 'swift-crypto')

SwiftCompile normal x86_64 /tmp/TasteBuddyHomeQuestionsQA/SourcePackages/checkouts/swift-crypto/Sources/Crypto/CryptoError_boring.swift (in target 'Crypto' from project 'swift-crypto')
    cd /Users/sinjunho/Desktop/Taste\ Buddy/ios/TasteBuddy.xcodeproj
    

SwiftCompile normal x86_64 /tmp/TasteBuddyHomeQuestionsQA/SourcePackages/checkouts/swift-crypto/Sources/Crypto/CryptoKitErrors.swift (in target 'Crypto' from project 'swift-crypto')
    cd /Users/sinjunho/Desktop/Taste\ Buddy/ios/TasteBuddy.xcodeproj
    

SwiftCompile normal x86_64 /tmp/TasteBuddyHomeQuestionsQA/SourcePackages/checkouts/swift-crypto/Sources/Crypto/Digests/BoringSSL/Digest_boring.swift (in target 'Crypto' from project 'swift-crypto')
    cd /Users/sinjunho/Desktop/Taste\ Buddy/ios/TasteBuddy.xcodeproj
    

SwiftCompile normal x86_64 /tmp/TasteBuddyHomeQuestionsQA/SourcePackages/checkouts/swift-crypto/Sources/Crypto/Digests/Digest.swift (in target 'Crypto' from project 'swift-crypto')
    cd /Users/sinjunho/Desktop/Taste\ Buddy/ios/TasteBuddy.xcodeproj
    

SwiftCompile normal x86_64 /tmp/TasteBuddyHomeQuestionsQA/SourcePackages/checkouts/swift-crypto/Sources/Crypto/Digests/Digests.swift (in target 'Crypto' from project 'swift-crypto')
    cd /Users/sinjunho/Desktop/Taste\ Buddy/ios/TasteBuddy.xcodeproj
    

SwiftCompile normal x86_64 /tmp/TasteBuddyHomeQuestionsQA/SourcePackages/checkouts/swift-crypto/Sources/Crypto/Digests/HashFunctions.swift (in target 'Crypto' from project 'swift-crypto')
    cd /Users/sinjunho/Desktop/Taste\ Buddy/ios/TasteBuddy.xcodeproj
    

SwiftCompile normal x86_64 /tmp/TasteBuddyHomeQuestionsQA/SourcePackages/checkouts/swift-crypto/Sources/Crypto/Digests/HashFunctions_SHA2.swift (in target 'Crypto' from project 'swift-crypto')
    cd /Users/sinjunho/Desktop/Taste\ Buddy/ios/TasteBuddy.xcodeproj
    

SwiftCompile normal x86_64 /tmp/TasteBuddyHomeQuestionsQA/SourcePackages/checkouts/swift-crypto/Sources/Crypto/Digests/HashFunctions_SHA3.swift (in target 'Crypto' from project 'swift-crypto')
    cd /Users/sinjunho/Desktop/Taste\ Buddy/ios/TasteBuddy.xcodeproj
    

SwiftDriverJobDiscovery normal x86_64 Compiling MLDSA_wrapper.swift, ECDSA.swift, Ed25519.swift, MLDSA.swift, Signature.swift, CryptoKitErrors_boring.swift, Optional+withUnsafeBytes_boring.swift, RNG_boring.swift (in target 'Crypto' from project 'swift-crypto')

SwiftCompile normal x86_64 Compiling\ SafeCompare_boring.swift,\ Zeroization_boring.swift,\ _CryptoModuleAnchor.swift,\ PrettyBytes.swift,\ SafeCompare.swift,\ SecureBytes.swift,\ Zeroization.swift /tmp/TasteBuddyHomeQuestionsQA/SourcePackages/checkouts/swift-crypto/Sources/Crypto/Util/BoringSSL/SafeCompare_boring.swift /tmp/TasteBuddyHomeQuestionsQA/SourcePackages/checkouts/swift-crypto/Sources/Crypto/Util/BoringSSL/Zeroization_boring.swift /tmp/TasteBuddyHomeQuestionsQA/SourcePackages/checkouts/swift-crypto/Sources/Crypto/Util/BoringSSL/_CryptoModuleAnchor.swift /tmp/TasteBuddyHomeQuestionsQA/SourcePackages/checkouts/swift-crypto/Sources/Crypto/Util/PrettyBytes.swift /tmp/TasteBuddyHomeQuestionsQA/SourcePackages/checkouts/swift-crypto/Sources/Crypto/Util/SafeCompare.swift /tmp/TasteBuddyHomeQuestionsQA/SourcePackages/checkouts/swift-crypto/Sources/Crypto/Util/SecureBytes.swift /tmp/TasteBuddyHomeQuestionsQA/SourcePackages/checkouts/swift-crypto/Sources/Crypto/Util/Zeroization.swift (in target 'Crypto' from project 'swift-crypto')

SwiftCompile normal x86_64 /tmp/TasteBuddyHomeQuestionsQA/SourcePackages/checkouts/swift-crypto/Sources/Crypto/Util/BoringSSL/SafeCompare_boring.swift (in target 'Crypto' from project 'swift-crypto')
    cd /Users/sinjunho/Desktop/Taste\ Buddy/ios/TasteBuddy.xcodeproj
    

SwiftCompile normal x86_64 /tmp/TasteBuddyHomeQuestionsQA/SourcePackages/checkouts/swift-crypto/Sources/Crypto/Util/BoringSSL/Zeroization_boring.swift (in target 'Crypto' from project 'swift-crypto')
    cd /Users/sinjunho/Desktop/Taste\ Buddy/ios/TasteBuddy.xcodeproj
    

SwiftCompile normal x86_64 /tmp/TasteBuddyHomeQuestionsQA/SourcePackages/checkouts/swift-crypto/Sources/Crypto/Util/BoringSSL/_CryptoModuleAnchor.swift (in target 'Crypto' from project 'swift-crypto')
    cd /Users/sinjunho/Desktop/Taste\ Buddy/ios/TasteBuddy.xcodeproj
    

SwiftCompile normal x86_64 /tmp/TasteBuddyHomeQuestionsQA/SourcePackages/checkouts/swift-crypto/Sources/Crypto/Util/PrettyBytes.swift (in target 'Crypto' from project 'swift-crypto')
    cd /Users/sinjunho/Desktop/Taste\ Buddy/ios/TasteBuddy.xcodeproj
    

SwiftCompile normal x86_64 /tmp/TasteBuddyHomeQuestionsQA/SourcePackages/checkouts/swift-crypto/Sources/Crypto/Util/SafeCompare.swift (in target 'Crypto' from project 'swift-crypto')
    cd /Users/sinjunho/Desktop/Taste\ Buddy/ios/TasteBuddy.xcodeproj
    

SwiftCompile normal x86_64 /tmp/TasteBuddyHomeQuestionsQA/SourcePackages/checkouts/swift-crypto/Sources/Crypto/Util/SecureBytes.swift (in target 'Crypto' from project 'swift-crypto')
    cd /Users/sinjunho/Desktop/Taste\ Buddy/ios/TasteBuddy.xcodeproj
    

SwiftCompile normal x86_64 /tmp/TasteBuddyHomeQuestionsQA/SourcePackages/checkouts/swift-crypto/Sources/Crypto/Util/Zeroization.swift (in target 'Crypto' from project 'swift-crypto')
    cd /Users/sinjunho/Desktop/Taste\ Buddy/ios/TasteBuddy.xcodeproj
    

SwiftDriverJobDiscovery normal x86_64 Compiling ArraySliceBigint.swift, GeneralizedTime.swift, ObjectIdentifier.swift, ECDSASignature.swift, PEMDocument.swift, PKCS8PrivateKey.swift, SEC1PrivateKey.swift, SubjectPublicKeyInfo.swift (in target 'Crypto' from project 'swift-crypto')

SwiftDriverJobDiscovery normal x86_64 Compiling ISOLatin1String.swift (in target 'HTTPTypes' from project 'swift-http-types')

SwiftCompile normal x86_64 Compiling\ AnyHashableSendable.swift /tmp/TasteBuddyHomeQuestionsQA/SourcePackages/checkouts/swift-concurrency-extras/Sources/ConcurrencyExtras/AnyHashableSendable.swift (in target 'ConcurrencyExtras' from project 'swift-concurrency-extras')

SwiftCompile normal x86_64 /tmp/TasteBuddyHomeQuestionsQA/SourcePackages/checkouts/swift-concurrency-extras/Sources/ConcurrencyExtras/AnyHashableSendable.swift (in target 'ConcurrencyExtras' from project 'swift-concurrency-extras')
    cd /Users/sinjunho/Desktop/Taste\ Buddy/ios/TasteBuddy.xcodeproj
    

SwiftCompile normal x86_64 Compiling\ UncheckedSendable.swift /tmp/TasteBuddyHomeQuestionsQA/SourcePackages/checkouts/swift-concurrency-extras/Sources/ConcurrencyExtras/UncheckedSendable.swift (in target 'ConcurrencyExtras' from project 'swift-concurrency-extras')

SwiftCompile normal x86_64 /tmp/TasteBuddyHomeQuestionsQA/SourcePackages/checkouts/swift-concurrency-extras/Sources/ConcurrencyExtras/UncheckedSendable.swift (in target 'ConcurrencyExtras' from project 'swift-concurrency-extras')
    cd /Users/sinjunho/Desktop/Taste\ Buddy/ios/TasteBuddy.xcodeproj
    

SwiftDriverJobDiscovery normal x86_64 Compiling XWing.swift, ECDH_boring.swift, DH.swift, ECDH.swift, ANSIx963.swift, HKDF.swift, AESWrap.swift, AESWrap_boring.swift (in target 'Crypto' from project 'swift-crypto')

SwiftDriverJobDiscovery normal x86_64 Compiling HTTPRequest+URL.swift (in target 'HTTPTypes' from project 'swift-http-types')

SwiftCompile normal x86_64 Compiling\ MainSerialExecutor.swift /tmp/TasteBuddyHomeQuestionsQA/SourcePackages/checkouts/swift-concurrency-extras/Sources/ConcurrencyExtras/MainSerialExecutor.swift (in target 'ConcurrencyExtras' from project 'swift-concurrency-extras')

SwiftCompile normal x86_64 /tmp/TasteBuddyHomeQuestionsQA/SourcePackages/checkouts/swift-concurrency-extras/Sources/ConcurrencyExtras/MainSerialExecutor.swift (in target 'ConcurrencyExtras' from project 'swift-concurrency-extras')
    cd /Users/sinjunho/Desktop/Taste\ Buddy/ios/TasteBuddy.xcodeproj
    

SwiftDriverJobDiscovery normal x86_64 Compiling HMAC.swift, MACFunctions.swift, MessageAuthenticationCode.swift, AES.swift, ECDSASignature_boring.swift, ECDSA_boring.swift, EdDSA_boring.swift, MLDSA_boring.swift (in target 'Crypto' from project 'swift-crypto')

SwiftCompile normal x86_64 Compiling\ AsyncStream.swift /tmp/TasteBuddyHomeQuestionsQA/SourcePackages/checkouts/swift-concurrency-extras/Sources/ConcurrencyExtras/AsyncStream.swift (in target 'ConcurrencyExtras' from project 'swift-concurrency-extras')

SwiftCompile normal x86_64 /tmp/TasteBuddyHomeQuestionsQA/SourcePackages/checkouts/swift-concurrency-extras/Sources/ConcurrencyExtras/AsyncStream.swift (in target 'ConcurrencyExtras' from project 'swift-concurrency-extras')
    cd /Users/sinjunho/Desktop/Taste\ Buddy/ios/TasteBuddy.xcodeproj
    

SwiftCompile normal x86_64 Compiling\ UncheckedBox.swift /tmp/TasteBuddyHomeQuestionsQA/SourcePackages/checkouts/swift-concurrency-extras/Sources/ConcurrencyExtras/Internal/UncheckedBox.swift (in target 'ConcurrencyExtras' from project 'swift-concurrency-extras')

SwiftCompile normal x86_64 /tmp/TasteBuddyHomeQuestionsQA/SourcePackages/checkouts/swift-concurrency-extras/Sources/ConcurrencyExtras/Internal/UncheckedBox.swift (in target 'ConcurrencyExtras' from project 'swift-concurrency-extras')
    cd /Users/sinjunho/Desktop/Taste\ Buddy/ios/TasteBuddy.xcodeproj
    

SwiftDriverJobDiscovery normal x86_64 Compiling Digest_xkcp.swift, HPKE-AEAD.swift, HPKE-Ciphersuite.swift, HPKE-KDF.swift, HPKE-KexKeyDerivation.swift, HPKE-LabeledExtract.swift, HPKE-Utils.swift, DHKEM.swift (in target 'Crypto' from project 'swift-crypto')

SwiftDriverJobDiscovery normal x86_64 Compiling Ed25519_boring.swift, NISTCurvesKeys_boring.swift, X25519Keys_boring.swift, Curve25519.swift, Ed25519Keys.swift, NISTCurvesKeys.swift, X25519Keys.swift, SymmetricKeys.swift (in target 'Crypto' from project 'swift-crypto')

SwiftCompile normal x86_64 Compiling\ LockIsolated.swift /tmp/TasteBuddyHomeQuestionsQA/SourcePackages/checkouts/swift-concurrency-extras/Sources/ConcurrencyExtras/LockIsolated.swift (in target 'ConcurrencyExtras' from project 'swift-concurrency-extras')

SwiftCompile normal x86_64 /tmp/TasteBuddyHomeQuestionsQA/SourcePackages/checkouts/swift-concurrency-extras/Sources/ConcurrencyExtras/LockIsolated.swift (in target 'ConcurrencyExtras' from project 'swift-concurrency-extras')
    cd /Users/sinjunho/Desktop/Taste\ Buddy/ios/TasteBuddy.xcodeproj
    

SwiftCompile normal x86_64 Compiling\ Result.swift /tmp/TasteBuddyHomeQuestionsQA/SourcePackages/checkouts/swift-concurrency-extras/Sources/ConcurrencyExtras/Result.swift (in target 'ConcurrencyExtras' from project 'swift-concurrency-extras')

SwiftCompile normal x86_64 /tmp/TasteBuddyHomeQuestionsQA/SourcePackages/checkouts/swift-concurrency-extras/Sources/ConcurrencyExtras/Result.swift (in target 'ConcurrencyExtras' from project 'swift-concurrency-extras')
    cd /Users/sinjunho/Desktop/Taste\ Buddy/ios/TasteBuddy.xcodeproj
    

SwiftDriverJobDiscovery normal x86_64 Compiling CryptoError_boring.swift, CryptoKitErrors.swift, Digest_boring.swift, Digest.swift, Digests.swift, HashFunctions.swift, HashFunctions_SHA2.swift, HashFunctions_SHA3.swift (in target 'Crypto' from project 'swift-crypto')

SwiftCompile normal x86_64 Compiling\ Task.swift /tmp/TasteBuddyHomeQuestionsQA/SourcePackages/checkouts/swift-concurrency-extras/Sources/ConcurrencyExtras/Task.swift (in target 'ConcurrencyExtras' from project 'swift-concurrency-extras')

SwiftCompile normal x86_64 /tmp/TasteBuddyHomeQuestionsQA/SourcePackages/checkouts/swift-concurrency-extras/Sources/ConcurrencyExtras/Task.swift (in target 'ConcurrencyExtras' from project 'swift-concurrency-extras')
    cd /Users/sinjunho/Desktop/Taste\ Buddy/ios/TasteBuddy.xcodeproj
    

SwiftDriverJobDiscovery normal x86_64 Compiling MainSerialExecutor.swift (in target 'ConcurrencyExtras' from project 'swift-concurrency-extras')

SwiftCompile normal x86_64 Compiling\ Locking.swift /tmp/TasteBuddyHomeQuestionsQA/SourcePackages/checkouts/swift-concurrency-extras/Sources/ConcurrencyExtras/Internal/Locking.swift (in target 'ConcurrencyExtras' from project 'swift-concurrency-extras')

SwiftCompile normal x86_64 /tmp/TasteBuddyHomeQuestionsQA/SourcePackages/checkouts/swift-concurrency-extras/Sources/ConcurrencyExtras/Internal/Locking.swift (in target 'ConcurrencyExtras' from project 'swift-concurrency-extras')
    cd /Users/sinjunho/Desktop/Taste\ Buddy/ios/TasteBuddy.xcodeproj
    

SwiftDriverJobDiscovery normal x86_64 Compiling UncheckedSendable.swift (in target 'ConcurrencyExtras' from project 'swift-concurrency-extras')

SwiftCompile normal x86_64 Compiling\ AsyncThrowingStream.swift /tmp/TasteBuddyHomeQuestionsQA/SourcePackages/checkouts/swift-concurrency-extras/Sources/ConcurrencyExtras/AsyncThrowingStream.swift (in target 'ConcurrencyExtras' from project 'swift-concurrency-extras')

SwiftCompile normal x86_64 /tmp/TasteBuddyHomeQuestionsQA/SourcePackages/checkouts/swift-concurrency-extras/Sources/ConcurrencyExtras/AsyncThrowingStream.swift (in target 'ConcurrencyExtras' from project 'swift-concurrency-extras')
    cd /Users/sinjunho/Desktop/Taste\ Buddy/ios/TasteBuddy.xcodeproj
    

SwiftDriverJobDiscovery normal x86_64 Compiling AnyHashableSendable.swift (in target 'ConcurrencyExtras' from project 'swift-concurrency-extras')

SwiftCompile normal x86_64 Compiling\ ActorIsolated.swift /tmp/TasteBuddyHomeQuestionsQA/SourcePackages/checkouts/swift-concurrency-extras/Sources/ConcurrencyExtras/ActorIsolated.swift (in target 'ConcurrencyExtras' from project 'swift-concurrency-extras')

SwiftCompile normal x86_64 /tmp/TasteBuddyHomeQuestionsQA/SourcePackages/checkouts/swift-concurrency-extras/Sources/ConcurrencyExtras/ActorIsolated.swift (in target 'ConcurrencyExtras' from project 'swift-concurrency-extras')
    cd /Users/sinjunho/Desktop/Taste\ Buddy/ios/TasteBuddy.xcodeproj
    

SwiftDriverJobDiscovery normal x86_64 Compiling UncheckedBox.swift (in target 'ConcurrencyExtras' from project 'swift-concurrency-extras')

SwiftDriverJobDiscovery normal x86_64 Compiling resource_bundle_accessor.swift, AES-GCM.swift, AES-GCM_boring.swift, ChaChaPoly_boring.swift, ChaChaPoly.swift, Cipher.swift, Nonces.swift, ASN1.swift (in target 'Crypto' from project 'swift-crypto')

Ld /tmp/TasteBuddyHomeQuestionsQA/Build/Products/Debug-iphonesimulator/IssueReporting.o normal (in target 'IssueReporting' from project 'xctest-dynamic-overlay')
    cd /tmp/TasteBuddyHomeQuestionsQA/SourcePackages/checkouts/xctest-dynamic-overlay
    /Applications/Xcode.app/Contents/Developer/Toolchains/XcodeDefault.xctoolchain/usr/bin/clang -Xlinker -reproducible -target x86_64-apple-ios13.0-simulator -r -isysroot /Applications/Xcode.app/Contents/Developer/Platforms/iPhoneSimulator.platform/Developer/SDKs/iPhoneSimulator26.5.sdk -O0 -w -F/tmp/TasteBuddyHomeQuestionsQA/Build/Intermediates.noindex/EagerLinkingTBDs/Debug-iphonesimulator -F/tmp/TasteBuddyHomeQuestionsQA/Build/Products/Debug-iphonesimulator/PackageFrameworks -F/tmp/TasteBuddyHomeQuestionsQA/Build/Products/Debug-iphonesimulator -iframework /Applications/Xcode.app/Contents/Developer/Platforms/iPhoneSimulator.platform/Developer/Library/Frameworks -iframework /Applications/Xcode.app/Contents/Developer/Platforms/iPhoneSimulator.platform/Developer/SDKs/iPhoneSimulator26.5.sdk/Developer/Library/Frameworks -filelist /tmp/TasteBuddyHomeQuestionsQA/Build/Intermediates.noindex/xctest-dynamic-overlay.build/Debug-iphonesimulator/IssueReporting.build/Objects-normal/x86_64/IssueReporting.LinkFileList -nostdlib -Xlinker -object_path_lto -Xlinker /tmp/TasteBuddyHomeQuestionsQA/Build/Intermediates.noindex/xctest-dynamic-overlay.build/Debug-iphonesimulator/IssueReporting.build/Objects-normal/x86_64/IssueReporting_lto.o -Xlinker -no_deduplicate -Xlinker -objc_abi_version -Xlinker 2 -Xlinker -dependency_info -Xlinker /tmp/TasteBuddyHomeQuestionsQA/Build/Intermediates.noindex/xctest-dynamic-overlay.build/Debug-iphonesimulator/IssueReporting.build/Objects-normal/x86_64/IssueReporting_dependency_info.dat -fobjc-link-runtime -L/Applications/Xcode.app/Contents/Developer/Toolchains/XcodeDefault.xctoolchain/usr/lib/swift/iphonesimulator -L/usr/lib/swift -Xlinker -add_ast_path -Xlinker /tmp/TasteBuddyHomeQuestionsQA/Build/Intermediates.noindex/xctest-dynamic-overlay.build/Debug-iphonesimulator/IssueReporting.build/Objects-normal/x86_64/IssueReporting.swiftmodule @/tmp/TasteBuddyHomeQuestionsQA/Build/Intermediates.noindex/xctest-dynamic-overlay.build/Debug-iphonesimulator/IssueReporting.build/Objects-normal/x86_64/IssueReporting-linker-args.resp -o /tmp/TasteBuddyHomeQuestionsQA/Build/Products/Debug-iphonesimulator/IssueReporting.o

SwiftDriverJobDiscovery normal x86_64 Compiling Result.swift (in target 'ConcurrencyExtras' from project 'swift-concurrency-extras')

SwiftDriver XCTestDynamicOverlay normal x86_64 com.apple.xcode.tools.swift.compiler (in target 'XCTestDynamicOverlay' from project 'xctest-dynamic-overlay')
    cd /Users/sinjunho/Desktop/Taste\ Buddy/ios/TasteBuddy.xcodeproj
    builtin-SwiftDriver -- /Applications/Xcode.app/Contents/Developer/Toolchains/XcodeDefault.xctoolchain/usr/bin/swiftc -module-name XCTestDynamicOverlay -Onone @/tmp/TasteBuddyHomeQuestionsQA/Build/Intermediates.noindex/xctest-dynamic-overlay.build/Debug-iphonesimulator/XCTestDynamicOverlay.build/Objects-normal/x86_64/XCTestDynamicOverlay.SwiftFileList -DSWIFT_PACKAGE -DDEBUG -DSWIFT_MODULE_RESOURCE_BUNDLE_UNAVAILABLE -DXcode -plugin-path /Applications/Xcode.app/Contents/Developer/Toolchains/XcodeDefault.xctoolchain/usr/lib/swift/host/plugins/testing -enable-experimental-feature DebugDescriptionMacro -sdk /Applications/Xcode.app/Contents/Developer/Platforms/iPhoneSimulator.platform/Developer/SDKs/iPhoneSimulator26.5.sdk -target x86_64-apple-ios13.0-simulator -g -module-cache-path /tmp/TasteBuddyHomeQuestionsQA/ModuleCache.noindex -Xfrontend -serialize-debugging-options -enable-testing -suppress-warnings -index-store-path /tmp/TasteBuddyHomeQuestionsQA/Index.noindex/DataStore -Xcc -D_LIBCPP_HARDENING_MODE\=_LIBCPP_HARDENING_MODE_DEBUG -swift-version 6 -I /tmp/TasteBuddyHomeQuestionsQA/Build/Products/Debug-iphonesimulator -Isystem /Applications/Xcode.app/Contents/Developer/Platforms/iPhoneSimulator.platform/Developer/usr/lib -F /tmp/TasteBuddyHomeQuestionsQA/Build/Products/Debug-iphonesimulator/PackageFrameworks -F /tmp/TasteBuddyHomeQuestionsQA/Build/Products/Debug-iphonesimulator/PackageFrameworks -F /tmp/TasteBuddyHomeQuestionsQA/Build/Products/Debug-iphonesimulator -F /Applications/Xcode.app/Contents/Developer/Platforms/iPhoneSimulator.platform/Developer/Library/Frameworks -F /Applications/Xcode.app/Contents/Developer/Platforms/iPhoneSimulator.platform/Developer/SDKs/iPhoneSimulator26.5.sdk/Developer/Library/Frameworks -c -j12 -enable-batch-mode -incremental -Xcc -ivfsstatcache -Xcc /tmp/TasteBuddyHomeQuestionsQA/SDKStatCaches.noindex/iphonesimulator26.5-23F81a-6cfe768891a92b912361537c460fe42b.sdkstatcache -output-file-map /tmp/TasteBuddyHomeQuestionsQA/Build/Intermediates.noindex/xctest-dynamic-overlay.build/Debug-iphonesimulator/XCTestDynamicOverlay.build/Objects-normal/x86_64/XCTestDynamicOverlay-OutputFileMap.json -use-frontend-parseable-output -save-temps -no-color-diagnostics -explicit-module-build -module-cache-path /tmp/TasteBuddyHomeQuestionsQA/Build/Intermediates.noindex/SwiftExplicitPrecompiledModules -clang-scanner-module-cache-path /tmp/TasteBuddyHomeQuestionsQA/ModuleCache.noindex -sdk-module-cache-path /tmp/TasteBuddyHomeQuestionsQA/ModuleCache.noindex -serialize-diagnostics -emit-dependencies -emit-module -emit-module-path /tmp/TasteBuddyHomeQuestionsQA/Build/Intermediates.noindex/xctest-dynamic-overlay.build/Debug-iphonesimulator/XCTestDynamicOverlay.build/Objects-normal/x86_64/XCTestDynamicOverlay.swiftmodule -user-module-version 1.9.0 -validate-clang-modules-once -clang-build-session-file /tmp/TasteBuddyHomeQuestionsQA/ModuleCache.noindex/Session.modulevalidation -package-name xctest_dynamic_overlay -Xcc -I/tmp/TasteBuddyHomeQuestionsQA/Build/Intermediates.noindex/xctest-dynamic-overlay.build/Debug-iphonesimulator/XCTestDynamicOverlay.build/swift-overrides.hmap -emit-const-values -Xfrontend -const-gather-protocols-file -Xfrontend /tmp/TasteBuddyHomeQuestionsQA/Build/Intermediates.noindex/xctest-dynamic-overlay.build/Debug-iphonesimulator/XCTestDynamicOverlay.build/Objects-normal/x86_64/XCTestDynamicOverlay_const_extract_protocols.json -Xcc -I/tmp/TasteBuddyHomeQuestionsQA/Build/Products/Debug-iphonesimulator/include -Xcc -I/tmp/TasteBuddyHomeQuestionsQA/Build/Intermediates.noindex/xctest-dynamic-overlay.build/Debug-iphonesimulator/XCTestDynamicOverlay.build/DerivedSources-normal/x86_64 -Xcc -I/tmp/TasteBuddyHomeQuestionsQA/Build/Intermediates.noindex/xctest-dynamic-overlay.build/Debug-iphonesimulator/XCTestDynamicOverlay.build/DerivedSources/x86_64 -Xcc -I/tmp/TasteBuddyHomeQuestionsQA/Build/Intermediates.noindex/xctest-dynamic-overlay.build/Debug-iphonesimulator/XCTestDynamicOverlay.build/DerivedSources -Xcc -DSWIFT_PACKAGE -Xcc -DDEBUG\=1 -emit-objc-header -emit-objc-header-path /tmp/TasteBuddyHomeQuestionsQA/Build/Intermediates.noindex/xctest-dynamic-overlay.build/Debug-iphonesimulator/XCTestDynamicOverlay.build/Objects-normal/x86_64/XCTestDynamicOverlay-Swift.h -working-directory /Users/sinjunho/Desktop/Taste\ Buddy/ios/TasteBuddy.xcodeproj -experimental-emit-module-separately -disable-cmo

ExtractAppIntentsMetadata (in target 'IssueReporting' from project 'xctest-dynamic-overlay')
    cd /tmp/TasteBuddyHomeQuestionsQA/SourcePackages/checkouts/xctest-dynamic-overlay
    /Applications/Xcode.app/Contents/Developer/Toolchains/XcodeDefault.xctoolchain/usr/bin/appintentsmetadataprocessor --toolchain-dir /Applications/Xcode.app/Contents/Developer/Toolchains/XcodeDefault.xctoolchain --module-name IssueReporting --sdk-root /Applications/Xcode.app/Contents/Developer/Platforms/iPhoneSimulator.platform/Developer/SDKs/iPhoneSimulator26.5.sdk --xcode-version 17F113 --platform-family iOS --deployment-target 13.0 --bundle-identifier xctest-dynamic-overlay.IssueReporting --output /tmp/TasteBuddyHomeQuestionsQA/Build/Products/Debug-iphonesimulator/IssueReporting.appintents --target-triple x86_64-apple-ios13.0-simulator --binary-file /tmp/TasteBuddyHomeQuestionsQA/Build/Products/Debug-iphonesimulator/IssueReporting.o --dependency-file /tmp/TasteBuddyHomeQuestionsQA/Build/Intermediates.noindex/xctest-dynamic-overlay.build/Debug-iphonesimulator/IssueReporting.build/Objects-normal/x86_64/IssueReporting_dependency_info.dat --stringsdata-file /tmp/TasteBuddyHomeQuestionsQA/Build/Intermediates.noindex/xctest-dynamic-overlay.build/Debug-iphonesimulator/IssueReporting.build/Objects-normal/x86_64/ExtractedAppShortcutsMetadata.stringsdata --source-file-list /tmp/TasteBuddyHomeQuestionsQA/Build/Intermediates.noindex/xctest-dynamic-overlay.build/Debug-iphonesimulator/IssueReporting.build/Objects-normal/x86_64/IssueReporting.SwiftFileList --metadata-file-list /tmp/TasteBuddyHomeQuestionsQA/Build/Intermediates.noindex/xctest-dynamic-overlay.build/Debug-iphonesimulator/IssueReporting.build/IssueReporting.DependencyMetadataFileList --static-metadata-file-list /tmp/TasteBuddyHomeQuestionsQA/Build/Intermediates.noindex/xctest-dynamic-overlay.build/Debug-iphonesimulator/IssueReporting.build/IssueReporting.DependencyStaticMetadataFileList --swift-const-vals-list /tmp/TasteBuddyHomeQuestionsQA/Build/Intermediates.noindex/xctest-dynamic-overlay.build/Debug-iphonesimulator/IssueReporting.build/Objects-normal/x86_64/IssueReporting.SwiftConstValuesFileList --force --compile-time-extraction --deployment-aware-processing --validate-assistant-intents --no-app-shortcuts-localization
2026-09-13 16:10:36.630 appintentsmetadataprocessor[82207:4039610] Starting appintentsmetadataprocessor export
2026-09-13 16:10:36.675 appintentsmetadataprocessor[82207:4039610] Extracted no relevant App Intents symbols, skipping writing output

SwiftDriverJobDiscovery normal x86_64 Compiling Locking.swift (in target 'ConcurrencyExtras' from project 'swift-concurrency-extras')

SwiftDriver Clocks normal x86_64 com.apple.xcode.tools.swift.compiler (in target 'Clocks' from project 'swift-clocks')
    cd /Users/sinjunho/Desktop/Taste\ Buddy/ios/TasteBuddy.xcodeproj
    builtin-SwiftDriver -- /Applications/Xcode.app/Contents/Developer/Toolchains/XcodeDefault.xctoolchain/usr/bin/swiftc -module-name Clocks -Onone @/tmp/TasteBuddyHomeQuestionsQA/Build/Intermediates.noindex/swift-clocks.build/Debug-iphonesimulator/Clocks.build/Objects-normal/x86_64/Clocks.SwiftFileList -DSWIFT_PACKAGE -DDEBUG -DSWIFT_MODULE_RESOURCE_BUNDLE_UNAVAILABLE -DXcode -plugin-path /Applications/Xcode.app/Contents/Developer/Toolchains/XcodeDefault.xctoolchain/usr/lib/swift/host/plugins/testing -enable-experimental-feature DebugDescriptionMacro -sdk /Applications/Xcode.app/Contents/Developer/Platforms/iPhoneSimulator.platform/Developer/SDKs/iPhoneSimulator26.5.sdk -target x86_64-apple-ios13.0-simulator -g -module-cache-path /tmp/TasteBuddyHomeQuestionsQA/ModuleCache.noindex -Xfrontend -serialize-debugging-options -enable-testing -suppress-warnings -index-store-path /tmp/TasteBuddyHomeQuestionsQA/Index.noindex/DataStore -Xcc -D_LIBCPP_HARDENING_MODE\=_LIBCPP_HARDENING_MODE_DEBUG -swift-version 6 -I /tmp/TasteBuddyHomeQuestionsQA/Build/Products/Debug-iphonesimulator -Isystem /Applications/Xcode.app/Contents/Developer/Platforms/iPhoneSimulator.platform/Developer/usr/lib -F /tmp/TasteBuddyHomeQuestionsQA/Build/Products/Debug-iphonesimulator/PackageFrameworks -F /tmp/TasteBuddyHomeQuestionsQA/Build/Products/Debug-iphonesimulator/PackageFrameworks -F /tmp/TasteBuddyHomeQuestionsQA/Build/Products/Debug-iphonesimulator/PackageFrameworks -F /tmp/TasteBuddyHomeQuestionsQA/Build/Products/Debug-iphonesimulator -F /Applications/Xcode.app/Contents/Developer/Platforms/iPhoneSimulator.platform/Developer/Library/Frameworks -F /Applications/Xcode.app/Contents/Developer/Platforms/iPhoneSimulator.platform/Developer/SDKs/iPhoneSimulator26.5.sdk/Developer/Library/Frameworks -c -j12 -enable-batch-mode -incremental -Xcc -ivfsstatcache -Xcc /tmp/TasteBuddyHomeQuestionsQA/SDKStatCaches.noindex/iphonesimulator26.5-23F81a-6cfe768891a92b912361537c460fe42b.sdkstatcache -output-file-map /tmp/TasteBuddyHomeQuestionsQA/Build/Intermediates.noindex/swift-clocks.build/Debug-iphonesimulator/Clocks.build/Objects-normal/x86_64/Clocks-OutputFileMap.json -use-frontend-parseable-output -save-temps -no-color-diagnostics -explicit-module-build -module-cache-path /tmp/TasteBuddyHomeQuestionsQA/Build/Intermediates.noindex/SwiftExplicitPrecompiledModules -clang-scanner-module-cache-path /tmp/TasteBuddyHomeQuestionsQA/ModuleCache.noindex -sdk-module-cache-path /tmp/TasteBuddyHomeQuestionsQA/ModuleCache.noindex -serialize-diagnostics -emit-dependencies -emit-module -emit-module-path /tmp/TasteBuddyHomeQuestionsQA/Build/Intermediates.noindex/swift-clocks.build/Debug-iphonesimulator/Clocks.build/Objects-normal/x86_64/Clocks.swiftmodule -user-module-version 1.0.6 -validate-clang-modules-once -clang-build-session-file /tmp/TasteBuddyHomeQuestionsQA/ModuleCache.noindex/Session.modulevalidation -package-name swift_clocks -Xcc -I/tmp/TasteBuddyHomeQuestionsQA/Build/Intermediates.noindex/swift-clocks.build/Debug-iphonesimulator/Clocks.build/swift-overrides.hmap -emit-const-values -Xfrontend -const-gather-protocols-file -Xfrontend /tmp/TasteBuddyHomeQuestionsQA/Build/Intermediates.noindex/swift-clocks.build/Debug-iphonesimulator/Clocks.build/Objects-normal/x86_64/Clocks_const_extract_protocols.json -Xcc -I/tmp/TasteBuddyHomeQuestionsQA/Build/Products/Debug-iphonesimulator/include -Xcc -I/tmp/TasteBuddyHomeQuestionsQA/Build/Intermediates.noindex/swift-clocks.build/Debug-iphonesimulator/Clocks.build/DerivedSources-normal/x86_64 -Xcc -I/tmp/TasteBuddyHomeQuestionsQA/Build/Intermediates.noindex/swift-clocks.build/Debug-iphonesimulator/Clocks.build/DerivedSources/x86_64 -Xcc -I/tmp/TasteBuddyHomeQuestionsQA/Build/Intermediates.noindex/swift-clocks.build/Debug-iphonesimulator/Clocks.build/DerivedSources -Xcc -DSWIFT_PACKAGE -Xcc -DDEBUG\=1 -emit-objc-header -emit-objc-header-path /tmp/TasteBuddyHomeQuestionsQA/Build/Intermediates.noindex/swift-clocks.build/Debug-iphonesimulator/Clocks.build/Objects-normal/x86_64/Clocks-Swift.h -working-directory /Users/sinjunho/Desktop/Taste\ Buddy/ios/TasteBuddy.xcodeproj -experimental-emit-module-separately -disable-cmo

RegisterExecutionPolicyException /tmp/TasteBuddyHomeQuestionsQA/Build/Products/Debug-iphonesimulator/IssueReporting.o (in target 'IssueReporting' from project 'xctest-dynamic-overlay')
    cd /tmp/TasteBuddyHomeQuestionsQA/SourcePackages/checkouts/xctest-dynamic-overlay
    builtin-RegisterExecutionPolicyException /tmp/TasteBuddyHomeQuestionsQA/Build/Products/Debug-iphonesimulator/IssueReporting.o

SwiftDriverJobDiscovery normal x86_64 Compiling LockIsolated.swift (in target 'ConcurrencyExtras' from project 'swift-concurrency-extras')

SwiftDriverJobDiscovery normal x86_64 Compiling AsyncStream.swift (in target 'ConcurrencyExtras' from project 'swift-concurrency-extras')

SwiftDriverJobDiscovery normal x86_64 Compiling HTTPResponse.swift (in target 'HTTPTypes' from project 'swift-http-types')

SwiftDriverJobDiscovery normal x86_64 Compiling ActorIsolated.swift (in target 'ConcurrencyExtras' from project 'swift-concurrency-extras')

SwiftDriverJobDiscovery normal x86_64 Compiling AsyncThrowingStream.swift (in target 'ConcurrencyExtras' from project 'swift-concurrency-extras')

SwiftDriverJobDiscovery normal x86_64 Compiling Task.swift (in target 'ConcurrencyExtras' from project 'swift-concurrency-extras')

SwiftDriver\ Compilation ConcurrencyExtras normal x86_64 com.apple.xcode.tools.swift.compiler (in target 'ConcurrencyExtras' from project 'swift-concurrency-extras')
    cd /Users/sinjunho/Desktop/Taste\ Buddy/ios/TasteBuddy.xcodeproj
    builtin-Swift-Compilation -- /Applications/Xcode.app/Contents/Developer/Toolchains/XcodeDefault.xctoolchain/usr/bin/swiftc -module-name ConcurrencyExtras -Onone @/tmp/TasteBuddyHomeQuestionsQA/Build/Intermediates.noindex/swift-concurrency-extras.build/Debug-iphonesimulator/ConcurrencyExtras.build/Objects-normal/x86_64/ConcurrencyExtras.SwiftFileList -DSWIFT_PACKAGE -DDEBUG -DSWIFT_MODULE_RESOURCE_BUNDLE_UNAVAILABLE -DXcode -enable-upcoming-feature NonisolatedNonsendingByDefault -plugin-path /Applications/Xcode.app/Contents/Developer/Toolchains/XcodeDefault.xctoolchain/usr/lib/swift/host/plugins/testing -enable-experimental-feature DebugDescriptionMacro -sdk /Applications/Xcode.app/Contents/Developer/Platforms/iPhoneSimulator.platform/Developer/SDKs/iPhoneSimulator26.5.sdk -target x86_64-apple-ios13.0-simulator -g -module-cache-path /tmp/TasteBuddyHomeQuestionsQA/ModuleCache.noindex -Xfrontend -serialize-debugging-options -enable-testing -suppress-warnings -index-store-path /tmp/TasteBuddyHomeQuestionsQA/Index.noindex/DataStore -Xcc -D_LIBCPP_HARDENING_MODE\=_LIBCPP_HARDENING_MODE_DEBUG -swift-version 6 -I /tmp/TasteBuddyHomeQuestionsQA/Build/Products/Debug-iphonesimulator -Isystem /Applications/Xcode.app/Contents/Developer/Platforms/iPhoneSimulator.platform/Developer/usr/lib -F /tmp/TasteBuddyHomeQuestionsQA/Build/Products/Debug-iphonesimulator -F /Applications/Xcode.app/Contents/Developer/Platforms/iPhoneSimulator.platform/Developer/Library/Frameworks -F /Applications/Xcode.app/Contents/Developer/Platforms/iPhoneSimulator.platform/Developer/SDKs/iPhoneSimulator26.5.sdk/Developer/Library/Frameworks -c -j12 -enable-batch-mode -incremental -Xcc -ivfsstatcache -Xcc /tmp/TasteBuddyHomeQuestionsQA/SDKStatCaches.noindex/iphonesimulator26.5-23F81a-6cfe768891a92b912361537c460fe42b.sdkstatcache -output-file-map /tmp/TasteBuddyHomeQuestionsQA/Build/Intermediates.noindex/swift-concurrency-extras.build/Debug-iphonesimulator/ConcurrencyExtras.build/Objects-normal/x86_64/ConcurrencyExtras-OutputFileMap.json -use-frontend-parseable-output -save-temps -no-color-diagnostics -explicit-module-build -module-cache-path /tmp/TasteBuddyHomeQuestionsQA/Build/Intermediates.noindex/SwiftExplicitPrecompiledModules -clang-scanner-module-cache-path /tmp/TasteBuddyHomeQuestionsQA/ModuleCache.noindex -sdk-module-cache-path /tmp/TasteBuddyHomeQuestionsQA/ModuleCache.noindex -serialize-diagnostics -emit-dependencies -emit-module -emit-module-path /tmp/TasteBuddyHomeQuestionsQA/Build/Intermediates.noindex/swift-concurrency-extras.build/Debug-iphonesimulator/ConcurrencyExtras.build/Objects-normal/x86_64/ConcurrencyExtras.swiftmodule -user-module-version 1.4.0 -validate-clang-modules-once -clang-build-session-file /tmp/TasteBuddyHomeQuestionsQA/ModuleCache.noindex/Session.modulevalidation -package-name swift_concurrency_extras -Xcc -I/tmp/TasteBuddyHomeQuestionsQA/Build/Intermediates.noindex/swift-concurrency-extras.build/Debug-iphonesimulator/ConcurrencyExtras.build/swift-overrides.hmap -emit-const-values -Xfrontend -const-gather-protocols-file -Xfrontend /tmp/TasteBuddyHomeQuestionsQA/Build/Intermediates.noindex/swift-concurrency-extras.build/Debug-iphonesimulator/ConcurrencyExtras.build/Objects-normal/x86_64/ConcurrencyExtras_const_extract_protocols.json -Xcc -I/tmp/TasteBuddyHomeQuestionsQA/Build/Products/Debug-iphonesimulator/include -Xcc -I/tmp/TasteBuddyHomeQuestionsQA/Build/Intermediates.noindex/swift-concurrency-extras.build/Debug-iphonesimulator/ConcurrencyExtras.build/DerivedSources-normal/x86_64 -Xcc -I/tmp/TasteBuddyHomeQuestionsQA/Build/Intermediates.noindex/swift-concurrency-extras.build/Debug-iphonesimulator/ConcurrencyExtras.build/DerivedSources/x86_64 -Xcc -I/tmp/TasteBuddyHomeQuestionsQA/Build/Intermediates.noindex/swift-concurrency-extras.build/Debug-iphonesimulator/ConcurrencyExtras.build/DerivedSources -Xcc -DSWIFT_PACKAGE -Xcc -DDEBUG\=1 -emit-objc-header -emit-objc-header-path /tmp/TasteBuddyHomeQuestionsQA/Build/Intermediates.noindex/swift-concurrency-extras.build/Debug-iphonesimulator/ConcurrencyExtras.build/Objects-normal/x86_64/ConcurrencyExtras-Swift.h -working-directory /Users/sinjunho/Desktop/Taste\ Buddy/ios/TasteBuddy.xcodeproj -experimental-emit-module-separately -disable-cmo

Ld /tmp/TasteBuddyHomeQuestionsQA/Build/Products/Debug-iphonesimulator/ConcurrencyExtras.o normal (in target 'ConcurrencyExtras' from project 'swift-concurrency-extras')
    cd /tmp/TasteBuddyHomeQuestionsQA/SourcePackages/checkouts/swift-concurrency-extras
    /Applications/Xcode.app/Contents/Developer/Toolchains/XcodeDefault.xctoolchain/usr/bin/clang -Xlinker -reproducible -target x86_64-apple-ios13.0-simulator -r -isysroot /Applications/Xcode.app/Contents/Developer/Platforms/iPhoneSimulator.platform/Developer/SDKs/iPhoneSimulator26.5.sdk -O0 -w -F/tmp/TasteBuddyHomeQuestionsQA/Build/Intermediates.noindex/EagerLinkingTBDs/Debug-iphonesimulator -F/tmp/TasteBuddyHomeQuestionsQA/Build/Products/Debug-iphonesimulator -iframework /Applications/Xcode.app/Contents/Developer/Platforms/iPhoneSimulator.platform/Developer/Library/Frameworks -iframework /Applications/Xcode.app/Contents/Developer/Platforms/iPhoneSimulator.platform/Developer/SDKs/iPhoneSimulator26.5.sdk/Developer/Library/Frameworks -filelist /tmp/TasteBuddyHomeQuestionsQA/Build/Intermediates.noindex/swift-concurrency-extras.build/Debug-iphonesimulator/ConcurrencyExtras.build/Objects-normal/x86_64/ConcurrencyExtras.LinkFileList -nostdlib -Xlinker -object_path_lto -Xlinker /tmp/TasteBuddyHomeQuestionsQA/Build/Intermediates.noindex/swift-concurrency-extras.build/Debug-iphonesimulator/ConcurrencyExtras.build/Objects-normal/x86_64/ConcurrencyExtras_lto.o -Xlinker -no_deduplicate -Xlinker -objc_abi_version -Xlinker 2 -Xlinker -dependency_info -Xlinker /tmp/TasteBuddyHomeQuestionsQA/Build/Intermediates.noindex/swift-concurrency-extras.build/Debug-iphonesimulator/ConcurrencyExtras.build/Objects-normal/x86_64/ConcurrencyExtras_dependency_info.dat -fobjc-link-runtime -L/Applications/Xcode.app/Contents/Developer/Toolchains/XcodeDefault.xctoolchain/usr/lib/swift/iphonesimulator -L/usr/lib/swift -Xlinker -add_ast_path -Xlinker /tmp/TasteBuddyHomeQuestionsQA/Build/Intermediates.noindex/swift-concurrency-extras.build/Debug-iphonesimulator/ConcurrencyExtras.build/Objects-normal/x86_64/ConcurrencyExtras.swiftmodule @/tmp/TasteBuddyHomeQuestionsQA/Build/Intermediates.noindex/swift-concurrency-extras.build/Debug-iphonesimulator/ConcurrencyExtras.build/Objects-normal/x86_64/ConcurrencyExtras-linker-args.resp -o /tmp/TasteBuddyHomeQuestionsQA/Build/Products/Debug-iphonesimulator/ConcurrencyExtras.o

ExtractAppIntentsMetadata (in target 'ConcurrencyExtras' from project 'swift-concurrency-extras')
    cd /tmp/TasteBuddyHomeQuestionsQA/SourcePackages/checkouts/swift-concurrency-extras
    /Applications/Xcode.app/Contents/Developer/Toolchains/XcodeDefault.xctoolchain/usr/bin/appintentsmetadataprocessor --toolchain-dir /Applications/Xcode.app/Contents/Developer/Toolchains/XcodeDefault.xctoolchain --module-name ConcurrencyExtras --sdk-root /Applications/Xcode.app/Contents/Developer/Platforms/iPhoneSimulator.platform/Developer/SDKs/iPhoneSimulator26.5.sdk --xcode-version 17F113 --platform-family iOS --deployment-target 13.0 --bundle-identifier swift-concurrency-extras.ConcurrencyExtras --output /tmp/TasteBuddyHomeQuestionsQA/Build/Products/Debug-iphonesimulator/ConcurrencyExtras.appintents --target-triple x86_64-apple-ios13.0-simulator --binary-file /tmp/TasteBuddyHomeQuestionsQA/Build/Products/Debug-iphonesimulator/ConcurrencyExtras.o --dependency-file /tmp/TasteBuddyHomeQuestionsQA/Build/Intermediates.noindex/swift-concurrency-extras.build/Debug-iphonesimulator/ConcurrencyExtras.build/Objects-normal/x86_64/ConcurrencyExtras_dependency_info.dat --stringsdata-file /tmp/TasteBuddyHomeQuestionsQA/Build/Intermediates.noindex/swift-concurrency-extras.build/Debug-iphonesimulator/ConcurrencyExtras.build/Objects-normal/x86_64/ExtractedAppShortcutsMetadata.stringsdata --source-file-list /tmp/TasteBuddyHomeQuestionsQA/Build/Intermediates.noindex/swift-concurrency-extras.build/Debug-iphonesimulator/ConcurrencyExtras.build/Objects-normal/x86_64/ConcurrencyExtras.SwiftFileList --metadata-file-list /tmp/TasteBuddyHomeQuestionsQA/Build/Intermediates.noindex/swift-concurrency-extras.build/Debug-iphonesimulator/ConcurrencyExtras.build/ConcurrencyExtras.DependencyMetadataFileList --static-metadata-file-list /tmp/TasteBuddyHomeQuestionsQA/Build/Intermediates.noindex/swift-concurrency-extras.build/Debug-iphonesimulator/ConcurrencyExtras.build/ConcurrencyExtras.DependencyStaticMetadataFileList --swift-const-vals-list /tmp/TasteBuddyHomeQuestionsQA/Build/Intermediates.noindex/swift-concurrency-extras.build/Debug-iphonesimulator/ConcurrencyExtras.build/Objects-normal/x86_64/ConcurrencyExtras.SwiftConstValuesFileList --force --compile-time-extraction --deployment-aware-processing --validate-assistant-intents --no-app-shortcuts-localization
2026-09-13 16:10:37.505 appintentsmetadataprocessor[82210:4039765] Starting appintentsmetadataprocessor export
2026-09-13 16:10:37.533 appintentsmetadataprocessor[82210:4039765] Extracted no relevant App Intents symbols, skipping writing output

RegisterExecutionPolicyException /tmp/TasteBuddyHomeQuestionsQA/Build/Products/Debug-iphonesimulator/ConcurrencyExtras.o (in target 'ConcurrencyExtras' from project 'swift-concurrency-extras')
    cd /tmp/TasteBuddyHomeQuestionsQA/SourcePackages/checkouts/swift-concurrency-extras
    builtin-RegisterExecutionPolicyException /tmp/TasteBuddyHomeQuestionsQA/Build/Products/Debug-iphonesimulator/ConcurrencyExtras.o

SwiftEmitModule normal x86_64 Emitting\ module\ for\ XCTestDynamicOverlay (in target 'XCTestDynamicOverlay' from project 'xctest-dynamic-overlay')
EmitSwiftModule normal x86_64 (in target 'XCTestDynamicOverlay' from project 'xctest-dynamic-overlay')
    cd /Users/sinjunho/Desktop/Taste\ Buddy/ios/TasteBuddy.xcodeproj
    

SwiftCompile normal x86_64 Compiling\ Deprecations.swift /tmp/TasteBuddyHomeQuestionsQA/SourcePackages/checkouts/xctest-dynamic-overlay/Sources/XCTestDynamicOverlay/Internal/Deprecations.swift (in target 'XCTestDynamicOverlay' from project 'xctest-dynamic-overlay')
SwiftCompile normal x86_64 /tmp/TasteBuddyHomeQuestionsQA/SourcePackages/checkouts/xctest-dynamic-overlay/Sources/XCTestDynamicOverlay/Internal/Deprecations.swift (in target 'XCTestDynamicOverlay' from project 'xctest-dynamic-overlay')
    cd /Users/sinjunho/Desktop/Taste\ Buddy/ios/TasteBuddy.xcodeproj
    

SwiftCompile normal x86_64 Compiling\ Exports.swift /tmp/TasteBuddyHomeQuestionsQA/SourcePackages/checkouts/xctest-dynamic-overlay/Sources/XCTestDynamicOverlay/Internal/Exports.swift (in target 'XCTestDynamicOverlay' from project 'xctest-dynamic-overlay')

SwiftCompile normal x86_64 /tmp/TasteBuddyHomeQuestionsQA/SourcePackages/checkouts/xctest-dynamic-overlay/Sources/XCTestDynamicOverlay/Internal/Exports.swift (in target 'XCTestDynamicOverlay' from project 'xctest-dynamic-overlay')
    cd /Users/sinjunho/Desktop/Taste\ Buddy/ios/TasteBuddy.xcodeproj
    

SwiftDriverJobDiscovery normal x86_64 Compiling HTTPFields.swift (in target 'HTTPTypes' from project 'swift-http-types')

SwiftDriver\ Compilation HTTPTypes normal x86_64 com.apple.xcode.tools.swift.compiler (in target 'HTTPTypes' from project 'swift-http-types')
    cd /Users/sinjunho/Desktop/Taste\ Buddy/ios/TasteBuddy.xcodeproj
    builtin-Swift-Compilation -- /Applications/Xcode.app/Contents/Developer/Toolchains/XcodeDefault.xctoolchain/usr/bin/swiftc -module-name HTTPTypes -Onone @/tmp/TasteBuddyHomeQuestionsQA/Build/Intermediates.noindex/swift-http-types.build/Debug-iphonesimulator/HTTPTypes.build/Objects-normal/x86_64/HTTPTypes.SwiftFileList -DSWIFT_PACKAGE -DDEBUG -DSWIFT_MODULE_RESOURCE_BUNDLE_UNAVAILABLE -DFoundationURL -DXcode -enable-upcoming-feature InternalImportsByDefault -enable-upcoming-feature MemberImportVisibility -plugin-path /Applications/Xcode.app/Contents/Developer/Toolchains/XcodeDefault.xctoolchain/usr/lib/swift/host/plugins/testing -enable-experimental-feature DebugDescriptionMacro -sdk /Applications/Xcode.app/Contents/Developer/Platforms/iPhoneSimulator.platform/Developer/SDKs/iPhoneSimulator26.5.sdk -target x86_64-apple-ios12.0-simulator -g -module-cache-path /tmp/TasteBuddyHomeQuestionsQA/ModuleCache.noindex -Xfrontend -serialize-debugging-options -enable-testing -suppress-warnings -index-store-path /tmp/TasteBuddyHomeQuestionsQA/Index.noindex/DataStore -Xcc -D_LIBCPP_HARDENING_MODE\=_LIBCPP_HARDENING_MODE_DEBUG -swift-version 6 -I /tmp/TasteBuddyHomeQuestionsQA/Build/Products/Debug-iphonesimulator -Isystem /Applications/Xcode.app/Contents/Developer/Platforms/iPhoneSimulator.platform/Developer/usr/lib -F /tmp/TasteBuddyHomeQuestionsQA/Build/Products/Debug-iphonesimulator -F /Applications/Xcode.app/Contents/Developer/Platforms/iPhoneSimulator.platform/Developer/Library/Frameworks -F /Applications/Xcode.app/Contents/Developer/Platforms/iPhoneSimulator.platform/Developer/SDKs/iPhoneSimulator26.5.sdk/Developer/Library/Frameworks -c -j12 -enable-batch-mode -incremental -Xcc -ivfsstatcache -Xcc /tmp/TasteBuddyHomeQuestionsQA/SDKStatCaches.noindex/iphonesimulator26.5-23F81a-6cfe768891a92b912361537c460fe42b.sdkstatcache -output-file-map /tmp/TasteBuddyHomeQuestionsQA/Build/Intermediates.noindex/swift-http-types.build/Debug-iphonesimulator/HTTPTypes.build/Objects-normal/x86_64/HTTPTypes-OutputFileMap.json -use-frontend-parseable-output -save-temps -no-color-diagnostics -explicit-module-build -module-cache-path /tmp/TasteBuddyHomeQuestionsQA/Build/Intermediates.noindex/SwiftExplicitPrecompiledModules -clang-scanner-module-cache-path /tmp/TasteBuddyHomeQuestionsQA/ModuleCache.noindex -sdk-module-cache-path /tmp/TasteBuddyHomeQuestionsQA/ModuleCache.noindex -serialize-diagnostics -emit-dependencies -emit-module -emit-module-path /tmp/TasteBuddyHomeQuestionsQA/Build/Intermediates.noindex/swift-http-types.build/Debug-iphonesimulator/HTTPTypes.build/Objects-normal/x86_64/HTTPTypes.swiftmodule -user-module-version 1.6.0 -validate-clang-modules-once -clang-build-session-file /tmp/TasteBuddyHomeQuestionsQA/ModuleCache.noindex/Session.modulevalidation -package-name swift_http_types -Xcc -I/tmp/TasteBuddyHomeQuestionsQA/Build/Intermediates.noindex/swift-http-types.build/Debug-iphonesimulator/HTTPTypes.build/swift-overrides.hmap -emit-const-values -Xfrontend -const-gather-protocols-file -Xfrontend /tmp/TasteBuddyHomeQuestionsQA/Build/Intermediates.noindex/swift-http-types.build/Debug-iphonesimulator/HTTPTypes.build/Objects-normal/x86_64/HTTPTypes_const_extract_protocols.json -Xcc -I/tmp/TasteBuddyHomeQuestionsQA/Build/Products/Debug-iphonesimulator/include -Xcc -I/tmp/TasteBuddyHomeQuestionsQA/Build/Intermediates.noindex/swift-http-types.build/Debug-iphonesimulator/HTTPTypes.build/DerivedSources-normal/x86_64 -Xcc -I/tmp/TasteBuddyHomeQuestionsQA/Build/Intermediates.noindex/swift-http-types.build/Debug-iphonesimulator/HTTPTypes.build/DerivedSources/x86_64 -Xcc -I/tmp/TasteBuddyHomeQuestionsQA/Build/Intermediates.noindex/swift-http-types.build/Debug-iphonesimulator/HTTPTypes.build/DerivedSources -Xcc -DSWIFT_PACKAGE -Xcc -DDEBUG\=1 -emit-objc-header -emit-objc-header-path /tmp/TasteBuddyHomeQuestionsQA/Build/Intermediates.noindex/swift-http-types.build/Debug-iphonesimulator/HTTPTypes.build/Objects-normal/x86_64/HTTPTypes-Swift.h -working-directory /Users/sinjunho/Desktop/Taste\ Buddy/ios/TasteBuddy.xcodeproj -experimental-emit-module-separately -disable-cmo

Ld /tmp/TasteBuddyHomeQuestionsQA/Build/Products/Debug-iphonesimulator/HTTPTypes.o normal (in target 'HTTPTypes' from project 'swift-http-types')
    cd /tmp/TasteBuddyHomeQuestionsQA/SourcePackages/checkouts/swift-http-types
    /Applications/Xcode.app/Contents/Developer/Toolchains/XcodeDefault.xctoolchain/usr/bin/clang -Xlinker -reproducible -target x86_64-apple-ios12.0-simulator -r -isysroot /Applications/Xcode.app/Contents/Developer/Platforms/iPhoneSimulator.platform/Developer/SDKs/iPhoneSimulator26.5.sdk -O0 -w -F/tmp/TasteBuddyHomeQuestionsQA/Build/Intermediates.noindex/EagerLinkingTBDs/Debug-iphonesimulator -F/tmp/TasteBuddyHomeQuestionsQA/Build/Products/Debug-iphonesimulator -iframework /Applications/Xcode.app/Contents/Developer/Platforms/iPhoneSimulator.platform/Developer/Library/Frameworks -iframework /Applications/Xcode.app/Contents/Developer/Platforms/iPhoneSimulator.platform/Developer/SDKs/iPhoneSimulator26.5.sdk/Developer/Library/Frameworks -filelist /tmp/TasteBuddyHomeQuestionsQA/Build/Intermediates.noindex/swift-http-types.build/Debug-iphonesimulator/HTTPTypes.build/Objects-normal/x86_64/HTTPTypes.LinkFileList -nostdlib -Xlinker -object_path_lto -Xlinker /tmp/TasteBuddyHomeQuestionsQA/Build/Intermediates.noindex/swift-http-types.build/Debug-iphonesimulator/HTTPTypes.build/Objects-normal/x86_64/HTTPTypes_lto.o -Xlinker -no_deduplicate -Xlinker -objc_abi_version -Xlinker 2 -Xlinker -dependency_info -Xlinker /tmp/TasteBuddyHomeQuestionsQA/Build/Intermediates.noindex/swift-http-types.build/Debug-iphonesimulator/HTTPTypes.build/Objects-normal/x86_64/HTTPTypes_dependency_info.dat -fobjc-link-runtime -L/Applications/Xcode.app/Contents/Developer/Toolchains/XcodeDefault.xctoolchain/usr/lib/swift/iphonesimulator -L/usr/lib/swift -Xlinker -add_ast_path -Xlinker /tmp/TasteBuddyHomeQuestionsQA/Build/Intermediates.noindex/swift-http-types.build/Debug-iphonesimulator/HTTPTypes.build/Objects-normal/x86_64/HTTPTypes.swiftmodule @/tmp/TasteBuddyHomeQuestionsQA/Build/Intermediates.noindex/swift-http-types.build/Debug-iphonesimulator/HTTPTypes.build/Objects-normal/x86_64/HTTPTypes-linker-args.resp -o /tmp/TasteBuddyHomeQuestionsQA/Build/Products/Debug-iphonesimulator/HTTPTypes.o

ExtractAppIntentsMetadata (in target 'HTTPTypes' from project 'swift-http-types')
    cd /tmp/TasteBuddyHomeQuestionsQA/SourcePackages/checkouts/swift-http-types
    /Applications/Xcode.app/Contents/Developer/Toolchains/XcodeDefault.xctoolchain/usr/bin/appintentsmetadataprocessor --toolchain-dir /Applications/Xcode.app/Contents/Developer/Toolchains/XcodeDefault.xctoolchain --module-name HTTPTypes --sdk-root /Applications/Xcode.app/Contents/Developer/Platforms/iPhoneSimulator.platform/Developer/SDKs/iPhoneSimulator26.5.sdk --xcode-version 17F113 --platform-family iOS --deployment-target 12.0 --bundle-identifier swift-http-types.HTTPTypes --output /tmp/TasteBuddyHomeQuestionsQA/Build/Products/Debug-iphonesimulator/HTTPTypes.appintents --target-triple x86_64-apple-ios12.0-simulator --binary-file /tmp/TasteBuddyHomeQuestionsQA/Build/Products/Debug-iphonesimulator/HTTPTypes.o --dependency-file /tmp/TasteBuddyHomeQuestionsQA/Build/Intermediates.noindex/swift-http-types.build/Debug-iphonesimulator/HTTPTypes.build/Objects-normal/x86_64/HTTPTypes_dependency_info.dat --stringsdata-file /tmp/TasteBuddyHomeQuestionsQA/Build/Intermediates.noindex/swift-http-types.build/Debug-iphonesimulator/HTTPTypes.build/Objects-normal/x86_64/ExtractedAppShortcutsMetadata.stringsdata --source-file-list /tmp/TasteBuddyHomeQuestionsQA/Build/Intermediates.noindex/swift-http-types.build/Debug-iphonesimulator/HTTPTypes.build/Objects-normal/x86_64/HTTPTypes.SwiftFileList --metadata-file-list /tmp/TasteBuddyHomeQuestionsQA/Build/Intermediates.noindex/swift-http-types.build/Debug-iphonesimulator/HTTPTypes.build/HTTPTypes.DependencyMetadataFileList --static-metadata-file-list /tmp/TasteBuddyHomeQuestionsQA/Build/Intermediates.noindex/swift-http-types.build/Debug-iphonesimulator/HTTPTypes.build/HTTPTypes.DependencyStaticMetadataFileList --swift-const-vals-list /tmp/TasteBuddyHomeQuestionsQA/Build/Intermediates.noindex/swift-http-types.build/Debug-iphonesimulator/HTTPTypes.build/Objects-normal/x86_64/HTTPTypes.SwiftConstValuesFileList --force --compile-time-extraction --deployment-aware-processing --validate-assistant-intents --no-app-shortcuts-localization
2026-09-13 16:10:37.872 appintentsmetadataprocessor[82216:4039872] Starting appintentsmetadataprocessor export
2026-09-13 16:10:37.895 appintentsmetadataprocessor[82216:4039872] Extracted no relevant App Intents symbols, skipping writing output

RegisterExecutionPolicyException /tmp/TasteBuddyHomeQuestionsQA/Build/Products/Debug-iphonesimulator/HTTPTypes.o (in target 'HTTPTypes' from project 'swift-http-types')
    cd /tmp/TasteBuddyHomeQuestionsQA/SourcePackages/checkouts/swift-http-types
    builtin-RegisterExecutionPolicyException /tmp/TasteBuddyHomeQuestionsQA/Build/Products/Debug-iphonesimulator/HTTPTypes.o

SwiftDriverJobDiscovery normal x86_64 Compiling SafeCompare_boring.swift, Zeroization_boring.swift, _CryptoModuleAnchor.swift, PrettyBytes.swift, SafeCompare.swift, SecureBytes.swift, Zeroization.swift (in target 'Crypto' from project 'swift-crypto')

SwiftDriverJobDiscovery normal x86_64 Compiling Exports.swift (in target 'XCTestDynamicOverlay' from project 'xctest-dynamic-overlay')

SwiftDriver\ Compilation Crypto normal x86_64 com.apple.xcode.tools.swift.compiler (in target 'Crypto' from project 'swift-crypto')
    cd /Users/sinjunho/Desktop/Taste\ Buddy/ios/TasteBuddy.xcodeproj
    builtin-Swift-Compilation -- /Applications/Xcode.app/Contents/Developer/Toolchains/XcodeDefault.xctoolchain/usr/bin/swiftc -module-name Crypto -Onone @/tmp/TasteBuddyHomeQuestionsQA/Build/Intermediates.noindex/swift-crypto.build/Debug-iphonesimulator/Crypto.build/Objects-normal/x86_64/Crypto.SwiftFileList -DSWIFT_PACKAGE -DDEBUG -DSWIFT_MODULE_RESOURCE_BUNDLE_AVAILABLE -DCRYPTO_IN_SWIFTPM -DXcode -enable-upcoming-feature MemberImportVisibility -plugin-path /Applications/Xcode.app/Contents/Developer/Toolchains/XcodeDefault.xctoolchain/usr/lib/swift/host/plugins/testing -enable-experimental-feature DebugDescriptionMacro -sdk /Applications/Xcode.app/Contents/Developer/Platforms/iPhoneSimulator.platform/Developer/SDKs/iPhoneSimulator26.5.sdk -target x86_64-apple-ios12.0-simulator -g -module-cache-path /tmp/TasteBuddyHomeQuestionsQA/ModuleCache.noindex -Xfrontend -serialize-debugging-options -enable-testing -suppress-warnings -index-store-path /tmp/TasteBuddyHomeQuestionsQA/Index.noindex/DataStore -Xcc -D_LIBCPP_HARDENING_MODE\=_LIBCPP_HARDENING_MODE_DEBUG -swift-version 6 -I /tmp/TasteBuddyHomeQuestionsQA/Build/Products/Debug-iphonesimulator -Isystem /Applications/Xcode.app/Contents/Developer/Platforms/iPhoneSimulator.platform/Developer/usr/lib -F /tmp/TasteBuddyHomeQuestionsQA/Build/Products/Debug-iphonesimulator -F /Applications/Xcode.app/Contents/Developer/Platforms/iPhoneSimulator.platform/Developer/Library/Frameworks -F /Applications/Xcode.app/Contents/Developer/Platforms/iPhoneSimulator.platform/Developer/SDKs/iPhoneSimulator26.5.sdk/Developer/Library/Frameworks -c -j12 -enable-batch-mode -incremental -Xcc -ivfsstatcache -Xcc /tmp/TasteBuddyHomeQuestionsQA/SDKStatCaches.noindex/iphonesimulator26.5-23F81a-6cfe768891a92b912361537c460fe42b.sdkstatcache -output-file-map /tmp/TasteBuddyHomeQuestionsQA/Build/Intermediates.noindex/swift-crypto.build/Debug-iphonesimulator/Crypto.build/Objects-normal/x86_64/Crypto-OutputFileMap.json -use-frontend-parseable-output -save-temps -no-color-diagnostics -explicit-module-build -module-cache-path /tmp/TasteBuddyHomeQuestionsQA/Build/Intermediates.noindex/SwiftExplicitPrecompiledModules -clang-scanner-module-cache-path /tmp/TasteBuddyHomeQuestionsQA/ModuleCache.noindex -sdk-module-cache-path /tmp/TasteBuddyHomeQuestionsQA/ModuleCache.noindex -serialize-diagnostics -emit-dependencies -emit-module -emit-module-path /tmp/TasteBuddyHomeQuestionsQA/Build/Intermediates.noindex/swift-crypto.build/Debug-iphonesimulator/Crypto.build/Objects-normal/x86_64/Crypto.swiftmodule -user-module-version 4.5.0 -validate-clang-modules-once -clang-build-session-file /tmp/TasteBuddyHomeQuestionsQA/ModuleCache.noindex/Session.modulevalidation -package-name swift_crypto -Xcc -I/tmp/TasteBuddyHomeQuestionsQA/Build/Intermediates.noindex/swift-crypto.build/Debug-iphonesimulator/Crypto.build/swift-overrides.hmap -emit-const-values -Xfrontend -const-gather-protocols-file -Xfrontend /tmp/TasteBuddyHomeQuestionsQA/Build/Intermediates.noindex/swift-crypto.build/Debug-iphonesimulator/Crypto.build/Objects-normal/x86_64/Crypto_const_extract_protocols.json -Xcc -I/tmp/TasteBuddyHomeQuestionsQA/Build/Products/Debug-iphonesimulator/include -Xcc -I/tmp/TasteBuddyHomeQuestionsQA/Build/Intermediates.noindex/swift-crypto.build/Debug-iphonesimulator/Crypto.build/DerivedSources-normal/x86_64 -Xcc -I/tmp/TasteBuddyHomeQuestionsQA/Build/Intermediates.noindex/swift-crypto.build/Debug-iphonesimulator/Crypto.build/DerivedSources/x86_64 -Xcc -I/tmp/TasteBuddyHomeQuestionsQA/Build/Intermediates.noindex/swift-crypto.build/Debug-iphonesimulator/Crypto.build/DerivedSources -Xcc -DSWIFT_PACKAGE -Xcc -DDEBUG\=1 -emit-objc-header -emit-objc-header-path /tmp/TasteBuddyHomeQuestionsQA/Build/Intermediates.noindex/swift-crypto.build/Debug-iphonesimulator/Crypto.build/Objects-normal/x86_64/Crypto-Swift.h -working-directory /Users/sinjunho/Desktop/Taste\ Buddy/ios/TasteBuddy.xcodeproj -experimental-emit-module-separately -disable-cmo

Ld /tmp/TasteBuddyHomeQuestionsQA/Build/Products/Debug-iphonesimulator/Crypto.o normal (in target 'Crypto' from project 'swift-crypto')
    cd /tmp/TasteBuddyHomeQuestionsQA/SourcePackages/checkouts/swift-crypto
    /Applications/Xcode.app/Contents/Developer/Toolchains/XcodeDefault.xctoolchain/usr/bin/clang -Xlinker -reproducible -target x86_64-apple-ios12.0-simulator -r -isysroot /Applications/Xcode.app/Contents/Developer/Platforms/iPhoneSimulator.platform/Developer/SDKs/iPhoneSimulator26.5.sdk -O0 -w -F/tmp/TasteBuddyHomeQuestionsQA/Build/Intermediates.noindex/EagerLinkingTBDs/Debug-iphonesimulator -F/tmp/TasteBuddyHomeQuestionsQA/Build/Products/Debug-iphonesimulator -iframework /Applications/Xcode.app/Contents/Developer/Platforms/iPhoneSimulator.platform/Developer/Library/Frameworks -iframework /Applications/Xcode.app/Contents/Developer/Platforms/iPhoneSimulator.platform/Developer/SDKs/iPhoneSimulator26.5.sdk/Developer/Library/Frameworks -filelist /tmp/TasteBuddyHomeQuestionsQA/Build/Intermediates.noindex/swift-crypto.build/Debug-iphonesimulator/Crypto.build/Objects-normal/x86_64/Crypto.LinkFileList -nostdlib -Xlinker -object_path_lto -Xlinker /tmp/TasteBuddyHomeQuestionsQA/Build/Intermediates.noindex/swift-crypto.build/Debug-iphonesimulator/Crypto.build/Objects-normal/x86_64/Crypto_lto.o -Xlinker -no_deduplicate -Xlinker -objc_abi_version -Xlinker 2 -Xlinker -dependency_info -Xlinker /tmp/TasteBuddyHomeQuestionsQA/Build/Intermediates.noindex/swift-crypto.build/Debug-iphonesimulator/Crypto.build/Objects-normal/x86_64/Crypto_dependency_info.dat -fobjc-link-runtime -L/Applications/Xcode.app/Contents/Developer/Toolchains/XcodeDefault.xctoolchain/usr/lib/swift/iphonesimulator -L/usr/lib/swift -Xlinker -add_ast_path -Xlinker /tmp/TasteBuddyHomeQuestionsQA/Build/Intermediates.noindex/swift-crypto.build/Debug-iphonesimulator/Crypto.build/Objects-normal/x86_64/Crypto.swiftmodule @/tmp/TasteBuddyHomeQuestionsQA/Build/Intermediates.noindex/swift-crypto.build/Debug-iphonesimulator/Crypto.build/Objects-normal/x86_64/Crypto-linker-args.resp -o /tmp/TasteBuddyHomeQuestionsQA/Build/Products/Debug-iphonesimulator/Crypto.o

ExtractAppIntentsMetadata (in target 'Crypto' from project 'swift-crypto')
    cd /tmp/TasteBuddyHomeQuestionsQA/SourcePackages/checkouts/swift-crypto
    /Applications/Xcode.app/Contents/Developer/Toolchains/XcodeDefault.xctoolchain/usr/bin/appintentsmetadataprocessor --toolchain-dir /Applications/Xcode.app/Contents/Developer/Toolchains/XcodeDefault.xctoolchain --module-name Crypto --sdk-root /Applications/Xcode.app/Contents/Developer/Platforms/iPhoneSimulator.platform/Developer/SDKs/iPhoneSimulator26.5.sdk --xcode-version 17F113 --platform-family iOS --deployment-target 12.0 --bundle-identifier swift-crypto.Crypto --output /tmp/TasteBuddyHomeQuestionsQA/Build/Products/Debug-iphonesimulator/Crypto.appintents --target-triple x86_64-apple-ios12.0-simulator --binary-file /tmp/TasteBuddyHomeQuestionsQA/Build/Products/Debug-iphonesimulator/Crypto.o --dependency-file /tmp/TasteBuddyHomeQuestionsQA/Build/Intermediates.noindex/swift-crypto.build/Debug-iphonesimulator/Crypto.build/Objects-normal/x86_64/Crypto_dependency_info.dat --stringsdata-file /tmp/TasteBuddyHomeQuestionsQA/Build/Intermediates.noindex/swift-crypto.build/Debug-iphonesimulator/Crypto.build/Objects-normal/x86_64/ExtractedAppShortcutsMetadata.stringsdata --source-file-list /tmp/TasteBuddyHomeQuestionsQA/Build/Intermediates.noindex/swift-crypto.build/Debug-iphonesimulator/Crypto.build/Objects-normal/x86_64/Crypto.SwiftFileList --metadata-file-list /tmp/TasteBuddyHomeQuestionsQA/Build/Intermediates.noindex/swift-crypto.build/Debug-iphonesimulator/Crypto.build/Crypto.DependencyMetadataFileList --static-metadata-file-list /tmp/TasteBuddyHomeQuestionsQA/Build/Intermediates.noindex/swift-crypto.build/Debug-iphonesimulator/Crypto.build/Crypto.DependencyStaticMetadataFileList --swift-const-vals-list /tmp/TasteBuddyHomeQuestionsQA/Build/Intermediates.noindex/swift-crypto.build/Debug-iphonesimulator/Crypto.build/Objects-normal/x86_64/Crypto.SwiftConstValuesFileList --force --compile-time-extraction --deployment-aware-processing --validate-assistant-intents --no-app-shortcuts-localization
2026-09-13 16:10:38.066 appintentsmetadataprocessor[82221:4039915] Starting appintentsmetadataprocessor export
2026-09-13 16:10:38.098 appintentsmetadataprocessor[82221:4039915] Extracted no relevant App Intents symbols, skipping writing output

SwiftExplicitDependencyGeneratePcm x86_64 /tmp/TasteBuddyHomeQuestionsQA/ModuleCache.noindex/SwiftUI-4H8ECR2LRM6GB5CE910XM079G.pcm

RegisterExecutionPolicyException /tmp/TasteBuddyHomeQuestionsQA/Build/Products/Debug-iphonesimulator/Crypto.o (in target 'Crypto' from project 'swift-crypto')
    cd /tmp/TasteBuddyHomeQuestionsQA/SourcePackages/checkouts/swift-crypto
    builtin-RegisterExecutionPolicyException /tmp/TasteBuddyHomeQuestionsQA/Build/Products/Debug-iphonesimulator/Crypto.o

SwiftExplicitDependencyGeneratePcm x86_64 /tmp/TasteBuddyHomeQuestionsQA/ModuleCache.noindex/_Builtin_intrinsics-617YNU4NCLD89M9B0K64ILISE.pcm

SwiftExplicitDependencyGeneratePcm x86_64 /tmp/TasteBuddyHomeQuestionsQA/ModuleCache.noindex/CoreGraphics-23VIXX23KTJ7VBVNN7UIH7H45.pcm

SwiftExplicitDependencyGeneratePcm x86_64 /tmp/TasteBuddyHomeQuestionsQA/ModuleCache.noindex/IOSurface-68XZ1378R88VC30BM1UDQLVY.pcm

SwiftExplicitDependencyGeneratePcm x86_64 /tmp/TasteBuddyHomeQuestionsQA/ModuleCache.noindex/Symbols-6BTAM34IO2GRKCFFSR2R8S32Y.pcm

SwiftExplicitDependencyGeneratePcm x86_64 /tmp/TasteBuddyHomeQuestionsQA/ModuleCache.noindex/UIUtilities-BU6Z621OXMYJA6J8PH5C5LZHM.pcm

SwiftExplicitDependencyGeneratePcm x86_64 /tmp/TasteBuddyHomeQuestionsQA/ModuleCache.noindex/OSLog-8X1OF834KGSMW2RGZ93MIRRJT.pcm

SwiftExplicitDependencyGeneratePcm x86_64 /tmp/TasteBuddyHomeQuestionsQA/ModuleCache.noindex/UserNotifications-8DUI5VU80L6Q8LPZWTJXQ6LK3.pcm

SwiftExplicitDependencyGeneratePcm x86_64 /tmp/TasteBuddyHomeQuestionsQA/ModuleCache.noindex/_Builtin_tgmath-1OZKYB5UPWR67M8DT3QWONS98.pcm

SwiftExplicitDependencyGeneratePcm x86_64 /tmp/TasteBuddyHomeQuestionsQA/ModuleCache.noindex/DataDetection-71KMJ0C42YOEBCYVAS6RMRHRM.pcm

SwiftExplicitDependencyGeneratePcm x86_64 /tmp/TasteBuddyHomeQuestionsQA/ModuleCache.noindex/CoreData-E9QM148KZ8HHUW0WX1EGNDA35.pcm

SwiftEmitModule normal x86_64 Emitting\ module\ for\ VariableBlur (in target 'VariableBlur' from project 'VariableBlur')

EmitSwiftModule normal x86_64 (in target 'VariableBlur' from project 'VariableBlur')
    cd /Users/sinjunho/Desktop/Taste\ Buddy/ios/TasteBuddy.xcodeproj
    

SwiftDriverJobDiscovery normal x86_64 Emitting module for XCTestDynamicOverlay (in target 'XCTestDynamicOverlay' from project 'xctest-dynamic-overlay')

SwiftDriver\ Compilation\ Requirements XCTestDynamicOverlay normal x86_64 com.apple.xcode.tools.swift.compiler (in target 'XCTestDynamicOverlay' from project 'xctest-dynamic-overlay')
    cd /Users/sinjunho/Desktop/Taste\ Buddy/ios/TasteBuddy.xcodeproj
    builtin-Swift-Compilation-Requirements -- /Applications/Xcode.app/Contents/Developer/Toolchains/XcodeDefault.xctoolchain/usr/bin/swiftc -module-name XCTestDynamicOverlay -Onone @/tmp/TasteBuddyHomeQuestionsQA/Build/Intermediates.noindex/xctest-dynamic-overlay.build/Debug-iphonesimulator/XCTestDynamicOverlay.build/Objects-normal/x86_64/XCTestDynamicOverlay.SwiftFileList -DSWIFT_PACKAGE -DDEBUG -DSWIFT_MODULE_RESOURCE_BUNDLE_UNAVAILABLE -DXcode -plugin-path /Applications/Xcode.app/Contents/Developer/Toolchains/XcodeDefault.xctoolchain/usr/lib/swift/host/plugins/testing -enable-experimental-feature DebugDescriptionMacro -sdk /Applications/Xcode.app/Contents/Developer/Platforms/iPhoneSimulator.platform/Developer/SDKs/iPhoneSimulator26.5.sdk -target x86_64-apple-ios13.0-simulator -g -module-cache-path /tmp/TasteBuddyHomeQuestionsQA/ModuleCache.noindex -Xfrontend -serialize-debugging-options -enable-testing -suppress-warnings -index-store-path /tmp/TasteBuddyHomeQuestionsQA/Index.noindex/DataStore -Xcc -D_LIBCPP_HARDENING_MODE\=_LIBCPP_HARDENING_MODE_DEBUG -swift-version 6 -I /tmp/TasteBuddyHomeQuestionsQA/Build/Products/Debug-iphonesimulator -Isystem /Applications/Xcode.app/Contents/Developer/Platforms/iPhoneSimulator.platform/Developer/usr/lib -F /tmp/TasteBuddyHomeQuestionsQA/Build/Products/Debug-iphonesimulator/PackageFrameworks -F /tmp/TasteBuddyHomeQuestionsQA/Build/Products/Debug-iphonesimulator/PackageFrameworks -F /tmp/TasteBuddyHomeQuestionsQA/Build/Products/Debug-iphonesimulator -F /Applications/Xcode.app/Contents/Developer/Platforms/iPhoneSimulator.platform/Developer/Library/Frameworks -F /Applications/Xcode.app/Contents/Developer/Platforms/iPhoneSimulator.platform/Developer/SDKs/iPhoneSimulator26.5.sdk/Developer/Library/Frameworks -c -j12 -enable-batch-mode -incremental -Xcc -ivfsstatcache -Xcc /tmp/TasteBuddyHomeQuestionsQA/SDKStatCaches.noindex/iphonesimulator26.5-23F81a-6cfe768891a92b912361537c460fe42b.sdkstatcache -output-file-map /tmp/TasteBuddyHomeQuestionsQA/Build/Intermediates.noindex/xctest-dynamic-overlay.build/Debug-iphonesimulator/XCTestDynamicOverlay.build/Objects-normal/x86_64/XCTestDynamicOverlay-OutputFileMap.json -use-frontend-parseable-output -save-temps -no-color-diagnostics -explicit-module-build -module-cache-path /tmp/TasteBuddyHomeQuestionsQA/Build/Intermediates.noindex/SwiftExplicitPrecompiledModules -clang-scanner-module-cache-path /tmp/TasteBuddyHomeQuestionsQA/ModuleCache.noindex -sdk-module-cache-path /tmp/TasteBuddyHomeQuestionsQA/ModuleCache.noindex -serialize-diagnostics -emit-dependencies -emit-module -emit-module-path /tmp/TasteBuddyHomeQuestionsQA/Build/Intermediates.noindex/xctest-dynamic-overlay.build/Debug-iphonesimulator/XCTestDynamicOverlay.build/Objects-normal/x86_64/XCTestDynamicOverlay.swiftmodule -user-module-version 1.9.0 -validate-clang-modules-once -clang-build-session-file /tmp/TasteBuddyHomeQuestionsQA/ModuleCache.noindex/Session.modulevalidation -package-name xctest_dynamic_overlay -Xcc -I/tmp/TasteBuddyHomeQuestionsQA/Build/Intermediates.noindex/xctest-dynamic-overlay.build/Debug-iphonesimulator/XCTestDynamicOverlay.build/swift-overrides.hmap -emit-const-values -Xfrontend -const-gather-protocols-file -Xfrontend /tmp/TasteBuddyHomeQuestionsQA/Build/Intermediates.noindex/xctest-dynamic-overlay.build/Debug-iphonesimulator/XCTestDynamicOverlay.build/Objects-normal/x86_64/XCTestDynamicOverlay_const_extract_protocols.json -Xcc -I/tmp/TasteBuddyHomeQuestionsQA/Build/Products/Debug-iphonesimulator/include -Xcc -I/tmp/TasteBuddyHomeQuestionsQA/Build/Intermediates.noindex/xctest-dynamic-overlay.build/Debug-iphonesimulator/XCTestDynamicOverlay.build/DerivedSources-normal/x86_64 -Xcc -I/tmp/TasteBuddyHomeQuestionsQA/Build/Intermediates.noindex/xctest-dynamic-overlay.build/Debug-iphonesimulator/XCTestDynamicOverlay.build/DerivedSources/x86_64 -Xcc -I/tmp/TasteBuddyHomeQuestionsQA/Build/Intermediates.noindex/xctest-dynamic-overlay.build/Debug-iphonesimulator/XCTestDynamicOverlay.build/DerivedSources -Xcc -DSWIFT_PACKAGE -Xcc -DDEBUG\=1 -emit-objc-header -emit-objc-header-path /tmp/TasteBuddyHomeQuestionsQA/Build/Intermediates.noindex/xctest-dynamic-overlay.build/Debug-iphonesimulator/XCTestDynamicOverlay.build/Objects-normal/x86_64/XCTestDynamicOverlay-Swift.h -working-directory /Users/sinjunho/Desktop/Taste\ Buddy/ios/TasteBuddy.xcodeproj -experimental-emit-module-separately -disable-cmo

SwiftExplicitDependencyGeneratePcm x86_64 /tmp/TasteBuddyHomeQuestionsQA/ModuleCache.noindex/CoreTransferable-SWO6Y9OX3O3NGDKQX4DWJR81.pcm

SwiftMergeGeneratedHeaders /tmp/TasteBuddyHomeQuestionsQA/Build/Intermediates.noindex/GeneratedModuleMaps-iphonesimulator/XCTestDynamicOverlay-Swift.h /tmp/TasteBuddyHomeQuestionsQA/Build/Intermediates.noindex/xctest-dynamic-overlay.build/Debug-iphonesimulator/XCTestDynamicOverlay.build/Objects-normal/x86_64/XCTestDynamicOverlay-Swift.h (in target 'XCTestDynamicOverlay' from project 'xctest-dynamic-overlay')
    cd /tmp/TasteBuddyHomeQuestionsQA/SourcePackages/checkouts/xctest-dynamic-overlay
    builtin-swiftHeaderTool -arch x86_64 /tmp/TasteBuddyHomeQuestionsQA/Build/Intermediates.noindex/xctest-dynamic-overlay.build/Debug-iphonesimulator/XCTestDynamicOverlay.build/Objects-normal/x86_64/XCTestDynamicOverlay-Swift.h -o /tmp/TasteBuddyHomeQuestionsQA/Build/Intermediates.noindex/GeneratedModuleMaps-iphonesimulator/XCTestDynamicOverlay-Swift.h

Copy /tmp/TasteBuddyHomeQuestionsQA/Build/Products/Debug-iphonesimulator/XCTestDynamicOverlay.swiftmodule/x86_64-apple-ios-simulator.swiftmodule /tmp/TasteBuddyHomeQuestionsQA/Build/Intermediates.noindex/xctest-dynamic-overlay.build/Debug-iphonesimulator/XCTestDynamicOverlay.build/Objects-normal/x86_64/XCTestDynamicOverlay.swiftmodule (in target 'XCTestDynamicOverlay' from project 'xctest-dynamic-overlay')
    cd /tmp/TasteBuddyHomeQuestionsQA/SourcePackages/checkouts/xctest-dynamic-overlay
    builtin-copy -exclude .DS_Store -exclude CVS -exclude .svn -exclude .git -exclude .hg -resolve-src-symlinks -rename /tmp/TasteBuddyHomeQuestionsQA/Build/Intermediates.noindex/xctest-dynamic-overlay.build/Debug-iphonesimulator/XCTestDynamicOverlay.build/Objects-normal/x86_64/XCTestDynamicOverlay.swiftmodule /tmp/TasteBuddyHomeQuestionsQA/Build/Products/Debug-iphonesimulator/XCTestDynamicOverlay.swiftmodule/x86_64-apple-ios-simulator.swiftmodule

Copy /tmp/TasteBuddyHomeQuestionsQA/Build/Products/Debug-iphonesimulator/XCTestDynamicOverlay.swiftmodule/x86_64-apple-ios-simulator.swiftdoc /tmp/TasteBuddyHomeQuestionsQA/Build/Intermediates.noindex/xctest-dynamic-overlay.build/Debug-iphonesimulator/XCTestDynamicOverlay.build/Objects-normal/x86_64/XCTestDynamicOverlay.swiftdoc (in target 'XCTestDynamicOverlay' from project 'xctest-dynamic-overlay')
    cd /tmp/TasteBuddyHomeQuestionsQA/SourcePackages/checkouts/xctest-dynamic-overlay
    builtin-copy -exclude .DS_Store -exclude CVS -exclude .svn -exclude .git -exclude .hg -resolve-src-symlinks -rename /tmp/TasteBuddyHomeQuestionsQA/Build/Intermediates.noindex/xctest-dynamic-overlay.build/Debug-iphonesimulator/XCTestDynamicOverlay.build/Objects-normal/x86_64/XCTestDynamicOverlay.swiftdoc /tmp/TasteBuddyHomeQuestionsQA/Build/Products/Debug-iphonesimulator/XCTestDynamicOverlay.swiftmodule/x86_64-apple-ios-simulator.swiftdoc

Copy /tmp/TasteBuddyHomeQuestionsQA/Build/Products/Debug-iphonesimulator/XCTestDynamicOverlay.swiftmodule/x86_64-apple-ios-simulator.abi.json /tmp/TasteBuddyHomeQuestionsQA/Build/Intermediates.noindex/xctest-dynamic-overlay.build/Debug-iphonesimulator/XCTestDynamicOverlay.build/Objects-normal/x86_64/XCTestDynamicOverlay.abi.json (in target 'XCTestDynamicOverlay' from project 'xctest-dynamic-overlay')
    cd /tmp/TasteBuddyHomeQuestionsQA/SourcePackages/checkouts/xctest-dynamic-overlay
    builtin-copy -exclude .DS_Store -exclude CVS -exclude .svn -exclude .git -exclude .hg -resolve-src-symlinks -rename /tmp/TasteBuddyHomeQuestionsQA/Build/Intermediates.noindex/xctest-dynamic-overlay.build/Debug-iphonesimulator/XCTestDynamicOverlay.build/Objects-normal/x86_64/XCTestDynamicOverlay.abi.json /tmp/TasteBuddyHomeQuestionsQA/Build/Products/Debug-iphonesimulator/XCTestDynamicOverlay.swiftmodule/x86_64-apple-ios-simulator.abi.json

Copy /tmp/TasteBuddyHomeQuestionsQA/Build/Products/Debug-iphonesimulator/XCTestDynamicOverlay.swiftmodule/Project/x86_64-apple-ios-simulator.swiftsourceinfo /tmp/TasteBuddyHomeQuestionsQA/Build/Intermediates.noindex/xctest-dynamic-overlay.build/Debug-iphonesimulator/XCTestDynamicOverlay.build/Objects-normal/x86_64/XCTestDynamicOverlay.swiftsourceinfo (in target 'XCTestDynamicOverlay' from project 'xctest-dynamic-overlay')
    cd /tmp/TasteBuddyHomeQuestionsQA/SourcePackages/checkouts/xctest-dynamic-overlay
    builtin-copy -exclude .DS_Store -exclude CVS -exclude .svn -exclude .git -exclude .hg -resolve-src-symlinks -rename /tmp/TasteBuddyHomeQuestionsQA/Build/Intermediates.noindex/xctest-dynamic-overlay.build/Debug-iphonesimulator/XCTestDynamicOverlay.build/Objects-normal/x86_64/XCTestDynamicOverlay.swiftsourceinfo /tmp/TasteBuddyHomeQuestionsQA/Build/Products/Debug-iphonesimulator/XCTestDynamicOverlay.swiftmodule/Project/x86_64-apple-ios-simulator.swiftsourceinfo

SwiftExplicitDependencyGeneratePcm x86_64 /tmp/TasteBuddyHomeQuestionsQA/ModuleCache.noindex/UniformTypeIdentifiers-E4Y68B0M3R1R7LDGUA03MBD6L.pcm

SwiftExplicitDependencyGeneratePcm x86_64 /tmp/TasteBuddyHomeQuestionsQA/ModuleCache.noindex/OpenGLES-4WJ0L8XAUWC5AGG05UCO2XPFB.pcm

SwiftExplicitDependencyGeneratePcm x86_64 /tmp/TasteBuddyHomeQuestionsQA/ModuleCache.noindex/DeveloperToolsSupport-EQCRVMW1EXE85GGA4502JEX1C.pcm

SwiftExplicitDependencyGeneratePcm x86_64 /tmp/TasteBuddyHomeQuestionsQA/ModuleCache.noindex/Metal-1GHQY5JUZPUSJ9H4SOG3KPTN9.pcm

SwiftCompile normal x86_64 Compiling\ BackgroundBlur.swift /tmp/TasteBuddyHomeQuestionsQA/SourcePackages/checkouts/VariableBlur/Sources/VariableBlur/BackgroundBlur.swift (in target 'VariableBlur' from project 'VariableBlur')
SwiftCompile normal x86_64 /tmp/TasteBuddyHomeQuestionsQA/SourcePackages/checkouts/VariableBlur/Sources/VariableBlur/BackgroundBlur.swift (in target 'VariableBlur' from project 'VariableBlur')
    cd /Users/sinjunho/Desktop/Taste\ Buddy/ios/TasteBuddy.xcodeproj
    

SwiftCompile normal x86_64 Compiling\ VariableBlur.swift /tmp/TasteBuddyHomeQuestionsQA/SourcePackages/checkouts/VariableBlur/Sources/VariableBlur/VariableBlur.swift (in target 'VariableBlur' from project 'VariableBlur')

SwiftCompile normal x86_64 /tmp/TasteBuddyHomeQuestionsQA/SourcePackages/checkouts/VariableBlur/Sources/VariableBlur/VariableBlur.swift (in target 'VariableBlur' from project 'VariableBlur')
    cd /Users/sinjunho/Desktop/Taste\ Buddy/ios/TasteBuddy.xcodeproj
    

SwiftExplicitDependencyGeneratePcm x86_64 /tmp/TasteBuddyHomeQuestionsQA/ModuleCache.noindex/ImageIO-48K55H0R41JB65XEYAFMXPLVT.pcm

SwiftExplicitDependencyGeneratePcm x86_64 /tmp/TasteBuddyHomeQuestionsQA/ModuleCache.noindex/Accessibility-21FLAQFWAF1ERP8XN4UZ3BHMA.pcm

SwiftExplicitDependencyGeneratePcm x86_64 /tmp/TasteBuddyHomeQuestionsQA/ModuleCache.noindex/FileProvider-1IABZ7J58VJXPZD5Z3BEQU70P.pcm

SwiftExplicitDependencyGeneratePcm x86_64 /tmp/TasteBuddyHomeQuestionsQA/ModuleCache.noindex/CoreText-6FU7QXC000INSAI9RYEXMPJKZ.pcm

SwiftExplicitDependencyGeneratePcm x86_64 /tmp/TasteBuddyHomeQuestionsQA/ModuleCache.noindex/CoreVideo-B0H8PKGHUQDTP0YQ3PQ4MIRIA.pcm

SwiftDriverJobDiscovery normal x86_64 Emitting module for VariableBlur (in target 'VariableBlur' from project 'VariableBlur')

SwiftDriver\ Compilation\ Requirements VariableBlur normal x86_64 com.apple.xcode.tools.swift.compiler (in target 'VariableBlur' from project 'VariableBlur')
    cd /Users/sinjunho/Desktop/Taste\ Buddy/ios/TasteBuddy.xcodeproj
    builtin-Swift-Compilation-Requirements -- /Applications/Xcode.app/Contents/Developer/Toolchains/XcodeDefault.xctoolchain/usr/bin/swiftc -module-name VariableBlur -Onone @/tmp/TasteBuddyHomeQuestionsQA/Build/Intermediates.noindex/VariableBlur.build/Debug-iphonesimulator/VariableBlur.build/Objects-normal/x86_64/VariableBlur.SwiftFileList -DSWIFT_PACKAGE -DDEBUG -DSWIFT_MODULE_RESOURCE_BUNDLE_UNAVAILABLE -DXcode -plugin-path /Applications/Xcode.app/Contents/Developer/Toolchains/XcodeDefault.xctoolchain/usr/lib/swift/host/plugins/testing -enable-experimental-feature DebugDescriptionMacro -sdk /Applications/Xcode.app/Contents/Developer/Platforms/iPhoneSimulator.platform/Developer/SDKs/iPhoneSimulator26.5.sdk -target x86_64-apple-ios13.0-simulator -g -module-cache-path /tmp/TasteBuddyHomeQuestionsQA/ModuleCache.noindex -Xfrontend -serialize-debugging-options -enable-testing -suppress-warnings -index-store-path /tmp/TasteBuddyHomeQuestionsQA/Index.noindex/DataStore -Xcc -D_LIBCPP_HARDENING_MODE\=_LIBCPP_HARDENING_MODE_DEBUG -swift-version 5 -I /tmp/TasteBuddyHomeQuestionsQA/Build/Products/Debug-iphonesimulator -Isystem /Applications/Xcode.app/Contents/Developer/Platforms/iPhoneSimulator.platform/Developer/usr/lib -F /tmp/TasteBuddyHomeQuestionsQA/Build/Products/Debug-iphonesimulator -F /Applications/Xcode.app/Contents/Developer/Platforms/iPhoneSimulator.platform/Developer/Library/Frameworks -F /Applications/Xcode.app/Contents/Developer/Platforms/iPhoneSimulator.platform/Developer/SDKs/iPhoneSimulator26.5.sdk/Developer/Library/Frameworks -c -j12 -enable-batch-mode -incremental -Xcc -ivfsstatcache -Xcc /tmp/TasteBuddyHomeQuestionsQA/SDKStatCaches.noindex/iphonesimulator26.5-23F81a-6cfe768891a92b912361537c460fe42b.sdkstatcache -output-file-map /tmp/TasteBuddyHomeQuestionsQA/Build/Intermediates.noindex/VariableBlur.build/Debug-iphonesimulator/VariableBlur.build/Objects-normal/x86_64/VariableBlur-OutputFileMap.json -use-frontend-parseable-output -save-temps -no-color-diagnostics -explicit-module-build -module-cache-path /tmp/TasteBuddyHomeQuestionsQA/Build/Intermediates.noindex/SwiftExplicitPrecompiledModules -clang-scanner-module-cache-path /tmp/TasteBuddyHomeQuestionsQA/ModuleCache.noindex -sdk-module-cache-path /tmp/TasteBuddyHomeQuestionsQA/ModuleCache.noindex -serialize-diagnostics -emit-dependencies -emit-module -emit-module-path /tmp/TasteBuddyHomeQuestionsQA/Build/Intermediates.noindex/VariableBlur.build/Debug-iphonesimulator/VariableBlur.build/Objects-normal/x86_64/VariableBlur.swiftmodule -validate-clang-modules-once -clang-build-session-file /tmp/TasteBuddyHomeQuestionsQA/ModuleCache.noindex/Session.modulevalidation -package-name variableblur -Xcc -I/tmp/TasteBuddyHomeQuestionsQA/Build/Intermediates.noindex/VariableBlur.build/Debug-iphonesimulator/VariableBlur.build/swift-overrides.hmap -emit-const-values -Xfrontend -const-gather-protocols-file -Xfrontend /tmp/TasteBuddyHomeQuestionsQA/Build/Intermediates.noindex/VariableBlur.build/Debug-iphonesimulator/VariableBlur.build/Objects-normal/x86_64/VariableBlur_const_extract_protocols.json -Xcc -I/tmp/TasteBuddyHomeQuestionsQA/Build/Products/Debug-iphonesimulator/include -Xcc -I/tmp/TasteBuddyHomeQuestionsQA/Build/Intermediates.noindex/VariableBlur.build/Debug-iphonesimulator/VariableBlur.build/DerivedSources-normal/x86_64 -Xcc -I/tmp/TasteBuddyHomeQuestionsQA/Build/Intermediates.noindex/VariableBlur.build/Debug-iphonesimulator/VariableBlur.build/DerivedSources/x86_64 -Xcc -I/tmp/TasteBuddyHomeQuestionsQA/Build/Intermediates.noindex/VariableBlur.build/Debug-iphonesimulator/VariableBlur.build/DerivedSources -Xcc -DSWIFT_PACKAGE -Xcc -DDEBUG\=1 -emit-objc-header -emit-objc-header-path /tmp/TasteBuddyHomeQuestionsQA/Build/Intermediates.noindex/VariableBlur.build/Debug-iphonesimulator/VariableBlur.build/Objects-normal/x86_64/VariableBlur-Swift.h -working-directory /Users/sinjunho/Desktop/Taste\ Buddy/ios/TasteBuddy.xcodeproj -experimental-emit-module-separately -disable-cmo

SwiftMergeGeneratedHeaders /tmp/TasteBuddyHomeQuestionsQA/Build/Intermediates.noindex/GeneratedModuleMaps-iphonesimulator/VariableBlur-Swift.h /tmp/TasteBuddyHomeQuestionsQA/Build/Intermediates.noindex/VariableBlur.build/Debug-iphonesimulator/VariableBlur.build/Objects-normal/x86_64/VariableBlur-Swift.h (in target 'VariableBlur' from project 'VariableBlur')
    cd /tmp/TasteBuddyHomeQuestionsQA/SourcePackages/checkouts/VariableBlur
    builtin-swiftHeaderTool -arch x86_64 /tmp/TasteBuddyHomeQuestionsQA/Build/Intermediates.noindex/VariableBlur.build/Debug-iphonesimulator/VariableBlur.build/Objects-normal/x86_64/VariableBlur-Swift.h -o /tmp/TasteBuddyHomeQuestionsQA/Build/Intermediates.noindex/GeneratedModuleMaps-iphonesimulator/VariableBlur-Swift.h

Copy /tmp/TasteBuddyHomeQuestionsQA/Build/Products/Debug-iphonesimulator/VariableBlur.swiftmodule/x86_64-apple-ios-simulator.swiftdoc /tmp/TasteBuddyHomeQuestionsQA/Build/Intermediates.noindex/VariableBlur.build/Debug-iphonesimulator/VariableBlur.build/Objects-normal/x86_64/VariableBlur.swiftdoc (in target 'VariableBlur' from project 'VariableBlur')
    cd /tmp/TasteBuddyHomeQuestionsQA/SourcePackages/checkouts/VariableBlur
    builtin-copy -exclude .DS_Store -exclude CVS -exclude .svn -exclude .git -exclude .hg -resolve-src-symlinks -rename /tmp/TasteBuddyHomeQuestionsQA/Build/Intermediates.noindex/VariableBlur.build/Debug-iphonesimulator/VariableBlur.build/Objects-normal/x86_64/VariableBlur.swiftdoc /tmp/TasteBuddyHomeQuestionsQA/Build/Products/Debug-iphonesimulator/VariableBlur.swiftmodule/x86_64-apple-ios-simulator.swiftdoc

Copy /tmp/TasteBuddyHomeQuestionsQA/Build/Products/Debug-iphonesimulator/VariableBlur.swiftmodule/x86_64-apple-ios-simulator.abi.json /tmp/TasteBuddyHomeQuestionsQA/Build/Intermediates.noindex/VariableBlur.build/Debug-iphonesimulator/VariableBlur.build/Objects-normal/x86_64/VariableBlur.abi.json (in target 'VariableBlur' from project 'VariableBlur')
    cd /tmp/TasteBuddyHomeQuestionsQA/SourcePackages/checkouts/VariableBlur
    builtin-copy -exclude .DS_Store -exclude CVS -exclude .svn -exclude .git -exclude .hg -resolve-src-symlinks -rename /tmp/TasteBuddyHomeQuestionsQA/Build/Intermediates.noindex/VariableBlur.build/Debug-iphonesimulator/VariableBlur.build/Objects-normal/x86_64/VariableBlur.abi.json /tmp/TasteBuddyHomeQuestionsQA/Build/Products/Debug-iphonesimulator/VariableBlur.swiftmodule/x86_64-apple-ios-simulator.abi.json

Copy /tmp/TasteBuddyHomeQuestionsQA/Build/Products/Debug-iphonesimulator/VariableBlur.swiftmodule/x86_64-apple-ios-simulator.swiftmodule /tmp/TasteBuddyHomeQuestionsQA/Build/Intermediates.noindex/VariableBlur.build/Debug-iphonesimulator/VariableBlur.build/Objects-normal/x86_64/VariableBlur.swiftmodule (in target 'VariableBlur' from project 'VariableBlur')
    cd /tmp/TasteBuddyHomeQuestionsQA/SourcePackages/checkouts/VariableBlur
    builtin-copy -exclude .DS_Store -exclude CVS -exclude .svn -exclude .git -exclude .hg -resolve-src-symlinks -rename /tmp/TasteBuddyHomeQuestionsQA/Build/Intermediates.noindex/VariableBlur.build/Debug-iphonesimulator/VariableBlur.build/Objects-normal/x86_64/VariableBlur.swiftmodule /tmp/TasteBuddyHomeQuestionsQA/Build/Products/Debug-iphonesimulator/VariableBlur.swiftmodule/x86_64-apple-ios-simulator.swiftmodule

Copy /tmp/TasteBuddyHomeQuestionsQA/Build/Products/Debug-iphonesimulator/VariableBlur.swiftmodule/Project/x86_64-apple-ios-simulator.swiftsourceinfo /tmp/TasteBuddyHomeQuestionsQA/Build/Intermediates.noindex/VariableBlur.build/Debug-iphonesimulator/VariableBlur.build/Objects-normal/x86_64/VariableBlur.swiftsourceinfo (in target 'VariableBlur' from project 'VariableBlur')
    cd /tmp/TasteBuddyHomeQuestionsQA/SourcePackages/checkouts/VariableBlur
    builtin-copy -exclude .DS_Store -exclude CVS -exclude .svn -exclude .git -exclude .hg -resolve-src-symlinks -rename /tmp/TasteBuddyHomeQuestionsQA/Build/Intermediates.noindex/VariableBlur.build/Debug-iphonesimulator/VariableBlur.build/Objects-normal/x86_64/VariableBlur.swiftsourceinfo /tmp/TasteBuddyHomeQuestionsQA/Build/Products/Debug-iphonesimulator/VariableBlur.swiftmodule/Project/x86_64-apple-ios-simulator.swiftsourceinfo

SwiftDriver ProgressiveBlurHeader normal x86_64 com.apple.xcode.tools.swift.compiler (in target 'ProgressiveBlurHeader' from project 'ProgressiveBlurHeader')
    cd /Users/sinjunho/Desktop/Taste\ Buddy/ios/TasteBuddy.xcodeproj
    builtin-SwiftDriver -- /Applications/Xcode.app/Contents/Developer/Toolchains/XcodeDefault.xctoolchain/usr/bin/swiftc -module-name ProgressiveBlurHeader -Onone @/tmp/TasteBuddyHomeQuestionsQA/Build/Intermediates.noindex/ProgressiveBlurHeader.build/Debug-iphonesimulator/ProgressiveBlurHeader.build/Objects-normal/x86_64/ProgressiveBlurHeader.SwiftFileList -DSWIFT_PACKAGE -DDEBUG -DSWIFT_MODULE_RESOURCE_BUNDLE_UNAVAILABLE -DXcode -plugin-path /Applications/Xcode.app/Contents/Developer/Toolchains/XcodeDefault.xctoolchain/usr/lib/swift/host/plugins/testing -enable-experimental-feature DebugDescriptionMacro -sdk /Applications/Xcode.app/Contents/Developer/Platforms/iPhoneSimulator.platform/Developer/SDKs/iPhoneSimulator26.5.sdk -target x86_64-apple-ios16.0-simulator -g -module-cache-path /tmp/TasteBuddyHomeQuestionsQA/ModuleCache.noindex -Xfrontend -serialize-debugging-options -enable-testing -suppress-warnings -index-store-path /tmp/TasteBuddyHomeQuestionsQA/Index.noindex/DataStore -Xcc -D_LIBCPP_HARDENING_MODE\=_LIBCPP_HARDENING_MODE_DEBUG -swift-version 5 -I /tmp/TasteBuddyHomeQuestionsQA/Build/Products/Debug-iphonesimulator -Isystem /Applications/Xcode.app/Contents/Developer/Platforms/iPhoneSimulator.platform/Developer/usr/lib -F /tmp/TasteBuddyHomeQuestionsQA/Build/Products/Debug-iphonesimulator/PackageFrameworks -F /tmp/TasteBuddyHomeQuestionsQA/Build/Products/Debug-iphonesimulator -F /Applications/Xcode.app/Contents/Developer/Platforms/iPhoneSimulator.platform/Developer/Library/Frameworks -F /Applications/Xcode.app/Contents/Developer/Platforms/iPhoneSimulator.platform/Developer/SDKs/iPhoneSimulator26.5.sdk/Developer/Library/Frameworks -parse-as-library -c -j12 -enable-batch-mode -incremental -Xcc -ivfsstatcache -Xcc /tmp/TasteBuddyHomeQuestionsQA/SDKStatCaches.noindex/iphonesimulator26.5-23F81a-6cfe768891a92b912361537c460fe42b.sdkstatcache -output-file-map /tmp/TasteBuddyHomeQuestionsQA/Build/Intermediates.noindex/ProgressiveBlurHeader.build/Debug-iphonesimulator/ProgressiveBlurHeader.build/Objects-normal/x86_64/ProgressiveBlurHeader-OutputFileMap.json -use-frontend-parseable-output -save-temps -no-color-diagnostics -explicit-module-build -module-cache-path /tmp/TasteBuddyHomeQuestionsQA/Build/Intermediates.noindex/SwiftExplicitPrecompiledModules -clang-scanner-module-cache-path /tmp/TasteBuddyHomeQuestionsQA/ModuleCache.noindex -sdk-module-cache-path /tmp/TasteBuddyHomeQuestionsQA/ModuleCache.noindex -serialize-diagnostics -emit-dependencies -emit-module -emit-module-path /tmp/TasteBuddyHomeQuestionsQA/Build/Intermediates.noindex/ProgressiveBlurHeader.build/Debug-iphonesimulator/ProgressiveBlurHeader.build/Objects-normal/x86_64/ProgressiveBlurHeader.swiftmodule -validate-clang-modules-once -clang-build-session-file /tmp/TasteBuddyHomeQuestionsQA/ModuleCache.noindex/Session.modulevalidation -package-name progressiveblurheader -Xcc -I/tmp/TasteBuddyHomeQuestionsQA/Build/Intermediates.noindex/ProgressiveBlurHeader.build/Debug-iphonesimulator/ProgressiveBlurHeader.build/swift-overrides.hmap -emit-const-values -Xfrontend -const-gather-protocols-file -Xfrontend /tmp/TasteBuddyHomeQuestionsQA/Build/Intermediates.noindex/ProgressiveBlurHeader.build/Debug-iphonesimulator/ProgressiveBlurHeader.build/Objects-normal/x86_64/ProgressiveBlurHeader_const_extract_protocols.json -Xcc -I/tmp/TasteBuddyHomeQuestionsQA/Build/Products/Debug-iphonesimulator/include -Xcc -I/tmp/TasteBuddyHomeQuestionsQA/Build/Intermediates.noindex/ProgressiveBlurHeader.build/Debug-iphonesimulator/ProgressiveBlurHeader.build/DerivedSources-normal/x86_64 -Xcc -I/tmp/TasteBuddyHomeQuestionsQA/Build/Intermediates.noindex/ProgressiveBlurHeader.build/Debug-iphonesimulator/ProgressiveBlurHeader.build/DerivedSources/x86_64 -Xcc -I/tmp/TasteBuddyHomeQuestionsQA/Build/Intermediates.noindex/ProgressiveBlurHeader.build/Debug-iphonesimulator/ProgressiveBlurHeader.build/DerivedSources -Xcc -DSWIFT_PACKAGE -Xcc -DDEBUG\=1 -emit-objc-header -emit-objc-header-path /tmp/TasteBuddyHomeQuestionsQA/Build/Intermediates.noindex/ProgressiveBlurHeader.build/Debug-iphonesimulator/ProgressiveBlurHeader.build/Objects-normal/x86_64/ProgressiveBlurHeader-Swift.h -working-directory /Users/sinjunho/Desktop/Taste\ Buddy/ios/TasteBuddy.xcodeproj -experimental-emit-module-separately -disable-cmo

SwiftDriverJobDiscovery normal x86_64 Compiling Deprecations.swift (in target 'XCTestDynamicOverlay' from project 'xctest-dynamic-overlay')

SwiftDriver\ Compilation XCTestDynamicOverlay normal x86_64 com.apple.xcode.tools.swift.compiler (in target 'XCTestDynamicOverlay' from project 'xctest-dynamic-overlay')
    cd /Users/sinjunho/Desktop/Taste\ Buddy/ios/TasteBuddy.xcodeproj
    builtin-Swift-Compilation -- /Applications/Xcode.app/Contents/Developer/Toolchains/XcodeDefault.xctoolchain/usr/bin/swiftc -module-name XCTestDynamicOverlay -Onone @/tmp/TasteBuddyHomeQuestionsQA/Build/Intermediates.noindex/xctest-dynamic-overlay.build/Debug-iphonesimulator/XCTestDynamicOverlay.build/Objects-normal/x86_64/XCTestDynamicOverlay.SwiftFileList -DSWIFT_PACKAGE -DDEBUG -DSWIFT_MODULE_RESOURCE_BUNDLE_UNAVAILABLE -DXcode -plugin-path /Applications/Xcode.app/Contents/Developer/Toolchains/XcodeDefault.xctoolchain/usr/lib/swift/host/plugins/testing -enable-experimental-feature DebugDescriptionMacro -sdk /Applications/Xcode.app/Contents/Developer/Platforms/iPhoneSimulator.platform/Developer/SDKs/iPhoneSimulator26.5.sdk -target x86_64-apple-ios13.0-simulator -g -module-cache-path /tmp/TasteBuddyHomeQuestionsQA/ModuleCache.noindex -Xfrontend -serialize-debugging-options -enable-testing -suppress-warnings -index-store-path /tmp/TasteBuddyHomeQuestionsQA/Index.noindex/DataStore -Xcc -D_LIBCPP_HARDENING_MODE\=_LIBCPP_HARDENING_MODE_DEBUG -swift-version 6 -I /tmp/TasteBuddyHomeQuestionsQA/Build/Products/Debug-iphonesimulator -Isystem /Applications/Xcode.app/Contents/Developer/Platforms/iPhoneSimulator.platform/Developer/usr/lib -F /tmp/TasteBuddyHomeQuestionsQA/Build/Products/Debug-iphonesimulator/PackageFrameworks -F /tmp/TasteBuddyHomeQuestionsQA/Build/Products/Debug-iphonesimulator/PackageFrameworks -F /tmp/TasteBuddyHomeQuestionsQA/Build/Products/Debug-iphonesimulator -F /Applications/Xcode.app/Contents/Developer/Platforms/iPhoneSimulator.platform/Developer/Library/Frameworks -F /Applications/Xcode.app/Contents/Developer/Platforms/iPhoneSimulator.platform/Developer/SDKs/iPhoneSimulator26.5.sdk/Developer/Library/Frameworks -c -j12 -enable-batch-mode -incremental -Xcc -ivfsstatcache -Xcc /tmp/TasteBuddyHomeQuestionsQA/SDKStatCaches.noindex/iphonesimulator26.5-23F81a-6cfe768891a92b912361537c460fe42b.sdkstatcache -output-file-map /tmp/TasteBuddyHomeQuestionsQA/Build/Intermediates.noindex/xctest-dynamic-overlay.build/Debug-iphonesimulator/XCTestDynamicOverlay.build/Objects-normal/x86_64/XCTestDynamicOverlay-OutputFileMap.json -use-frontend-parseable-output -save-temps -no-color-diagnostics -explicit-module-build -module-cache-path /tmp/TasteBuddyHomeQuestionsQA/Build/Intermediates.noindex/SwiftExplicitPrecompiledModules -clang-scanner-module-cache-path /tmp/TasteBuddyHomeQuestionsQA/ModuleCache.noindex -sdk-module-cache-path /tmp/TasteBuddyHomeQuestionsQA/ModuleCache.noindex -serialize-diagnostics -emit-dependencies -emit-module -emit-module-path /tmp/TasteBuddyHomeQuestionsQA/Build/Intermediates.noindex/xctest-dynamic-overlay.build/Debug-iphonesimulator/XCTestDynamicOverlay.build/Objects-normal/x86_64/XCTestDynamicOverlay.swiftmodule -user-module-version 1.9.0 -validate-clang-modules-once -clang-build-session-file /tmp/TasteBuddyHomeQuestionsQA/ModuleCache.noindex/Session.modulevalidation -package-name xctest_dynamic_overlay -Xcc -I/tmp/TasteBuddyHomeQuestionsQA/Build/Intermediates.noindex/xctest-dynamic-overlay.build/Debug-iphonesimulator/XCTestDynamicOverlay.build/swift-overrides.hmap -emit-const-values -Xfrontend -const-gather-protocols-file -Xfrontend /tmp/TasteBuddyHomeQuestionsQA/Build/Intermediates.noindex/xctest-dynamic-overlay.build/Debug-iphonesimulator/XCTestDynamicOverlay.build/Objects-normal/x86_64/XCTestDynamicOverlay_const_extract_protocols.json -Xcc -I/tmp/TasteBuddyHomeQuestionsQA/Build/Products/Debug-iphonesimulator/include -Xcc -I/tmp/TasteBuddyHomeQuestionsQA/Build/Intermediates.noindex/xctest-dynamic-overlay.build/Debug-iphonesimulator/XCTestDynamicOverlay.build/DerivedSources-normal/x86_64 -Xcc -I/tmp/TasteBuddyHomeQuestionsQA/Build/Intermediates.noindex/xctest-dynamic-overlay.build/Debug-iphonesimulator/XCTestDynamicOverlay.build/DerivedSources/x86_64 -Xcc -I/tmp/TasteBuddyHomeQuestionsQA/Build/Intermediates.noindex/xctest-dynamic-overlay.build/Debug-iphonesimulator/XCTestDynamicOverlay.build/DerivedSources -Xcc -DSWIFT_PACKAGE -Xcc -DDEBUG\=1 -emit-objc-header -emit-objc-header-path /tmp/TasteBuddyHomeQuestionsQA/Build/Intermediates.noindex/xctest-dynamic-overlay.build/Debug-iphonesimulator/XCTestDynamicOverlay.build/Objects-normal/x86_64/XCTestDynamicOverlay-Swift.h -working-directory /Users/sinjunho/Desktop/Taste\ Buddy/ios/TasteBuddy.xcodeproj -experimental-emit-module-separately -disable-cmo

Ld /tmp/TasteBuddyHomeQuestionsQA/Build/Products/Debug-iphonesimulator/XCTestDynamicOverlay.o normal (in target 'XCTestDynamicOverlay' from project 'xctest-dynamic-overlay')
    cd /tmp/TasteBuddyHomeQuestionsQA/SourcePackages/checkouts/xctest-dynamic-overlay
    /Applications/Xcode.app/Contents/Developer/Toolchains/XcodeDefault.xctoolchain/usr/bin/clang -Xlinker -reproducible -target x86_64-apple-ios13.0-simulator -r -isysroot /Applications/Xcode.app/Contents/Developer/Platforms/iPhoneSimulator.platform/Developer/SDKs/iPhoneSimulator26.5.sdk -O0 -w -F/tmp/TasteBuddyHomeQuestionsQA/Build/Intermediates.noindex/EagerLinkingTBDs/Debug-iphonesimulator -F/tmp/TasteBuddyHomeQuestionsQA/Build/Products/Debug-iphonesimulator/PackageFrameworks -F/tmp/TasteBuddyHomeQuestionsQA/Build/Products/Debug-iphonesimulator/PackageFrameworks -F/tmp/TasteBuddyHomeQuestionsQA/Build/Products/Debug-iphonesimulator -iframework /Applications/Xcode.app/Contents/Developer/Platforms/iPhoneSimulator.platform/Developer/Library/Frameworks -iframework /Applications/Xcode.app/Contents/Developer/Platforms/iPhoneSimulator.platform/Developer/SDKs/iPhoneSimulator26.5.sdk/Developer/Library/Frameworks -filelist /tmp/TasteBuddyHomeQuestionsQA/Build/Intermediates.noindex/xctest-dynamic-overlay.build/Debug-iphonesimulator/XCTestDynamicOverlay.build/Objects-normal/x86_64/XCTestDynamicOverlay.LinkFileList -nostdlib -Xlinker -object_path_lto -Xlinker /tmp/TasteBuddyHomeQuestionsQA/Build/Intermediates.noindex/xctest-dynamic-overlay.build/Debug-iphonesimulator/XCTestDynamicOverlay.build/Objects-normal/x86_64/XCTestDynamicOverlay_lto.o -Xlinker -no_deduplicate -Xlinker -objc_abi_version -Xlinker 2 -Xlinker -dependency_info -Xlinker /tmp/TasteBuddyHomeQuestionsQA/Build/Intermediates.noindex/xctest-dynamic-overlay.build/Debug-iphonesimulator/XCTestDynamicOverlay.build/Objects-normal/x86_64/XCTestDynamicOverlay_dependency_info.dat -fobjc-link-runtime -L/Applications/Xcode.app/Contents/Developer/Toolchains/XcodeDefault.xctoolchain/usr/lib/swift/iphonesimulator -L/usr/lib/swift -Xlinker -add_ast_path -Xlinker /tmp/TasteBuddyHomeQuestionsQA/Build/Intermediates.noindex/xctest-dynamic-overlay.build/Debug-iphonesimulator/XCTestDynamicOverlay.build/Objects-normal/x86_64/XCTestDynamicOverlay.swiftmodule @/tmp/TasteBuddyHomeQuestionsQA/Build/Intermediates.noindex/xctest-dynamic-overlay.build/Debug-iphonesimulator/XCTestDynamicOverlay.build/Objects-normal/x86_64/XCTestDynamicOverlay-linker-args.resp -o /tmp/TasteBuddyHomeQuestionsQA/Build/Products/Debug-iphonesimulator/XCTestDynamicOverlay.o

SwiftExplicitDependencyGeneratePcm x86_64 /tmp/TasteBuddyHomeQuestionsQA/ModuleCache.noindex/QuartzCore-1V8TAU6E9PPB3H491EH9LTCZY.pcm

SwiftExplicitDependencyGeneratePcm x86_64 /tmp/TasteBuddyHomeQuestionsQA/ModuleCache.noindex/CoreImage-B4VAPSGQO4Y9PKBKKIO12BLCX.pcm

ExtractAppIntentsMetadata (in target 'XCTestDynamicOverlay' from project 'xctest-dynamic-overlay')
    cd /tmp/TasteBuddyHomeQuestionsQA/SourcePackages/checkouts/xctest-dynamic-overlay
    /Applications/Xcode.app/Contents/Developer/Toolchains/XcodeDefault.xctoolchain/usr/bin/appintentsmetadataprocessor --toolchain-dir /Applications/Xcode.app/Contents/Developer/Toolchains/XcodeDefault.xctoolchain --module-name XCTestDynamicOverlay --sdk-root /Applications/Xcode.app/Contents/Developer/Platforms/iPhoneSimulator.platform/Developer/SDKs/iPhoneSimulator26.5.sdk --xcode-version 17F113 --platform-family iOS --deployment-target 13.0 --bundle-identifier xctest-dynamic-overlay.XCTestDynamicOverlay --output /tmp/TasteBuddyHomeQuestionsQA/Build/Products/Debug-iphonesimulator/XCTestDynamicOverlay.appintents --target-triple x86_64-apple-ios13.0-simulator --binary-file /tmp/TasteBuddyHomeQuestionsQA/Build/Products/Debug-iphonesimulator/XCTestDynamicOverlay.o --dependency-file /tmp/TasteBuddyHomeQuestionsQA/Build/Intermediates.noindex/xctest-dynamic-overlay.build/Debug-iphonesimulator/XCTestDynamicOverlay.build/Objects-normal/x86_64/XCTestDynamicOverlay_dependency_info.dat --stringsdata-file /tmp/TasteBuddyHomeQuestionsQA/Build/Intermediates.noindex/xctest-dynamic-overlay.build/Debug-iphonesimulator/XCTestDynamicOverlay.build/Objects-normal/x86_64/ExtractedAppShortcutsMetadata.stringsdata --source-file-list /tmp/TasteBuddyHomeQuestionsQA/Build/Intermediates.noindex/xctest-dynamic-overlay.build/Debug-iphonesimulator/XCTestDynamicOverlay.build/Objects-normal/x86_64/XCTestDynamicOverlay.SwiftFileList --metadata-file-list /tmp/TasteBuddyHomeQuestionsQA/Build/Intermediates.noindex/xctest-dynamic-overlay.build/Debug-iphonesimulator/XCTestDynamicOverlay.build/XCTestDynamicOverlay.DependencyMetadataFileList --static-metadata-file-list /tmp/TasteBuddyHomeQuestionsQA/Build/Intermediates.noindex/xctest-dynamic-overlay.build/Debug-iphonesimulator/XCTestDynamicOverlay.build/XCTestDynamicOverlay.DependencyStaticMetadataFileList --swift-const-vals-list /tmp/TasteBuddyHomeQuestionsQA/Build/Intermediates.noindex/xctest-dynamic-overlay.build/Debug-iphonesimulator/XCTestDynamicOverlay.build/Objects-normal/x86_64/XCTestDynamicOverlay.SwiftConstValuesFileList --force --compile-time-extraction --deployment-aware-processing --validate-assistant-intents --no-app-shortcuts-localization
2026-09-13 16:10:44.931 appintentsmetadataprocessor[82256:4040203] Starting appintentsmetadataprocessor export
2026-09-13 16:10:44.956 appintentsmetadataprocessor[82256:4040203] Extracted no relevant App Intents symbols, skipping writing output

RegisterExecutionPolicyException /tmp/TasteBuddyHomeQuestionsQA/Build/Products/Debug-iphonesimulator/XCTestDynamicOverlay.o (in target 'XCTestDynamicOverlay' from project 'xctest-dynamic-overlay')
    cd /tmp/TasteBuddyHomeQuestionsQA/SourcePackages/checkouts/xctest-dynamic-overlay
    builtin-RegisterExecutionPolicyException /tmp/TasteBuddyHomeQuestionsQA/Build/Products/Debug-iphonesimulator/XCTestDynamicOverlay.o

SwiftExplicitDependencyGeneratePcm x86_64 /tmp/TasteBuddyHomeQuestionsQA/ModuleCache.noindex/SwiftUICore-56ANQGT72FOWBHT8JW9928C0C.pcm

SwiftExplicitDependencyGeneratePcm x86_64 /tmp/TasteBuddyHomeQuestionsQA/ModuleCache.noindex/UIKit-2HZLISVWN3GTKFQGNYST8606O.pcm

SwiftEmitModule normal x86_64 Emitting\ module\ for\ ProgressiveBlurHeader (in target 'ProgressiveBlurHeader' from project 'ProgressiveBlurHeader')

SwiftCompile normal x86_64 /tmp/TasteBuddyHomeQuestionsQA/SourcePackages/checkouts/ProgressiveBlurHeader/Sources/ProgressiveBlurHeader/StickyBlurHeader.swift (in target 'ProgressiveBlurHeader' from project 'ProgressiveBlurHeader')
    cd /Users/sinjunho/Desktop/Taste\ Buddy/ios/TasteBuddy.xcodeproj
    

SwiftCompile normal x86_64 Compiling\ StickyBlurHeader.swift /tmp/TasteBuddyHomeQuestionsQA/SourcePackages/checkouts/ProgressiveBlurHeader/Sources/ProgressiveBlurHeader/StickyBlurHeader.swift (in target 'ProgressiveBlurHeader' from project 'ProgressiveBlurHeader')
SwiftCompile normal x86_64 /tmp/TasteBuddyHomeQuestionsQA/SourcePackages/checkouts/ProgressiveBlurHeader/Sources/ProgressiveBlurHeader/StickyBlurHeader.swift (in target 'ProgressiveBlurHeader' from project 'ProgressiveBlurHeader')
    cd /Users/sinjunho/Desktop/Taste\ Buddy/ios/TasteBuddy.xcodeproj
    

SwiftExplicitDependencyGeneratePcm x86_64 /tmp/TasteBuddyHomeQuestionsQA/ModuleCache.noindex/simd-E1PBRTCFP1BXURSG7R6NC76D4.pcm

SwiftDriverJobDiscovery normal x86_64 Emitting module for ProgressiveBlurHeader (in target 'ProgressiveBlurHeader' from project 'ProgressiveBlurHeader')

SwiftDriver\ Compilation\ Requirements ProgressiveBlurHeader normal x86_64 com.apple.xcode.tools.swift.compiler (in target 'ProgressiveBlurHeader' from project 'ProgressiveBlurHeader')
    cd /Users/sinjunho/Desktop/Taste\ Buddy/ios/TasteBuddy.xcodeproj
    builtin-Swift-Compilation-Requirements -- /Applications/Xcode.app/Contents/Developer/Toolchains/XcodeDefault.xctoolchain/usr/bin/swiftc -module-name ProgressiveBlurHeader -Onone @/tmp/TasteBuddyHomeQuestionsQA/Build/Intermediates.noindex/ProgressiveBlurHeader.build/Debug-iphonesimulator/ProgressiveBlurHeader.build/Objects-normal/x86_64/ProgressiveBlurHeader.SwiftFileList -DSWIFT_PACKAGE -DDEBUG -DSWIFT_MODULE_RESOURCE_BUNDLE_UNAVAILABLE -DXcode -plugin-path /Applications/Xcode.app/Contents/Developer/Toolchains/XcodeDefault.xctoolchain/usr/lib/swift/host/plugins/testing -enable-experimental-feature DebugDescriptionMacro -sdk /Applications/Xcode.app/Contents/Developer/Platforms/iPhoneSimulator.platform/Developer/SDKs/iPhoneSimulator26.5.sdk -target x86_64-apple-ios16.0-simulator -g -module-cache-path /tmp/TasteBuddyHomeQuestionsQA/ModuleCache.noindex -Xfrontend -serialize-debugging-options -enable-testing -suppress-warnings -index-store-path /tmp/TasteBuddyHomeQuestionsQA/Index.noindex/DataStore -Xcc -D_LIBCPP_HARDENING_MODE\=_LIBCPP_HARDENING_MODE_DEBUG -swift-version 5 -I /tmp/TasteBuddyHomeQuestionsQA/Build/Products/Debug-iphonesimulator -Isystem /Applications/Xcode.app/Contents/Developer/Platforms/iPhoneSimulator.platform/Developer/usr/lib -F /tmp/TasteBuddyHomeQuestionsQA/Build/Products/Debug-iphonesimulator/PackageFrameworks -F /tmp/TasteBuddyHomeQuestionsQA/Build/Products/Debug-iphonesimulator -F /Applications/Xcode.app/Contents/Developer/Platforms/iPhoneSimulator.platform/Developer/Library/Frameworks -F /Applications/Xcode.app/Contents/Developer/Platforms/iPhoneSimulator.platform/Developer/SDKs/iPhoneSimulator26.5.sdk/Developer/Library/Frameworks -parse-as-library -c -j12 -enable-batch-mode -incremental -Xcc -ivfsstatcache -Xcc /tmp/TasteBuddyHomeQuestionsQA/SDKStatCaches.noindex/iphonesimulator26.5-23F81a-6cfe768891a92b912361537c460fe42b.sdkstatcache -output-file-map /tmp/TasteBuddyHomeQuestionsQA/Build/Intermediates.noindex/ProgressiveBlurHeader.build/Debug-iphonesimulator/ProgressiveBlurHeader.build/Objects-normal/x86_64/ProgressiveBlurHeader-OutputFileMap.json -use-frontend-parseable-output -save-temps -no-color-diagnostics -explicit-module-build -module-cache-path /tmp/TasteBuddyHomeQuestionsQA/Build/Intermediates.noindex/SwiftExplicitPrecompiledModules -clang-scanner-module-cache-path /tmp/TasteBuddyHomeQuestionsQA/ModuleCache.noindex -sdk-module-cache-path /tmp/TasteBuddyHomeQuestionsQA/ModuleCache.noindex -serialize-diagnostics -emit-dependencies -emit-module -emit-module-path /tmp/TasteBuddyHomeQuestionsQA/Build/Intermediates.noindex/ProgressiveBlurHeader.build/Debug-iphonesimulator/ProgressiveBlurHeader.build/Objects-normal/x86_64/ProgressiveBlurHeader.swiftmodule -validate-clang-modules-once -clang-build-session-file /tmp/TasteBuddyHomeQuestionsQA/ModuleCache.noindex/Session.modulevalidation -package-name progressiveblurheader -Xcc -I/tmp/TasteBuddyHomeQuestionsQA/Build/Intermediates.noindex/ProgressiveBlurHeader.build/Debug-iphonesimulator/ProgressiveBlurHeader.build/swift-overrides.hmap -emit-const-values -Xfrontend -const-gather-protocols-file -Xfrontend /tmp/TasteBuddyHomeQuestionsQA/Build/Intermediates.noindex/ProgressiveBlurHeader.build/Debug-iphonesimulator/ProgressiveBlurHeader.build/Objects-normal/x86_64/ProgressiveBlurHeader_const_extract_protocols.json -Xcc -I/tmp/TasteBuddyHomeQuestionsQA/Build/Products/Debug-iphonesimulator/include -Xcc -I/tmp/TasteBuddyHomeQuestionsQA/Build/Intermediates.noindex/ProgressiveBlurHeader.build/Debug-iphonesimulator/ProgressiveBlurHeader.build/DerivedSources-normal/x86_64 -Xcc -I/tmp/TasteBuddyHomeQuestionsQA/Build/Intermediates.noindex/ProgressiveBlurHeader.build/Debug-iphonesimulator/ProgressiveBlurHeader.build/DerivedSources/x86_64 -Xcc -I/tmp/TasteBuddyHomeQuestionsQA/Build/Intermediates.noindex/ProgressiveBlurHeader.build/Debug-iphonesimulator/ProgressiveBlurHeader.build/DerivedSources -Xcc -DSWIFT_PACKAGE -Xcc -DDEBUG\=1 -emit-objc-header -emit-objc-header-path /tmp/TasteBuddyHomeQuestionsQA/Build/Intermediates.noindex/ProgressiveBlurHeader.build/Debug-iphonesimulator/ProgressiveBlurHeader.build/Objects-normal/x86_64/ProgressiveBlurHeader-Swift.h -working-directory /Users/sinjunho/Desktop/Taste\ Buddy/ios/TasteBuddy.xcodeproj -experimental-emit-module-separately -disable-cmo

SwiftMergeGeneratedHeaders /tmp/TasteBuddyHomeQuestionsQA/Build/Intermediates.noindex/GeneratedModuleMaps-iphonesimulator/ProgressiveBlurHeader-Swift.h /tmp/TasteBuddyHomeQuestionsQA/Build/Intermediates.noindex/ProgressiveBlurHeader.build/Debug-iphonesimulator/ProgressiveBlurHeader.build/Objects-normal/x86_64/ProgressiveBlurHeader-Swift.h (in target 'ProgressiveBlurHeader' from project 'ProgressiveBlurHeader')
    cd /tmp/TasteBuddyHomeQuestionsQA/SourcePackages/checkouts/ProgressiveBlurHeader
    builtin-swiftHeaderTool -arch x86_64 /tmp/TasteBuddyHomeQuestionsQA/Build/Intermediates.noindex/ProgressiveBlurHeader.build/Debug-iphonesimulator/ProgressiveBlurHeader.build/Objects-normal/x86_64/ProgressiveBlurHeader-Swift.h -o /tmp/TasteBuddyHomeQuestionsQA/Build/Intermediates.noindex/GeneratedModuleMaps-iphonesimulator/ProgressiveBlurHeader-Swift.h

Copy /tmp/TasteBuddyHomeQuestionsQA/Build/Products/Debug-iphonesimulator/ProgressiveBlurHeader.swiftmodule/x86_64-apple-ios-simulator.swiftmodule /tmp/TasteBuddyHomeQuestionsQA/Build/Intermediates.noindex/ProgressiveBlurHeader.build/Debug-iphonesimulator/ProgressiveBlurHeader.build/Objects-normal/x86_64/ProgressiveBlurHeader.swiftmodule (in target 'ProgressiveBlurHeader' from project 'ProgressiveBlurHeader')
    cd /tmp/TasteBuddyHomeQuestionsQA/SourcePackages/checkouts/ProgressiveBlurHeader
    builtin-copy -exclude .DS_Store -exclude CVS -exclude .svn -exclude .git -exclude .hg -resolve-src-symlinks -rename /tmp/TasteBuddyHomeQuestionsQA/Build/Intermediates.noindex/ProgressiveBlurHeader.build/Debug-iphonesimulator/ProgressiveBlurHeader.build/Objects-normal/x86_64/ProgressiveBlurHeader.swiftmodule /tmp/TasteBuddyHomeQuestionsQA/Build/Products/Debug-iphonesimulator/ProgressiveBlurHeader.swiftmodule/x86_64-apple-ios-simulator.swiftmodule

Copy /tmp/TasteBuddyHomeQuestionsQA/Build/Products/Debug-iphonesimulator/ProgressiveBlurHeader.swiftmodule/x86_64-apple-ios-simulator.swiftdoc /tmp/TasteBuddyHomeQuestionsQA/Build/Intermediates.noindex/ProgressiveBlurHeader.build/Debug-iphonesimulator/ProgressiveBlurHeader.build/Objects-normal/x86_64/ProgressiveBlurHeader.swiftdoc (in target 'ProgressiveBlurHeader' from project 'ProgressiveBlurHeader')
    cd /tmp/TasteBuddyHomeQuestionsQA/SourcePackages/checkouts/ProgressiveBlurHeader
    builtin-copy -exclude .DS_Store -exclude CVS -exclude .svn -exclude .git -exclude .hg -resolve-src-symlinks -rename /tmp/TasteBuddyHomeQuestionsQA/Build/Intermediates.noindex/ProgressiveBlurHeader.build/Debug-iphonesimulator/ProgressiveBlurHeader.build/Objects-normal/x86_64/ProgressiveBlurHeader.swiftdoc /tmp/TasteBuddyHomeQuestionsQA/Build/Products/Debug-iphonesimulator/ProgressiveBlurHeader.swiftmodule/x86_64-apple-ios-simulator.swiftdoc

Copy /tmp/TasteBuddyHomeQuestionsQA/Build/Products/Debug-iphonesimulator/ProgressiveBlurHeader.swiftmodule/x86_64-apple-ios-simulator.abi.json /tmp/TasteBuddyHomeQuestionsQA/Build/Intermediates.noindex/ProgressiveBlurHeader.build/Debug-iphonesimulator/ProgressiveBlurHeader.build/Objects-normal/x86_64/ProgressiveBlurHeader.abi.json (in target 'ProgressiveBlurHeader' from project 'ProgressiveBlurHeader')
    cd /tmp/TasteBuddyHomeQuestionsQA/SourcePackages/checkouts/ProgressiveBlurHeader
    builtin-copy -exclude .DS_Store -exclude CVS -exclude .svn -exclude .git -exclude .hg -resolve-src-symlinks -rename /tmp/TasteBuddyHomeQuestionsQA/Build/Intermediates.noindex/ProgressiveBlurHeader.build/Debug-iphonesimulator/ProgressiveBlurHeader.build/Objects-normal/x86_64/ProgressiveBlurHeader.abi.json /tmp/TasteBuddyHomeQuestionsQA/Build/Products/Debug-iphonesimulator/ProgressiveBlurHeader.swiftmodule/x86_64-apple-ios-simulator.abi.json

Copy /tmp/TasteBuddyHomeQuestionsQA/Build/Products/Debug-iphonesimulator/ProgressiveBlurHeader.swiftmodule/Project/x86_64-apple-ios-simulator.swiftsourceinfo /tmp/TasteBuddyHomeQuestionsQA/Build/Intermediates.noindex/ProgressiveBlurHeader.build/Debug-iphonesimulator/ProgressiveBlurHeader.build/Objects-normal/x86_64/ProgressiveBlurHeader.swiftsourceinfo (in target 'ProgressiveBlurHeader' from project 'ProgressiveBlurHeader')
    cd /tmp/TasteBuddyHomeQuestionsQA/SourcePackages/checkouts/ProgressiveBlurHeader
    builtin-copy -exclude .DS_Store -exclude CVS -exclude .svn -exclude .git -exclude .hg -resolve-src-symlinks -rename /tmp/TasteBuddyHomeQuestionsQA/Build/Intermediates.noindex/ProgressiveBlurHeader.build/Debug-iphonesimulator/ProgressiveBlurHeader.build/Objects-normal/x86_64/ProgressiveBlurHeader.swiftsourceinfo /tmp/TasteBuddyHomeQuestionsQA/Build/Products/Debug-iphonesimulator/ProgressiveBlurHeader.swiftmodule/Project/x86_64-apple-ios-simulator.swiftsourceinfo

SwiftExplicitDependencyGeneratePcm x86_64 /tmp/TasteBuddyHomeQuestionsQA/ModuleCache.noindex/Spatial-BESH4JMTSUSV506QL2CI820W5.pcm

SwiftExplicitDependencyGeneratePcm x86_64 /tmp/TasteBuddyHomeQuestionsQA/ModuleCache.noindex/SwiftUI-5EF6WIAZ2TSXGX4NPQC9IC4DR.pcm

SwiftCompile normal x86_64 Compiling\ Timer.swift /tmp/TasteBuddyHomeQuestionsQA/SourcePackages/checkouts/swift-clocks/Sources/Clocks/Timer.swift (in target 'Clocks' from project 'swift-clocks')

SwiftCompile normal x86_64 /tmp/TasteBuddyHomeQuestionsQA/SourcePackages/checkouts/swift-clocks/Sources/Clocks/Timer.swift (in target 'Clocks' from project 'swift-clocks')
    cd /Users/sinjunho/Desktop/Taste\ Buddy/ios/TasteBuddy.xcodeproj
    

SwiftCompile normal x86_64 Compiling\ Lock.swift /tmp/TasteBuddyHomeQuestionsQA/SourcePackages/checkouts/swift-clocks/Sources/Clocks/Internal/Lock.swift (in target 'Clocks' from project 'swift-clocks')

SwiftCompile normal x86_64 /tmp/TasteBuddyHomeQuestionsQA/SourcePackages/checkouts/swift-clocks/Sources/Clocks/Internal/Lock.swift (in target 'Clocks' from project 'swift-clocks')
    cd /Users/sinjunho/Desktop/Taste\ Buddy/ios/TasteBuddy.xcodeproj
    

SwiftCompile normal x86_64 Compiling\ AnyClock.swift /tmp/TasteBuddyHomeQuestionsQA/SourcePackages/checkouts/swift-clocks/Sources/Clocks/AnyClock.swift (in target 'Clocks' from project 'swift-clocks')

SwiftCompile normal x86_64 /tmp/TasteBuddyHomeQuestionsQA/SourcePackages/checkouts/swift-clocks/Sources/Clocks/AnyClock.swift (in target 'Clocks' from project 'swift-clocks')
    cd /Users/sinjunho/Desktop/Taste\ Buddy/ios/TasteBuddy.xcodeproj
    

SwiftCompile normal x86_64 Compiling\ _AsyncTimerSequence.swift /tmp/TasteBuddyHomeQuestionsQA/SourcePackages/checkouts/swift-clocks/Sources/Clocks/Internal/_AsyncTimerSequence.swift (in target 'Clocks' from project 'swift-clocks')

SwiftCompile normal x86_64 /tmp/TasteBuddyHomeQuestionsQA/SourcePackages/checkouts/swift-clocks/Sources/Clocks/Internal/_AsyncTimerSequence.swift (in target 'Clocks' from project 'swift-clocks')
    cd /Users/sinjunho/Desktop/Taste\ Buddy/ios/TasteBuddy.xcodeproj
    

SwiftEmitModule normal x86_64 Emitting\ module\ for\ Clocks (in target 'Clocks' from project 'swift-clocks')

EmitSwiftModule normal x86_64 (in target 'Clocks' from project 'swift-clocks')
    cd /Users/sinjunho/Desktop/Taste\ Buddy/ios/TasteBuddy.xcodeproj
    

SwiftCompile normal x86_64 Compiling\ UnimplementedClock.swift /tmp/TasteBuddyHomeQuestionsQA/SourcePackages/checkouts/swift-clocks/Sources/Clocks/UnimplementedClock.swift (in target 'Clocks' from project 'swift-clocks')

SwiftCompile normal x86_64 /tmp/TasteBuddyHomeQuestionsQA/SourcePackages/checkouts/swift-clocks/Sources/Clocks/UnimplementedClock.swift (in target 'Clocks' from project 'swift-clocks')
    cd /Users/sinjunho/Desktop/Taste\ Buddy/ios/TasteBuddy.xcodeproj
    

SwiftCompile normal x86_64 Compiling\ ImmediateClock.swift /tmp/TasteBuddyHomeQuestionsQA/SourcePackages/checkouts/swift-clocks/Sources/Clocks/ImmediateClock.swift (in target 'Clocks' from project 'swift-clocks')

SwiftCompile normal x86_64 /tmp/TasteBuddyHomeQuestionsQA/SourcePackages/checkouts/swift-clocks/Sources/Clocks/ImmediateClock.swift (in target 'Clocks' from project 'swift-clocks')
    cd /Users/sinjunho/Desktop/Taste\ Buddy/ios/TasteBuddy.xcodeproj
    

SwiftCompile normal x86_64 Compiling\ SwiftUI.swift /tmp/TasteBuddyHomeQuestionsQA/SourcePackages/checkouts/swift-clocks/Sources/Clocks/SwiftUI.swift (in target 'Clocks' from project 'swift-clocks')

SwiftCompile normal x86_64 /tmp/TasteBuddyHomeQuestionsQA/SourcePackages/checkouts/swift-clocks/Sources/Clocks/SwiftUI.swift (in target 'Clocks' from project 'swift-clocks')
    cd /Users/sinjunho/Desktop/Taste\ Buddy/ios/TasteBuddy.xcodeproj
    

SwiftCompile normal x86_64 Compiling\ TestClock.swift /tmp/TasteBuddyHomeQuestionsQA/SourcePackages/checkouts/swift-clocks/Sources/Clocks/TestClock.swift (in target 'Clocks' from project 'swift-clocks')

SwiftCompile normal x86_64 /tmp/TasteBuddyHomeQuestionsQA/SourcePackages/checkouts/swift-clocks/Sources/Clocks/TestClock.swift (in target 'Clocks' from project 'swift-clocks')
    cd /Users/sinjunho/Desktop/Taste\ Buddy/ios/TasteBuddy.xcodeproj
    

SwiftDriverJobDiscovery normal x86_64 Compiling Lock.swift (in target 'Clocks' from project 'swift-clocks')

SwiftDriverJobDiscovery normal x86_64 Compiling Timer.swift (in target 'Clocks' from project 'swift-clocks')

SwiftDriverJobDiscovery normal x86_64 Emitting module for Clocks (in target 'Clocks' from project 'swift-clocks')

SwiftDriver\ Compilation\ Requirements Clocks normal x86_64 com.apple.xcode.tools.swift.compiler (in target 'Clocks' from project 'swift-clocks')
    cd /Users/sinjunho/Desktop/Taste\ Buddy/ios/TasteBuddy.xcodeproj
    builtin-Swift-Compilation-Requirements -- /Applications/Xcode.app/Contents/Developer/Toolchains/XcodeDefault.xctoolchain/usr/bin/swiftc -module-name Clocks -Onone @/tmp/TasteBuddyHomeQuestionsQA/Build/Intermediates.noindex/swift-clocks.build/Debug-iphonesimulator/Clocks.build/Objects-normal/x86_64/Clocks.SwiftFileList -DSWIFT_PACKAGE -DDEBUG -DSWIFT_MODULE_RESOURCE_BUNDLE_UNAVAILABLE -DXcode -plugin-path /Applications/Xcode.app/Contents/Developer/Toolchains/XcodeDefault.xctoolchain/usr/lib/swift/host/plugins/testing -enable-experimental-feature DebugDescriptionMacro -sdk /Applications/Xcode.app/Contents/Developer/Platforms/iPhoneSimulator.platform/Developer/SDKs/iPhoneSimulator26.5.sdk -target x86_64-apple-ios13.0-simulator -g -module-cache-path /tmp/TasteBuddyHomeQuestionsQA/ModuleCache.noindex -Xfrontend -serialize-debugging-options -enable-testing -suppress-warnings -index-store-path /tmp/TasteBuddyHomeQuestionsQA/Index.noindex/DataStore -Xcc -D_LIBCPP_HARDENING_MODE\=_LIBCPP_HARDENING_MODE_DEBUG -swift-version 6 -I /tmp/TasteBuddyHomeQuestionsQA/Build/Products/Debug-iphonesimulator -Isystem /Applications/Xcode.app/Contents/Developer/Platforms/iPhoneSimulator.platform/Developer/usr/lib -F /tmp/TasteBuddyHomeQuestionsQA/Build/Products/Debug-iphonesimulator/PackageFrameworks -F /tmp/TasteBuddyHomeQuestionsQA/Build/Products/Debug-iphonesimulator/PackageFrameworks -F /tmp/TasteBuddyHomeQuestionsQA/Build/Products/Debug-iphonesimulator/PackageFrameworks -F /tmp/TasteBuddyHomeQuestionsQA/Build/Products/Debug-iphonesimulator -F /Applications/Xcode.app/Contents/Developer/Platforms/iPhoneSimulator.platform/Developer/Library/Frameworks -F /Applications/Xcode.app/Contents/Developer/Platforms/iPhoneSimulator.platform/Developer/SDKs/iPhoneSimulator26.5.sdk/Developer/Library/Frameworks -c -j12 -enable-batch-mode -incremental -Xcc -ivfsstatcache -Xcc /tmp/TasteBuddyHomeQuestionsQA/SDKStatCaches.noindex/iphonesimulator26.5-23F81a-6cfe768891a92b912361537c460fe42b.sdkstatcache -output-file-map /tmp/TasteBuddyHomeQuestionsQA/Build/Intermediates.noindex/swift-clocks.build/Debug-iphonesimulator/Clocks.build/Objects-normal/x86_64/Clocks-OutputFileMap.json -use-frontend-parseable-output -save-temps -no-color-diagnostics -explicit-module-build -module-cache-path /tmp/TasteBuddyHomeQuestionsQA/Build/Intermediates.noindex/SwiftExplicitPrecompiledModules -clang-scanner-module-cache-path /tmp/TasteBuddyHomeQuestionsQA/ModuleCache.noindex -sdk-module-cache-path /tmp/TasteBuddyHomeQuestionsQA/ModuleCache.noindex -serialize-diagnostics -emit-dependencies -emit-module -emit-module-path /tmp/TasteBuddyHomeQuestionsQA/Build/Intermediates.noindex/swift-clocks.build/Debug-iphonesimulator/Clocks.build/Objects-normal/x86_64/Clocks.swiftmodule -user-module-version 1.0.6 -validate-clang-modules-once -clang-build-session-file /tmp/TasteBuddyHomeQuestionsQA/ModuleCache.noindex/Session.modulevalidation -package-name swift_clocks -Xcc -I/tmp/TasteBuddyHomeQuestionsQA/Build/Intermediates.noindex/swift-clocks.build/Debug-iphonesimulator/Clocks.build/swift-overrides.hmap -emit-const-values -Xfrontend -const-gather-protocols-file -Xfrontend /tmp/TasteBuddyHomeQuestionsQA/Build/Intermediates.noindex/swift-clocks.build/Debug-iphonesimulator/Clocks.build/Objects-normal/x86_64/Clocks_const_extract_protocols.json -Xcc -I/tmp/TasteBuddyHomeQuestionsQA/Build/Products/Debug-iphonesimulator/include -Xcc -I/tmp/TasteBuddyHomeQuestionsQA/Build/Intermediates.noindex/swift-clocks.build/Debug-iphonesimulator/Clocks.build/DerivedSources-normal/x86_64 -Xcc -I/tmp/TasteBuddyHomeQuestionsQA/Build/Intermediates.noindex/swift-clocks.build/Debug-iphonesimulator/Clocks.build/DerivedSources/x86_64 -Xcc -I/tmp/TasteBuddyHomeQuestionsQA/Build/Intermediates.noindex/swift-clocks.build/Debug-iphonesimulator/Clocks.build/DerivedSources -Xcc -DSWIFT_PACKAGE -Xcc -DDEBUG\=1 -emit-objc-header -emit-objc-header-path /tmp/TasteBuddyHomeQuestionsQA/Build/Intermediates.noindex/swift-clocks.build/Debug-iphonesimulator/Clocks.build/Objects-normal/x86_64/Clocks-Swift.h -working-directory /Users/sinjunho/Desktop/Taste\ Buddy/ios/TasteBuddy.xcodeproj -experimental-emit-module-separately -disable-cmo

SwiftMergeGeneratedHeaders /tmp/TasteBuddyHomeQuestionsQA/Build/Intermediates.noindex/GeneratedModuleMaps-iphonesimulator/Clocks-Swift.h /tmp/TasteBuddyHomeQuestionsQA/Build/Intermediates.noindex/swift-clocks.build/Debug-iphonesimulator/Clocks.build/Objects-normal/x86_64/Clocks-Swift.h (in target 'Clocks' from project 'swift-clocks')
    cd /tmp/TasteBuddyHomeQuestionsQA/SourcePackages/checkouts/swift-clocks
    builtin-swiftHeaderTool -arch x86_64 /tmp/TasteBuddyHomeQuestionsQA/Build/Intermediates.noindex/swift-clocks.build/Debug-iphonesimulator/Clocks.build/Objects-normal/x86_64/Clocks-Swift.h -o /tmp/TasteBuddyHomeQuestionsQA/Build/Intermediates.noindex/GeneratedModuleMaps-iphonesimulator/Clocks-Swift.h

Copy /tmp/TasteBuddyHomeQuestionsQA/Build/Products/Debug-iphonesimulator/Clocks.swiftmodule/x86_64-apple-ios-simulator.swiftmodule /tmp/TasteBuddyHomeQuestionsQA/Build/Intermediates.noindex/swift-clocks.build/Debug-iphonesimulator/Clocks.build/Objects-normal/x86_64/Clocks.swiftmodule (in target 'Clocks' from project 'swift-clocks')
    cd /tmp/TasteBuddyHomeQuestionsQA/SourcePackages/checkouts/swift-clocks
    builtin-copy -exclude .DS_Store -exclude CVS -exclude .svn -exclude .git -exclude .hg -resolve-src-symlinks -rename /tmp/TasteBuddyHomeQuestionsQA/Build/Intermediates.noindex/swift-clocks.build/Debug-iphonesimulator/Clocks.build/Objects-normal/x86_64/Clocks.swiftmodule /tmp/TasteBuddyHomeQuestionsQA/Build/Products/Debug-iphonesimulator/Clocks.swiftmodule/x86_64-apple-ios-simulator.swiftmodule

Copy /tmp/TasteBuddyHomeQuestionsQA/Build/Products/Debug-iphonesimulator/Clocks.swiftmodule/x86_64-apple-ios-simulator.swiftdoc /tmp/TasteBuddyHomeQuestionsQA/Build/Intermediates.noindex/swift-clocks.build/Debug-iphonesimulator/Clocks.build/Objects-normal/x86_64/Clocks.swiftdoc (in target 'Clocks' from project 'swift-clocks')
    cd /tmp/TasteBuddyHomeQuestionsQA/SourcePackages/checkouts/swift-clocks
    builtin-copy -exclude .DS_Store -exclude CVS -exclude .svn -exclude .git -exclude .hg -resolve-src-symlinks -rename /tmp/TasteBuddyHomeQuestionsQA/Build/Intermediates.noindex/swift-clocks.build/Debug-iphonesimulator/Clocks.build/Objects-normal/x86_64/Clocks.swiftdoc /tmp/TasteBuddyHomeQuestionsQA/Build/Products/Debug-iphonesimulator/Clocks.swiftmodule/x86_64-apple-ios-simulator.swiftdoc

Copy /tmp/TasteBuddyHomeQuestionsQA/Build/Products/Debug-iphonesimulator/Clocks.swiftmodule/x86_64-apple-ios-simulator.abi.json /tmp/TasteBuddyHomeQuestionsQA/Build/Intermediates.noindex/swift-clocks.build/Debug-iphonesimulator/Clocks.build/Objects-normal/x86_64/Clocks.abi.json (in target 'Clocks' from project 'swift-clocks')
    cd /tmp/TasteBuddyHomeQuestionsQA/SourcePackages/checkouts/swift-clocks
    builtin-copy -exclude .DS_Store -exclude CVS -exclude .svn -exclude .git -exclude .hg -resolve-src-symlinks -rename /tmp/TasteBuddyHomeQuestionsQA/Build/Intermediates.noindex/swift-clocks.build/Debug-iphonesimulator/Clocks.build/Objects-normal/x86_64/Clocks.abi.json /tmp/TasteBuddyHomeQuestionsQA/Build/Products/Debug-iphonesimulator/Clocks.swiftmodule/x86_64-apple-ios-simulator.abi.json

Copy /tmp/TasteBuddyHomeQuestionsQA/Build/Products/Debug-iphonesimulator/Clocks.swiftmodule/Project/x86_64-apple-ios-simulator.swiftsourceinfo /tmp/TasteBuddyHomeQuestionsQA/Build/Intermediates.noindex/swift-clocks.build/Debug-iphonesimulator/Clocks.build/Objects-normal/x86_64/Clocks.swiftsourceinfo (in target 'Clocks' from project 'swift-clocks')
    cd /tmp/TasteBuddyHomeQuestionsQA/SourcePackages/checkouts/swift-clocks
    builtin-copy -exclude .DS_Store -exclude CVS -exclude .svn -exclude .git -exclude .hg -resolve-src-symlinks -rename /tmp/TasteBuddyHomeQuestionsQA/Build/Intermediates.noindex/swift-clocks.build/Debug-iphonesimulator/Clocks.build/Objects-normal/x86_64/Clocks.swiftsourceinfo /tmp/TasteBuddyHomeQuestionsQA/Build/Products/Debug-iphonesimulator/Clocks.swiftmodule/Project/x86_64-apple-ios-simulator.swiftsourceinfo

SwiftDriver Helpers normal x86_64 com.apple.xcode.tools.swift.compiler (in target 'Helpers' from project 'Supabase')
    cd /Users/sinjunho/Desktop/Taste\ Buddy/ios/TasteBuddy.xcodeproj
    builtin-SwiftDriver -- /Applications/Xcode.app/Contents/Developer/Toolchains/XcodeDefault.xctoolchain/usr/bin/swiftc -module-name Helpers -Onone @/tmp/TasteBuddyHomeQuestionsQA/Build/Intermediates.noindex/Supabase.build/Debug-iphonesimulator/Helpers.build/Objects-normal/x86_64/Helpers.SwiftFileList -DSWIFT_PACKAGE -DDEBUG -DSWIFT_MODULE_RESOURCE_BUNDLE_UNAVAILABLE -DXcode -enable-upcoming-feature ExistentialAny -enable-experimental-feature StrictConcurrency -plugin-path /Applications/Xcode.app/Contents/Developer/Toolchains/XcodeDefault.xctoolchain/usr/lib/swift/host/plugins/testing -enable-experimental-feature DebugDescriptionMacro -sdk /Applications/Xcode.app/Contents/Developer/Platforms/iPhoneSimulator.platform/Developer/SDKs/iPhoneSimulator26.5.sdk -target x86_64-apple-ios13.0-simulator -g -module-cache-path /tmp/TasteBuddyHomeQuestionsQA/ModuleCache.noindex -Xfrontend -serialize-debugging-options -enable-testing -suppress-warnings -index-store-path /tmp/TasteBuddyHomeQuestionsQA/Index.noindex/DataStore -Xcc -D_LIBCPP_HARDENING_MODE\=_LIBCPP_HARDENING_MODE_DEBUG -swift-version 5 -I /tmp/TasteBuddyHomeQuestionsQA/Build/Products/Debug-iphonesimulator -Isystem /Applications/Xcode.app/Contents/Developer/Platforms/iPhoneSimulator.platform/Developer/usr/lib -F /tmp/TasteBuddyHomeQuestionsQA/Build/Products/Debug-iphonesimulator/PackageFrameworks -F /tmp/TasteBuddyHomeQuestionsQA/Build/Products/Debug-iphonesimulator/PackageFrameworks -F /tmp/TasteBuddyHomeQuestionsQA/Build/Products/Debug-iphonesimulator/PackageFrameworks -F /tmp/TasteBuddyHomeQuestionsQA/Build/Products/Debug-iphonesimulator/PackageFrameworks -F /tmp/TasteBuddyHomeQuestionsQA/Build/Products/Debug-iphonesimulator/PackageFrameworks -F /tmp/TasteBuddyHomeQuestionsQA/Build/Products/Debug-iphonesimulator/PackageFrameworks -F /tmp/TasteBuddyHomeQuestionsQA/Build/Products/Debug-iphonesimulator -F /Applications/Xcode.app/Contents/Developer/Platforms/iPhoneSimulator.platform/Developer/Library/Frameworks -F /Applications/Xcode.app/Contents/Developer/Platforms/iPhoneSimulator.platform/Developer/SDKs/iPhoneSimulator26.5.sdk/Developer/Library/Frameworks -c -j12 -enable-batch-mode -incremental -Xcc -ivfsstatcache -Xcc /tmp/TasteBuddyHomeQuestionsQA/SDKStatCaches.noindex/iphonesimulator26.5-23F81a-6cfe768891a92b912361537c460fe42b.sdkstatcache -output-file-map /tmp/TasteBuddyHomeQuestionsQA/Build/Intermediates.noindex/Supabase.build/Debug-iphonesimulator/Helpers.build/Objects-normal/x86_64/Helpers-OutputFileMap.json -use-frontend-parseable-output -save-temps -no-color-diagnostics -explicit-module-build -module-cache-path /tmp/TasteBuddyHomeQuestionsQA/Build/Intermediates.noindex/SwiftExplicitPrecompiledModules -clang-scanner-module-cache-path /tmp/TasteBuddyHomeQuestionsQA/ModuleCache.noindex -sdk-module-cache-path /tmp/TasteBuddyHomeQuestionsQA/ModuleCache.noindex -serialize-diagnostics -emit-dependencies -emit-module -emit-module-path /tmp/TasteBuddyHomeQuestionsQA/Build/Intermediates.noindex/Supabase.build/Debug-iphonesimulator/Helpers.build/Objects-normal/x86_64/Helpers.swiftmodule -validate-clang-modules-once -clang-build-session-file /tmp/TasteBuddyHomeQuestionsQA/ModuleCache.noindex/Session.modulevalidation -package-name supabase_swift -Xcc -I/tmp/TasteBuddyHomeQuestionsQA/Build/Intermediates.noindex/Supabase.build/Debug-iphonesimulator/Helpers.build/swift-overrides.hmap -emit-const-values -Xfrontend -const-gather-protocols-file -Xfrontend /tmp/TasteBuddyHomeQuestionsQA/Build/Intermediates.noindex/Supabase.build/Debug-iphonesimulator/Helpers.build/Objects-normal/x86_64/Helpers_const_extract_protocols.json -Xcc -I/tmp/TasteBuddyHomeQuestionsQA/Build/Products/Debug-iphonesimulator/include -Xcc -I/tmp/TasteBuddyHomeQuestionsQA/Build/Intermediates.noindex/Supabase.build/Debug-iphonesimulator/Helpers.build/DerivedSources-normal/x86_64 -Xcc -I/tmp/TasteBuddyHomeQuestionsQA/Build/Intermediates.noindex/Supabase.build/Debug-iphonesimulator/Helpers.build/DerivedSources/x86_64 -Xcc -I/tmp/TasteBuddyHomeQuestionsQA/Build/Intermediates.noindex/Supabase.build/Debug-iphonesimulator/Helpers.build/DerivedSources -Xcc -DSWIFT_PACKAGE -Xcc -DDEBUG\=1 -emit-objc-header -emit-objc-header-path /tmp/TasteBuddyHomeQuestionsQA/Build/Intermediates.noindex/Supabase.build/Debug-iphonesimulator/Helpers.build/Objects-normal/x86_64/Helpers-Swift.h -working-directory /Users/sinjunho/Desktop/Taste\ Buddy/ios/TasteBuddy.xcodeproj -experimental-emit-module-separately -disable-cmo

SwiftDriverJobDiscovery normal x86_64 Compiling AnyClock.swift (in target 'Clocks' from project 'swift-clocks')

SwiftDriverJobDiscovery normal x86_64 Compiling ImmediateClock.swift (in target 'Clocks' from project 'swift-clocks')

SwiftDriverJobDiscovery normal x86_64 Compiling _AsyncTimerSequence.swift (in target 'Clocks' from project 'swift-clocks')

SwiftDriverJobDiscovery normal x86_64 Compiling UnimplementedClock.swift (in target 'Clocks' from project 'swift-clocks')

SwiftDriverJobDiscovery normal x86_64 Compiling TestClock.swift (in target 'Clocks' from project 'swift-clocks')

SwiftCompile normal x86_64 Compiling\ AnyJSON+Codable.swift,\ AnyJSON.swift /tmp/TasteBuddyHomeQuestionsQA/SourcePackages/checkouts/supabase-swift/Sources/Helpers/AnyJSON/AnyJSON+Codable.swift /tmp/TasteBuddyHomeQuestionsQA/SourcePackages/checkouts/supabase-swift/Sources/Helpers/AnyJSON/AnyJSON.swift (in target 'Helpers' from project 'Supabase')

SwiftCompile normal x86_64 /tmp/TasteBuddyHomeQuestionsQA/SourcePackages/checkouts/supabase-swift/Sources/Helpers/AnyJSON/AnyJSON+Codable.swift (in target 'Helpers' from project 'Supabase')
    cd /Users/sinjunho/Desktop/Taste\ Buddy/ios/TasteBuddy.xcodeproj
    

SwiftCompile normal x86_64 /tmp/TasteBuddyHomeQuestionsQA/SourcePackages/checkouts/supabase-swift/Sources/Helpers/AnyJSON/AnyJSON.swift (in target 'Helpers' from project 'Supabase')
    cd /Users/sinjunho/Desktop/Taste\ Buddy/ios/TasteBuddy.xcodeproj
    

SwiftCompile normal x86_64 Compiling\ Codable.swift,\ DateFormatter.swift /tmp/TasteBuddyHomeQuestionsQA/SourcePackages/checkouts/supabase-swift/Sources/Helpers/Codable.swift /tmp/TasteBuddyHomeQuestionsQA/SourcePackages/checkouts/supabase-swift/Sources/Helpers/DateFormatter.swift (in target 'Helpers' from project 'Supabase')

SwiftCompile normal x86_64 /tmp/TasteBuddyHomeQuestionsQA/SourcePackages/checkouts/supabase-swift/Sources/Helpers/Codable.swift (in target 'Helpers' from project 'Supabase')
    cd /Users/sinjunho/Desktop/Taste\ Buddy/ios/TasteBuddy.xcodeproj
    

SwiftCompile normal x86_64 /tmp/TasteBuddyHomeQuestionsQA/SourcePackages/checkouts/supabase-swift/Sources/Helpers/DateFormatter.swift (in target 'Helpers' from project 'Supabase')
    cd /Users/sinjunho/Desktop/Taste\ Buddy/ios/TasteBuddy.xcodeproj
    

SwiftCompile normal x86_64 Compiling\ HTTPClient.swift,\ HTTPFields.swift /tmp/TasteBuddyHomeQuestionsQA/SourcePackages/checkouts/supabase-swift/Sources/Helpers/HTTP/HTTPClient.swift /tmp/TasteBuddyHomeQuestionsQA/SourcePackages/checkouts/supabase-swift/Sources/Helpers/HTTP/HTTPFields.swift (in target 'Helpers' from project 'Supabase')

SwiftCompile normal x86_64 /tmp/TasteBuddyHomeQuestionsQA/SourcePackages/checkouts/supabase-swift/Sources/Helpers/HTTP/HTTPClient.swift (in target 'Helpers' from project 'Supabase')
    cd /Users/sinjunho/Desktop/Taste\ Buddy/ios/TasteBuddy.xcodeproj
    

SwiftCompile normal x86_64 /tmp/TasteBuddyHomeQuestionsQA/SourcePackages/checkouts/supabase-swift/Sources/Helpers/HTTP/HTTPFields.swift (in target 'Helpers' from project 'Supabase')
    cd /Users/sinjunho/Desktop/Taste\ Buddy/ios/TasteBuddy.xcodeproj
    

SwiftCompile normal x86_64 Compiling\ LoggerInterceptor.swift,\ RetryRequestInterceptor.swift /tmp/TasteBuddyHomeQuestionsQA/SourcePackages/checkouts/supabase-swift/Sources/Helpers/HTTP/LoggerInterceptor.swift /tmp/TasteBuddyHomeQuestionsQA/SourcePackages/checkouts/supabase-swift/Sources/Helpers/HTTP/RetryRequestInterceptor.swift (in target 'Helpers' from project 'Supabase')

SwiftCompile normal x86_64 /tmp/TasteBuddyHomeQuestionsQA/SourcePackages/checkouts/supabase-swift/Sources/Helpers/HTTP/LoggerInterceptor.swift (in target 'Helpers' from project 'Supabase')
    cd /Users/sinjunho/Desktop/Taste\ Buddy/ios/TasteBuddy.xcodeproj
    

SwiftCompile normal x86_64 /tmp/TasteBuddyHomeQuestionsQA/SourcePackages/checkouts/supabase-swift/Sources/Helpers/HTTP/RetryRequestInterceptor.swift (in target 'Helpers' from project 'Supabase')
    cd /Users/sinjunho/Desktop/Taste\ Buddy/ios/TasteBuddy.xcodeproj
    

SwiftCompile normal x86_64 Compiling\ HTTPRequest.swift,\ HTTPResponse.swift /tmp/TasteBuddyHomeQuestionsQA/SourcePackages/checkouts/supabase-swift/Sources/Helpers/HTTP/HTTPRequest.swift /tmp/TasteBuddyHomeQuestionsQA/SourcePackages/checkouts/supabase-swift/Sources/Helpers/HTTP/HTTPResponse.swift (in target 'Helpers' from project 'Supabase')

SwiftCompile normal x86_64 /tmp/TasteBuddyHomeQuestionsQA/SourcePackages/checkouts/supabase-swift/Sources/Helpers/HTTP/HTTPRequest.swift (in target 'Helpers' from project 'Supabase')
    cd /Users/sinjunho/Desktop/Taste\ Buddy/ios/TasteBuddy.xcodeproj
    

SwiftCompile normal x86_64 /tmp/TasteBuddyHomeQuestionsQA/SourcePackages/checkouts/supabase-swift/Sources/Helpers/HTTP/HTTPResponse.swift (in target 'Helpers' from project 'Supabase')
    cd /Users/sinjunho/Desktop/Taste\ Buddy/ios/TasteBuddy.xcodeproj
    

SwiftCompile normal x86_64 Compiling\ JWT.swift,\ OSLogSupabaseLogger.swift /tmp/TasteBuddyHomeQuestionsQA/SourcePackages/checkouts/supabase-swift/Sources/Helpers/JWT.swift /tmp/TasteBuddyHomeQuestionsQA/SourcePackages/checkouts/supabase-swift/Sources/Helpers/Logger/OSLogSupabaseLogger.swift (in target 'Helpers' from project 'Supabase')

SwiftCompile normal x86_64 /tmp/TasteBuddyHomeQuestionsQA/SourcePackages/checkouts/supabase-swift/Sources/Helpers/JWT.swift (in target 'Helpers' from project 'Supabase')
    cd /Users/sinjunho/Desktop/Taste\ Buddy/ios/TasteBuddy.xcodeproj
    

SwiftCompile normal x86_64 /tmp/TasteBuddyHomeQuestionsQA/SourcePackages/checkouts/supabase-swift/Sources/Helpers/Logger/OSLogSupabaseLogger.swift (in target 'Helpers' from project 'Supabase')
    cd /Users/sinjunho/Desktop/Taste\ Buddy/ios/TasteBuddy.xcodeproj
    

SwiftCompile normal x86_64 Compiling\ EventEmitter.swift,\ FoundationExtensions.swift /tmp/TasteBuddyHomeQuestionsQA/SourcePackages/checkouts/supabase-swift/Sources/Helpers/EventEmitter.swift /tmp/TasteBuddyHomeQuestionsQA/SourcePackages/checkouts/supabase-swift/Sources/Helpers/FoundationExtensions.swift (in target 'Helpers' from project 'Supabase')

SwiftCompile normal x86_64 /tmp/TasteBuddyHomeQuestionsQA/SourcePackages/checkouts/supabase-swift/Sources/Helpers/EventEmitter.swift (in target 'Helpers' from project 'Supabase')
    cd /Users/sinjunho/Desktop/Taste\ Buddy/ios/TasteBuddy.xcodeproj
    

SwiftCompile normal x86_64 /tmp/TasteBuddyHomeQuestionsQA/SourcePackages/checkouts/supabase-swift/Sources/Helpers/FoundationExtensions.swift (in target 'Helpers' from project 'Supabase')
    cd /Users/sinjunho/Desktop/Taste\ Buddy/ios/TasteBuddy.xcodeproj
    

SwiftCompile normal x86_64 Compiling\ AsyncValueSubject.swift,\ Base64URL.swift /tmp/TasteBuddyHomeQuestionsQA/SourcePackages/checkouts/supabase-swift/Sources/Helpers/AsyncValueSubject.swift /tmp/TasteBuddyHomeQuestionsQA/SourcePackages/checkouts/supabase-swift/Sources/Helpers/Base64URL.swift (in target 'Helpers' from project 'Supabase')

SwiftCompile normal x86_64 /tmp/TasteBuddyHomeQuestionsQA/SourcePackages/checkouts/supabase-swift/Sources/Helpers/AsyncValueSubject.swift (in target 'Helpers' from project 'Supabase')
    cd /Users/sinjunho/Desktop/Taste\ Buddy/ios/TasteBuddy.xcodeproj
    

SwiftCompile normal x86_64 /tmp/TasteBuddyHomeQuestionsQA/SourcePackages/checkouts/supabase-swift/Sources/Helpers/Base64URL.swift (in target 'Helpers' from project 'Supabase')
    cd /Users/sinjunho/Desktop/Taste\ Buddy/ios/TasteBuddy.xcodeproj
    

SwiftEmitModule normal x86_64 Emitting\ module\ for\ Helpers (in target 'Helpers' from project 'Supabase')

EmitSwiftModule normal x86_64 (in target 'Helpers' from project 'Supabase')
    cd /Users/sinjunho/Desktop/Taste\ Buddy/ios/TasteBuddy.xcodeproj
    

SwiftDriverJobDiscovery normal x86_64 Compiling Codable.swift, DateFormatter.swift (in target 'Helpers' from project 'Supabase')

SwiftCompile normal x86_64 Compiling\ SupabaseLogger.swift,\ HTTPError.swift /tmp/TasteBuddyHomeQuestionsQA/SourcePackages/checkouts/supabase-swift/Sources/Helpers/Logger/SupabaseLogger.swift /tmp/TasteBuddyHomeQuestionsQA/SourcePackages/checkouts/supabase-swift/Sources/Helpers/SharedModels/HTTPError.swift (in target 'Helpers' from project 'Supabase')

SwiftCompile normal x86_64 /tmp/TasteBuddyHomeQuestionsQA/SourcePackages/checkouts/supabase-swift/Sources/Helpers/Logger/SupabaseLogger.swift (in target 'Helpers' from project 'Supabase')
    cd /Users/sinjunho/Desktop/Taste\ Buddy/ios/TasteBuddy.xcodeproj
    

SwiftCompile normal x86_64 /tmp/TasteBuddyHomeQuestionsQA/SourcePackages/checkouts/supabase-swift/Sources/Helpers/SharedModels/HTTPError.swift (in target 'Helpers' from project 'Supabase')
    cd /Users/sinjunho/Desktop/Taste\ Buddy/ios/TasteBuddy.xcodeproj
    

SwiftDriverJobDiscovery normal x86_64 Compiling HTTPRequest.swift, HTTPResponse.swift (in target 'Helpers' from project 'Supabase')

SwiftCompile normal x86_64 Compiling\ PostgrestError.swift,\ Task+withTimeout.swift /tmp/TasteBuddyHomeQuestionsQA/SourcePackages/checkouts/supabase-swift/Sources/Helpers/SharedModels/PostgrestError.swift /tmp/TasteBuddyHomeQuestionsQA/SourcePackages/checkouts/supabase-swift/Sources/Helpers/Task+withTimeout.swift (in target 'Helpers' from project 'Supabase')

SwiftCompile normal x86_64 /tmp/TasteBuddyHomeQuestionsQA/SourcePackages/checkouts/supabase-swift/Sources/Helpers/SharedModels/PostgrestError.swift (in target 'Helpers' from project 'Supabase')
    cd /Users/sinjunho/Desktop/Taste\ Buddy/ios/TasteBuddy.xcodeproj
    

SwiftCompile normal x86_64 /tmp/TasteBuddyHomeQuestionsQA/SourcePackages/checkouts/supabase-swift/Sources/Helpers/Task+withTimeout.swift (in target 'Helpers' from project 'Supabase')
    cd /Users/sinjunho/Desktop/Taste\ Buddy/ios/TasteBuddy.xcodeproj
    

SwiftDriverJobDiscovery normal x86_64 Compiling HTTPClient.swift, HTTPFields.swift (in target 'Helpers' from project 'Supabase')

SwiftCompile normal x86_64 Compiling\ Version.swift,\ _Clock.swift /tmp/TasteBuddyHomeQuestionsQA/SourcePackages/checkouts/supabase-swift/Sources/Helpers/Version.swift /tmp/TasteBuddyHomeQuestionsQA/SourcePackages/checkouts/supabase-swift/Sources/Helpers/_Clock.swift (in target 'Helpers' from project 'Supabase')

SwiftCompile normal x86_64 /tmp/TasteBuddyHomeQuestionsQA/SourcePackages/checkouts/supabase-swift/Sources/Helpers/Version.swift (in target 'Helpers' from project 'Supabase')
    cd /Users/sinjunho/Desktop/Taste\ Buddy/ios/TasteBuddy.xcodeproj
    

SwiftCompile normal x86_64 /tmp/TasteBuddyHomeQuestionsQA/SourcePackages/checkouts/supabase-swift/Sources/Helpers/_Clock.swift (in target 'Helpers' from project 'Supabase')
    cd /Users/sinjunho/Desktop/Taste\ Buddy/ios/TasteBuddy.xcodeproj
    

SwiftDriverJobDiscovery normal x86_64 Compiling AsyncValueSubject.swift, Base64URL.swift (in target 'Helpers' from project 'Supabase')

SwiftCompile normal x86_64 Compiling\ TaskLocalHelpers.swift,\ URLSession+AsyncAwait.swift /tmp/TasteBuddyHomeQuestionsQA/SourcePackages/checkouts/supabase-swift/Sources/Helpers/TaskLocalHelpers.swift /tmp/TasteBuddyHomeQuestionsQA/SourcePackages/checkouts/supabase-swift/Sources/Helpers/URLSession+AsyncAwait.swift (in target 'Helpers' from project 'Supabase')

SwiftCompile normal x86_64 /tmp/TasteBuddyHomeQuestionsQA/SourcePackages/checkouts/supabase-swift/Sources/Helpers/TaskLocalHelpers.swift (in target 'Helpers' from project 'Supabase')
    cd /Users/sinjunho/Desktop/Taste\ Buddy/ios/TasteBuddy.xcodeproj
    

SwiftCompile normal x86_64 /tmp/TasteBuddyHomeQuestionsQA/SourcePackages/checkouts/supabase-swift/Sources/Helpers/URLSession+AsyncAwait.swift (in target 'Helpers' from project 'Supabase')
    cd /Users/sinjunho/Desktop/Taste\ Buddy/ios/TasteBuddy.xcodeproj
    

SwiftDriverJobDiscovery normal x86_64 Compiling EventEmitter.swift, FoundationExtensions.swift (in target 'Helpers' from project 'Supabase')

SwiftDriverJobDiscovery normal x86_64 Compiling AnyJSON+Codable.swift, AnyJSON.swift (in target 'Helpers' from project 'Supabase')

SwiftDriverJobDiscovery normal x86_64 Compiling JWT.swift, OSLogSupabaseLogger.swift (in target 'Helpers' from project 'Supabase')

SwiftDriverJobDiscovery normal x86_64 Compiling LoggerInterceptor.swift, RetryRequestInterceptor.swift (in target 'Helpers' from project 'Supabase')

SwiftDriverJobDiscovery normal x86_64 Compiling TaskLocalHelpers.swift, URLSession+AsyncAwait.swift (in target 'Helpers' from project 'Supabase')

SwiftDriverJobDiscovery normal x86_64 Compiling Version.swift, _Clock.swift (in target 'Helpers' from project 'Supabase')

SwiftDriverJobDiscovery normal x86_64 Emitting module for Helpers (in target 'Helpers' from project 'Supabase')

SwiftDriver\ Compilation\ Requirements Helpers normal x86_64 com.apple.xcode.tools.swift.compiler (in target 'Helpers' from project 'Supabase')
    cd /Users/sinjunho/Desktop/Taste\ Buddy/ios/TasteBuddy.xcodeproj
    builtin-Swift-Compilation-Requirements -- /Applications/Xcode.app/Contents/Developer/Toolchains/XcodeDefault.xctoolchain/usr/bin/swiftc -module-name Helpers -Onone @/tmp/TasteBuddyHomeQuestionsQA/Build/Intermediates.noindex/Supabase.build/Debug-iphonesimulator/Helpers.build/Objects-normal/x86_64/Helpers.SwiftFileList -DSWIFT_PACKAGE -DDEBUG -DSWIFT_MODULE_RESOURCE_BUNDLE_UNAVAILABLE -DXcode -enable-upcoming-feature ExistentialAny -enable-experimental-feature StrictConcurrency -plugin-path /Applications/Xcode.app/Contents/Developer/Toolchains/XcodeDefault.xctoolchain/usr/lib/swift/host/plugins/testing -enable-experimental-feature DebugDescriptionMacro -sdk /Applications/Xcode.app/Contents/Developer/Platforms/iPhoneSimulator.platform/Developer/SDKs/iPhoneSimulator26.5.sdk -target x86_64-apple-ios13.0-simulator -g -module-cache-path /tmp/TasteBuddyHomeQuestionsQA/ModuleCache.noindex -Xfrontend -serialize-debugging-options -enable-testing -suppress-warnings -index-store-path /tmp/TasteBuddyHomeQuestionsQA/Index.noindex/DataStore -Xcc -D_LIBCPP_HARDENING_MODE\=_LIBCPP_HARDENING_MODE_DEBUG -swift-version 5 -I /tmp/TasteBuddyHomeQuestionsQA/Build/Products/Debug-iphonesimulator -Isystem /Applications/Xcode.app/Contents/Developer/Platforms/iPhoneSimulator.platform/Developer/usr/lib -F /tmp/TasteBuddyHomeQuestionsQA/Build/Products/Debug-iphonesimulator/PackageFrameworks -F /tmp/TasteBuddyHomeQuestionsQA/Build/Products/Debug-iphonesimulator/PackageFrameworks -F /tmp/TasteBuddyHomeQuestionsQA/Build/Products/Debug-iphonesimulator/PackageFrameworks -F /tmp/TasteBuddyHomeQuestionsQA/Build/Products/Debug-iphonesimulator/PackageFrameworks -F /tmp/TasteBuddyHomeQuestionsQA/Build/Products/Debug-iphonesimulator/PackageFrameworks -F /tmp/TasteBuddyHomeQuestionsQA/Build/Products/Debug-iphonesimulator/PackageFrameworks -F /tmp/TasteBuddyHomeQuestionsQA/Build/Products/Debug-iphonesimulator -F /Applications/Xcode.app/Contents/Developer/Platforms/iPhoneSimulator.platform/Developer/Library/Frameworks -F /Applications/Xcode.app/Contents/Developer/Platforms/iPhoneSimulator.platform/Developer/SDKs/iPhoneSimulator26.5.sdk/Developer/Library/Frameworks -c -j12 -enable-batch-mode -incremental -Xcc -ivfsstatcache -Xcc /tmp/TasteBuddyHomeQuestionsQA/SDKStatCaches.noindex/iphonesimulator26.5-23F81a-6cfe768891a92b912361537c460fe42b.sdkstatcache -output-file-map /tmp/TasteBuddyHomeQuestionsQA/Build/Intermediates.noindex/Supabase.build/Debug-iphonesimulator/Helpers.build/Objects-normal/x86_64/Helpers-OutputFileMap.json -use-frontend-parseable-output -save-temps -no-color-diagnostics -explicit-module-build -module-cache-path /tmp/TasteBuddyHomeQuestionsQA/Build/Intermediates.noindex/SwiftExplicitPrecompiledModules -clang-scanner-module-cache-path /tmp/TasteBuddyHomeQuestionsQA/ModuleCache.noindex -sdk-module-cache-path /tmp/TasteBuddyHomeQuestionsQA/ModuleCache.noindex -serialize-diagnostics -emit-dependencies -emit-module -emit-module-path /tmp/TasteBuddyHomeQuestionsQA/Build/Intermediates.noindex/Supabase.build/Debug-iphonesimulator/Helpers.build/Objects-normal/x86_64/Helpers.swiftmodule -validate-clang-modules-once -clang-build-session-file /tmp/TasteBuddyHomeQuestionsQA/ModuleCache.noindex/Session.modulevalidation -package-name supabase_swift -Xcc -I/tmp/TasteBuddyHomeQuestionsQA/Build/Intermediates.noindex/Supabase.build/Debug-iphonesimulator/Helpers.build/swift-overrides.hmap -emit-const-values -Xfrontend -const-gather-protocols-file -Xfrontend /tmp/TasteBuddyHomeQuestionsQA/Build/Intermediates.noindex/Supabase.build/Debug-iphonesimulator/Helpers.build/Objects-normal/x86_64/Helpers_const_extract_protocols.json -Xcc -I/tmp/TasteBuddyHomeQuestionsQA/Build/Products/Debug-iphonesimulator/include -Xcc -I/tmp/TasteBuddyHomeQuestionsQA/Build/Intermediates.noindex/Supabase.build/Debug-iphonesimulator/Helpers.build/DerivedSources-normal/x86_64 -Xcc -I/tmp/TasteBuddyHomeQuestionsQA/Build/Intermediates.noindex/Supabase.build/Debug-iphonesimulator/Helpers.build/DerivedSources/x86_64 -Xcc -I/tmp/TasteBuddyHomeQuestionsQA/Build/Intermediates.noindex/Supabase.build/Debug-iphonesimulator/Helpers.build/DerivedSources -Xcc -DSWIFT_PACKAGE -Xcc -DDEBUG\=1 -emit-objc-header -emit-objc-header-path /tmp/TasteBuddyHomeQuestionsQA/Build/Intermediates.noindex/Supabase.build/Debug-iphonesimulator/Helpers.build/Objects-normal/x86_64/Helpers-Swift.h -working-directory /Users/sinjunho/Desktop/Taste\ Buddy/ios/TasteBuddy.xcodeproj -experimental-emit-module-separately -disable-cmo

SwiftMergeGeneratedHeaders /tmp/TasteBuddyHomeQuestionsQA/Build/Intermediates.noindex/GeneratedModuleMaps-iphonesimulator/Helpers-Swift.h /tmp/TasteBuddyHomeQuestionsQA/Build/Intermediates.noindex/Supabase.build/Debug-iphonesimulator/Helpers.build/Objects-normal/x86_64/Helpers-Swift.h (in target 'Helpers' from project 'Supabase')
    cd /tmp/TasteBuddyHomeQuestionsQA/SourcePackages/checkouts/supabase-swift
    builtin-swiftHeaderTool -arch x86_64 /tmp/TasteBuddyHomeQuestionsQA/Build/Intermediates.noindex/Supabase.build/Debug-iphonesimulator/Helpers.build/Objects-normal/x86_64/Helpers-Swift.h -o /tmp/TasteBuddyHomeQuestionsQA/Build/Intermediates.noindex/GeneratedModuleMaps-iphonesimulator/Helpers-Swift.h

Copy /tmp/TasteBuddyHomeQuestionsQA/Build/Products/Debug-iphonesimulator/Helpers.swiftmodule/x86_64-apple-ios-simulator.swiftdoc /tmp/TasteBuddyHomeQuestionsQA/Build/Intermediates.noindex/Supabase.build/Debug-iphonesimulator/Helpers.build/Objects-normal/x86_64/Helpers.swiftdoc (in target 'Helpers' from project 'Supabase')
    cd /tmp/TasteBuddyHomeQuestionsQA/SourcePackages/checkouts/supabase-swift
    builtin-copy -exclude .DS_Store -exclude CVS -exclude .svn -exclude .git -exclude .hg -resolve-src-symlinks -rename /tmp/TasteBuddyHomeQuestionsQA/Build/Intermediates.noindex/Supabase.build/Debug-iphonesimulator/Helpers.build/Objects-normal/x86_64/Helpers.swiftdoc /tmp/TasteBuddyHomeQuestionsQA/Build/Products/Debug-iphonesimulator/Helpers.swiftmodule/x86_64-apple-ios-simulator.swiftdoc

Copy /tmp/TasteBuddyHomeQuestionsQA/Build/Products/Debug-iphonesimulator/Helpers.swiftmodule/Project/x86_64-apple-ios-simulator.swiftsourceinfo /tmp/TasteBuddyHomeQuestionsQA/Build/Intermediates.noindex/Supabase.build/Debug-iphonesimulator/Helpers.build/Objects-normal/x86_64/Helpers.swiftsourceinfo (in target 'Helpers' from project 'Supabase')
    cd /tmp/TasteBuddyHomeQuestionsQA/SourcePackages/checkouts/supabase-swift
    builtin-copy -exclude .DS_Store -exclude CVS -exclude .svn -exclude .git -exclude .hg -resolve-src-symlinks -rename /tmp/TasteBuddyHomeQuestionsQA/Build/Intermediates.noindex/Supabase.build/Debug-iphonesimulator/Helpers.build/Objects-normal/x86_64/Helpers.swiftsourceinfo /tmp/TasteBuddyHomeQuestionsQA/Build/Products/Debug-iphonesimulator/Helpers.swiftmodule/Project/x86_64-apple-ios-simulator.swiftsourceinfo

Copy /tmp/TasteBuddyHomeQuestionsQA/Build/Products/Debug-iphonesimulator/Helpers.swiftmodule/x86_64-apple-ios-simulator.swiftmodule /tmp/TasteBuddyHomeQuestionsQA/Build/Intermediates.noindex/Supabase.build/Debug-iphonesimulator/Helpers.build/Objects-normal/x86_64/Helpers.swiftmodule (in target 'Helpers' from project 'Supabase')
    cd /tmp/TasteBuddyHomeQuestionsQA/SourcePackages/checkouts/supabase-swift
    builtin-copy -exclude .DS_Store -exclude CVS -exclude .svn -exclude .git -exclude .hg -resolve-src-symlinks -rename /tmp/TasteBuddyHomeQuestionsQA/Build/Intermediates.noindex/Supabase.build/Debug-iphonesimulator/Helpers.build/Objects-normal/x86_64/Helpers.swiftmodule /tmp/TasteBuddyHomeQuestionsQA/Build/Products/Debug-iphonesimulator/Helpers.swiftmodule/x86_64-apple-ios-simulator.swiftmodule

Copy /tmp/TasteBuddyHomeQuestionsQA/Build/Products/Debug-iphonesimulator/Helpers.swiftmodule/x86_64-apple-ios-simulator.abi.json /tmp/TasteBuddyHomeQuestionsQA/Build/Intermediates.noindex/Supabase.build/Debug-iphonesimulator/Helpers.build/Objects-normal/x86_64/Helpers.abi.json (in target 'Helpers' from project 'Supabase')
    cd /tmp/TasteBuddyHomeQuestionsQA/SourcePackages/checkouts/supabase-swift
    builtin-copy -exclude .DS_Store -exclude CVS -exclude .svn -exclude .git -exclude .hg -resolve-src-symlinks -rename /tmp/TasteBuddyHomeQuestionsQA/Build/Intermediates.noindex/Supabase.build/Debug-iphonesimulator/Helpers.build/Objects-normal/x86_64/Helpers.abi.json /tmp/TasteBuddyHomeQuestionsQA/Build/Products/Debug-iphonesimulator/Helpers.swiftmodule/x86_64-apple-ios-simulator.abi.json

SwiftDriver Storage normal x86_64 com.apple.xcode.tools.swift.compiler (in target 'Storage' from project 'Supabase')
    cd /Users/sinjunho/Desktop/Taste\ Buddy/ios/TasteBuddy.xcodeproj
    builtin-SwiftDriver -- /Applications/Xcode.app/Contents/Developer/Toolchains/XcodeDefault.xctoolchain/usr/bin/swiftc -module-name Storage -Onone @/tmp/TasteBuddyHomeQuestionsQA/Build/Intermediates.noindex/Supabase.build/Debug-iphonesimulator/Storage.build/Objects-normal/x86_64/Storage.SwiftFileList -DSWIFT_PACKAGE -DDEBUG -DSWIFT_MODULE_RESOURCE_BUNDLE_UNAVAILABLE -DXcode -enable-upcoming-feature ExistentialAny -enable-experimental-feature StrictConcurrency -plugin-path /Applications/Xcode.app/Contents/Developer/Toolchains/XcodeDefault.xctoolchain/usr/lib/swift/host/plugins/testing -enable-experimental-feature DebugDescriptionMacro -sdk /Applications/Xcode.app/Contents/Developer/Platforms/iPhoneSimulator.platform/Developer/SDKs/iPhoneSimulator26.5.sdk -target x86_64-apple-ios13.0-simulator -g -module-cache-path /tmp/TasteBuddyHomeQuestionsQA/ModuleCache.noindex -Xfrontend -serialize-debugging-options -enable-testing -suppress-warnings -index-store-path /tmp/TasteBuddyHomeQuestionsQA/Index.noindex/DataStore -Xcc -D_LIBCPP_HARDENING_MODE\=_LIBCPP_HARDENING_MODE_DEBUG -swift-version 5 -I /tmp/TasteBuddyHomeQuestionsQA/Build/Products/Debug-iphonesimulator -Isystem /Applications/Xcode.app/Contents/Developer/Platforms/iPhoneSimulator.platform/Developer/usr/lib -F /tmp/TasteBuddyHomeQuestionsQA/Build/Products/Debug-iphonesimulator/PackageFrameworks -F /tmp/TasteBuddyHomeQuestionsQA/Build/Products/Debug-iphonesimulator/PackageFrameworks -F /tmp/TasteBuddyHomeQuestionsQA/Build/Products/Debug-iphonesimulator/PackageFrameworks -F /tmp/TasteBuddyHomeQuestionsQA/Build/Products/Debug-iphonesimulator/PackageFrameworks -F /tmp/TasteBuddyHomeQuestionsQA/Build/Products/Debug-iphonesimulator/PackageFrameworks -F /tmp/TasteBuddyHomeQuestionsQA/Build/Products/Debug-iphonesimulator/PackageFrameworks -F /tmp/TasteBuddyHomeQuestionsQA/Build/Products/Debug-iphonesimulator/PackageFrameworks -F /tmp/TasteBuddyHomeQuestionsQA/Build/Products/Debug-iphonesimulator -F /Applications/Xcode.app/Contents/Developer/Platforms/iPhoneSimulator.platform/Developer/Library/Frameworks -F /Applications/Xcode.app/Contents/Developer/Platforms/iPhoneSimulator.platform/Developer/SDKs/iPhoneSimulator26.5.sdk/Developer/Library/Frameworks -c -j12 -enable-batch-mode -incremental -Xcc -ivfsstatcache -Xcc /tmp/TasteBuddyHomeQuestionsQA/SDKStatCaches.noindex/iphonesimulator26.5-23F81a-6cfe768891a92b912361537c460fe42b.sdkstatcache -output-file-map /tmp/TasteBuddyHomeQuestionsQA/Build/Intermediates.noindex/Supabase.build/Debug-iphonesimulator/Storage.build/Objects-normal/x86_64/Storage-OutputFileMap.json -use-frontend-parseable-output -save-temps -no-color-diagnostics -explicit-module-build -module-cache-path /tmp/TasteBuddyHomeQuestionsQA/Build/Intermediates.noindex/SwiftExplicitPrecompiledModules -clang-scanner-module-cache-path /tmp/TasteBuddyHomeQuestionsQA/ModuleCache.noindex -sdk-module-cache-path /tmp/TasteBuddyHomeQuestionsQA/ModuleCache.noindex -serialize-diagnostics -emit-dependencies -emit-module -emit-module-path /tmp/TasteBuddyHomeQuestionsQA/Build/Intermediates.noindex/Supabase.build/Debug-iphonesimulator/Storage.build/Objects-normal/x86_64/Storage.swiftmodule -validate-clang-modules-once -clang-build-session-file /tmp/TasteBuddyHomeQuestionsQA/ModuleCache.noindex/Session.modulevalidation -package-name supabase_swift -Xcc -I/tmp/TasteBuddyHomeQuestionsQA/Build/Intermediates.noindex/Supabase.build/Debug-iphonesimulator/Storage.build/swift-overrides.hmap -emit-const-values -Xfrontend -const-gather-protocols-file -Xfrontend /tmp/TasteBuddyHomeQuestionsQA/Build/Intermediates.noindex/Supabase.build/Debug-iphonesimulator/Storage.build/Objects-normal/x86_64/Storage_const_extract_protocols.json -Xcc -I/tmp/TasteBuddyHomeQuestionsQA/Build/Products/Debug-iphonesimulator/include -Xcc -I/tmp/TasteBuddyHomeQuestionsQA/Build/Intermediates.noindex/Supabase.build/Debug-iphonesimulator/Storage.build/DerivedSources-normal/x86_64 -Xcc -I/tmp/TasteBuddyHomeQuestionsQA/Build/Intermediates.noindex/Supabase.build/Debug-iphonesimulator/Storage.build/DerivedSources/x86_64 -Xcc -I/tmp/TasteBuddyHomeQuestionsQA/Build/Intermediates.noindex/Supabase.build/Debug-iphonesimulator/Storage.build/DerivedSources -Xcc -DSWIFT_PACKAGE -Xcc -DDEBUG\=1 -emit-objc-header -emit-objc-header-path /tmp/TasteBuddyHomeQuestionsQA/Build/Intermediates.noindex/Supabase.build/Debug-iphonesimulator/Storage.build/Objects-normal/x86_64/Storage-Swift.h -working-directory /Users/sinjunho/Desktop/Taste\ Buddy/ios/TasteBuddy.xcodeproj -experimental-emit-module-separately -disable-cmo

SwiftDriver Realtime normal x86_64 com.apple.xcode.tools.swift.compiler (in target 'Realtime' from project 'Supabase')
    cd /Users/sinjunho/Desktop/Taste\ Buddy/ios/TasteBuddy.xcodeproj
    builtin-SwiftDriver -- /Applications/Xcode.app/Contents/Developer/Toolchains/XcodeDefault.xctoolchain/usr/bin/swiftc -module-name Realtime -Onone @/tmp/TasteBuddyHomeQuestionsQA/Build/Intermediates.noindex/Supabase.build/Debug-iphonesimulator/Realtime.build/Objects-normal/x86_64/Realtime.SwiftFileList -DSWIFT_PACKAGE -DDEBUG -DSWIFT_MODULE_RESOURCE_BUNDLE_UNAVAILABLE -DXcode -enable-upcoming-feature ExistentialAny -enable-experimental-feature StrictConcurrency -plugin-path /Applications/Xcode.app/Contents/Developer/Toolchains/XcodeDefault.xctoolchain/usr/lib/swift/host/plugins/testing -enable-experimental-feature DebugDescriptionMacro -sdk /Applications/Xcode.app/Contents/Developer/Platforms/iPhoneSimulator.platform/Developer/SDKs/iPhoneSimulator26.5.sdk -target x86_64-apple-ios13.0-simulator -g -module-cache-path /tmp/TasteBuddyHomeQuestionsQA/ModuleCache.noindex -Xfrontend -serialize-debugging-options -enable-testing -suppress-warnings -index-store-path /tmp/TasteBuddyHomeQuestionsQA/Index.noindex/DataStore -Xcc -D_LIBCPP_HARDENING_MODE\=_LIBCPP_HARDENING_MODE_DEBUG -swift-version 5 -I /tmp/TasteBuddyHomeQuestionsQA/Build/Products/Debug-iphonesimulator -Isystem /Applications/Xcode.app/Contents/Developer/Platforms/iPhoneSimulator.platform/Developer/usr/lib -F /tmp/TasteBuddyHomeQuestionsQA/Build/Products/Debug-iphonesimulator/PackageFrameworks -F /tmp/TasteBuddyHomeQuestionsQA/Build/Products/Debug-iphonesimulator/PackageFrameworks -F /tmp/TasteBuddyHomeQuestionsQA/Build/Products/Debug-iphonesimulator/PackageFrameworks -F /tmp/TasteBuddyHomeQuestionsQA/Build/Products/Debug-iphonesimulator/PackageFrameworks -F /tmp/TasteBuddyHomeQuestionsQA/Build/Products/Debug-iphonesimulator/PackageFrameworks -F /tmp/TasteBuddyHomeQuestionsQA/Build/Products/Debug-iphonesimulator/PackageFrameworks -F /tmp/TasteBuddyHomeQuestionsQA/Build/Products/Debug-iphonesimulator/PackageFrameworks -F /tmp/TasteBuddyHomeQuestionsQA/Build/Products/Debug-iphonesimulator -F /Applications/Xcode.app/Contents/Developer/Platforms/iPhoneSimulator.platform/Developer/Library/Frameworks -F /Applications/Xcode.app/Contents/Developer/Platforms/iPhoneSimulator.platform/Developer/SDKs/iPhoneSimulator26.5.sdk/Developer/Library/Frameworks -c -j12 -enable-batch-mode -incremental -Xcc -ivfsstatcache -Xcc /tmp/TasteBuddyHomeQuestionsQA/SDKStatCaches.noindex/iphonesimulator26.5-23F81a-6cfe768891a92b912361537c460fe42b.sdkstatcache -output-file-map /tmp/TasteBuddyHomeQuestionsQA/Build/Intermediates.noindex/Supabase.build/Debug-iphonesimulator/Realtime.build/Objects-normal/x86_64/Realtime-OutputFileMap.json -use-frontend-parseable-output -save-temps -no-color-diagnostics -explicit-module-build -module-cache-path /tmp/TasteBuddyHomeQuestionsQA/Build/Intermediates.noindex/SwiftExplicitPrecompiledModules -clang-scanner-module-cache-path /tmp/TasteBuddyHomeQuestionsQA/ModuleCache.noindex -sdk-module-cache-path /tmp/TasteBuddyHomeQuestionsQA/ModuleCache.noindex -serialize-diagnostics -emit-dependencies -emit-module -emit-module-path /tmp/TasteBuddyHomeQuestionsQA/Build/Intermediates.noindex/Supabase.build/Debug-iphonesimulator/Realtime.build/Objects-normal/x86_64/Realtime.swiftmodule -validate-clang-modules-once -clang-build-session-file /tmp/TasteBuddyHomeQuestionsQA/ModuleCache.noindex/Session.modulevalidation -package-name supabase_swift -Xcc -I/tmp/TasteBuddyHomeQuestionsQA/Build/Intermediates.noindex/Supabase.build/Debug-iphonesimulator/Realtime.build/swift-overrides.hmap -emit-const-values -Xfrontend -const-gather-protocols-file -Xfrontend /tmp/TasteBuddyHomeQuestionsQA/Build/Intermediates.noindex/Supabase.build/Debug-iphonesimulator/Realtime.build/Objects-normal/x86_64/Realtime_const_extract_protocols.json -Xcc -I/tmp/TasteBuddyHomeQuestionsQA/Build/Products/Debug-iphonesimulator/include -Xcc -I/tmp/TasteBuddyHomeQuestionsQA/Build/Intermediates.noindex/Supabase.build/Debug-iphonesimulator/Realtime.build/DerivedSources-normal/x86_64 -Xcc -I/tmp/TasteBuddyHomeQuestionsQA/Build/Intermediates.noindex/Supabase.build/Debug-iphonesimulator/Realtime.build/DerivedSources/x86_64 -Xcc -I/tmp/TasteBuddyHomeQuestionsQA/Build/Intermediates.noindex/Supabase.build/Debug-iphonesimulator/Realtime.build/DerivedSources -Xcc -DSWIFT_PACKAGE -Xcc -DDEBUG\=1 -emit-objc-header -emit-objc-header-path /tmp/TasteBuddyHomeQuestionsQA/Build/Intermediates.noindex/Supabase.build/Debug-iphonesimulator/Realtime.build/Objects-normal/x86_64/Realtime-Swift.h -working-directory /Users/sinjunho/Desktop/Taste\ Buddy/ios/TasteBuddy.xcodeproj -experimental-emit-module-separately -disable-cmo

SwiftDriver PostgREST normal x86_64 com.apple.xcode.tools.swift.compiler (in target 'PostgREST' from project 'Supabase')
    cd /Users/sinjunho/Desktop/Taste\ Buddy/ios/TasteBuddy.xcodeproj
    builtin-SwiftDriver -- /Applications/Xcode.app/Contents/Developer/Toolchains/XcodeDefault.xctoolchain/usr/bin/swiftc -module-name PostgREST -Onone @/tmp/TasteBuddyHomeQuestionsQA/Build/Intermediates.noindex/Supabase.build/Debug-iphonesimulator/PostgREST.build/Objects-normal/x86_64/PostgREST.SwiftFileList -DSWIFT_PACKAGE -DDEBUG -DSWIFT_MODULE_RESOURCE_BUNDLE_UNAVAILABLE -DXcode -enable-upcoming-feature ExistentialAny -enable-experimental-feature StrictConcurrency -plugin-path /Applications/Xcode.app/Contents/Developer/Toolchains/XcodeDefault.xctoolchain/usr/lib/swift/host/plugins/testing -enable-experimental-feature DebugDescriptionMacro -sdk /Applications/Xcode.app/Contents/Developer/Platforms/iPhoneSimulator.platform/Developer/SDKs/iPhoneSimulator26.5.sdk -target x86_64-apple-ios13.0-simulator -g -module-cache-path /tmp/TasteBuddyHomeQuestionsQA/ModuleCache.noindex -Xfrontend -serialize-debugging-options -enable-testing -suppress-warnings -index-store-path /tmp/TasteBuddyHomeQuestionsQA/Index.noindex/DataStore -Xcc -D_LIBCPP_HARDENING_MODE\=_LIBCPP_HARDENING_MODE_DEBUG -swift-version 5 -I /tmp/TasteBuddyHomeQuestionsQA/Build/Products/Debug-iphonesimulator -Isystem /Applications/Xcode.app/Contents/Developer/Platforms/iPhoneSimulator.platform/Developer/usr/lib -F /tmp/TasteBuddyHomeQuestionsQA/Build/Products/Debug-iphonesimulator/PackageFrameworks -F /tmp/TasteBuddyHomeQuestionsQA/Build/Products/Debug-iphonesimulator/PackageFrameworks -F /tmp/TasteBuddyHomeQuestionsQA/Build/Products/Debug-iphonesimulator/PackageFrameworks -F /tmp/TasteBuddyHomeQuestionsQA/Build/Products/Debug-iphonesimulator/PackageFrameworks -F /tmp/TasteBuddyHomeQuestionsQA/Build/Products/Debug-iphonesimulator/PackageFrameworks -F /tmp/TasteBuddyHomeQuestionsQA/Build/Products/Debug-iphonesimulator/PackageFrameworks -F /tmp/TasteBuddyHomeQuestionsQA/Build/Products/Debug-iphonesimulator/PackageFrameworks -F /tmp/TasteBuddyHomeQuestionsQA/Build/Products/Debug-iphonesimulator -F /Applications/Xcode.app/Contents/Developer/Platforms/iPhoneSimulator.platform/Developer/Library/Frameworks -F /Applications/Xcode.app/Contents/Developer/Platforms/iPhoneSimulator.platform/Developer/SDKs/iPhoneSimulator26.5.sdk/Developer/Library/Frameworks -c -j12 -enable-batch-mode -incremental -Xcc -ivfsstatcache -Xcc /tmp/TasteBuddyHomeQuestionsQA/SDKStatCaches.noindex/iphonesimulator26.5-23F81a-6cfe768891a92b912361537c460fe42b.sdkstatcache -output-file-map /tmp/TasteBuddyHomeQuestionsQA/Build/Intermediates.noindex/Supabase.build/Debug-iphonesimulator/PostgREST.build/Objects-normal/x86_64/PostgREST-OutputFileMap.json -use-frontend-parseable-output -save-temps -no-color-diagnostics -explicit-module-build -module-cache-path /tmp/TasteBuddyHomeQuestionsQA/Build/Intermediates.noindex/SwiftExplicitPrecompiledModules -clang-scanner-module-cache-path /tmp/TasteBuddyHomeQuestionsQA/ModuleCache.noindex -sdk-module-cache-path /tmp/TasteBuddyHomeQuestionsQA/ModuleCache.noindex -serialize-diagnostics -emit-dependencies -emit-module -emit-module-path /tmp/TasteBuddyHomeQuestionsQA/Build/Intermediates.noindex/Supabase.build/Debug-iphonesimulator/PostgREST.build/Objects-normal/x86_64/PostgREST.swiftmodule -validate-clang-modules-once -clang-build-session-file /tmp/TasteBuddyHomeQuestionsQA/ModuleCache.noindex/Session.modulevalidation -package-name supabase_swift -Xcc -I/tmp/TasteBuddyHomeQuestionsQA/Build/Intermediates.noindex/Supabase.build/Debug-iphonesimulator/PostgREST.build/swift-overrides.hmap -emit-const-values -Xfrontend -const-gather-protocols-file -Xfrontend /tmp/TasteBuddyHomeQuestionsQA/Build/Intermediates.noindex/Supabase.build/Debug-iphonesimulator/PostgREST.build/Objects-normal/x86_64/PostgREST_const_extract_protocols.json -Xcc -I/tmp/TasteBuddyHomeQuestionsQA/Build/Products/Debug-iphonesimulator/include -Xcc -I/tmp/TasteBuddyHomeQuestionsQA/Build/Intermediates.noindex/Supabase.build/Debug-iphonesimulator/PostgREST.build/DerivedSources-normal/x86_64 -Xcc -I/tmp/TasteBuddyHomeQuestionsQA/Build/Intermediates.noindex/Supabase.build/Debug-iphonesimulator/PostgREST.build/DerivedSources/x86_64 -Xcc -I/tmp/TasteBuddyHomeQuestionsQA/Build/Intermediates.noindex/Supabase.build/Debug-iphonesimulator/PostgREST.build/DerivedSources -Xcc -DSWIFT_PACKAGE -Xcc -DDEBUG\=1 -emit-objc-header -emit-objc-header-path /tmp/TasteBuddyHomeQuestionsQA/Build/Intermediates.noindex/Supabase.build/Debug-iphonesimulator/PostgREST.build/Objects-normal/x86_64/PostgREST-Swift.h -working-directory /Users/sinjunho/Desktop/Taste\ Buddy/ios/TasteBuddy.xcodeproj -experimental-emit-module-separately -disable-cmo

SwiftDriver Functions normal x86_64 com.apple.xcode.tools.swift.compiler (in target 'Functions' from project 'Supabase')
    cd /Users/sinjunho/Desktop/Taste\ Buddy/ios/TasteBuddy.xcodeproj
    builtin-SwiftDriver -- /Applications/Xcode.app/Contents/Developer/Toolchains/XcodeDefault.xctoolchain/usr/bin/swiftc -module-name Functions -Onone @/tmp/TasteBuddyHomeQuestionsQA/Build/Intermediates.noindex/Supabase.build/Debug-iphonesimulator/Functions.build/Objects-normal/x86_64/Functions.SwiftFileList -DSWIFT_PACKAGE -DDEBUG -DSWIFT_MODULE_RESOURCE_BUNDLE_UNAVAILABLE -DXcode -enable-upcoming-feature ExistentialAny -enable-experimental-feature StrictConcurrency -plugin-path /Applications/Xcode.app/Contents/Developer/Toolchains/XcodeDefault.xctoolchain/usr/lib/swift/host/plugins/testing -enable-experimental-feature DebugDescriptionMacro -sdk /Applications/Xcode.app/Contents/Developer/Platforms/iPhoneSimulator.platform/Developer/SDKs/iPhoneSimulator26.5.sdk -target x86_64-apple-ios13.0-simulator -g -module-cache-path /tmp/TasteBuddyHomeQuestionsQA/ModuleCache.noindex -Xfrontend -serialize-debugging-options -enable-testing -suppress-warnings -index-store-path /tmp/TasteBuddyHomeQuestionsQA/Index.noindex/DataStore -Xcc -D_LIBCPP_HARDENING_MODE\=_LIBCPP_HARDENING_MODE_DEBUG -swift-version 5 -I /tmp/TasteBuddyHomeQuestionsQA/Build/Products/Debug-iphonesimulator -Isystem /Applications/Xcode.app/Contents/Developer/Platforms/iPhoneSimulator.platform/Developer/usr/lib -F /tmp/TasteBuddyHomeQuestionsQA/Build/Products/Debug-iphonesimulator/PackageFrameworks -F /tmp/TasteBuddyHomeQuestionsQA/Build/Products/Debug-iphonesimulator/PackageFrameworks -F /tmp/TasteBuddyHomeQuestionsQA/Build/Products/Debug-iphonesimulator/PackageFrameworks -F /tmp/TasteBuddyHomeQuestionsQA/Build/Products/Debug-iphonesimulator/PackageFrameworks -F /tmp/TasteBuddyHomeQuestionsQA/Build/Products/Debug-iphonesimulator/PackageFrameworks -F /tmp/TasteBuddyHomeQuestionsQA/Build/Products/Debug-iphonesimulator/PackageFrameworks -F /tmp/TasteBuddyHomeQuestionsQA/Build/Products/Debug-iphonesimulator/PackageFrameworks -F /tmp/TasteBuddyHomeQuestionsQA/Build/Products/Debug-iphonesimulator -F /Applications/Xcode.app/Contents/Developer/Platforms/iPhoneSimulator.platform/Developer/Library/Frameworks -F /Applications/Xcode.app/Contents/Developer/Platforms/iPhoneSimulator.platform/Developer/SDKs/iPhoneSimulator26.5.sdk/Developer/Library/Frameworks -c -j12 -enable-batch-mode -incremental -Xcc -ivfsstatcache -Xcc /tmp/TasteBuddyHomeQuestionsQA/SDKStatCaches.noindex/iphonesimulator26.5-23F81a-6cfe768891a92b912361537c460fe42b.sdkstatcache -output-file-map /tmp/TasteBuddyHomeQuestionsQA/Build/Intermediates.noindex/Supabase.build/Debug-iphonesimulator/Functions.build/Objects-normal/x86_64/Functions-OutputFileMap.json -use-frontend-parseable-output -save-temps -no-color-diagnostics -explicit-module-build -module-cache-path /tmp/TasteBuddyHomeQuestionsQA/Build/Intermediates.noindex/SwiftExplicitPrecompiledModules -clang-scanner-module-cache-path /tmp/TasteBuddyHomeQuestionsQA/ModuleCache.noindex -sdk-module-cache-path /tmp/TasteBuddyHomeQuestionsQA/ModuleCache.noindex -serialize-diagnostics -emit-dependencies -emit-module -emit-module-path /tmp/TasteBuddyHomeQuestionsQA/Build/Intermediates.noindex/Supabase.build/Debug-iphonesimulator/Functions.build/Objects-normal/x86_64/Functions.swiftmodule -validate-clang-modules-once -clang-build-session-file /tmp/TasteBuddyHomeQuestionsQA/ModuleCache.noindex/Session.modulevalidation -package-name supabase_swift -Xcc -I/tmp/TasteBuddyHomeQuestionsQA/Build/Intermediates.noindex/Supabase.build/Debug-iphonesimulator/Functions.build/swift-overrides.hmap -emit-const-values -Xfrontend -const-gather-protocols-file -Xfrontend /tmp/TasteBuddyHomeQuestionsQA/Build/Intermediates.noindex/Supabase.build/Debug-iphonesimulator/Functions.build/Objects-normal/x86_64/Functions_const_extract_protocols.json -Xcc -I/tmp/TasteBuddyHomeQuestionsQA/Build/Products/Debug-iphonesimulator/include -Xcc -I/tmp/TasteBuddyHomeQuestionsQA/Build/Intermediates.noindex/Supabase.build/Debug-iphonesimulator/Functions.build/DerivedSources-normal/x86_64 -Xcc -I/tmp/TasteBuddyHomeQuestionsQA/Build/Intermediates.noindex/Supabase.build/Debug-iphonesimulator/Functions.build/DerivedSources/x86_64 -Xcc -I/tmp/TasteBuddyHomeQuestionsQA/Build/Intermediates.noindex/Supabase.build/Debug-iphonesimulator/Functions.build/DerivedSources -Xcc -DSWIFT_PACKAGE -Xcc -DDEBUG\=1 -emit-objc-header -emit-objc-header-path /tmp/TasteBuddyHomeQuestionsQA/Build/Intermediates.noindex/Supabase.build/Debug-iphonesimulator/Functions.build/Objects-normal/x86_64/Functions-Swift.h -working-directory /Users/sinjunho/Desktop/Taste\ Buddy/ios/TasteBuddy.xcodeproj -experimental-emit-module-separately -disable-cmo

SwiftDriverJobDiscovery normal x86_64 Compiling PostgrestError.swift, Task+withTimeout.swift (in target 'Helpers' from project 'Supabase')

SwiftDriver Auth normal x86_64 com.apple.xcode.tools.swift.compiler (in target 'Auth' from project 'Supabase')
    cd /Users/sinjunho/Desktop/Taste\ Buddy/ios/TasteBuddy.xcodeproj
    builtin-SwiftDriver -- /Applications/Xcode.app/Contents/Developer/Toolchains/XcodeDefault.xctoolchain/usr/bin/swiftc -module-name Auth -Onone @/tmp/TasteBuddyHomeQuestionsQA/Build/Intermediates.noindex/Supabase.build/Debug-iphonesimulator/Auth.build/Objects-normal/x86_64/Auth.SwiftFileList -DSWIFT_PACKAGE -DDEBUG -DSWIFT_MODULE_RESOURCE_BUNDLE_UNAVAILABLE -DXcode -enable-upcoming-feature ExistentialAny -enable-experimental-feature StrictConcurrency -plugin-path /Applications/Xcode.app/Contents/Developer/Toolchains/XcodeDefault.xctoolchain/usr/lib/swift/host/plugins/testing -enable-experimental-feature DebugDescriptionMacro -sdk /Applications/Xcode.app/Contents/Developer/Platforms/iPhoneSimulator.platform/Developer/SDKs/iPhoneSimulator26.5.sdk -target x86_64-apple-ios13.0-simulator -g -module-cache-path /tmp/TasteBuddyHomeQuestionsQA/ModuleCache.noindex -Xfrontend -serialize-debugging-options -enable-testing -suppress-warnings -index-store-path /tmp/TasteBuddyHomeQuestionsQA/Index.noindex/DataStore -Xcc -D_LIBCPP_HARDENING_MODE\=_LIBCPP_HARDENING_MODE_DEBUG -swift-version 5 -I /tmp/TasteBuddyHomeQuestionsQA/Build/Products/Debug-iphonesimulator -Isystem /Applications/Xcode.app/Contents/Developer/Platforms/iPhoneSimulator.platform/Developer/usr/lib -F /tmp/TasteBuddyHomeQuestionsQA/Build/Products/Debug-iphonesimulator/PackageFrameworks -F /tmp/TasteBuddyHomeQuestionsQA/Build/Products/Debug-iphonesimulator/PackageFrameworks -F /tmp/TasteBuddyHomeQuestionsQA/Build/Products/Debug-iphonesimulator/PackageFrameworks -F /tmp/TasteBuddyHomeQuestionsQA/Build/Products/Debug-iphonesimulator/PackageFrameworks -F /tmp/TasteBuddyHomeQuestionsQA/Build/Products/Debug-iphonesimulator/PackageFrameworks -F /tmp/TasteBuddyHomeQuestionsQA/Build/Products/Debug-iphonesimulator/PackageFrameworks -F /tmp/TasteBuddyHomeQuestionsQA/Build/Products/Debug-iphonesimulator/PackageFrameworks -F /tmp/TasteBuddyHomeQuestionsQA/Build/Products/Debug-iphonesimulator/PackageFrameworks -F /tmp/TasteBuddyHomeQuestionsQA/Build/Products/Debug-iphonesimulator -F /Applications/Xcode.app/Contents/Developer/Platforms/iPhoneSimulator.platform/Developer/Library/Frameworks -F /Applications/Xcode.app/Contents/Developer/Platforms/iPhoneSimulator.platform/Developer/SDKs/iPhoneSimulator26.5.sdk/Developer/Library/Frameworks -c -j12 -enable-batch-mode -incremental -Xcc -ivfsstatcache -Xcc /tmp/TasteBuddyHomeQuestionsQA/SDKStatCaches.noindex/iphonesimulator26.5-23F81a-6cfe768891a92b912361537c460fe42b.sdkstatcache -output-file-map /tmp/TasteBuddyHomeQuestionsQA/Build/Intermediates.noindex/Supabase.build/Debug-iphonesimulator/Auth.build/Objects-normal/x86_64/Auth-OutputFileMap.json -use-frontend-parseable-output -save-temps -no-color-diagnostics -explicit-module-build -module-cache-path /tmp/TasteBuddyHomeQuestionsQA/Build/Intermediates.noindex/SwiftExplicitPrecompiledModules -clang-scanner-module-cache-path /tmp/TasteBuddyHomeQuestionsQA/ModuleCache.noindex -sdk-module-cache-path /tmp/TasteBuddyHomeQuestionsQA/ModuleCache.noindex -serialize-diagnostics -emit-dependencies -emit-module -emit-module-path /tmp/TasteBuddyHomeQuestionsQA/Build/Intermediates.noindex/Supabase.build/Debug-iphonesimulator/Auth.build/Objects-normal/x86_64/Auth.swiftmodule -validate-clang-modules-once -clang-build-session-file /tmp/TasteBuddyHomeQuestionsQA/ModuleCache.noindex/Session.modulevalidation -package-name supabase_swift -Xcc -I/tmp/TasteBuddyHomeQuestionsQA/Build/Intermediates.noindex/Supabase.build/Debug-iphonesimulator/Auth.build/swift-overrides.hmap -emit-const-values -Xfrontend -const-gather-protocols-file -Xfrontend /tmp/TasteBuddyHomeQuestionsQA/Build/Intermediates.noindex/Supabase.build/Debug-iphonesimulator/Auth.build/Objects-normal/x86_64/Auth_const_extract_protocols.json -Xcc -I/tmp/TasteBuddyHomeQuestionsQA/Build/Products/Debug-iphonesimulator/include -Xcc -I/tmp/TasteBuddyHomeQuestionsQA/Build/Intermediates.noindex/Supabase.build/Debug-iphonesimulator/Auth.build/DerivedSources-normal/x86_64 -Xcc -I/tmp/TasteBuddyHomeQuestionsQA/Build/Intermediates.noindex/Supabase.build/Debug-iphonesimulator/Auth.build/DerivedSources/x86_64 -Xcc -I/tmp/TasteBuddyHomeQuestionsQA/Build/Intermediates.noindex/Supabase.build/Debug-iphonesimulator/Auth.build/DerivedSources -Xcc -DSWIFT_PACKAGE -Xcc -DDEBUG\=1 -emit-objc-header -emit-objc-header-path /tmp/TasteBuddyHomeQuestionsQA/Build/Intermediates.noindex/Supabase.build/Debug-iphonesimulator/Auth.build/Objects-normal/x86_64/Auth-Swift.h -working-directory /Users/sinjunho/Desktop/Taste\ Buddy/ios/TasteBuddy.xcodeproj -experimental-emit-module-separately -disable-cmo

SwiftDriverJobDiscovery normal x86_64 Compiling SupabaseLogger.swift, HTTPError.swift (in target 'Helpers' from project 'Supabase')

SwiftDriver\ Compilation Helpers normal x86_64 com.apple.xcode.tools.swift.compiler (in target 'Helpers' from project 'Supabase')
    cd /Users/sinjunho/Desktop/Taste\ Buddy/ios/TasteBuddy.xcodeproj
    builtin-Swift-Compilation -- /Applications/Xcode.app/Contents/Developer/Toolchains/XcodeDefault.xctoolchain/usr/bin/swiftc -module-name Helpers -Onone @/tmp/TasteBuddyHomeQuestionsQA/Build/Intermediates.noindex/Supabase.build/Debug-iphonesimulator/Helpers.build/Objects-normal/x86_64/Helpers.SwiftFileList -DSWIFT_PACKAGE -DDEBUG -DSWIFT_MODULE_RESOURCE_BUNDLE_UNAVAILABLE -DXcode -enable-upcoming-feature ExistentialAny -enable-experimental-feature StrictConcurrency -plugin-path /Applications/Xcode.app/Contents/Developer/Toolchains/XcodeDefault.xctoolchain/usr/lib/swift/host/plugins/testing -enable-experimental-feature DebugDescriptionMacro -sdk /Applications/Xcode.app/Contents/Developer/Platforms/iPhoneSimulator.platform/Developer/SDKs/iPhoneSimulator26.5.sdk -target x86_64-apple-ios13.0-simulator -g -module-cache-path /tmp/TasteBuddyHomeQuestionsQA/ModuleCache.noindex -Xfrontend -serialize-debugging-options -enable-testing -suppress-warnings -index-store-path /tmp/TasteBuddyHomeQuestionsQA/Index.noindex/DataStore -Xcc -D_LIBCPP_HARDENING_MODE\=_LIBCPP_HARDENING_MODE_DEBUG -swift-version 5 -I /tmp/TasteBuddyHomeQuestionsQA/Build/Products/Debug-iphonesimulator -Isystem /Applications/Xcode.app/Contents/Developer/Platforms/iPhoneSimulator.platform/Developer/usr/lib -F /tmp/TasteBuddyHomeQuestionsQA/Build/Products/Debug-iphonesimulator/PackageFrameworks -F /tmp/TasteBuddyHomeQuestionsQA/Build/Products/Debug-iphonesimulator/PackageFrameworks -F /tmp/TasteBuddyHomeQuestionsQA/Build/Products/Debug-iphonesimulator/PackageFrameworks -F /tmp/TasteBuddyHomeQuestionsQA/Build/Products/Debug-iphonesimulator/PackageFrameworks -F /tmp/TasteBuddyHomeQuestionsQA/Build/Products/Debug-iphonesimulator/PackageFrameworks -F /tmp/TasteBuddyHomeQuestionsQA/Build/Products/Debug-iphonesimulator/PackageFrameworks -F /tmp/TasteBuddyHomeQuestionsQA/Build/Products/Debug-iphonesimulator -F /Applications/Xcode.app/Contents/Developer/Platforms/iPhoneSimulator.platform/Developer/Library/Frameworks -F /Applications/Xcode.app/Contents/Developer/Platforms/iPhoneSimulator.platform/Developer/SDKs/iPhoneSimulator26.5.sdk/Developer/Library/Frameworks -c -j12 -enable-batch-mode -incremental -Xcc -ivfsstatcache -Xcc /tmp/TasteBuddyHomeQuestionsQA/SDKStatCaches.noindex/iphonesimulator26.5-23F81a-6cfe768891a92b912361537c460fe42b.sdkstatcache -output-file-map /tmp/TasteBuddyHomeQuestionsQA/Build/Intermediates.noindex/Supabase.build/Debug-iphonesimulator/Helpers.build/Objects-normal/x86_64/Helpers-OutputFileMap.json -use-frontend-parseable-output -save-temps -no-color-diagnostics -explicit-module-build -module-cache-path /tmp/TasteBuddyHomeQuestionsQA/Build/Intermediates.noindex/SwiftExplicitPrecompiledModules -clang-scanner-module-cache-path /tmp/TasteBuddyHomeQuestionsQA/ModuleCache.noindex -sdk-module-cache-path /tmp/TasteBuddyHomeQuestionsQA/ModuleCache.noindex -serialize-diagnostics -emit-dependencies -emit-module -emit-module-path /tmp/TasteBuddyHomeQuestionsQA/Build/Intermediates.noindex/Supabase.build/Debug-iphonesimulator/Helpers.build/Objects-normal/x86_64/Helpers.swiftmodule -validate-clang-modules-once -clang-build-session-file /tmp/TasteBuddyHomeQuestionsQA/ModuleCache.noindex/Session.modulevalidation -package-name supabase_swift -Xcc -I/tmp/TasteBuddyHomeQuestionsQA/Build/Intermediates.noindex/Supabase.build/Debug-iphonesimulator/Helpers.build/swift-overrides.hmap -emit-const-values -Xfrontend -const-gather-protocols-file -Xfrontend /tmp/TasteBuddyHomeQuestionsQA/Build/Intermediates.noindex/Supabase.build/Debug-iphonesimulator/Helpers.build/Objects-normal/x86_64/Helpers_const_extract_protocols.json -Xcc -I/tmp/TasteBuddyHomeQuestionsQA/Build/Products/Debug-iphonesimulator/include -Xcc -I/tmp/TasteBuddyHomeQuestionsQA/Build/Intermediates.noindex/Supabase.build/Debug-iphonesimulator/Helpers.build/DerivedSources-normal/x86_64 -Xcc -I/tmp/TasteBuddyHomeQuestionsQA/Build/Intermediates.noindex/Supabase.build/Debug-iphonesimulator/Helpers.build/DerivedSources/x86_64 -Xcc -I/tmp/TasteBuddyHomeQuestionsQA/Build/Intermediates.noindex/Supabase.build/Debug-iphonesimulator/Helpers.build/DerivedSources -Xcc -DSWIFT_PACKAGE -Xcc -DDEBUG\=1 -emit-objc-header -emit-objc-header-path /tmp/TasteBuddyHomeQuestionsQA/Build/Intermediates.noindex/Supabase.build/Debug-iphonesimulator/Helpers.build/Objects-normal/x86_64/Helpers-Swift.h -working-directory /Users/sinjunho/Desktop/Taste\ Buddy/ios/TasteBuddy.xcodeproj -experimental-emit-module-separately -disable-cmo

SwiftDriverJobDiscovery normal x86_64 Compiling SwiftUI.swift (in target 'Clocks' from project 'swift-clocks')

SwiftDriver\ Compilation Clocks normal x86_64 com.apple.xcode.tools.swift.compiler (in target 'Clocks' from project 'swift-clocks')
    cd /Users/sinjunho/Desktop/Taste\ Buddy/ios/TasteBuddy.xcodeproj
    builtin-Swift-Compilation -- /Applications/Xcode.app/Contents/Developer/Toolchains/XcodeDefault.xctoolchain/usr/bin/swiftc -module-name Clocks -Onone @/tmp/TasteBuddyHomeQuestionsQA/Build/Intermediates.noindex/swift-clocks.build/Debug-iphonesimulator/Clocks.build/Objects-normal/x86_64/Clocks.SwiftFileList -DSWIFT_PACKAGE -DDEBUG -DSWIFT_MODULE_RESOURCE_BUNDLE_UNAVAILABLE -DXcode -plugin-path /Applications/Xcode.app/Contents/Developer/Toolchains/XcodeDefault.xctoolchain/usr/lib/swift/host/plugins/testing -enable-experimental-feature DebugDescriptionMacro -sdk /Applications/Xcode.app/Contents/Developer/Platforms/iPhoneSimulator.platform/Developer/SDKs/iPhoneSimulator26.5.sdk -target x86_64-apple-ios13.0-simulator -g -module-cache-path /tmp/TasteBuddyHomeQuestionsQA/ModuleCache.noindex -Xfrontend -serialize-debugging-options -enable-testing -suppress-warnings -index-store-path /tmp/TasteBuddyHomeQuestionsQA/Index.noindex/DataStore -Xcc -D_LIBCPP_HARDENING_MODE\=_LIBCPP_HARDENING_MODE_DEBUG -swift-version 6 -I /tmp/TasteBuddyHomeQuestionsQA/Build/Products/Debug-iphonesimulator -Isystem /Applications/Xcode.app/Contents/Developer/Platforms/iPhoneSimulator.platform/Developer/usr/lib -F /tmp/TasteBuddyHomeQuestionsQA/Build/Products/Debug-iphonesimulator/PackageFrameworks -F /tmp/TasteBuddyHomeQuestionsQA/Build/Products/Debug-iphonesimulator/PackageFrameworks -F /tmp/TasteBuddyHomeQuestionsQA/Build/Products/Debug-iphonesimulator/PackageFrameworks -F /tmp/TasteBuddyHomeQuestionsQA/Build/Products/Debug-iphonesimulator -F /Applications/Xcode.app/Contents/Developer/Platforms/iPhoneSimulator.platform/Developer/Library/Frameworks -F /Applications/Xcode.app/Contents/Developer/Platforms/iPhoneSimulator.platform/Developer/SDKs/iPhoneSimulator26.5.sdk/Developer/Library/Frameworks -c -j12 -enable-batch-mode -incremental -Xcc -ivfsstatcache -Xcc /tmp/TasteBuddyHomeQuestionsQA/SDKStatCaches.noindex/iphonesimulator26.5-23F81a-6cfe768891a92b912361537c460fe42b.sdkstatcache -output-file-map /tmp/TasteBuddyHomeQuestionsQA/Build/Intermediates.noindex/swift-clocks.build/Debug-iphonesimulator/Clocks.build/Objects-normal/x86_64/Clocks-OutputFileMap.json -use-frontend-parseable-output -save-temps -no-color-diagnostics -explicit-module-build -module-cache-path /tmp/TasteBuddyHomeQuestionsQA/Build/Intermediates.noindex/SwiftExplicitPrecompiledModules -clang-scanner-module-cache-path /tmp/TasteBuddyHomeQuestionsQA/ModuleCache.noindex -sdk-module-cache-path /tmp/TasteBuddyHomeQuestionsQA/ModuleCache.noindex -serialize-diagnostics -emit-dependencies -emit-module -emit-module-path /tmp/TasteBuddyHomeQuestionsQA/Build/Intermediates.noindex/swift-clocks.build/Debug-iphonesimulator/Clocks.build/Objects-normal/x86_64/Clocks.swiftmodule -user-module-version 1.0.6 -validate-clang-modules-once -clang-build-session-file /tmp/TasteBuddyHomeQuestionsQA/ModuleCache.noindex/Session.modulevalidation -package-name swift_clocks -Xcc -I/tmp/TasteBuddyHomeQuestionsQA/Build/Intermediates.noindex/swift-clocks.build/Debug-iphonesimulator/Clocks.build/swift-overrides.hmap -emit-const-values -Xfrontend -const-gather-protocols-file -Xfrontend /tmp/TasteBuddyHomeQuestionsQA/Build/Intermediates.noindex/swift-clocks.build/Debug-iphonesimulator/Clocks.build/Objects-normal/x86_64/Clocks_const_extract_protocols.json -Xcc -I/tmp/TasteBuddyHomeQuestionsQA/Build/Products/Debug-iphonesimulator/include -Xcc -I/tmp/TasteBuddyHomeQuestionsQA/Build/Intermediates.noindex/swift-clocks.build/Debug-iphonesimulator/Clocks.build/DerivedSources-normal/x86_64 -Xcc -I/tmp/TasteBuddyHomeQuestionsQA/Build/Intermediates.noindex/swift-clocks.build/Debug-iphonesimulator/Clocks.build/DerivedSources/x86_64 -Xcc -I/tmp/TasteBuddyHomeQuestionsQA/Build/Intermediates.noindex/swift-clocks.build/Debug-iphonesimulator/Clocks.build/DerivedSources -Xcc -DSWIFT_PACKAGE -Xcc -DDEBUG\=1 -emit-objc-header -emit-objc-header-path /tmp/TasteBuddyHomeQuestionsQA/Build/Intermediates.noindex/swift-clocks.build/Debug-iphonesimulator/Clocks.build/Objects-normal/x86_64/Clocks-Swift.h -working-directory /Users/sinjunho/Desktop/Taste\ Buddy/ios/TasteBuddy.xcodeproj -experimental-emit-module-separately -disable-cmo

Ld /tmp/TasteBuddyHomeQuestionsQA/Build/Products/Debug-iphonesimulator/Clocks.o normal (in target 'Clocks' from project 'swift-clocks')
    cd /tmp/TasteBuddyHomeQuestionsQA/SourcePackages/checkouts/swift-clocks
    /Applications/Xcode.app/Contents/Developer/Toolchains/XcodeDefault.xctoolchain/usr/bin/clang -Xlinker -reproducible -target x86_64-apple-ios13.0-simulator -r -isysroot /Applications/Xcode.app/Contents/Developer/Platforms/iPhoneSimulator.platform/Developer/SDKs/iPhoneSimulator26.5.sdk -O0 -w -F/tmp/TasteBuddyHomeQuestionsQA/Build/Intermediates.noindex/EagerLinkingTBDs/Debug-iphonesimulator -F/tmp/TasteBuddyHomeQuestionsQA/Build/Products/Debug-iphonesimulator/PackageFrameworks -F/tmp/TasteBuddyHomeQuestionsQA/Build/Products/Debug-iphonesimulator/PackageFrameworks -F/tmp/TasteBuddyHomeQuestionsQA/Build/Products/Debug-iphonesimulator/PackageFrameworks -F/tmp/TasteBuddyHomeQuestionsQA/Build/Products/Debug-iphonesimulator -iframework /Applications/Xcode.app/Contents/Developer/Platforms/iPhoneSimulator.platform/Developer/Library/Frameworks -iframework /Applications/Xcode.app/Contents/Developer/Platforms/iPhoneSimulator.platform/Developer/SDKs/iPhoneSimulator26.5.sdk/Developer/Library/Frameworks -filelist /tmp/TasteBuddyHomeQuestionsQA/Build/Intermediates.noindex/swift-clocks.build/Debug-iphonesimulator/Clocks.build/Objects-normal/x86_64/Clocks.LinkFileList -nostdlib -Xlinker -object_path_lto -Xlinker /tmp/TasteBuddyHomeQuestionsQA/Build/Intermediates.noindex/swift-clocks.build/Debug-iphonesimulator/Clocks.build/Objects-normal/x86_64/Clocks_lto.o -Xlinker -no_deduplicate -Xlinker -objc_abi_version -Xlinker 2 -Xlinker -dependency_info -Xlinker /tmp/TasteBuddyHomeQuestionsQA/Build/Intermediates.noindex/swift-clocks.build/Debug-iphonesimulator/Clocks.build/Objects-normal/x86_64/Clocks_dependency_info.dat -fobjc-link-runtime -L/Applications/Xcode.app/Contents/Developer/Toolchains/XcodeDefault.xctoolchain/usr/lib/swift/iphonesimulator -L/usr/lib/swift -Xlinker -add_ast_path -Xlinker /tmp/TasteBuddyHomeQuestionsQA/Build/Intermediates.noindex/swift-clocks.build/Debug-iphonesimulator/Clocks.build/Objects-normal/x86_64/Clocks.swiftmodule @/tmp/TasteBuddyHomeQuestionsQA/Build/Intermediates.noindex/swift-clocks.build/Debug-iphonesimulator/Clocks.build/Objects-normal/x86_64/Clocks-linker-args.resp -o /tmp/TasteBuddyHomeQuestionsQA/Build/Products/Debug-iphonesimulator/Clocks.o

SwiftEmitModule normal x86_64 Emitting\ module\ for\ Functions (in target 'Functions' from project 'Supabase')
EmitSwiftModule normal x86_64 (in target 'Functions' from project 'Supabase')
    cd /Users/sinjunho/Desktop/Taste\ Buddy/ios/TasteBuddy.xcodeproj
    

SwiftCompile normal x86_64 Compiling\ Types.swift /tmp/TasteBuddyHomeQuestionsQA/SourcePackages/checkouts/supabase-swift/Sources/Functions/Types.swift (in target 'Functions' from project 'Supabase')
SwiftCompile normal x86_64 /tmp/TasteBuddyHomeQuestionsQA/SourcePackages/checkouts/supabase-swift/Sources/Functions/Types.swift (in target 'Functions' from project 'Supabase')
    cd /Users/sinjunho/Desktop/Taste\ Buddy/ios/TasteBuddy.xcodeproj
    

SwiftCompile normal x86_64 Compiling\ Exports.swift /tmp/TasteBuddyHomeQuestionsQA/SourcePackages/checkouts/supabase-swift/Sources/Functions/Exports.swift (in target 'Functions' from project 'Supabase')

SwiftCompile normal x86_64 /tmp/TasteBuddyHomeQuestionsQA/SourcePackages/checkouts/supabase-swift/Sources/Functions/Exports.swift (in target 'Functions' from project 'Supabase')
    cd /Users/sinjunho/Desktop/Taste\ Buddy/ios/TasteBuddy.xcodeproj
    

SwiftCompile normal x86_64 Compiling\ FunctionsClient.swift /tmp/TasteBuddyHomeQuestionsQA/SourcePackages/checkouts/supabase-swift/Sources/Functions/FunctionsClient.swift (in target 'Functions' from project 'Supabase')
SwiftCompile normal x86_64 /tmp/TasteBuddyHomeQuestionsQA/SourcePackages/checkouts/supabase-swift/Sources/Functions/FunctionsClient.swift (in target 'Functions' from project 'Supabase')
    cd /Users/sinjunho/Desktop/Taste\ Buddy/ios/TasteBuddy.xcodeproj
    

ExtractAppIntentsMetadata (in target 'Clocks' from project 'swift-clocks')
    cd /tmp/TasteBuddyHomeQuestionsQA/SourcePackages/checkouts/swift-clocks
    /Applications/Xcode.app/Contents/Developer/Toolchains/XcodeDefault.xctoolchain/usr/bin/appintentsmetadataprocessor --toolchain-dir /Applications/Xcode.app/Contents/Developer/Toolchains/XcodeDefault.xctoolchain --module-name Clocks --sdk-root /Applications/Xcode.app/Contents/Developer/Platforms/iPhoneSimulator.platform/Developer/SDKs/iPhoneSimulator26.5.sdk --xcode-version 17F113 --platform-family iOS --deployment-target 13.0 --bundle-identifier swift-clocks.Clocks --output /tmp/TasteBuddyHomeQuestionsQA/Build/Products/Debug-iphonesimulator/Clocks.appintents --target-triple x86_64-apple-ios13.0-simulator --binary-file /tmp/TasteBuddyHomeQuestionsQA/Build/Products/Debug-iphonesimulator/Clocks.o --dependency-file /tmp/TasteBuddyHomeQuestionsQA/Build/Intermediates.noindex/swift-clocks.build/Debug-iphonesimulator/Clocks.build/Objects-normal/x86_64/Clocks_dependency_info.dat --stringsdata-file /tmp/TasteBuddyHomeQuestionsQA/Build/Intermediates.noindex/swift-clocks.build/Debug-iphonesimulator/Clocks.build/Objects-normal/x86_64/ExtractedAppShortcutsMetadata.stringsdata --source-file-list /tmp/TasteBuddyHomeQuestionsQA/Build/Intermediates.noindex/swift-clocks.build/Debug-iphonesimulator/Clocks.build/Objects-normal/x86_64/Clocks.SwiftFileList --metadata-file-list /tmp/TasteBuddyHomeQuestionsQA/Build/Intermediates.noindex/swift-clocks.build/Debug-iphonesimulator/Clocks.build/Clocks.DependencyMetadataFileList --static-metadata-file-list /tmp/TasteBuddyHomeQuestionsQA/Build/Intermediates.noindex/swift-clocks.build/Debug-iphonesimulator/Clocks.build/Clocks.DependencyStaticMetadataFileList --swift-const-vals-list /tmp/TasteBuddyHomeQuestionsQA/Build/Intermediates.noindex/swift-clocks.build/Debug-iphonesimulator/Clocks.build/Objects-normal/x86_64/Clocks.SwiftConstValuesFileList --force --compile-time-extraction --deployment-aware-processing --validate-assistant-intents --no-app-shortcuts-localization
2026-09-13 16:11:16.728 appintentsmetadataprocessor[82401:4041690] Starting appintentsmetadataprocessor export
2026-09-13 16:11:16.762 appintentsmetadataprocessor[82401:4041690] Extracted no relevant App Intents symbols, skipping writing output

RegisterExecutionPolicyException /tmp/TasteBuddyHomeQuestionsQA/Build/Products/Debug-iphonesimulator/Clocks.o (in target 'Clocks' from project 'swift-clocks')
    cd /tmp/TasteBuddyHomeQuestionsQA/SourcePackages/checkouts/swift-clocks
    builtin-RegisterExecutionPolicyException /tmp/TasteBuddyHomeQuestionsQA/Build/Products/Debug-iphonesimulator/Clocks.o

Ld /tmp/TasteBuddyHomeQuestionsQA/Build/Products/Debug-iphonesimulator/Helpers.o normal (in target 'Helpers' from project 'Supabase')
    cd /tmp/TasteBuddyHomeQuestionsQA/SourcePackages/checkouts/supabase-swift
    /Applications/Xcode.app/Contents/Developer/Toolchains/XcodeDefault.xctoolchain/usr/bin/clang -Xlinker -reproducible -target x86_64-apple-ios13.0-simulator -r -isysroot /Applications/Xcode.app/Contents/Developer/Platforms/iPhoneSimulator.platform/Developer/SDKs/iPhoneSimulator26.5.sdk -O0 -w -F/tmp/TasteBuddyHomeQuestionsQA/Build/Intermediates.noindex/EagerLinkingTBDs/Debug-iphonesimulator -F/tmp/TasteBuddyHomeQuestionsQA/Build/Products/Debug-iphonesimulator/PackageFrameworks -F/tmp/TasteBuddyHomeQuestionsQA/Build/Products/Debug-iphonesimulator/PackageFrameworks -F/tmp/TasteBuddyHomeQuestionsQA/Build/Products/Debug-iphonesimulator/PackageFrameworks -F/tmp/TasteBuddyHomeQuestionsQA/Build/Products/Debug-iphonesimulator/PackageFrameworks -F/tmp/TasteBuddyHomeQuestionsQA/Build/Products/Debug-iphonesimulator/PackageFrameworks -F/tmp/TasteBuddyHomeQuestionsQA/Build/Products/Debug-iphonesimulator/PackageFrameworks -F/tmp/TasteBuddyHomeQuestionsQA/Build/Products/Debug-iphonesimulator -iframework /Applications/Xcode.app/Contents/Developer/Platforms/iPhoneSimulator.platform/Developer/Library/Frameworks -iframework /Applications/Xcode.app/Contents/Developer/Platforms/iPhoneSimulator.platform/Developer/SDKs/iPhoneSimulator26.5.sdk/Developer/Library/Frameworks -filelist /tmp/TasteBuddyHomeQuestionsQA/Build/Intermediates.noindex/Supabase.build/Debug-iphonesimulator/Helpers.build/Objects-normal/x86_64/Helpers.LinkFileList -nostdlib -Xlinker -object_path_lto -Xlinker /tmp/TasteBuddyHomeQuestionsQA/Build/Intermediates.noindex/Supabase.build/Debug-iphonesimulator/Helpers.build/Objects-normal/x86_64/Helpers_lto.o -Xlinker -no_deduplicate -Xlinker -objc_abi_version -Xlinker 2 -Xlinker -dependency_info -Xlinker /tmp/TasteBuddyHomeQuestionsQA/Build/Intermediates.noindex/Supabase.build/Debug-iphonesimulator/Helpers.build/Objects-normal/x86_64/Helpers_dependency_info.dat -fobjc-link-runtime -L/Applications/Xcode.app/Contents/Developer/Toolchains/XcodeDefault.xctoolchain/usr/lib/swift/iphonesimulator -L/usr/lib/swift -Xlinker -add_ast_path -Xlinker /tmp/TasteBuddyHomeQuestionsQA/Build/Intermediates.noindex/Supabase.build/Debug-iphonesimulator/Helpers.build/Objects-normal/x86_64/Helpers.swiftmodule @/tmp/TasteBuddyHomeQuestionsQA/Build/Intermediates.noindex/Supabase.build/Debug-iphonesimulator/Helpers.build/Objects-normal/x86_64/Helpers-linker-args.resp -o /tmp/TasteBuddyHomeQuestionsQA/Build/Products/Debug-iphonesimulator/Helpers.o

ExtractAppIntentsMetadata (in target 'Helpers' from project 'Supabase')
    cd /tmp/TasteBuddyHomeQuestionsQA/SourcePackages/checkouts/supabase-swift
    /Applications/Xcode.app/Contents/Developer/Toolchains/XcodeDefault.xctoolchain/usr/bin/appintentsmetadataprocessor --toolchain-dir /Applications/Xcode.app/Contents/Developer/Toolchains/XcodeDefault.xctoolchain --module-name Helpers --sdk-root /Applications/Xcode.app/Contents/Developer/Platforms/iPhoneSimulator.platform/Developer/SDKs/iPhoneSimulator26.5.sdk --xcode-version 17F113 --platform-family iOS --deployment-target 13.0 --bundle-identifier supabase-swift.Helpers --output /tmp/TasteBuddyHomeQuestionsQA/Build/Products/Debug-iphonesimulator/Helpers.appintents --target-triple x86_64-apple-ios13.0-simulator --binary-file /tmp/TasteBuddyHomeQuestionsQA/Build/Products/Debug-iphonesimulator/Helpers.o --dependency-file /tmp/TasteBuddyHomeQuestionsQA/Build/Intermediates.noindex/Supabase.build/Debug-iphonesimulator/Helpers.build/Objects-normal/x86_64/Helpers_dependency_info.dat --stringsdata-file /tmp/TasteBuddyHomeQuestionsQA/Build/Intermediates.noindex/Supabase.build/Debug-iphonesimulator/Helpers.build/Objects-normal/x86_64/ExtractedAppShortcutsMetadata.stringsdata --source-file-list /tmp/TasteBuddyHomeQuestionsQA/Build/Intermediates.noindex/Supabase.build/Debug-iphonesimulator/Helpers.build/Objects-normal/x86_64/Helpers.SwiftFileList --metadata-file-list /tmp/TasteBuddyHomeQuestionsQA/Build/Intermediates.noindex/Supabase.build/Debug-iphonesimulator/Helpers.build/Helpers.DependencyMetadataFileList --static-metadata-file-list /tmp/TasteBuddyHomeQuestionsQA/Build/Intermediates.noindex/Supabase.build/Debug-iphonesimulator/Helpers.build/Helpers.DependencyStaticMetadataFileList --swift-const-vals-list /tmp/TasteBuddyHomeQuestionsQA/Build/Intermediates.noindex/Supabase.build/Debug-iphonesimulator/Helpers.build/Objects-normal/x86_64/Helpers.SwiftConstValuesFileList --force --compile-time-extraction --deployment-aware-processing --validate-assistant-intents --no-app-shortcuts-localization
2026-09-13 16:11:16.968 appintentsmetadataprocessor[82404:4041715] Starting appintentsmetadataprocessor export
2026-09-13 16:11:17.001 appintentsmetadataprocessor[82404:4041715] Extracted no relevant App Intents symbols, skipping writing output

RegisterExecutionPolicyException /tmp/TasteBuddyHomeQuestionsQA/Build/Products/Debug-iphonesimulator/Helpers.o (in target 'Helpers' from project 'Supabase')
    cd /tmp/TasteBuddyHomeQuestionsQA/SourcePackages/checkouts/supabase-swift
    builtin-RegisterExecutionPolicyException /tmp/TasteBuddyHomeQuestionsQA/Build/Products/Debug-iphonesimulator/Helpers.o

SwiftDriverJobDiscovery normal x86_64 Compiling VariableBlur.swift (in target 'VariableBlur' from project 'VariableBlur')

SwiftDriverJobDiscovery normal x86_64 Compiling BackgroundBlur.swift (in target 'VariableBlur' from project 'VariableBlur')

SwiftDriver\ Compilation VariableBlur normal x86_64 com.apple.xcode.tools.swift.compiler (in target 'VariableBlur' from project 'VariableBlur')
    cd /Users/sinjunho/Desktop/Taste\ Buddy/ios/TasteBuddy.xcodeproj
    builtin-Swift-Compilation -- /Applications/Xcode.app/Contents/Developer/Toolchains/XcodeDefault.xctoolchain/usr/bin/swiftc -module-name VariableBlur -Onone @/tmp/TasteBuddyHomeQuestionsQA/Build/Intermediates.noindex/VariableBlur.build/Debug-iphonesimulator/VariableBlur.build/Objects-normal/x86_64/VariableBlur.SwiftFileList -DSWIFT_PACKAGE -DDEBUG -DSWIFT_MODULE_RESOURCE_BUNDLE_UNAVAILABLE -DXcode -plugin-path /Applications/Xcode.app/Contents/Developer/Toolchains/XcodeDefault.xctoolchain/usr/lib/swift/host/plugins/testing -enable-experimental-feature DebugDescriptionMacro -sdk /Applications/Xcode.app/Contents/Developer/Platforms/iPhoneSimulator.platform/Developer/SDKs/iPhoneSimulator26.5.sdk -target x86_64-apple-ios13.0-simulator -g -module-cache-path /tmp/TasteBuddyHomeQuestionsQA/ModuleCache.noindex -Xfrontend -serialize-debugging-options -enable-testing -suppress-warnings -index-store-path /tmp/TasteBuddyHomeQuestionsQA/Index.noindex/DataStore -Xcc -D_LIBCPP_HARDENING_MODE\=_LIBCPP_HARDENING_MODE_DEBUG -swift-version 5 -I /tmp/TasteBuddyHomeQuestionsQA/Build/Products/Debug-iphonesimulator -Isystem /Applications/Xcode.app/Contents/Developer/Platforms/iPhoneSimulator.platform/Developer/usr/lib -F /tmp/TasteBuddyHomeQuestionsQA/Build/Products/Debug-iphonesimulator -F /Applications/Xcode.app/Contents/Developer/Platforms/iPhoneSimulator.platform/Developer/Library/Frameworks -F /Applications/Xcode.app/Contents/Developer/Platforms/iPhoneSimulator.platform/Developer/SDKs/iPhoneSimulator26.5.sdk/Developer/Library/Frameworks -c -j12 -enable-batch-mode -incremental -Xcc -ivfsstatcache -Xcc /tmp/TasteBuddyHomeQuestionsQA/SDKStatCaches.noindex/iphonesimulator26.5-23F81a-6cfe768891a92b912361537c460fe42b.sdkstatcache -output-file-map /tmp/TasteBuddyHomeQuestionsQA/Build/Intermediates.noindex/VariableBlur.build/Debug-iphonesimulator/VariableBlur.build/Objects-normal/x86_64/VariableBlur-OutputFileMap.json -use-frontend-parseable-output -save-temps -no-color-diagnostics -explicit-module-build -module-cache-path /tmp/TasteBuddyHomeQuestionsQA/Build/Intermediates.noindex/SwiftExplicitPrecompiledModules -clang-scanner-module-cache-path /tmp/TasteBuddyHomeQuestionsQA/ModuleCache.noindex -sdk-module-cache-path /tmp/TasteBuddyHomeQuestionsQA/ModuleCache.noindex -serialize-diagnostics -emit-dependencies -emit-module -emit-module-path /tmp/TasteBuddyHomeQuestionsQA/Build/Intermediates.noindex/VariableBlur.build/Debug-iphonesimulator/VariableBlur.build/Objects-normal/x86_64/VariableBlur.swiftmodule -validate-clang-modules-once -clang-build-session-file /tmp/TasteBuddyHomeQuestionsQA/ModuleCache.noindex/Session.modulevalidation -package-name variableblur -Xcc -I/tmp/TasteBuddyHomeQuestionsQA/Build/Intermediates.noindex/VariableBlur.build/Debug-iphonesimulator/VariableBlur.build/swift-overrides.hmap -emit-const-values -Xfrontend -const-gather-protocols-file -Xfrontend /tmp/TasteBuddyHomeQuestionsQA/Build/Intermediates.noindex/VariableBlur.build/Debug-iphonesimulator/VariableBlur.build/Objects-normal/x86_64/VariableBlur_const_extract_protocols.json -Xcc -I/tmp/TasteBuddyHomeQuestionsQA/Build/Products/Debug-iphonesimulator/include -Xcc -I/tmp/TasteBuddyHomeQuestionsQA/Build/Intermediates.noindex/VariableBlur.build/Debug-iphonesimulator/VariableBlur.build/DerivedSources-normal/x86_64 -Xcc -I/tmp/TasteBuddyHomeQuestionsQA/Build/Intermediates.noindex/VariableBlur.build/Debug-iphonesimulator/VariableBlur.build/DerivedSources/x86_64 -Xcc -I/tmp/TasteBuddyHomeQuestionsQA/Build/Intermediates.noindex/VariableBlur.build/Debug-iphonesimulator/VariableBlur.build/DerivedSources -Xcc -DSWIFT_PACKAGE -Xcc -DDEBUG\=1 -emit-objc-header -emit-objc-header-path /tmp/TasteBuddyHomeQuestionsQA/Build/Intermediates.noindex/VariableBlur.build/Debug-iphonesimulator/VariableBlur.build/Objects-normal/x86_64/VariableBlur-Swift.h -working-directory /Users/sinjunho/Desktop/Taste\ Buddy/ios/TasteBuddy.xcodeproj -experimental-emit-module-separately -disable-cmo

Ld /tmp/TasteBuddyHomeQuestionsQA/Build/Products/Debug-iphonesimulator/VariableBlur.o normal (in target 'VariableBlur' from project 'VariableBlur')
    cd /tmp/TasteBuddyHomeQuestionsQA/SourcePackages/checkouts/VariableBlur
    /Applications/Xcode.app/Contents/Developer/Toolchains/XcodeDefault.xctoolchain/usr/bin/clang -Xlinker -reproducible -target x86_64-apple-ios13.0-simulator -r -isysroot /Applications/Xcode.app/Contents/Developer/Platforms/iPhoneSimulator.platform/Developer/SDKs/iPhoneSimulator26.5.sdk -O0 -w -F/tmp/TasteBuddyHomeQuestionsQA/Build/Intermediates.noindex/EagerLinkingTBDs/Debug-iphonesimulator -F/tmp/TasteBuddyHomeQuestionsQA/Build/Products/Debug-iphonesimulator -iframework /Applications/Xcode.app/Contents/Developer/Platforms/iPhoneSimulator.platform/Developer/Library/Frameworks -iframework /Applications/Xcode.app/Contents/Developer/Platforms/iPhoneSimulator.platform/Developer/SDKs/iPhoneSimulator26.5.sdk/Developer/Library/Frameworks -filelist /tmp/TasteBuddyHomeQuestionsQA/Build/Intermediates.noindex/VariableBlur.build/Debug-iphonesimulator/VariableBlur.build/Objects-normal/x86_64/VariableBlur.LinkFileList -nostdlib -Xlinker -object_path_lto -Xlinker /tmp/TasteBuddyHomeQuestionsQA/Build/Intermediates.noindex/VariableBlur.build/Debug-iphonesimulator/VariableBlur.build/Objects-normal/x86_64/VariableBlur_lto.o -Xlinker -no_deduplicate -Xlinker -objc_abi_version -Xlinker 2 -Xlinker -dependency_info -Xlinker /tmp/TasteBuddyHomeQuestionsQA/Build/Intermediates.noindex/VariableBlur.build/Debug-iphonesimulator/VariableBlur.build/Objects-normal/x86_64/VariableBlur_dependency_info.dat -fobjc-link-runtime -L/Applications/Xcode.app/Contents/Developer/Toolchains/XcodeDefault.xctoolchain/usr/lib/swift/iphonesimulator -L/usr/lib/swift -Xlinker -add_ast_path -Xlinker /tmp/TasteBuddyHomeQuestionsQA/Build/Intermediates.noindex/VariableBlur.build/Debug-iphonesimulator/VariableBlur.build/Objects-normal/x86_64/VariableBlur.swiftmodule @/tmp/TasteBuddyHomeQuestionsQA/Build/Intermediates.noindex/VariableBlur.build/Debug-iphonesimulator/VariableBlur.build/Objects-normal/x86_64/VariableBlur-linker-args.resp -o /tmp/TasteBuddyHomeQuestionsQA/Build/Products/Debug-iphonesimulator/VariableBlur.o

SwiftDriverJobDiscovery normal x86_64 Compiling Exports.swift (in target 'Functions' from project 'Supabase')

ExtractAppIntentsMetadata (in target 'VariableBlur' from project 'VariableBlur')
    cd /tmp/TasteBuddyHomeQuestionsQA/SourcePackages/checkouts/VariableBlur
    /Applications/Xcode.app/Contents/Developer/Toolchains/XcodeDefault.xctoolchain/usr/bin/appintentsmetadataprocessor --toolchain-dir /Applications/Xcode.app/Contents/Developer/Toolchains/XcodeDefault.xctoolchain --module-name VariableBlur --sdk-root /Applications/Xcode.app/Contents/Developer/Platforms/iPhoneSimulator.platform/Developer/SDKs/iPhoneSimulator26.5.sdk --xcode-version 17F113 --platform-family iOS --deployment-target 13.0 --bundle-identifier variableblur.VariableBlur --output /tmp/TasteBuddyHomeQuestionsQA/Build/Products/Debug-iphonesimulator/VariableBlur.appintents --target-triple x86_64-apple-ios13.0-simulator --binary-file /tmp/TasteBuddyHomeQuestionsQA/Build/Products/Debug-iphonesimulator/VariableBlur.o --dependency-file /tmp/TasteBuddyHomeQuestionsQA/Build/Intermediates.noindex/VariableBlur.build/Debug-iphonesimulator/VariableBlur.build/Objects-normal/x86_64/VariableBlur_dependency_info.dat --stringsdata-file /tmp/TasteBuddyHomeQuestionsQA/Build/Intermediates.noindex/VariableBlur.build/Debug-iphonesimulator/VariableBlur.build/Objects-normal/x86_64/ExtractedAppShortcutsMetadata.stringsdata --source-file-list /tmp/TasteBuddyHomeQuestionsQA/Build/Intermediates.noindex/VariableBlur.build/Debug-iphonesimulator/VariableBlur.build/Objects-normal/x86_64/VariableBlur.SwiftFileList --metadata-file-list /tmp/TasteBuddyHomeQuestionsQA/Build/Intermediates.noindex/VariableBlur.build/Debug-iphonesimulator/VariableBlur.build/VariableBlur.DependencyMetadataFileList --static-metadata-file-list /tmp/TasteBuddyHomeQuestionsQA/Build/Intermediates.noindex/VariableBlur.build/Debug-iphonesimulator/VariableBlur.build/VariableBlur.DependencyStaticMetadataFileList --swift-const-vals-list /tmp/TasteBuddyHomeQuestionsQA/Build/Intermediates.noindex/VariableBlur.build/Debug-iphonesimulator/VariableBlur.build/Objects-normal/x86_64/VariableBlur.SwiftConstValuesFileList --force --compile-time-extraction --deployment-aware-processing --validate-assistant-intents --no-app-shortcuts-localization
2026-09-13 16:11:17.286 appintentsmetadataprocessor[82407:4041738] Starting appintentsmetadataprocessor export
2026-09-13 16:11:17.309 appintentsmetadataprocessor[82407:4041738] Extracted no relevant App Intents symbols, skipping writing output

SwiftExplicitDependencyGeneratePcm x86_64 /tmp/TasteBuddyHomeQuestionsQA/ModuleCache.noindex/CoreServices-8KLL4CNOKEV68YADNUNPIKZI6.pcm

SwiftCompile normal x86_64 Compiling\ Deprecated.swift /tmp/TasteBuddyHomeQuestionsQA/SourcePackages/checkouts/supabase-swift/Sources/PostgREST/Deprecated.swift (in target 'PostgREST' from project 'Supabase')

SwiftCompile normal x86_64 /tmp/TasteBuddyHomeQuestionsQA/SourcePackages/checkouts/supabase-swift/Sources/PostgREST/Deprecated.swift (in target 'PostgREST' from project 'Supabase')
    cd /Users/sinjunho/Desktop/Taste\ Buddy/ios/TasteBuddy.xcodeproj
    

SwiftCompile normal x86_64 Compiling\ Exports.swift /tmp/TasteBuddyHomeQuestionsQA/SourcePackages/checkouts/supabase-swift/Sources/PostgREST/Exports.swift (in target 'PostgREST' from project 'Supabase')

SwiftCompile normal x86_64 /tmp/TasteBuddyHomeQuestionsQA/SourcePackages/checkouts/supabase-swift/Sources/PostgREST/Exports.swift (in target 'PostgREST' from project 'Supabase')
    cd /Users/sinjunho/Desktop/Taste\ Buddy/ios/TasteBuddy.xcodeproj
    

SwiftCompile normal x86_64 Compiling\ PostgrestBuilder.swift /tmp/TasteBuddyHomeQuestionsQA/SourcePackages/checkouts/supabase-swift/Sources/PostgREST/PostgrestBuilder.swift (in target 'PostgREST' from project 'Supabase')
SwiftCompile normal x86_64 /tmp/TasteBuddyHomeQuestionsQA/SourcePackages/checkouts/supabase-swift/Sources/PostgREST/PostgrestBuilder.swift (in target 'PostgREST' from project 'Supabase')
    cd /Users/sinjunho/Desktop/Taste\ Buddy/ios/TasteBuddy.xcodeproj
    

SwiftCompile normal x86_64 Compiling\ Defaults.swift /tmp/TasteBuddyHomeQuestionsQA/SourcePackages/checkouts/supabase-swift/Sources/PostgREST/Defaults.swift (in target 'PostgREST' from project 'Supabase')

SwiftCompile normal x86_64 /tmp/TasteBuddyHomeQuestionsQA/SourcePackages/checkouts/supabase-swift/Sources/PostgREST/Defaults.swift (in target 'PostgREST' from project 'Supabase')
    cd /Users/sinjunho/Desktop/Taste\ Buddy/ios/TasteBuddy.xcodeproj
    

SwiftEmitModule normal x86_64 Emitting\ module\ for\ PostgREST (in target 'PostgREST' from project 'Supabase')

EmitSwiftModule normal x86_64 (in target 'PostgREST' from project 'Supabase')
    cd /Users/sinjunho/Desktop/Taste\ Buddy/ios/TasteBuddy.xcodeproj
    

SwiftCompile normal x86_64 Compiling\ PostgrestClient.swift /tmp/TasteBuddyHomeQuestionsQA/SourcePackages/checkouts/supabase-swift/Sources/PostgREST/PostgrestClient.swift (in target 'PostgREST' from project 'Supabase')
SwiftCompile normal x86_64 /tmp/TasteBuddyHomeQuestionsQA/SourcePackages/checkouts/supabase-swift/Sources/PostgREST/PostgrestClient.swift (in target 'PostgREST' from project 'Supabase')
    cd /Users/sinjunho/Desktop/Taste\ Buddy/ios/TasteBuddy.xcodeproj
    

SwiftExplicitDependencyGeneratePcm x86_64 /tmp/TasteBuddyHomeQuestionsQA/ModuleCache.noindex/LocalAuthentication-CEHVH7T9XWIUPQI8J6ZWZGR8E.pcm

SwiftDriverJobDiscovery normal x86_64 Compiling StickyBlurHeader.swift (in target 'ProgressiveBlurHeader' from project 'ProgressiveBlurHeader')

SwiftExplicitDependencyGeneratePcm x86_64 /tmp/TasteBuddyHomeQuestionsQA/ModuleCache.noindex/AuthenticationServices-5WWTJ2OJA6E15M13I8IUCM3H6.pcm

SwiftEmitModule normal x86_64 Emitting\ module\ for\ Realtime (in target 'Realtime' from project 'Supabase')
EmitSwiftModule normal x86_64 (in target 'Realtime' from project 'Supabase')
    cd /Users/sinjunho/Desktop/Taste\ Buddy/ios/TasteBuddy.xcodeproj
    

SwiftExplicitDependencyGeneratePcm x86_64 /tmp/TasteBuddyHomeQuestionsQA/ModuleCache.noindex/MobileCoreServices-1RK7X9XWZS94MPU8KRBH6O9LB.pcm

SwiftDriverJobDiscovery normal x86_64 Emitting module for Functions (in target 'Functions' from project 'Supabase')

SwiftDriver\ Compilation\ Requirements Functions normal x86_64 com.apple.xcode.tools.swift.compiler (in target 'Functions' from project 'Supabase')
    cd /Users/sinjunho/Desktop/Taste\ Buddy/ios/TasteBuddy.xcodeproj
    builtin-Swift-Compilation-Requirements -- /Applications/Xcode.app/Contents/Developer/Toolchains/XcodeDefault.xctoolchain/usr/bin/swiftc -module-name Functions -Onone @/tmp/TasteBuddyHomeQuestionsQA/Build/Intermediates.noindex/Supabase.build/Debug-iphonesimulator/Functions.build/Objects-normal/x86_64/Functions.SwiftFileList -DSWIFT_PACKAGE -DDEBUG -DSWIFT_MODULE_RESOURCE_BUNDLE_UNAVAILABLE -DXcode -enable-upcoming-feature ExistentialAny -enable-experimental-feature StrictConcurrency -plugin-path /Applications/Xcode.app/Contents/Developer/Toolchains/XcodeDefault.xctoolchain/usr/lib/swift/host/plugins/testing -enable-experimental-feature DebugDescriptionMacro -sdk /Applications/Xcode.app/Contents/Developer/Platforms/iPhoneSimulator.platform/Developer/SDKs/iPhoneSimulator26.5.sdk -target x86_64-apple-ios13.0-simulator -g -module-cache-path /tmp/TasteBuddyHomeQuestionsQA/ModuleCache.noindex -Xfrontend -serialize-debugging-options -enable-testing -suppress-warnings -index-store-path /tmp/TasteBuddyHomeQuestionsQA/Index.noindex/DataStore -Xcc -D_LIBCPP_HARDENING_MODE\=_LIBCPP_HARDENING_MODE_DEBUG -swift-version 5 -I /tmp/TasteBuddyHomeQuestionsQA/Build/Products/Debug-iphonesimulator -Isystem /Applications/Xcode.app/Contents/Developer/Platforms/iPhoneSimulator.platform/Developer/usr/lib -F /tmp/TasteBuddyHomeQuestionsQA/Build/Products/Debug-iphonesimulator/PackageFrameworks -F /tmp/TasteBuddyHomeQuestionsQA/Build/Products/Debug-iphonesimulator/PackageFrameworks -F /tmp/TasteBuddyHomeQuestionsQA/Build/Products/Debug-iphonesimulator/PackageFrameworks -F /tmp/TasteBuddyHomeQuestionsQA/Build/Products/Debug-iphonesimulator/PackageFrameworks -F /tmp/TasteBuddyHomeQuestionsQA/Build/Products/Debug-iphonesimulator/PackageFrameworks -F /tmp/TasteBuddyHomeQuestionsQA/Build/Products/Debug-iphonesimulator/PackageFrameworks -F /tmp/TasteBuddyHomeQuestionsQA/Build/Products/Debug-iphonesimulator/PackageFrameworks -F /tmp/TasteBuddyHomeQuestionsQA/Build/Products/Debug-iphonesimulator -F /Applications/Xcode.app/Contents/Developer/Platforms/iPhoneSimulator.platform/Developer/Library/Frameworks -F /Applications/Xcode.app/Contents/Developer/Platforms/iPhoneSimulator.platform/Developer/SDKs/iPhoneSimulator26.5.sdk/Developer/Library/Frameworks -c -j12 -enable-batch-mode -incremental -Xcc -ivfsstatcache -Xcc /tmp/TasteBuddyHomeQuestionsQA/SDKStatCaches.noindex/iphonesimulator26.5-23F81a-6cfe768891a92b912361537c460fe42b.sdkstatcache -output-file-map /tmp/TasteBuddyHomeQuestionsQA/Build/Intermediates.noindex/Supabase.build/Debug-iphonesimulator/Functions.build/Objects-normal/x86_64/Functions-OutputFileMap.json -use-frontend-parseable-output -save-temps -no-color-diagnostics -explicit-module-build -module-cache-path /tmp/TasteBuddyHomeQuestionsQA/Build/Intermediates.noindex/SwiftExplicitPrecompiledModules -clang-scanner-module-cache-path /tmp/TasteBuddyHomeQuestionsQA/ModuleCache.noindex -sdk-module-cache-path /tmp/TasteBuddyHomeQuestionsQA/ModuleCache.noindex -serialize-diagnostics -emit-dependencies -emit-module -emit-module-path /tmp/TasteBuddyHomeQuestionsQA/Build/Intermediates.noindex/Supabase.build/Debug-iphonesimulator/Functions.build/Objects-normal/x86_64/Functions.swiftmodule -validate-clang-modules-once -clang-build-session-file /tmp/TasteBuddyHomeQuestionsQA/ModuleCache.noindex/Session.modulevalidation -package-name supabase_swift -Xcc -I/tmp/TasteBuddyHomeQuestionsQA/Build/Intermediates.noindex/Supabase.build/Debug-iphonesimulator/Functions.build/swift-overrides.hmap -emit-const-values -Xfrontend -const-gather-protocols-file -Xfrontend /tmp/TasteBuddyHomeQuestionsQA/Build/Intermediates.noindex/Supabase.build/Debug-iphonesimulator/Functions.build/Objects-normal/x86_64/Functions_const_extract_protocols.json -Xcc -I/tmp/TasteBuddyHomeQuestionsQA/Build/Products/Debug-iphonesimulator/include -Xcc -I/tmp/TasteBuddyHomeQuestionsQA/Build/Intermediates.noindex/Supabase.build/Debug-iphonesimulator/Functions.build/DerivedSources-normal/x86_64 -Xcc -I/tmp/TasteBuddyHomeQuestionsQA/Build/Intermediates.noindex/Supabase.build/Debug-iphonesimulator/Functions.build/DerivedSources/x86_64 -Xcc -I/tmp/TasteBuddyHomeQuestionsQA/Build/Intermediates.noindex/Supabase.build/Debug-iphonesimulator/Functions.build/DerivedSources -Xcc -DSWIFT_PACKAGE -Xcc -DDEBUG\=1 -emit-objc-header -emit-objc-header-path /tmp/TasteBuddyHomeQuestionsQA/Build/Intermediates.noindex/Supabase.build/Debug-iphonesimulator/Functions.build/Objects-normal/x86_64/Functions-Swift.h -working-directory /Users/sinjunho/Desktop/Taste\ Buddy/ios/TasteBuddy.xcodeproj -experimental-emit-module-separately -disable-cmo

SwiftCompile normal x86_64 Compiling\ URLSessionWebSocket.swift,\ WebSocket.swift /tmp/TasteBuddyHomeQuestionsQA/SourcePackages/checkouts/supabase-swift/Sources/Realtime/WebSocket/URLSessionWebSocket.swift /tmp/TasteBuddyHomeQuestionsQA/SourcePackages/checkouts/supabase-swift/Sources/Realtime/WebSocket/WebSocket.swift (in target 'Realtime' from project 'Supabase')
SwiftCompile normal x86_64 /tmp/TasteBuddyHomeQuestionsQA/SourcePackages/checkouts/supabase-swift/Sources/Realtime/WebSocket/URLSessionWebSocket.swift (in target 'Realtime' from project 'Supabase')
    cd /Users/sinjunho/Desktop/Taste\ Buddy/ios/TasteBuddy.xcodeproj
    

SwiftCompile normal x86_64 /tmp/TasteBuddyHomeQuestionsQA/SourcePackages/checkouts/supabase-swift/Sources/Realtime/WebSocket/WebSocket.swift (in target 'Realtime' from project 'Supabase')
    cd /Users/sinjunho/Desktop/Taste\ Buddy/ios/TasteBuddy.xcodeproj
    

SwiftMergeGeneratedHeaders /tmp/TasteBuddyHomeQuestionsQA/Build/Intermediates.noindex/GeneratedModuleMaps-iphonesimulator/Functions-Swift.h /tmp/TasteBuddyHomeQuestionsQA/Build/Intermediates.noindex/Supabase.build/Debug-iphonesimulator/Functions.build/Objects-normal/x86_64/Functions-Swift.h (in target 'Functions' from project 'Supabase')
    cd /tmp/TasteBuddyHomeQuestionsQA/SourcePackages/checkouts/supabase-swift
    builtin-swiftHeaderTool -arch x86_64 /tmp/TasteBuddyHomeQuestionsQA/Build/Intermediates.noindex/Supabase.build/Debug-iphonesimulator/Functions.build/Objects-normal/x86_64/Functions-Swift.h -o /tmp/TasteBuddyHomeQuestionsQA/Build/Intermediates.noindex/GeneratedModuleMaps-iphonesimulator/Functions-Swift.h

SwiftDriverJobDiscovery normal x86_64 Compiling Exports.swift (in target 'PostgREST' from project 'Supabase')

Copy /tmp/TasteBuddyHomeQuestionsQA/Build/Products/Debug-iphonesimulator/Functions.swiftmodule/x86_64-apple-ios-simulator.swiftmodule /tmp/TasteBuddyHomeQuestionsQA/Build/Intermediates.noindex/Supabase.build/Debug-iphonesimulator/Functions.build/Objects-normal/x86_64/Functions.swiftmodule (in target 'Functions' from project 'Supabase')
    cd /tmp/TasteBuddyHomeQuestionsQA/SourcePackages/checkouts/supabase-swift
    builtin-copy -exclude .DS_Store -exclude CVS -exclude .svn -exclude .git -exclude .hg -resolve-src-symlinks -rename /tmp/TasteBuddyHomeQuestionsQA/Build/Intermediates.noindex/Supabase.build/Debug-iphonesimulator/Functions.build/Objects-normal/x86_64/Functions.swiftmodule /tmp/TasteBuddyHomeQuestionsQA/Build/Products/Debug-iphonesimulator/Functions.swiftmodule/x86_64-apple-ios-simulator.swiftmodule

Copy /tmp/TasteBuddyHomeQuestionsQA/Build/Products/Debug-iphonesimulator/Functions.swiftmodule/x86_64-apple-ios-simulator.swiftdoc /tmp/TasteBuddyHomeQuestionsQA/Build/Intermediates.noindex/Supabase.build/Debug-iphonesimulator/Functions.build/Objects-normal/x86_64/Functions.swiftdoc (in target 'Functions' from project 'Supabase')
    cd /tmp/TasteBuddyHomeQuestionsQA/SourcePackages/checkouts/supabase-swift
    builtin-copy -exclude .DS_Store -exclude CVS -exclude .svn -exclude .git -exclude .hg -resolve-src-symlinks -rename /tmp/TasteBuddyHomeQuestionsQA/Build/Intermediates.noindex/Supabase.build/Debug-iphonesimulator/Functions.build/Objects-normal/x86_64/Functions.swiftdoc /tmp/TasteBuddyHomeQuestionsQA/Build/Products/Debug-iphonesimulator/Functions.swiftmodule/x86_64-apple-ios-simulator.swiftdoc

Copy /tmp/TasteBuddyHomeQuestionsQA/Build/Products/Debug-iphonesimulator/Functions.swiftmodule/x86_64-apple-ios-simulator.abi.json /tmp/TasteBuddyHomeQuestionsQA/Build/Intermediates.noindex/Supabase.build/Debug-iphonesimulator/Functions.build/Objects-normal/x86_64/Functions.abi.json (in target 'Functions' from project 'Supabase')
    cd /tmp/TasteBuddyHomeQuestionsQA/SourcePackages/checkouts/supabase-swift
    builtin-copy -exclude .DS_Store -exclude CVS -exclude .svn -exclude .git -exclude .hg -resolve-src-symlinks -rename /tmp/TasteBuddyHomeQuestionsQA/Build/Intermediates.noindex/Supabase.build/Debug-iphonesimulator/Functions.build/Objects-normal/x86_64/Functions.abi.json /tmp/TasteBuddyHomeQuestionsQA/Build/Products/Debug-iphonesimulator/Functions.swiftmodule/x86_64-apple-ios-simulator.abi.json

Copy /tmp/TasteBuddyHomeQuestionsQA/Build/Products/Debug-iphonesimulator/Functions.swiftmodule/Project/x86_64-apple-ios-simulator.swiftsourceinfo /tmp/TasteBuddyHomeQuestionsQA/Build/Intermediates.noindex/Supabase.build/Debug-iphonesimulator/Functions.build/Objects-normal/x86_64/Functions.swiftsourceinfo (in target 'Functions' from project 'Supabase')
    cd /tmp/TasteBuddyHomeQuestionsQA/SourcePackages/checkouts/supabase-swift
    builtin-copy -exclude .DS_Store -exclude CVS -exclude .svn -exclude .git -exclude .hg -resolve-src-symlinks -rename /tmp/TasteBuddyHomeQuestionsQA/Build/Intermediates.noindex/Supabase.build/Debug-iphonesimulator/Functions.build/Objects-normal/x86_64/Functions.swiftsourceinfo /tmp/TasteBuddyHomeQuestionsQA/Build/Products/Debug-iphonesimulator/Functions.swiftmodule/Project/x86_64-apple-ios-simulator.swiftsourceinfo

SwiftCompile normal x86_64 Compiling\ RealtimeMessage.swift,\ TimeoutTimer.swift,\ Exports.swift /tmp/TasteBuddyHomeQuestionsQA/SourcePackages/checkouts/supabase-swift/Sources/Realtime/Deprecated/RealtimeMessage.swift /tmp/TasteBuddyHomeQuestionsQA/SourcePackages/checkouts/supabase-swift/Sources/Realtime/Deprecated/TimeoutTimer.swift /tmp/TasteBuddyHomeQuestionsQA/SourcePackages/checkouts/supabase-swift/Sources/Realtime/Exports.swift (in target 'Realtime' from project 'Supabase')

SwiftCompile normal x86_64 /tmp/TasteBuddyHomeQuestionsQA/SourcePackages/checkouts/supabase-swift/Sources/Realtime/Deprecated/RealtimeMessage.swift (in target 'Realtime' from project 'Supabase')
    cd /Users/sinjunho/Desktop/Taste\ Buddy/ios/TasteBuddy.xcodeproj
    

SwiftCompile normal x86_64 /tmp/TasteBuddyHomeQuestionsQA/SourcePackages/checkouts/supabase-swift/Sources/Realtime/Deprecated/TimeoutTimer.swift (in target 'Realtime' from project 'Supabase')
    cd /Users/sinjunho/Desktop/Taste\ Buddy/ios/TasteBuddy.xcodeproj
    

SwiftCompile normal x86_64 /tmp/TasteBuddyHomeQuestionsQA/SourcePackages/checkouts/supabase-swift/Sources/Realtime/Exports.swift (in target 'Realtime' from project 'Supabase')
    cd /Users/sinjunho/Desktop/Taste\ Buddy/ios/TasteBuddy.xcodeproj
    

SwiftCompile normal x86_64 Compiling\ PostgresAction.swift,\ PostgresActionData.swift,\ PresenceAction.swift /tmp/TasteBuddyHomeQuestionsQA/SourcePackages/checkouts/supabase-swift/Sources/Realtime/PostgresAction.swift /tmp/TasteBuddyHomeQuestionsQA/SourcePackages/checkouts/supabase-swift/Sources/Realtime/PostgresActionData.swift /tmp/TasteBuddyHomeQuestionsQA/SourcePackages/checkouts/supabase-swift/Sources/Realtime/PresenceAction.swift (in target 'Realtime' from project 'Supabase')

SwiftCompile normal x86_64 /tmp/TasteBuddyHomeQuestionsQA/SourcePackages/checkouts/supabase-swift/Sources/Realtime/PostgresAction.swift (in target 'Realtime' from project 'Supabase')
    cd /Users/sinjunho/Desktop/Taste\ Buddy/ios/TasteBuddy.xcodeproj
    

SwiftCompile normal x86_64 /tmp/TasteBuddyHomeQuestionsQA/SourcePackages/checkouts/supabase-swift/Sources/Realtime/PostgresActionData.swift (in target 'Realtime' from project 'Supabase')
    cd /Users/sinjunho/Desktop/Taste\ Buddy/ios/TasteBuddy.xcodeproj
    

SwiftCompile normal x86_64 /tmp/TasteBuddyHomeQuestionsQA/SourcePackages/checkouts/supabase-swift/Sources/Realtime/PresenceAction.swift (in target 'Realtime' from project 'Supabase')
    cd /Users/sinjunho/Desktop/Taste\ Buddy/ios/TasteBuddy.xcodeproj
    

SwiftEmitModule normal x86_64 Emitting\ module\ for\ Storage (in target 'Storage' from project 'Supabase')

EmitSwiftModule normal x86_64 (in target 'Storage' from project 'Supabase')
    cd /Users/sinjunho/Desktop/Taste\ Buddy/ios/TasteBuddy.xcodeproj
    

SwiftDriverJobDiscovery normal x86_64 Compiling Defaults.swift (in target 'PostgREST' from project 'Supabase')

SwiftCompile normal x86_64 Compiling\ Deprecated.swift,\ Exports.swift /tmp/TasteBuddyHomeQuestionsQA/SourcePackages/checkouts/supabase-swift/Sources/Storage/Deprecated.swift /tmp/TasteBuddyHomeQuestionsQA/SourcePackages/checkouts/supabase-swift/Sources/Storage/Exports.swift (in target 'Storage' from project 'Supabase')

SwiftCompile normal x86_64 /tmp/TasteBuddyHomeQuestionsQA/SourcePackages/checkouts/supabase-swift/Sources/Storage/Deprecated.swift (in target 'Storage' from project 'Supabase')
    cd /Users/sinjunho/Desktop/Taste\ Buddy/ios/TasteBuddy.xcodeproj
    

SwiftCompile normal x86_64 /tmp/TasteBuddyHomeQuestionsQA/SourcePackages/checkouts/supabase-swift/Sources/Storage/Exports.swift (in target 'Storage' from project 'Supabase')
    cd /Users/sinjunho/Desktop/Taste\ Buddy/ios/TasteBuddy.xcodeproj
    

SwiftDriverJobDiscovery normal x86_64 Compiling Types.swift (in target 'Functions' from project 'Supabase')

SwiftCompile normal x86_64 Compiling\ SupabaseStorage.swift /tmp/TasteBuddyHomeQuestionsQA/SourcePackages/checkouts/supabase-swift/Sources/Storage/SupabaseStorage.swift (in target 'Storage' from project 'Supabase')

SwiftCompile normal x86_64 /tmp/TasteBuddyHomeQuestionsQA/SourcePackages/checkouts/supabase-swift/Sources/Storage/SupabaseStorage.swift (in target 'Storage' from project 'Supabase')
    cd /Users/sinjunho/Desktop/Taste\ Buddy/ios/TasteBuddy.xcodeproj
    

SwiftEmitModule normal x86_64 Emitting\ module\ for\ Auth (in target 'Auth' from project 'Supabase')
EmitSwiftModule normal x86_64 (in target 'Auth' from project 'Supabase')
    cd /Users/sinjunho/Desktop/Taste\ Buddy/ios/TasteBuddy.xcodeproj
    

SwiftDriverJobDiscovery normal x86_64 Compiling Deprecated.swift (in target 'PostgREST' from project 'Supabase')

SwiftCompile normal x86_64 Compiling\ BucketOptions.swift,\ Codable.swift /tmp/TasteBuddyHomeQuestionsQA/SourcePackages/checkouts/supabase-swift/Sources/Storage/BucketOptions.swift /tmp/TasteBuddyHomeQuestionsQA/SourcePackages/checkouts/supabase-swift/Sources/Storage/Codable.swift (in target 'Storage' from project 'Supabase')

SwiftCompile normal x86_64 /tmp/TasteBuddyHomeQuestionsQA/SourcePackages/checkouts/supabase-swift/Sources/Storage/BucketOptions.swift (in target 'Storage' from project 'Supabase')
    cd /Users/sinjunho/Desktop/Taste\ Buddy/ios/TasteBuddy.xcodeproj
    

SwiftCompile normal x86_64 /tmp/TasteBuddyHomeQuestionsQA/SourcePackages/checkouts/supabase-swift/Sources/Storage/Codable.swift (in target 'Storage' from project 'Supabase')
    cd /Users/sinjunho/Desktop/Taste\ Buddy/ios/TasteBuddy.xcodeproj
    

SwiftDriverJobDiscovery normal x86_64 Emitting module for PostgREST (in target 'PostgREST' from project 'Supabase')

SwiftDriver\ Compilation\ Requirements PostgREST normal x86_64 com.apple.xcode.tools.swift.compiler (in target 'PostgREST' from project 'Supabase')
    cd /Users/sinjunho/Desktop/Taste\ Buddy/ios/TasteBuddy.xcodeproj
    builtin-Swift-Compilation-Requirements -- /Applications/Xcode.app/Contents/Developer/Toolchains/XcodeDefault.xctoolchain/usr/bin/swiftc -module-name PostgREST -Onone @/tmp/TasteBuddyHomeQuestionsQA/Build/Intermediates.noindex/Supabase.build/Debug-iphonesimulator/PostgREST.build/Objects-normal/x86_64/PostgREST.SwiftFileList -DSWIFT_PACKAGE -DDEBUG -DSWIFT_MODULE_RESOURCE_BUNDLE_UNAVAILABLE -DXcode -enable-upcoming-feature ExistentialAny -enable-experimental-feature StrictConcurrency -plugin-path /Applications/Xcode.app/Contents/Developer/Toolchains/XcodeDefault.xctoolchain/usr/lib/swift/host/plugins/testing -enable-experimental-feature DebugDescriptionMacro -sdk /Applications/Xcode.app/Contents/Developer/Platforms/iPhoneSimulator.platform/Developer/SDKs/iPhoneSimulator26.5.sdk -target x86_64-apple-ios13.0-simulator -g -module-cache-path /tmp/TasteBuddyHomeQuestionsQA/ModuleCache.noindex -Xfrontend -serialize-debugging-options -enable-testing -suppress-warnings -index-store-path /tmp/TasteBuddyHomeQuestionsQA/Index.noindex/DataStore -Xcc -D_LIBCPP_HARDENING_MODE\=_LIBCPP_HARDENING_MODE_DEBUG -swift-version 5 -I /tmp/TasteBuddyHomeQuestionsQA/Build/Products/Debug-iphonesimulator -Isystem /Applications/Xcode.app/Contents/Developer/Platforms/iPhoneSimulator.platform/Developer/usr/lib -F /tmp/TasteBuddyHomeQuestionsQA/Build/Products/Debug-iphonesimulator/PackageFrameworks -F /tmp/TasteBuddyHomeQuestionsQA/Build/Products/Debug-iphonesimulator/PackageFrameworks -F /tmp/TasteBuddyHomeQuestionsQA/Build/Products/Debug-iphonesimulator/PackageFrameworks -F /tmp/TasteBuddyHomeQuestionsQA/Build/Products/Debug-iphonesimulator/PackageFrameworks -F /tmp/TasteBuddyHomeQuestionsQA/Build/Products/Debug-iphonesimulator/PackageFrameworks -F /tmp/TasteBuddyHomeQuestionsQA/Build/Products/Debug-iphonesimulator/PackageFrameworks -F /tmp/TasteBuddyHomeQuestionsQA/Build/Products/Debug-iphonesimulator/PackageFrameworks -F /tmp/TasteBuddyHomeQuestionsQA/Build/Products/Debug-iphonesimulator -F /Applications/Xcode.app/Contents/Developer/Platforms/iPhoneSimulator.platform/Developer/Library/Frameworks -F /Applications/Xcode.app/Contents/Developer/Platforms/iPhoneSimulator.platform/Developer/SDKs/iPhoneSimulator26.5.sdk/Developer/Library/Frameworks -c -j12 -enable-batch-mode -incremental -Xcc -ivfsstatcache -Xcc /tmp/TasteBuddyHomeQuestionsQA/SDKStatCaches.noindex/iphonesimulator26.5-23F81a-6cfe768891a92b912361537c460fe42b.sdkstatcache -output-file-map /tmp/TasteBuddyHomeQuestionsQA/Build/Intermediates.noindex/Supabase.build/Debug-iphonesimulator/PostgREST.build/Objects-normal/x86_64/PostgREST-OutputFileMap.json -use-frontend-parseable-output -save-temps -no-color-diagnostics -explicit-module-build -module-cache-path /tmp/TasteBuddyHomeQuestionsQA/Build/Intermediates.noindex/SwiftExplicitPrecompiledModules -clang-scanner-module-cache-path /tmp/TasteBuddyHomeQuestionsQA/ModuleCache.noindex -sdk-module-cache-path /tmp/TasteBuddyHomeQuestionsQA/ModuleCache.noindex -serialize-diagnostics -emit-dependencies -emit-module -emit-module-path /tmp/TasteBuddyHomeQuestionsQA/Build/Intermediates.noindex/Supabase.build/Debug-iphonesimulator/PostgREST.build/Objects-normal/x86_64/PostgREST.swiftmodule -validate-clang-modules-once -clang-build-session-file /tmp/TasteBuddyHomeQuestionsQA/ModuleCache.noindex/Session.modulevalidation -package-name supabase_swift -Xcc -I/tmp/TasteBuddyHomeQuestionsQA/Build/Intermediates.noindex/Supabase.build/Debug-iphonesimulator/PostgREST.build/swift-overrides.hmap -emit-const-values -Xfrontend -const-gather-protocols-file -Xfrontend /tmp/TasteBuddyHomeQuestionsQA/Build/Intermediates.noindex/Supabase.build/Debug-iphonesimulator/PostgREST.build/Objects-normal/x86_64/PostgREST_const_extract_protocols.json -Xcc -I/tmp/TasteBuddyHomeQuestionsQA/Build/Products/Debug-iphonesimulator/include -Xcc -I/tmp/TasteBuddyHomeQuestionsQA/Build/Intermediates.noindex/Supabase.build/Debug-iphonesimulator/PostgREST.build/DerivedSources-normal/x86_64 -Xcc -I/tmp/TasteBuddyHomeQuestionsQA/Build/Intermediates.noindex/Supabase.build/Debug-iphonesimulator/PostgREST.build/DerivedSources/x86_64 -Xcc -I/tmp/TasteBuddyHomeQuestionsQA/Build/Intermediates.noindex/Supabase.build/Debug-iphonesimulator/PostgREST.build/DerivedSources -Xcc -DSWIFT_PACKAGE -Xcc -DDEBUG\=1 -emit-objc-header -emit-objc-header-path /tmp/TasteBuddyHomeQuestionsQA/Build/Intermediates.noindex/Supabase.build/Debug-iphonesimulator/PostgREST.build/Objects-normal/x86_64/PostgREST-Swift.h -working-directory /Users/sinjunho/Desktop/Taste\ Buddy/ios/TasteBuddy.xcodeproj -experimental-emit-module-separately -disable-cmo

SwiftDriverJobDiscovery normal x86_64 Compiling FunctionsClient.swift (in target 'Functions' from project 'Supabase')

SwiftCompile normal x86_64 Compiling\ StorageError.swift /tmp/TasteBuddyHomeQuestionsQA/SourcePackages/checkouts/supabase-swift/Sources/Storage/StorageError.swift (in target 'Storage' from project 'Supabase')

SwiftCompile normal x86_64 /tmp/TasteBuddyHomeQuestionsQA/SourcePackages/checkouts/supabase-swift/Sources/Storage/StorageError.swift (in target 'Storage' from project 'Supabase')
    cd /Users/sinjunho/Desktop/Taste\ Buddy/ios/TasteBuddy.xcodeproj
    

SwiftMergeGeneratedHeaders /tmp/TasteBuddyHomeQuestionsQA/Build/Intermediates.noindex/GeneratedModuleMaps-iphonesimulator/PostgREST-Swift.h /tmp/TasteBuddyHomeQuestionsQA/Build/Intermediates.noindex/Supabase.build/Debug-iphonesimulator/PostgREST.build/Objects-normal/x86_64/PostgREST-Swift.h (in target 'PostgREST' from project 'Supabase')
    cd /tmp/TasteBuddyHomeQuestionsQA/SourcePackages/checkouts/supabase-swift
    builtin-swiftHeaderTool -arch x86_64 /tmp/TasteBuddyHomeQuestionsQA/Build/Intermediates.noindex/Supabase.build/Debug-iphonesimulator/PostgREST.build/Objects-normal/x86_64/PostgREST-Swift.h -o /tmp/TasteBuddyHomeQuestionsQA/Build/Intermediates.noindex/GeneratedModuleMaps-iphonesimulator/PostgREST-Swift.h

SwiftDriverJobDiscovery normal x86_64 Compiling SupabaseStorage.swift (in target 'Storage' from project 'Supabase')

Copy /tmp/TasteBuddyHomeQuestionsQA/Build/Products/Debug-iphonesimulator/PostgREST.swiftmodule/x86_64-apple-ios-simulator.swiftmodule /tmp/TasteBuddyHomeQuestionsQA/Build/Intermediates.noindex/Supabase.build/Debug-iphonesimulator/PostgREST.build/Objects-normal/x86_64/PostgREST.swiftmodule (in target 'PostgREST' from project 'Supabase')
    cd /tmp/TasteBuddyHomeQuestionsQA/SourcePackages/checkouts/supabase-swift
    builtin-copy -exclude .DS_Store -exclude CVS -exclude .svn -exclude .git -exclude .hg -resolve-src-symlinks -rename /tmp/TasteBuddyHomeQuestionsQA/Build/Intermediates.noindex/Supabase.build/Debug-iphonesimulator/PostgREST.build/Objects-normal/x86_64/PostgREST.swiftmodule /tmp/TasteBuddyHomeQuestionsQA/Build/Products/Debug-iphonesimulator/PostgREST.swiftmodule/x86_64-apple-ios-simulator.swiftmodule

Copy /tmp/TasteBuddyHomeQuestionsQA/Build/Products/Debug-iphonesimulator/PostgREST.swiftmodule/x86_64-apple-ios-simulator.swiftdoc /tmp/TasteBuddyHomeQuestionsQA/Build/Intermediates.noindex/Supabase.build/Debug-iphonesimulator/PostgREST.build/Objects-normal/x86_64/PostgREST.swiftdoc (in target 'PostgREST' from project 'Supabase')
    cd /tmp/TasteBuddyHomeQuestionsQA/SourcePackages/checkouts/supabase-swift
    builtin-copy -exclude .DS_Store -exclude CVS -exclude .svn -exclude .git -exclude .hg -resolve-src-symlinks -rename /tmp/TasteBuddyHomeQuestionsQA/Build/Intermediates.noindex/Supabase.build/Debug-iphonesimulator/PostgREST.build/Objects-normal/x86_64/PostgREST.swiftdoc /tmp/TasteBuddyHomeQuestionsQA/Build/Products/Debug-iphonesimulator/PostgREST.swiftmodule/x86_64-apple-ios-simulator.swiftdoc

Copy /tmp/TasteBuddyHomeQuestionsQA/Build/Products/Debug-iphonesimulator/PostgREST.swiftmodule/x86_64-apple-ios-simulator.abi.json /tmp/TasteBuddyHomeQuestionsQA/Build/Intermediates.noindex/Supabase.build/Debug-iphonesimulator/PostgREST.build/Objects-normal/x86_64/PostgREST.abi.json (in target 'PostgREST' from project 'Supabase')
    cd /tmp/TasteBuddyHomeQuestionsQA/SourcePackages/checkouts/supabase-swift
    builtin-copy -exclude .DS_Store -exclude CVS -exclude .svn -exclude .git -exclude .hg -resolve-src-symlinks -rename /tmp/TasteBuddyHomeQuestionsQA/Build/Intermediates.noindex/Supabase.build/Debug-iphonesimulator/PostgREST.build/Objects-normal/x86_64/PostgREST.abi.json /tmp/TasteBuddyHomeQuestionsQA/Build/Products/Debug-iphonesimulator/PostgREST.swiftmodule/x86_64-apple-ios-simulator.abi.json

Copy /tmp/TasteBuddyHomeQuestionsQA/Build/Products/Debug-iphonesimulator/PostgREST.swiftmodule/Project/x86_64-apple-ios-simulator.swiftsourceinfo /tmp/TasteBuddyHomeQuestionsQA/Build/Intermediates.noindex/Supabase.build/Debug-iphonesimulator/PostgREST.build/Objects-normal/x86_64/PostgREST.swiftsourceinfo (in target 'PostgREST' from project 'Supabase')
    cd /tmp/TasteBuddyHomeQuestionsQA/SourcePackages/checkouts/supabase-swift
    builtin-copy -exclude .DS_Store -exclude CVS -exclude .svn -exclude .git -exclude .hg -resolve-src-symlinks -rename /tmp/TasteBuddyHomeQuestionsQA/Build/Intermediates.noindex/Supabase.build/Debug-iphonesimulator/PostgREST.build/Objects-normal/x86_64/PostgREST.swiftsourceinfo /tmp/TasteBuddyHomeQuestionsQA/Build/Products/Debug-iphonesimulator/PostgREST.swiftmodule/Project/x86_64-apple-ios-simulator.swiftsourceinfo

SwiftCompile normal x86_64 Compiling\ StorageHTTPClient.swift /tmp/TasteBuddyHomeQuestionsQA/SourcePackages/checkouts/supabase-swift/Sources/Storage/StorageHTTPClient.swift (in target 'Storage' from project 'Supabase')

SwiftCompile normal x86_64 /tmp/TasteBuddyHomeQuestionsQA/SourcePackages/checkouts/supabase-swift/Sources/Storage/StorageHTTPClient.swift (in target 'Storage' from project 'Supabase')
    cd /Users/sinjunho/Desktop/Taste\ Buddy/ios/TasteBuddy.xcodeproj
    

SwiftCompile normal x86_64 Compiling\ Helpers.swift /tmp/TasteBuddyHomeQuestionsQA/SourcePackages/checkouts/supabase-swift/Sources/Storage/Helpers.swift (in target 'Storage' from project 'Supabase')

SwiftCompile normal x86_64 /tmp/TasteBuddyHomeQuestionsQA/SourcePackages/checkouts/supabase-swift/Sources/Storage/Helpers.swift (in target 'Storage' from project 'Supabase')
    cd /Users/sinjunho/Desktop/Taste\ Buddy/ios/TasteBuddy.xcodeproj
    

SwiftDriverJobDiscovery normal x86_64 Compiling RealtimeMessage.swift, TimeoutTimer.swift, Exports.swift (in target 'Realtime' from project 'Supabase')

SwiftCompile normal x86_64 Compiling\ TransformOptions.swift /tmp/TasteBuddyHomeQuestionsQA/SourcePackages/checkouts/supabase-swift/Sources/Storage/TransformOptions.swift (in target 'Storage' from project 'Supabase')

SwiftCompile normal x86_64 /tmp/TasteBuddyHomeQuestionsQA/SourcePackages/checkouts/supabase-swift/Sources/Storage/TransformOptions.swift (in target 'Storage' from project 'Supabase')
    cd /Users/sinjunho/Desktop/Taste\ Buddy/ios/TasteBuddy.xcodeproj
    

SwiftDriverJobDiscovery normal x86_64 Compiling PostgrestBuilder.swift (in target 'PostgREST' from project 'Supabase')

SwiftCompile normal x86_64 Compiling\ StorageApi.swift /tmp/TasteBuddyHomeQuestionsQA/SourcePackages/checkouts/supabase-swift/Sources/Storage/StorageApi.swift (in target 'Storage' from project 'Supabase')

SwiftCompile normal x86_64 /tmp/TasteBuddyHomeQuestionsQA/SourcePackages/checkouts/supabase-swift/Sources/Storage/StorageApi.swift (in target 'Storage' from project 'Supabase')
    cd /Users/sinjunho/Desktop/Taste\ Buddy/ios/TasteBuddy.xcodeproj
    

SwiftDriverJobDiscovery normal x86_64 Compiling PostgrestClient.swift (in target 'PostgREST' from project 'Supabase')

SwiftCompile normal x86_64 Compiling\ Types.swift /tmp/TasteBuddyHomeQuestionsQA/SourcePackages/checkouts/supabase-swift/Sources/Storage/Types.swift (in target 'Storage' from project 'Supabase')
SwiftCompile normal x86_64 /tmp/TasteBuddyHomeQuestionsQA/SourcePackages/checkouts/supabase-swift/Sources/Storage/Types.swift (in target 'Storage' from project 'Supabase')
    cd /Users/sinjunho/Desktop/Taste\ Buddy/ios/TasteBuddy.xcodeproj
    

SwiftDriverJobDiscovery normal x86_64 Compiling BucketOptions.swift, Codable.swift (in target 'Storage' from project 'Supabase')

SwiftCompile normal x86_64 Compiling\ StorageBucketApi.swift /tmp/TasteBuddyHomeQuestionsQA/SourcePackages/checkouts/supabase-swift/Sources/Storage/StorageBucketApi.swift (in target 'Storage' from project 'Supabase')

SwiftCompile normal x86_64 /tmp/TasteBuddyHomeQuestionsQA/SourcePackages/checkouts/supabase-swift/Sources/Storage/StorageBucketApi.swift (in target 'Storage' from project 'Supabase')
    cd /Users/sinjunho/Desktop/Taste\ Buddy/ios/TasteBuddy.xcodeproj
    

SwiftDriverJobDiscovery normal x86_64 Compiling Deprecated.swift, Exports.swift (in target 'Storage' from project 'Supabase')

SwiftCompile normal x86_64 Compiling\ StorageFileApi.swift /tmp/TasteBuddyHomeQuestionsQA/SourcePackages/checkouts/supabase-swift/Sources/Storage/StorageFileApi.swift (in target 'Storage' from project 'Supabase')
SwiftCompile normal x86_64 /tmp/TasteBuddyHomeQuestionsQA/SourcePackages/checkouts/supabase-swift/Sources/Storage/StorageFileApi.swift (in target 'Storage' from project 'Supabase')
    cd /Users/sinjunho/Desktop/Taste\ Buddy/ios/TasteBuddy.xcodeproj
    

SwiftDriverJobDiscovery normal x86_64 Compiling StorageError.swift (in target 'Storage' from project 'Supabase')

SwiftCompile normal x86_64 Compiling\ MultipartFormData.swift /tmp/TasteBuddyHomeQuestionsQA/SourcePackages/checkouts/supabase-swift/Sources/Storage/MultipartFormData.swift (in target 'Storage' from project 'Supabase')

SwiftCompile normal x86_64 /tmp/TasteBuddyHomeQuestionsQA/SourcePackages/checkouts/supabase-swift/Sources/Storage/MultipartFormData.swift (in target 'Storage' from project 'Supabase')
    cd /Users/sinjunho/Desktop/Taste\ Buddy/ios/TasteBuddy.xcodeproj
    

SwiftDriverJobDiscovery normal x86_64 Emitting module for Storage (in target 'Storage' from project 'Supabase')

SwiftDriver\ Compilation\ Requirements Storage normal x86_64 com.apple.xcode.tools.swift.compiler (in target 'Storage' from project 'Supabase')
    cd /Users/sinjunho/Desktop/Taste\ Buddy/ios/TasteBuddy.xcodeproj
    builtin-Swift-Compilation-Requirements -- /Applications/Xcode.app/Contents/Developer/Toolchains/XcodeDefault.xctoolchain/usr/bin/swiftc -module-name Storage -Onone @/tmp/TasteBuddyHomeQuestionsQA/Build/Intermediates.noindex/Supabase.build/Debug-iphonesimulator/Storage.build/Objects-normal/x86_64/Storage.SwiftFileList -DSWIFT_PACKAGE -DDEBUG -DSWIFT_MODULE_RESOURCE_BUNDLE_UNAVAILABLE -DXcode -enable-upcoming-feature ExistentialAny -enable-experimental-feature StrictConcurrency -plugin-path /Applications/Xcode.app/Contents/Developer/Toolchains/XcodeDefault.xctoolchain/usr/lib/swift/host/plugins/testing -enable-experimental-feature DebugDescriptionMacro -sdk /Applications/Xcode.app/Contents/Developer/Platforms/iPhoneSimulator.platform/Developer/SDKs/iPhoneSimulator26.5.sdk -target x86_64-apple-ios13.0-simulator -g -module-cache-path /tmp/TasteBuddyHomeQuestionsQA/ModuleCache.noindex -Xfrontend -serialize-debugging-options -enable-testing -suppress-warnings -index-store-path /tmp/TasteBuddyHomeQuestionsQA/Index.noindex/DataStore -Xcc -D_LIBCPP_HARDENING_MODE\=_LIBCPP_HARDENING_MODE_DEBUG -swift-version 5 -I /tmp/TasteBuddyHomeQuestionsQA/Build/Products/Debug-iphonesimulator -Isystem /Applications/Xcode.app/Contents/Developer/Platforms/iPhoneSimulator.platform/Developer/usr/lib -F /tmp/TasteBuddyHomeQuestionsQA/Build/Products/Debug-iphonesimulator/PackageFrameworks -F /tmp/TasteBuddyHomeQuestionsQA/Build/Products/Debug-iphonesimulator/PackageFrameworks -F /tmp/TasteBuddyHomeQuestionsQA/Build/Products/Debug-iphonesimulator/PackageFrameworks -F /tmp/TasteBuddyHomeQuestionsQA/Build/Products/Debug-iphonesimulator/PackageFrameworks -F /tmp/TasteBuddyHomeQuestionsQA/Build/Products/Debug-iphonesimulator/PackageFrameworks -F /tmp/TasteBuddyHomeQuestionsQA/Build/Products/Debug-iphonesimulator/PackageFrameworks -F /tmp/TasteBuddyHomeQuestionsQA/Build/Products/Debug-iphonesimulator/PackageFrameworks -F /tmp/TasteBuddyHomeQuestionsQA/Build/Products/Debug-iphonesimulator -F /Applications/Xcode.app/Contents/Developer/Platforms/iPhoneSimulator.platform/Developer/Library/Frameworks -F /Applications/Xcode.app/Contents/Developer/Platforms/iPhoneSimulator.platform/Developer/SDKs/iPhoneSimulator26.5.sdk/Developer/Library/Frameworks -c -j12 -enable-batch-mode -incremental -Xcc -ivfsstatcache -Xcc /tmp/TasteBuddyHomeQuestionsQA/SDKStatCaches.noindex/iphonesimulator26.5-23F81a-6cfe768891a92b912361537c460fe42b.sdkstatcache -output-file-map /tmp/TasteBuddyHomeQuestionsQA/Build/Intermediates.noindex/Supabase.build/Debug-iphonesimulator/Storage.build/Objects-normal/x86_64/Storage-OutputFileMap.json -use-frontend-parseable-output -save-temps -no-color-diagnostics -explicit-module-build -module-cache-path /tmp/TasteBuddyHomeQuestionsQA/Build/Intermediates.noindex/SwiftExplicitPrecompiledModules -clang-scanner-module-cache-path /tmp/TasteBuddyHomeQuestionsQA/ModuleCache.noindex -sdk-module-cache-path /tmp/TasteBuddyHomeQuestionsQA/ModuleCache.noindex -serialize-diagnostics -emit-dependencies -emit-module -emit-module-path /tmp/TasteBuddyHomeQuestionsQA/Build/Intermediates.noindex/Supabase.build/Debug-iphonesimulator/Storage.build/Objects-normal/x86_64/Storage.swiftmodule -validate-clang-modules-once -clang-build-session-file /tmp/TasteBuddyHomeQuestionsQA/ModuleCache.noindex/Session.modulevalidation -package-name supabase_swift -Xcc -I/tmp/TasteBuddyHomeQuestionsQA/Build/Intermediates.noindex/Supabase.build/Debug-iphonesimulator/Storage.build/swift-overrides.hmap -emit-const-values -Xfrontend -const-gather-protocols-file -Xfrontend /tmp/TasteBuddyHomeQuestionsQA/Build/Intermediates.noindex/Supabase.build/Debug-iphonesimulator/Storage.build/Objects-normal/x86_64/Storage_const_extract_protocols.json -Xcc -I/tmp/TasteBuddyHomeQuestionsQA/Build/Products/Debug-iphonesimulator/include -Xcc -I/tmp/TasteBuddyHomeQuestionsQA/Build/Intermediates.noindex/Supabase.build/Debug-iphonesimulator/Storage.build/DerivedSources-normal/x86_64 -Xcc -I/tmp/TasteBuddyHomeQuestionsQA/Build/Intermediates.noindex/Supabase.build/Debug-iphonesimulator/Storage.build/DerivedSources/x86_64 -Xcc -I/tmp/TasteBuddyHomeQuestionsQA/Build/Intermediates.noindex/Supabase.build/Debug-iphonesimulator/Storage.build/DerivedSources -Xcc -DSWIFT_PACKAGE -Xcc -DDEBUG\=1 -emit-objc-header -emit-objc-header-path /tmp/TasteBuddyHomeQuestionsQA/Build/Intermediates.noindex/Supabase.build/Debug-iphonesimulator/Storage.build/Objects-normal/x86_64/Storage-Swift.h -working-directory /Users/sinjunho/Desktop/Taste\ Buddy/ios/TasteBuddy.xcodeproj -experimental-emit-module-separately -disable-cmo

SwiftDriverJobDiscovery normal x86_64 Compiling StorageHTTPClient.swift (in target 'Storage' from project 'Supabase')

SwiftCompile normal x86_64 Compiling\ CallbackManager.swift,\ ChannelStateManager.swift,\ ConnectionManager.swift /tmp/TasteBuddyHomeQuestionsQA/SourcePackages/checkouts/supabase-swift/Sources/Realtime/CallbackManager.swift /tmp/TasteBuddyHomeQuestionsQA/SourcePackages/checkouts/supabase-swift/Sources/Realtime/ChannelStateManager.swift /tmp/TasteBuddyHomeQuestionsQA/SourcePackages/checkouts/supabase-swift/Sources/Realtime/ConnectionManager.swift (in target 'Realtime' from project 'Supabase')

SwiftCompile normal x86_64 /tmp/TasteBuddyHomeQuestionsQA/SourcePackages/checkouts/supabase-swift/Sources/Realtime/CallbackManager.swift (in target 'Realtime' from project 'Supabase')
    cd /Users/sinjunho/Desktop/Taste\ Buddy/ios/TasteBuddy.xcodeproj
    

SwiftCompile normal x86_64 /tmp/TasteBuddyHomeQuestionsQA/SourcePackages/checkouts/supabase-swift/Sources/Realtime/ChannelStateManager.swift (in target 'Realtime' from project 'Supabase')
    cd /Users/sinjunho/Desktop/Taste\ Buddy/ios/TasteBuddy.xcodeproj
    

SwiftCompile normal x86_64 /tmp/TasteBuddyHomeQuestionsQA/SourcePackages/checkouts/supabase-swift/Sources/Realtime/ConnectionManager.swift (in target 'Realtime' from project 'Supabase')
    cd /Users/sinjunho/Desktop/Taste\ Buddy/ios/TasteBuddy.xcodeproj
    

SwiftMergeGeneratedHeaders /tmp/TasteBuddyHomeQuestionsQA/Build/Intermediates.noindex/GeneratedModuleMaps-iphonesimulator/Storage-Swift.h /tmp/TasteBuddyHomeQuestionsQA/Build/Intermediates.noindex/Supabase.build/Debug-iphonesimulator/Storage.build/Objects-normal/x86_64/Storage-Swift.h (in target 'Storage' from project 'Supabase')
    cd /tmp/TasteBuddyHomeQuestionsQA/SourcePackages/checkouts/supabase-swift
    builtin-swiftHeaderTool -arch x86_64 /tmp/TasteBuddyHomeQuestionsQA/Build/Intermediates.noindex/Supabase.build/Debug-iphonesimulator/Storage.build/Objects-normal/x86_64/Storage-Swift.h -o /tmp/TasteBuddyHomeQuestionsQA/Build/Intermediates.noindex/GeneratedModuleMaps-iphonesimulator/Storage-Swift.h

SwiftDriverJobDiscovery normal x86_64 Compiling TransformOptions.swift (in target 'Storage' from project 'Supabase')

Copy /tmp/TasteBuddyHomeQuestionsQA/Build/Products/Debug-iphonesimulator/Storage.swiftmodule/x86_64-apple-ios-simulator.swiftmodule /tmp/TasteBuddyHomeQuestionsQA/Build/Intermediates.noindex/Supabase.build/Debug-iphonesimulator/Storage.build/Objects-normal/x86_64/Storage.swiftmodule (in target 'Storage' from project 'Supabase')
    cd /tmp/TasteBuddyHomeQuestionsQA/SourcePackages/checkouts/supabase-swift
    builtin-copy -exclude .DS_Store -exclude CVS -exclude .svn -exclude .git -exclude .hg -resolve-src-symlinks -rename /tmp/TasteBuddyHomeQuestionsQA/Build/Intermediates.noindex/Supabase.build/Debug-iphonesimulator/Storage.build/Objects-normal/x86_64/Storage.swiftmodule /tmp/TasteBuddyHomeQuestionsQA/Build/Products/Debug-iphonesimulator/Storage.swiftmodule/x86_64-apple-ios-simulator.swiftmodule

Copy /tmp/TasteBuddyHomeQuestionsQA/Build/Products/Debug-iphonesimulator/Storage.swiftmodule/x86_64-apple-ios-simulator.swiftdoc /tmp/TasteBuddyHomeQuestionsQA/Build/Intermediates.noindex/Supabase.build/Debug-iphonesimulator/Storage.build/Objects-normal/x86_64/Storage.swiftdoc (in target 'Storage' from project 'Supabase')
    cd /tmp/TasteBuddyHomeQuestionsQA/SourcePackages/checkouts/supabase-swift
    builtin-copy -exclude .DS_Store -exclude CVS -exclude .svn -exclude .git -exclude .hg -resolve-src-symlinks -rename /tmp/TasteBuddyHomeQuestionsQA/Build/Intermediates.noindex/Supabase.build/Debug-iphonesimulator/Storage.build/Objects-normal/x86_64/Storage.swiftdoc /tmp/TasteBuddyHomeQuestionsQA/Build/Products/Debug-iphonesimulator/Storage.swiftmodule/x86_64-apple-ios-simulator.swiftdoc

Copy /tmp/TasteBuddyHomeQuestionsQA/Build/Products/Debug-iphonesimulator/Storage.swiftmodule/x86_64-apple-ios-simulator.abi.json /tmp/TasteBuddyHomeQuestionsQA/Build/Intermediates.noindex/Supabase.build/Debug-iphonesimulator/Storage.build/Objects-normal/x86_64/Storage.abi.json (in target 'Storage' from project 'Supabase')
    cd /tmp/TasteBuddyHomeQuestionsQA/SourcePackages/checkouts/supabase-swift
    builtin-copy -exclude .DS_Store -exclude CVS -exclude .svn -exclude .git -exclude .hg -resolve-src-symlinks -rename /tmp/TasteBuddyHomeQuestionsQA/Build/Intermediates.noindex/Supabase.build/Debug-iphonesimulator/Storage.build/Objects-normal/x86_64/Storage.abi.json /tmp/TasteBuddyHomeQuestionsQA/Build/Products/Debug-iphonesimulator/Storage.swiftmodule/x86_64-apple-ios-simulator.abi.json

Copy /tmp/TasteBuddyHomeQuestionsQA/Build/Products/Debug-iphonesimulator/Storage.swiftmodule/Project/x86_64-apple-ios-simulator.swiftsourceinfo /tmp/TasteBuddyHomeQuestionsQA/Build/Intermediates.noindex/Supabase.build/Debug-iphonesimulator/Storage.build/Objects-normal/x86_64/Storage.swiftsourceinfo (in target 'Storage' from project 'Supabase')
    cd /tmp/TasteBuddyHomeQuestionsQA/SourcePackages/checkouts/supabase-swift
    builtin-copy -exclude .DS_Store -exclude CVS -exclude .svn -exclude .git -exclude .hg -resolve-src-symlinks -rename /tmp/TasteBuddyHomeQuestionsQA/Build/Intermediates.noindex/Supabase.build/Debug-iphonesimulator/Storage.build/Objects-normal/x86_64/Storage.swiftsourceinfo /tmp/TasteBuddyHomeQuestionsQA/Build/Products/Debug-iphonesimulator/Storage.swiftmodule/Project/x86_64-apple-ios-simulator.swiftsourceinfo

SwiftCompile normal x86_64 Compiling\ RealtimePostgresFilter.swift,\ RealtimePostgresFilterValue.swift /tmp/TasteBuddyHomeQuestionsQA/SourcePackages/checkouts/supabase-swift/Sources/Realtime/RealtimePostgresFilter.swift /tmp/TasteBuddyHomeQuestionsQA/SourcePackages/checkouts/supabase-swift/Sources/Realtime/RealtimePostgresFilterValue.swift (in target 'Realtime' from project 'Supabase')

SwiftCompile normal x86_64 /tmp/TasteBuddyHomeQuestionsQA/SourcePackages/checkouts/supabase-swift/Sources/Realtime/RealtimePostgresFilter.swift (in target 'Realtime' from project 'Supabase')
    cd /Users/sinjunho/Desktop/Taste\ Buddy/ios/TasteBuddy.xcodeproj
    

SwiftCompile normal x86_64 /tmp/TasteBuddyHomeQuestionsQA/SourcePackages/checkouts/supabase-swift/Sources/Realtime/RealtimePostgresFilterValue.swift (in target 'Realtime' from project 'Supabase')
    cd /Users/sinjunho/Desktop/Taste\ Buddy/ios/TasteBuddy.xcodeproj
    

SwiftDriverJobDiscovery normal x86_64 Compiling PostgresAction.swift, PostgresActionData.swift, PresenceAction.swift (in target 'Realtime' from project 'Supabase')

SwiftCompile normal x86_64 Compiling\ PushV2.swift,\ RealtimeChannel+AsyncAwait.swift,\ RealtimeChannelV2.swift /tmp/TasteBuddyHomeQuestionsQA/SourcePackages/checkouts/supabase-swift/Sources/Realtime/PushV2.swift /tmp/TasteBuddyHomeQuestionsQA/SourcePackages/checkouts/supabase-swift/Sources/Realtime/RealtimeChannel+AsyncAwait.swift /tmp/TasteBuddyHomeQuestionsQA/SourcePackages/checkouts/supabase-swift/Sources/Realtime/RealtimeChannelV2.swift (in target 'Realtime' from project 'Supabase')
SwiftCompile normal x86_64 /tmp/TasteBuddyHomeQuestionsQA/SourcePackages/checkouts/supabase-swift/Sources/Realtime/PushV2.swift (in target 'Realtime' from project 'Supabase')
    cd /Users/sinjunho/Desktop/Taste\ Buddy/ios/TasteBuddy.xcodeproj
    

SwiftCompile normal x86_64 /tmp/TasteBuddyHomeQuestionsQA/SourcePackages/checkouts/supabase-swift/Sources/Realtime/RealtimeChannel+AsyncAwait.swift (in target 'Realtime' from project 'Supabase')
    cd /Users/sinjunho/Desktop/Taste\ Buddy/ios/TasteBuddy.xcodeproj
    

SwiftCompile normal x86_64 /tmp/TasteBuddyHomeQuestionsQA/SourcePackages/checkouts/supabase-swift/Sources/Realtime/RealtimeChannelV2.swift (in target 'Realtime' from project 'Supabase')
    cd /Users/sinjunho/Desktop/Taste\ Buddy/ios/TasteBuddy.xcodeproj
    

SwiftCompile normal x86_64 Compiling\ Defaults.swift,\ Delegated.swift,\ Deprecated.swift /tmp/TasteBuddyHomeQuestionsQA/SourcePackages/checkouts/supabase-swift/Sources/Realtime/Deprecated/Defaults.swift /tmp/TasteBuddyHomeQuestionsQA/SourcePackages/checkouts/supabase-swift/Sources/Realtime/Deprecated/Delegated.swift /tmp/TasteBuddyHomeQuestionsQA/SourcePackages/checkouts/supabase-swift/Sources/Realtime/Deprecated/Deprecated.swift (in target 'Realtime' from project 'Supabase')

SwiftCompile normal x86_64 /tmp/TasteBuddyHomeQuestionsQA/SourcePackages/checkouts/supabase-swift/Sources/Realtime/Deprecated/Defaults.swift (in target 'Realtime' from project 'Supabase')
    cd /Users/sinjunho/Desktop/Taste\ Buddy/ios/TasteBuddy.xcodeproj
    

SwiftCompile normal x86_64 /tmp/TasteBuddyHomeQuestionsQA/SourcePackages/checkouts/supabase-swift/Sources/Realtime/Deprecated/Delegated.swift (in target 'Realtime' from project 'Supabase')
    cd /Users/sinjunho/Desktop/Taste\ Buddy/ios/TasteBuddy.xcodeproj
    

SwiftCompile normal x86_64 /tmp/TasteBuddyHomeQuestionsQA/SourcePackages/checkouts/supabase-swift/Sources/Realtime/Deprecated/Deprecated.swift (in target 'Realtime' from project 'Supabase')
    cd /Users/sinjunho/Desktop/Taste\ Buddy/ios/TasteBuddy.xcodeproj
    

SwiftDriverJobDiscovery normal x86_64 Emitting module for Realtime (in target 'Realtime' from project 'Supabase')

SwiftDriver\ Compilation\ Requirements Realtime normal x86_64 com.apple.xcode.tools.swift.compiler (in target 'Realtime' from project 'Supabase')
    cd /Users/sinjunho/Desktop/Taste\ Buddy/ios/TasteBuddy.xcodeproj
    builtin-Swift-Compilation-Requirements -- /Applications/Xcode.app/Contents/Developer/Toolchains/XcodeDefault.xctoolchain/usr/bin/swiftc -module-name Realtime -Onone @/tmp/TasteBuddyHomeQuestionsQA/Build/Intermediates.noindex/Supabase.build/Debug-iphonesimulator/Realtime.build/Objects-normal/x86_64/Realtime.SwiftFileList -DSWIFT_PACKAGE -DDEBUG -DSWIFT_MODULE_RESOURCE_BUNDLE_UNAVAILABLE -DXcode -enable-upcoming-feature ExistentialAny -enable-experimental-feature StrictConcurrency -plugin-path /Applications/Xcode.app/Contents/Developer/Toolchains/XcodeDefault.xctoolchain/usr/lib/swift/host/plugins/testing -enable-experimental-feature DebugDescriptionMacro -sdk /Applications/Xcode.app/Contents/Developer/Platforms/iPhoneSimulator.platform/Developer/SDKs/iPhoneSimulator26.5.sdk -target x86_64-apple-ios13.0-simulator -g -module-cache-path /tmp/TasteBuddyHomeQuestionsQA/ModuleCache.noindex -Xfrontend -serialize-debugging-options -enable-testing -suppress-warnings -index-store-path /tmp/TasteBuddyHomeQuestionsQA/Index.noindex/DataStore -Xcc -D_LIBCPP_HARDENING_MODE\=_LIBCPP_HARDENING_MODE_DEBUG -swift-version 5 -I /tmp/TasteBuddyHomeQuestionsQA/Build/Products/Debug-iphonesimulator -Isystem /Applications/Xcode.app/Contents/Developer/Platforms/iPhoneSimulator.platform/Developer/usr/lib -F /tmp/TasteBuddyHomeQuestionsQA/Build/Products/Debug-iphonesimulator/PackageFrameworks -F /tmp/TasteBuddyHomeQuestionsQA/Build/Products/Debug-iphonesimulator/PackageFrameworks -F /tmp/TasteBuddyHomeQuestionsQA/Build/Products/Debug-iphonesimulator/PackageFrameworks -F /tmp/TasteBuddyHomeQuestionsQA/Build/Products/Debug-iphonesimulator/PackageFrameworks -F /tmp/TasteBuddyHomeQuestionsQA/Build/Products/Debug-iphonesimulator/PackageFrameworks -F /tmp/TasteBuddyHomeQuestionsQA/Build/Products/Debug-iphonesimulator/PackageFrameworks -F /tmp/TasteBuddyHomeQuestionsQA/Build/Products/Debug-iphonesimulator/PackageFrameworks -F /tmp/TasteBuddyHomeQuestionsQA/Build/Products/Debug-iphonesimulator -F /Applications/Xcode.app/Contents/Developer/Platforms/iPhoneSimulator.platform/Developer/Library/Frameworks -F /Applications/Xcode.app/Contents/Developer/Platforms/iPhoneSimulator.platform/Developer/SDKs/iPhoneSimulator26.5.sdk/Developer/Library/Frameworks -c -j12 -enable-batch-mode -incremental -Xcc -ivfsstatcache -Xcc /tmp/TasteBuddyHomeQuestionsQA/SDKStatCaches.noindex/iphonesimulator26.5-23F81a-6cfe768891a92b912361537c460fe42b.sdkstatcache -output-file-map /tmp/TasteBuddyHomeQuestionsQA/Build/Intermediates.noindex/Supabase.build/Debug-iphonesimulator/Realtime.build/Objects-normal/x86_64/Realtime-OutputFileMap.json -use-frontend-parseable-output -save-temps -no-color-diagnostics -explicit-module-build -module-cache-path /tmp/TasteBuddyHomeQuestionsQA/Build/Intermediates.noindex/SwiftExplicitPrecompiledModules -clang-scanner-module-cache-path /tmp/TasteBuddyHomeQuestionsQA/ModuleCache.noindex -sdk-module-cache-path /tmp/TasteBuddyHomeQuestionsQA/ModuleCache.noindex -serialize-diagnostics -emit-dependencies -emit-module -emit-module-path /tmp/TasteBuddyHomeQuestionsQA/Build/Intermediates.noindex/Supabase.build/Debug-iphonesimulator/Realtime.build/Objects-normal/x86_64/Realtime.swiftmodule -validate-clang-modules-once -clang-build-session-file /tmp/TasteBuddyHomeQuestionsQA/ModuleCache.noindex/Session.modulevalidation -package-name supabase_swift -Xcc -I/tmp/TasteBuddyHomeQuestionsQA/Build/Intermediates.noindex/Supabase.build/Debug-iphonesimulator/Realtime.build/swift-overrides.hmap -emit-const-values -Xfrontend -const-gather-protocols-file -Xfrontend /tmp/TasteBuddyHomeQuestionsQA/Build/Intermediates.noindex/Supabase.build/Debug-iphonesimulator/Realtime.build/Objects-normal/x86_64/Realtime_const_extract_protocols.json -Xcc -I/tmp/TasteBuddyHomeQuestionsQA/Build/Products/Debug-iphonesimulator/include -Xcc -I/tmp/TasteBuddyHomeQuestionsQA/Build/Intermediates.noindex/Supabase.build/Debug-iphonesimulator/Realtime.build/DerivedSources-normal/x86_64 -Xcc -I/tmp/TasteBuddyHomeQuestionsQA/Build/Intermediates.noindex/Supabase.build/Debug-iphonesimulator/Realtime.build/DerivedSources/x86_64 -Xcc -I/tmp/TasteBuddyHomeQuestionsQA/Build/Intermediates.noindex/Supabase.build/Debug-iphonesimulator/Realtime.build/DerivedSources -Xcc -DSWIFT_PACKAGE -Xcc -DDEBUG\=1 -emit-objc-header -emit-objc-header-path /tmp/TasteBuddyHomeQuestionsQA/Build/Intermediates.noindex/Supabase.build/Debug-iphonesimulator/Realtime.build/Objects-normal/x86_64/Realtime-Swift.h -working-directory /Users/sinjunho/Desktop/Taste\ Buddy/ios/TasteBuddy.xcodeproj -experimental-emit-module-separately -disable-cmo

SwiftDriverJobDiscovery normal x86_64 Compiling Helpers.swift (in target 'Storage' from project 'Supabase')

SwiftCompile normal x86_64 Compiling\ RealtimeLifecycleManager.swift,\ RealtimeMessageV2.swift /tmp/TasteBuddyHomeQuestionsQA/SourcePackages/checkouts/supabase-swift/Sources/Realtime/RealtimeLifecycleManager.swift /tmp/TasteBuddyHomeQuestionsQA/SourcePackages/checkouts/supabase-swift/Sources/Realtime/RealtimeMessageV2.swift (in target 'Realtime' from project 'Supabase')

SwiftCompile normal x86_64 /tmp/TasteBuddyHomeQuestionsQA/SourcePackages/checkouts/supabase-swift/Sources/Realtime/RealtimeLifecycleManager.swift (in target 'Realtime' from project 'Supabase')
    cd /Users/sinjunho/Desktop/Taste\ Buddy/ios/TasteBuddy.xcodeproj
    

SwiftCompile normal x86_64 /tmp/TasteBuddyHomeQuestionsQA/SourcePackages/checkouts/supabase-swift/Sources/Realtime/RealtimeMessageV2.swift (in target 'Realtime' from project 'Supabase')
    cd /Users/sinjunho/Desktop/Taste\ Buddy/ios/TasteBuddy.xcodeproj
    

SwiftMergeGeneratedHeaders /tmp/TasteBuddyHomeQuestionsQA/Build/Intermediates.noindex/GeneratedModuleMaps-iphonesimulator/Realtime-Swift.h /tmp/TasteBuddyHomeQuestionsQA/Build/Intermediates.noindex/Supabase.build/Debug-iphonesimulator/Realtime.build/Objects-normal/x86_64/Realtime-Swift.h (in target 'Realtime' from project 'Supabase')
    cd /tmp/TasteBuddyHomeQuestionsQA/SourcePackages/checkouts/supabase-swift
    builtin-swiftHeaderTool -arch x86_64 /tmp/TasteBuddyHomeQuestionsQA/Build/Intermediates.noindex/Supabase.build/Debug-iphonesimulator/Realtime.build/Objects-normal/x86_64/Realtime-Swift.h -o /tmp/TasteBuddyHomeQuestionsQA/Build/Intermediates.noindex/GeneratedModuleMaps-iphonesimulator/Realtime-Swift.h

SwiftDriverJobDiscovery normal x86_64 Compiling URLSessionWebSocket.swift, WebSocket.swift (in target 'Realtime' from project 'Supabase')

Copy /tmp/TasteBuddyHomeQuestionsQA/Build/Products/Debug-iphonesimulator/Realtime.swiftmodule/x86_64-apple-ios-simulator.swiftmodule /tmp/TasteBuddyHomeQuestionsQA/Build/Intermediates.noindex/Supabase.build/Debug-iphonesimulator/Realtime.build/Objects-normal/x86_64/Realtime.swiftmodule (in target 'Realtime' from project 'Supabase')
    cd /tmp/TasteBuddyHomeQuestionsQA/SourcePackages/checkouts/supabase-swift
    builtin-copy -exclude .DS_Store -exclude CVS -exclude .svn -exclude .git -exclude .hg -resolve-src-symlinks -rename /tmp/TasteBuddyHomeQuestionsQA/Build/Intermediates.noindex/Supabase.build/Debug-iphonesimulator/Realtime.build/Objects-normal/x86_64/Realtime.swiftmodule /tmp/TasteBuddyHomeQuestionsQA/Build/Products/Debug-iphonesimulator/Realtime.swiftmodule/x86_64-apple-ios-simulator.swiftmodule

Copy /tmp/TasteBuddyHomeQuestionsQA/Build/Products/Debug-iphonesimulator/Realtime.swiftmodule/x86_64-apple-ios-simulator.swiftdoc /tmp/TasteBuddyHomeQuestionsQA/Build/Intermediates.noindex/Supabase.build/Debug-iphonesimulator/Realtime.build/Objects-normal/x86_64/Realtime.swiftdoc (in target 'Realtime' from project 'Supabase')
    cd /tmp/TasteBuddyHomeQuestionsQA/SourcePackages/checkouts/supabase-swift
    builtin-copy -exclude .DS_Store -exclude CVS -exclude .svn -exclude .git -exclude .hg -resolve-src-symlinks -rename /tmp/TasteBuddyHomeQuestionsQA/Build/Intermediates.noindex/Supabase.build/Debug-iphonesimulator/Realtime.build/Objects-normal/x86_64/Realtime.swiftdoc /tmp/TasteBuddyHomeQuestionsQA/Build/Products/Debug-iphonesimulator/Realtime.swiftmodule/x86_64-apple-ios-simulator.swiftdoc

Copy /tmp/TasteBuddyHomeQuestionsQA/Build/Products/Debug-iphonesimulator/Realtime.swiftmodule/x86_64-apple-ios-simulator.abi.json /tmp/TasteBuddyHomeQuestionsQA/Build/Intermediates.noindex/Supabase.build/Debug-iphonesimulator/Realtime.build/Objects-normal/x86_64/Realtime.abi.json (in target 'Realtime' from project 'Supabase')
    cd /tmp/TasteBuddyHomeQuestionsQA/SourcePackages/checkouts/supabase-swift
    builtin-copy -exclude .DS_Store -exclude CVS -exclude .svn -exclude .git -exclude .hg -resolve-src-symlinks -rename /tmp/TasteBuddyHomeQuestionsQA/Build/Intermediates.noindex/Supabase.build/Debug-iphonesimulator/Realtime.build/Objects-normal/x86_64/Realtime.abi.json /tmp/TasteBuddyHomeQuestionsQA/Build/Products/Debug-iphonesimulator/Realtime.swiftmodule/x86_64-apple-ios-simulator.abi.json

Copy /tmp/TasteBuddyHomeQuestionsQA/Build/Products/Debug-iphonesimulator/Realtime.swiftmodule/Project/x86_64-apple-ios-simulator.swiftsourceinfo /tmp/TasteBuddyHomeQuestionsQA/Build/Intermediates.noindex/Supabase.build/Debug-iphonesimulator/Realtime.build/Objects-normal/x86_64/Realtime.swiftsourceinfo (in target 'Realtime' from project 'Supabase')
    cd /tmp/TasteBuddyHomeQuestionsQA/SourcePackages/checkouts/supabase-swift
    builtin-copy -exclude .DS_Store -exclude CVS -exclude .svn -exclude .git -exclude .hg -resolve-src-symlinks -rename /tmp/TasteBuddyHomeQuestionsQA/Build/Intermediates.noindex/Supabase.build/Debug-iphonesimulator/Realtime.build/Objects-normal/x86_64/Realtime.swiftsourceinfo /tmp/TasteBuddyHomeQuestionsQA/Build/Products/Debug-iphonesimulator/Realtime.swiftmodule/Project/x86_64-apple-ios-simulator.swiftsourceinfo

SwiftCompile normal x86_64 Compiling\ HeartbeatTimer.swift,\ PhoenixTransport.swift,\ Presence.swift /tmp/TasteBuddyHomeQuestionsQA/SourcePackages/checkouts/supabase-swift/Sources/Realtime/Deprecated/HeartbeatTimer.swift /tmp/TasteBuddyHomeQuestionsQA/SourcePackages/checkouts/supabase-swift/Sources/Realtime/Deprecated/PhoenixTransport.swift /tmp/TasteBuddyHomeQuestionsQA/SourcePackages/checkouts/supabase-swift/Sources/Realtime/Deprecated/Presence.swift (in target 'Realtime' from project 'Supabase')

SwiftCompile normal x86_64 /tmp/TasteBuddyHomeQuestionsQA/SourcePackages/checkouts/supabase-swift/Sources/Realtime/Deprecated/HeartbeatTimer.swift (in target 'Realtime' from project 'Supabase')
    cd /Users/sinjunho/Desktop/Taste\ Buddy/ios/TasteBuddy.xcodeproj
    

SwiftCompile normal x86_64 /tmp/TasteBuddyHomeQuestionsQA/SourcePackages/checkouts/supabase-swift/Sources/Realtime/Deprecated/PhoenixTransport.swift (in target 'Realtime' from project 'Supabase')
    cd /Users/sinjunho/Desktop/Taste\ Buddy/ios/TasteBuddy.xcodeproj
    

SwiftCompile normal x86_64 /tmp/TasteBuddyHomeQuestionsQA/SourcePackages/checkouts/supabase-swift/Sources/Realtime/Deprecated/Presence.swift (in target 'Realtime' from project 'Supabase')
    cd /Users/sinjunho/Desktop/Taste\ Buddy/ios/TasteBuddy.xcodeproj
    

SwiftDriverJobDiscovery normal x86_64 Compiling StorageBucketApi.swift (in target 'Storage' from project 'Supabase')

SwiftCompile normal x86_64 Compiling\ RealtimeClientV2.swift,\ RealtimeError.swift,\ RealtimeJoinConfig.swift /tmp/TasteBuddyHomeQuestionsQA/SourcePackages/checkouts/supabase-swift/Sources/Realtime/RealtimeClientV2.swift /tmp/TasteBuddyHomeQuestionsQA/SourcePackages/checkouts/supabase-swift/Sources/Realtime/RealtimeError.swift /tmp/TasteBuddyHomeQuestionsQA/SourcePackages/checkouts/supabase-swift/Sources/Realtime/RealtimeJoinConfig.swift (in target 'Realtime' from project 'Supabase')
SwiftCompile normal x86_64 /tmp/TasteBuddyHomeQuestionsQA/SourcePackages/checkouts/supabase-swift/Sources/Realtime/RealtimeClientV2.swift (in target 'Realtime' from project 'Supabase')
    cd /Users/sinjunho/Desktop/Taste\ Buddy/ios/TasteBuddy.xcodeproj
    

SwiftCompile normal x86_64 /tmp/TasteBuddyHomeQuestionsQA/SourcePackages/checkouts/supabase-swift/Sources/Realtime/RealtimeError.swift (in target 'Realtime' from project 'Supabase')
    cd /Users/sinjunho/Desktop/Taste\ Buddy/ios/TasteBuddy.xcodeproj
    

SwiftCompile normal x86_64 /tmp/TasteBuddyHomeQuestionsQA/SourcePackages/checkouts/supabase-swift/Sources/Realtime/RealtimeJoinConfig.swift (in target 'Realtime' from project 'Supabase')
    cd /Users/sinjunho/Desktop/Taste\ Buddy/ios/TasteBuddy.xcodeproj
    

SwiftCompile normal x86_64 Compiling\ Push.swift,\ RealtimeChannel.swift,\ RealtimeClient.swift /tmp/TasteBuddyHomeQuestionsQA/SourcePackages/checkouts/supabase-swift/Sources/Realtime/Deprecated/Push.swift /tmp/TasteBuddyHomeQuestionsQA/SourcePackages/checkouts/supabase-swift/Sources/Realtime/Deprecated/RealtimeChannel.swift /tmp/TasteBuddyHomeQuestionsQA/SourcePackages/checkouts/supabase-swift/Sources/Realtime/Deprecated/RealtimeClient.swift (in target 'Realtime' from project 'Supabase')
SwiftCompile normal x86_64 /tmp/TasteBuddyHomeQuestionsQA/SourcePackages/checkouts/supabase-swift/Sources/Realtime/Deprecated/Push.swift (in target 'Realtime' from project 'Supabase')
    cd /Users/sinjunho/Desktop/Taste\ Buddy/ios/TasteBuddy.xcodeproj
    

SwiftCompile normal x86_64 /tmp/TasteBuddyHomeQuestionsQA/SourcePackages/checkouts/supabase-swift/Sources/Realtime/Deprecated/RealtimeChannel.swift (in target 'Realtime' from project 'Supabase')
    cd /Users/sinjunho/Desktop/Taste\ Buddy/ios/TasteBuddy.xcodeproj
    

SwiftCompile normal x86_64 /tmp/TasteBuddyHomeQuestionsQA/SourcePackages/checkouts/supabase-swift/Sources/Realtime/Deprecated/RealtimeClient.swift (in target 'Realtime' from project 'Supabase')
    cd /Users/sinjunho/Desktop/Taste\ Buddy/ios/TasteBuddy.xcodeproj
    

SwiftDriverJobDiscovery normal x86_64 Compiling StorageApi.swift (in target 'Storage' from project 'Supabase')

SwiftCompile normal x86_64 Compiling\ RealtimeSerializer.swift,\ Types.swift /tmp/TasteBuddyHomeQuestionsQA/SourcePackages/checkouts/supabase-swift/Sources/Realtime/RealtimeSerializer.swift /tmp/TasteBuddyHomeQuestionsQA/SourcePackages/checkouts/supabase-swift/Sources/Realtime/Types.swift (in target 'Realtime' from project 'Supabase')

SwiftCompile normal x86_64 /tmp/TasteBuddyHomeQuestionsQA/SourcePackages/checkouts/supabase-swift/Sources/Realtime/RealtimeSerializer.swift (in target 'Realtime' from project 'Supabase')
    cd /Users/sinjunho/Desktop/Taste\ Buddy/ios/TasteBuddy.xcodeproj
    

SwiftCompile normal x86_64 /tmp/TasteBuddyHomeQuestionsQA/SourcePackages/checkouts/supabase-swift/Sources/Realtime/Types.swift (in target 'Realtime' from project 'Supabase')
    cd /Users/sinjunho/Desktop/Taste\ Buddy/ios/TasteBuddy.xcodeproj
    

SwiftDriverJobDiscovery normal x86_64 Compiling RealtimePostgresFilter.swift, RealtimePostgresFilterValue.swift (in target 'Realtime' from project 'Supabase')

SwiftDriver\ Compilation ProgressiveBlurHeader normal x86_64 com.apple.xcode.tools.swift.compiler (in target 'ProgressiveBlurHeader' from project 'ProgressiveBlurHeader')
    cd /Users/sinjunho/Desktop/Taste\ Buddy/ios/TasteBuddy.xcodeproj
    builtin-Swift-Compilation -- /Applications/Xcode.app/Contents/Developer/Toolchains/XcodeDefault.xctoolchain/usr/bin/swiftc -module-name ProgressiveBlurHeader -Onone @/tmp/TasteBuddyHomeQuestionsQA/Build/Intermediates.noindex/ProgressiveBlurHeader.build/Debug-iphonesimulator/ProgressiveBlurHeader.build/Objects-normal/x86_64/ProgressiveBlurHeader.SwiftFileList -DSWIFT_PACKAGE -DDEBUG -DSWIFT_MODULE_RESOURCE_BUNDLE_UNAVAILABLE -DXcode -plugin-path /Applications/Xcode.app/Contents/Developer/Toolchains/XcodeDefault.xctoolchain/usr/lib/swift/host/plugins/testing -enable-experimental-feature DebugDescriptionMacro -sdk /Applications/Xcode.app/Contents/Developer/Platforms/iPhoneSimulator.platform/Developer/SDKs/iPhoneSimulator26.5.sdk -target x86_64-apple-ios16.0-simulator -g -module-cache-path /tmp/TasteBuddyHomeQuestionsQA/ModuleCache.noindex -Xfrontend -serialize-debugging-options -enable-testing -suppress-warnings -index-store-path /tmp/TasteBuddyHomeQuestionsQA/Index.noindex/DataStore -Xcc -D_LIBCPP_HARDENING_MODE\=_LIBCPP_HARDENING_MODE_DEBUG -swift-version 5 -I /tmp/TasteBuddyHomeQuestionsQA/Build/Products/Debug-iphonesimulator -Isystem /Applications/Xcode.app/Contents/Developer/Platforms/iPhoneSimulator.platform/Developer/usr/lib -F /tmp/TasteBuddyHomeQuestionsQA/Build/Products/Debug-iphonesimulator/PackageFrameworks -F /tmp/TasteBuddyHomeQuestionsQA/Build/Products/Debug-iphonesimulator -F /Applications/Xcode.app/Contents/Developer/Platforms/iPhoneSimulator.platform/Developer/Library/Frameworks -F /Applications/Xcode.app/Contents/Developer/Platforms/iPhoneSimulator.platform/Developer/SDKs/iPhoneSimulator26.5.sdk/Developer/Library/Frameworks -parse-as-library -c -j12 -enable-batch-mode -incremental -Xcc -ivfsstatcache -Xcc /tmp/TasteBuddyHomeQuestionsQA/SDKStatCaches.noindex/iphonesimulator26.5-23F81a-6cfe768891a92b912361537c460fe42b.sdkstatcache -output-file-map /tmp/TasteBuddyHomeQuestionsQA/Build/Intermediates.noindex/ProgressiveBlurHeader.build/Debug-iphonesimulator/ProgressiveBlurHeader.build/Objects-normal/x86_64/ProgressiveBlurHeader-OutputFileMap.json -use-frontend-parseable-output -save-temps -no-color-diagnostics -explicit-module-build -module-cache-path /tmp/TasteBuddyHomeQuestionsQA/Build/Intermediates.noindex/SwiftExplicitPrecompiledModules -clang-scanner-module-cache-path /tmp/TasteBuddyHomeQuestionsQA/ModuleCache.noindex -sdk-module-cache-path /tmp/TasteBuddyHomeQuestionsQA/ModuleCache.noindex -serialize-diagnostics -emit-dependencies -emit-module -emit-module-path /tmp/TasteBuddyHomeQuestionsQA/Build/Intermediates.noindex/ProgressiveBlurHeader.build/Debug-iphonesimulator/ProgressiveBlurHeader.build/Objects-normal/x86_64/ProgressiveBlurHeader.swiftmodule -validate-clang-modules-once -clang-build-session-file /tmp/TasteBuddyHomeQuestionsQA/ModuleCache.noindex/Session.modulevalidation -package-name progressiveblurheader -Xcc -I/tmp/TasteBuddyHomeQuestionsQA/Build/Intermediates.noindex/ProgressiveBlurHeader.build/Debug-iphonesimulator/ProgressiveBlurHeader.build/swift-overrides.hmap -emit-const-values -Xfrontend -const-gather-protocols-file -Xfrontend /tmp/TasteBuddyHomeQuestionsQA/Build/Intermediates.noindex/ProgressiveBlurHeader.build/Debug-iphonesimulator/ProgressiveBlurHeader.build/Objects-normal/x86_64/ProgressiveBlurHeader_const_extract_protocols.json -Xcc -I/tmp/TasteBuddyHomeQuestionsQA/Build/Products/Debug-iphonesimulator/include -Xcc -I/tmp/TasteBuddyHomeQuestionsQA/Build/Intermediates.noindex/ProgressiveBlurHeader.build/Debug-iphonesimulator/ProgressiveBlurHeader.build/DerivedSources-normal/x86_64 -Xcc -I/tmp/TasteBuddyHomeQuestionsQA/Build/Intermediates.noindex/ProgressiveBlurHeader.build/Debug-iphonesimulator/ProgressiveBlurHeader.build/DerivedSources/x86_64 -Xcc -I/tmp/TasteBuddyHomeQuestionsQA/Build/Intermediates.noindex/ProgressiveBlurHeader.build/Debug-iphonesimulator/ProgressiveBlurHeader.build/DerivedSources -Xcc -DSWIFT_PACKAGE -Xcc -DDEBUG\=1 -emit-objc-header -emit-objc-header-path /tmp/TasteBuddyHomeQuestionsQA/Build/Intermediates.noindex/ProgressiveBlurHeader.build/Debug-iphonesimulator/ProgressiveBlurHeader.build/Objects-normal/x86_64/ProgressiveBlurHeader-Swift.h -working-directory /Users/sinjunho/Desktop/Taste\ Buddy/ios/TasteBuddy.xcodeproj -experimental-emit-module-separately -disable-cmo

SwiftDriverJobDiscovery normal x86_64 Compiling Defaults.swift, Delegated.swift, Deprecated.swift (in target 'Realtime' from project 'Supabase')

SwiftCompile normal x86_64 Compiling\ PostgrestFilterBuilder.swift /tmp/TasteBuddyHomeQuestionsQA/SourcePackages/checkouts/supabase-swift/Sources/PostgREST/PostgrestFilterBuilder.swift (in target 'PostgREST' from project 'Supabase')

SwiftCompile normal x86_64 /tmp/TasteBuddyHomeQuestionsQA/SourcePackages/checkouts/supabase-swift/Sources/PostgREST/PostgrestFilterBuilder.swift (in target 'PostgREST' from project 'Supabase')
    cd /Users/sinjunho/Desktop/Taste\ Buddy/ios/TasteBuddy.xcodeproj
    

SwiftDriverJobDiscovery normal x86_64 Emitting module for Auth (in target 'Auth' from project 'Supabase')

SwiftCompile normal x86_64 Compiling\ PostgrestTransformBuilder.swift /tmp/TasteBuddyHomeQuestionsQA/SourcePackages/checkouts/supabase-swift/Sources/PostgREST/PostgrestTransformBuilder.swift (in target 'PostgREST' from project 'Supabase')

SwiftCompile normal x86_64 /tmp/TasteBuddyHomeQuestionsQA/SourcePackages/checkouts/supabase-swift/Sources/PostgREST/PostgrestTransformBuilder.swift (in target 'PostgREST' from project 'Supabase')
    cd /Users/sinjunho/Desktop/Taste\ Buddy/ios/TasteBuddy.xcodeproj
    

SwiftDriver\ Compilation\ Requirements Auth normal x86_64 com.apple.xcode.tools.swift.compiler (in target 'Auth' from project 'Supabase')
    cd /Users/sinjunho/Desktop/Taste\ Buddy/ios/TasteBuddy.xcodeproj
    builtin-Swift-Compilation-Requirements -- /Applications/Xcode.app/Contents/Developer/Toolchains/XcodeDefault.xctoolchain/usr/bin/swiftc -module-name Auth -Onone @/tmp/TasteBuddyHomeQuestionsQA/Build/Intermediates.noindex/Supabase.build/Debug-iphonesimulator/Auth.build/Objects-normal/x86_64/Auth.SwiftFileList -DSWIFT_PACKAGE -DDEBUG -DSWIFT_MODULE_RESOURCE_BUNDLE_UNAVAILABLE -DXcode -enable-upcoming-feature ExistentialAny -enable-experimental-feature StrictConcurrency -plugin-path /Applications/Xcode.app/Contents/Developer/Toolchains/XcodeDefault.xctoolchain/usr/lib/swift/host/plugins/testing -enable-experimental-feature DebugDescriptionMacro -sdk /Applications/Xcode.app/Contents/Developer/Platforms/iPhoneSimulator.platform/Developer/SDKs/iPhoneSimulator26.5.sdk -target x86_64-apple-ios13.0-simulator -g -module-cache-path /tmp/TasteBuddyHomeQuestionsQA/ModuleCache.noindex -Xfrontend -serialize-debugging-options -enable-testing -suppress-warnings -index-store-path /tmp/TasteBuddyHomeQuestionsQA/Index.noindex/DataStore -Xcc -D_LIBCPP_HARDENING_MODE\=_LIBCPP_HARDENING_MODE_DEBUG -swift-version 5 -I /tmp/TasteBuddyHomeQuestionsQA/Build/Products/Debug-iphonesimulator -Isystem /Applications/Xcode.app/Contents/Developer/Platforms/iPhoneSimulator.platform/Developer/usr/lib -F /tmp/TasteBuddyHomeQuestionsQA/Build/Products/Debug-iphonesimulator/PackageFrameworks -F /tmp/TasteBuddyHomeQuestionsQA/Build/Products/Debug-iphonesimulator/PackageFrameworks -F /tmp/TasteBuddyHomeQuestionsQA/Build/Products/Debug-iphonesimulator/PackageFrameworks -F /tmp/TasteBuddyHomeQuestionsQA/Build/Products/Debug-iphonesimulator/PackageFrameworks -F /tmp/TasteBuddyHomeQuestionsQA/Build/Products/Debug-iphonesimulator/PackageFrameworks -F /tmp/TasteBuddyHomeQuestionsQA/Build/Products/Debug-iphonesimulator/PackageFrameworks -F /tmp/TasteBuddyHomeQuestionsQA/Build/Products/Debug-iphonesimulator/PackageFrameworks -F /tmp/TasteBuddyHomeQuestionsQA/Build/Products/Debug-iphonesimulator/PackageFrameworks -F /tmp/TasteBuddyHomeQuestionsQA/Build/Products/Debug-iphonesimulator -F /Applications/Xcode.app/Contents/Developer/Platforms/iPhoneSimulator.platform/Developer/Library/Frameworks -F /Applications/Xcode.app/Contents/Developer/Platforms/iPhoneSimulator.platform/Developer/SDKs/iPhoneSimulator26.5.sdk/Developer/Library/Frameworks -c -j12 -enable-batch-mode -incremental -Xcc -ivfsstatcache -Xcc /tmp/TasteBuddyHomeQuestionsQA/SDKStatCaches.noindex/iphonesimulator26.5-23F81a-6cfe768891a92b912361537c460fe42b.sdkstatcache -output-file-map /tmp/TasteBuddyHomeQuestionsQA/Build/Intermediates.noindex/Supabase.build/Debug-iphonesimulator/Auth.build/Objects-normal/x86_64/Auth-OutputFileMap.json -use-frontend-parseable-output -save-temps -no-color-diagnostics -explicit-module-build -module-cache-path /tmp/TasteBuddyHomeQuestionsQA/Build/Intermediates.noindex/SwiftExplicitPrecompiledModules -clang-scanner-module-cache-path /tmp/TasteBuddyHomeQuestionsQA/ModuleCache.noindex -sdk-module-cache-path /tmp/TasteBuddyHomeQuestionsQA/ModuleCache.noindex -serialize-diagnostics -emit-dependencies -emit-module -emit-module-path /tmp/TasteBuddyHomeQuestionsQA/Build/Intermediates.noindex/Supabase.build/Debug-iphonesimulator/Auth.build/Objects-normal/x86_64/Auth.swiftmodule -validate-clang-modules-once -clang-build-session-file /tmp/TasteBuddyHomeQuestionsQA/ModuleCache.noindex/Session.modulevalidation -package-name supabase_swift -Xcc -I/tmp/TasteBuddyHomeQuestionsQA/Build/Intermediates.noindex/Supabase.build/Debug-iphonesimulator/Auth.build/swift-overrides.hmap -emit-const-values -Xfrontend -const-gather-protocols-file -Xfrontend /tmp/TasteBuddyHomeQuestionsQA/Build/Intermediates.noindex/Supabase.build/Debug-iphonesimulator/Auth.build/Objects-normal/x86_64/Auth_const_extract_protocols.json -Xcc -I/tmp/TasteBuddyHomeQuestionsQA/Build/Products/Debug-iphonesimulator/include -Xcc -I/tmp/TasteBuddyHomeQuestionsQA/Build/Intermediates.noindex/Supabase.build/Debug-iphonesimulator/Auth.build/DerivedSources-normal/x86_64 -Xcc -I/tmp/TasteBuddyHomeQuestionsQA/Build/Intermediates.noindex/Supabase.build/Debug-iphonesimulator/Auth.build/DerivedSources/x86_64 -Xcc -I/tmp/TasteBuddyHomeQuestionsQA/Build/Intermediates.noindex/Supabase.build/Debug-iphonesimulator/Auth.build/DerivedSources -Xcc -DSWIFT_PACKAGE -Xcc -DDEBUG\=1 -emit-objc-header -emit-objc-header-path /tmp/TasteBuddyHomeQuestionsQA/Build/Intermediates.noindex/Supabase.build/Debug-iphonesimulator/Auth.build/Objects-normal/x86_64/Auth-Swift.h -working-directory /Users/sinjunho/Desktop/Taste\ Buddy/ios/TasteBuddy.xcodeproj -experimental-emit-module-separately -disable-cmo

SwiftDriverJobDiscovery normal x86_64 Compiling RealtimeLifecycleManager.swift, RealtimeMessageV2.swift (in target 'Realtime' from project 'Supabase')

SwiftCompile normal x86_64 Compiling\ Types.swift /tmp/TasteBuddyHomeQuestionsQA/SourcePackages/checkouts/supabase-swift/Sources/PostgREST/Types.swift (in target 'PostgREST' from project 'Supabase')

SwiftCompile normal x86_64 /tmp/TasteBuddyHomeQuestionsQA/SourcePackages/checkouts/supabase-swift/Sources/PostgREST/Types.swift (in target 'PostgREST' from project 'Supabase')
    cd /Users/sinjunho/Desktop/Taste\ Buddy/ios/TasteBuddy.xcodeproj
    

SwiftMergeGeneratedHeaders /tmp/TasteBuddyHomeQuestionsQA/Build/Intermediates.noindex/GeneratedModuleMaps-iphonesimulator/Auth-Swift.h /tmp/TasteBuddyHomeQuestionsQA/Build/Intermediates.noindex/Supabase.build/Debug-iphonesimulator/Auth.build/Objects-normal/x86_64/Auth-Swift.h (in target 'Auth' from project 'Supabase')
    cd /tmp/TasteBuddyHomeQuestionsQA/SourcePackages/checkouts/supabase-swift
    builtin-swiftHeaderTool -arch x86_64 /tmp/TasteBuddyHomeQuestionsQA/Build/Intermediates.noindex/Supabase.build/Debug-iphonesimulator/Auth.build/Objects-normal/x86_64/Auth-Swift.h -o /tmp/TasteBuddyHomeQuestionsQA/Build/Intermediates.noindex/GeneratedModuleMaps-iphonesimulator/Auth-Swift.h

SwiftDriverJobDiscovery normal x86_64 Compiling Types.swift (in target 'Storage' from project 'Supabase')

Copy /tmp/TasteBuddyHomeQuestionsQA/Build/Products/Debug-iphonesimulator/Auth.swiftmodule/x86_64-apple-ios-simulator.swiftmodule /tmp/TasteBuddyHomeQuestionsQA/Build/Intermediates.noindex/Supabase.build/Debug-iphonesimulator/Auth.build/Objects-normal/x86_64/Auth.swiftmodule (in target 'Auth' from project 'Supabase')
    cd /tmp/TasteBuddyHomeQuestionsQA/SourcePackages/checkouts/supabase-swift
    builtin-copy -exclude .DS_Store -exclude CVS -exclude .svn -exclude .git -exclude .hg -resolve-src-symlinks -rename /tmp/TasteBuddyHomeQuestionsQA/Build/Intermediates.noindex/Supabase.build/Debug-iphonesimulator/Auth.build/Objects-normal/x86_64/Auth.swiftmodule /tmp/TasteBuddyHomeQuestionsQA/Build/Products/Debug-iphonesimulator/Auth.swiftmodule/x86_64-apple-ios-simulator.swiftmodule

Copy /tmp/TasteBuddyHomeQuestionsQA/Build/Products/Debug-iphonesimulator/Auth.swiftmodule/x86_64-apple-ios-simulator.swiftdoc /tmp/TasteBuddyHomeQuestionsQA/Build/Intermediates.noindex/Supabase.build/Debug-iphonesimulator/Auth.build/Objects-normal/x86_64/Auth.swiftdoc (in target 'Auth' from project 'Supabase')
    cd /tmp/TasteBuddyHomeQuestionsQA/SourcePackages/checkouts/supabase-swift
    builtin-copy -exclude .DS_Store -exclude CVS -exclude .svn -exclude .git -exclude .hg -resolve-src-symlinks -rename /tmp/TasteBuddyHomeQuestionsQA/Build/Intermediates.noindex/Supabase.build/Debug-iphonesimulator/Auth.build/Objects-normal/x86_64/Auth.swiftdoc /tmp/TasteBuddyHomeQuestionsQA/Build/Products/Debug-iphonesimulator/Auth.swiftmodule/x86_64-apple-ios-simulator.swiftdoc

Copy /tmp/TasteBuddyHomeQuestionsQA/Build/Products/Debug-iphonesimulator/Auth.swiftmodule/x86_64-apple-ios-simulator.abi.json /tmp/TasteBuddyHomeQuestionsQA/Build/Intermediates.noindex/Supabase.build/Debug-iphonesimulator/Auth.build/Objects-normal/x86_64/Auth.abi.json (in target 'Auth' from project 'Supabase')
    cd /tmp/TasteBuddyHomeQuestionsQA/SourcePackages/checkouts/supabase-swift
    builtin-copy -exclude .DS_Store -exclude CVS -exclude .svn -exclude .git -exclude .hg -resolve-src-symlinks -rename /tmp/TasteBuddyHomeQuestionsQA/Build/Intermediates.noindex/Supabase.build/Debug-iphonesimulator/Auth.build/Objects-normal/x86_64/Auth.abi.json /tmp/TasteBuddyHomeQuestionsQA/Build/Products/Debug-iphonesimulator/Auth.swiftmodule/x86_64-apple-ios-simulator.abi.json

Copy /tmp/TasteBuddyHomeQuestionsQA/Build/Products/Debug-iphonesimulator/Auth.swiftmodule/Project/x86_64-apple-ios-simulator.swiftsourceinfo /tmp/TasteBuddyHomeQuestionsQA/Build/Intermediates.noindex/Supabase.build/Debug-iphonesimulator/Auth.build/Objects-normal/x86_64/Auth.swiftsourceinfo (in target 'Auth' from project 'Supabase')
    cd /tmp/TasteBuddyHomeQuestionsQA/SourcePackages/checkouts/supabase-swift
    builtin-copy -exclude .DS_Store -exclude CVS -exclude .svn -exclude .git -exclude .hg -resolve-src-symlinks -rename /tmp/TasteBuddyHomeQuestionsQA/Build/Intermediates.noindex/Supabase.build/Debug-iphonesimulator/Auth.build/Objects-normal/x86_64/Auth.swiftsourceinfo /tmp/TasteBuddyHomeQuestionsQA/Build/Products/Debug-iphonesimulator/Auth.swiftmodule/Project/x86_64-apple-ios-simulator.swiftsourceinfo

SwiftCompile normal x86_64 Compiling\ PostgrestQueryBuilder.swift /tmp/TasteBuddyHomeQuestionsQA/SourcePackages/checkouts/supabase-swift/Sources/PostgREST/PostgrestQueryBuilder.swift (in target 'PostgREST' from project 'Supabase')

SwiftCompile normal x86_64 /tmp/TasteBuddyHomeQuestionsQA/SourcePackages/checkouts/supabase-swift/Sources/PostgREST/PostgrestQueryBuilder.swift (in target 'PostgREST' from project 'Supabase')
    cd /Users/sinjunho/Desktop/Taste\ Buddy/ios/TasteBuddy.xcodeproj
    

SwiftCompile normal x86_64 Compiling\ PostgrestFilterValue.swift /tmp/TasteBuddyHomeQuestionsQA/SourcePackages/checkouts/supabase-swift/Sources/PostgREST/PostgrestFilterValue.swift (in target 'PostgREST' from project 'Supabase')

SwiftCompile normal x86_64 /tmp/TasteBuddyHomeQuestionsQA/SourcePackages/checkouts/supabase-swift/Sources/PostgREST/PostgrestFilterValue.swift (in target 'PostgREST' from project 'Supabase')
    cd /Users/sinjunho/Desktop/Taste\ Buddy/ios/TasteBuddy.xcodeproj
    

SwiftDriverJobDiscovery normal x86_64 Compiling MultipartFormData.swift (in target 'Storage' from project 'Supabase')

SwiftDriver\ Compilation Functions normal x86_64 com.apple.xcode.tools.swift.compiler (in target 'Functions' from project 'Supabase')
    cd /Users/sinjunho/Desktop/Taste\ Buddy/ios/TasteBuddy.xcodeproj
    builtin-Swift-Compilation -- /Applications/Xcode.app/Contents/Developer/Toolchains/XcodeDefault.xctoolchain/usr/bin/swiftc -module-name Functions -Onone @/tmp/TasteBuddyHomeQuestionsQA/Build/Intermediates.noindex/Supabase.build/Debug-iphonesimulator/Functions.build/Objects-normal/x86_64/Functions.SwiftFileList -DSWIFT_PACKAGE -DDEBUG -DSWIFT_MODULE_RESOURCE_BUNDLE_UNAVAILABLE -DXcode -enable-upcoming-feature ExistentialAny -enable-experimental-feature StrictConcurrency -plugin-path /Applications/Xcode.app/Contents/Developer/Toolchains/XcodeDefault.xctoolchain/usr/lib/swift/host/plugins/testing -enable-experimental-feature DebugDescriptionMacro -sdk /Applications/Xcode.app/Contents/Developer/Platforms/iPhoneSimulator.platform/Developer/SDKs/iPhoneSimulator26.5.sdk -target x86_64-apple-ios13.0-simulator -g -module-cache-path /tmp/TasteBuddyHomeQuestionsQA/ModuleCache.noindex -Xfrontend -serialize-debugging-options -enable-testing -suppress-warnings -index-store-path /tmp/TasteBuddyHomeQuestionsQA/Index.noindex/DataStore -Xcc -D_LIBCPP_HARDENING_MODE\=_LIBCPP_HARDENING_MODE_DEBUG -swift-version 5 -I /tmp/TasteBuddyHomeQuestionsQA/Build/Products/Debug-iphonesimulator -Isystem /Applications/Xcode.app/Contents/Developer/Platforms/iPhoneSimulator.platform/Developer/usr/lib -F /tmp/TasteBuddyHomeQuestionsQA/Build/Products/Debug-iphonesimulator/PackageFrameworks -F /tmp/TasteBuddyHomeQuestionsQA/Build/Products/Debug-iphonesimulator/PackageFrameworks -F /tmp/TasteBuddyHomeQuestionsQA/Build/Products/Debug-iphonesimulator/PackageFrameworks -F /tmp/TasteBuddyHomeQuestionsQA/Build/Products/Debug-iphonesimulator/PackageFrameworks -F /tmp/TasteBuddyHomeQuestionsQA/Build/Products/Debug-iphonesimulator/PackageFrameworks -F /tmp/TasteBuddyHomeQuestionsQA/Build/Products/Debug-iphonesimulator/PackageFrameworks -F /tmp/TasteBuddyHomeQuestionsQA/Build/Products/Debug-iphonesimulator/PackageFrameworks -F /tmp/TasteBuddyHomeQuestionsQA/Build/Products/Debug-iphonesimulator -F /Applications/Xcode.app/Contents/Developer/Platforms/iPhoneSimulator.platform/Developer/Library/Frameworks -F /Applications/Xcode.app/Contents/Developer/Platforms/iPhoneSimulator.platform/Developer/SDKs/iPhoneSimulator26.5.sdk/Developer/Library/Frameworks -c -j12 -enable-batch-mode -incremental -Xcc -ivfsstatcache -Xcc /tmp/TasteBuddyHomeQuestionsQA/SDKStatCaches.noindex/iphonesimulator26.5-23F81a-6cfe768891a92b912361537c460fe42b.sdkstatcache -output-file-map /tmp/TasteBuddyHomeQuestionsQA/Build/Intermediates.noindex/Supabase.build/Debug-iphonesimulator/Functions.build/Objects-normal/x86_64/Functions-OutputFileMap.json -use-frontend-parseable-output -save-temps -no-color-diagnostics -explicit-module-build -module-cache-path /tmp/TasteBuddyHomeQuestionsQA/Build/Intermediates.noindex/SwiftExplicitPrecompiledModules -clang-scanner-module-cache-path /tmp/TasteBuddyHomeQuestionsQA/ModuleCache.noindex -sdk-module-cache-path /tmp/TasteBuddyHomeQuestionsQA/ModuleCache.noindex -serialize-diagnostics -emit-dependencies -emit-module -emit-module-path /tmp/TasteBuddyHomeQuestionsQA/Build/Intermediates.noindex/Supabase.build/Debug-iphonesimulator/Functions.build/Objects-normal/x86_64/Functions.swiftmodule -validate-clang-modules-once -clang-build-session-file /tmp/TasteBuddyHomeQuestionsQA/ModuleCache.noindex/Session.modulevalidation -package-name supabase_swift -Xcc -I/tmp/TasteBuddyHomeQuestionsQA/Build/Intermediates.noindex/Supabase.build/Debug-iphonesimulator/Functions.build/swift-overrides.hmap -emit-const-values -Xfrontend -const-gather-protocols-file -Xfrontend /tmp/TasteBuddyHomeQuestionsQA/Build/Intermediates.noindex/Supabase.build/Debug-iphonesimulator/Functions.build/Objects-normal/x86_64/Functions_const_extract_protocols.json -Xcc -I/tmp/TasteBuddyHomeQuestionsQA/Build/Products/Debug-iphonesimulator/include -Xcc -I/tmp/TasteBuddyHomeQuestionsQA/Build/Intermediates.noindex/Supabase.build/Debug-iphonesimulator/Functions.build/DerivedSources-normal/x86_64 -Xcc -I/tmp/TasteBuddyHomeQuestionsQA/Build/Intermediates.noindex/Supabase.build/Debug-iphonesimulator/Functions.build/DerivedSources/x86_64 -Xcc -I/tmp/TasteBuddyHomeQuestionsQA/Build/Intermediates.noindex/Supabase.build/Debug-iphonesimulator/Functions.build/DerivedSources -Xcc -DSWIFT_PACKAGE -Xcc -DDEBUG\=1 -emit-objc-header -emit-objc-header-path /tmp/TasteBuddyHomeQuestionsQA/Build/Intermediates.noindex/Supabase.build/Debug-iphonesimulator/Functions.build/Objects-normal/x86_64/Functions-Swift.h -working-directory /Users/sinjunho/Desktop/Taste\ Buddy/ios/TasteBuddy.xcodeproj -experimental-emit-module-separately -disable-cmo

SwiftDriverJobDiscovery normal x86_64 Compiling Types.swift (in target 'PostgREST' from project 'Supabase')

SwiftCompile normal x86_64 Compiling\ Exports.swift,\ APIClient.swift,\ CodeVerifierStorage.swift /tmp/TasteBuddyHomeQuestionsQA/SourcePackages/checkouts/supabase-swift/Sources/Auth/Exports.swift /tmp/TasteBuddyHomeQuestionsQA/SourcePackages/checkouts/supabase-swift/Sources/Auth/Internal/APIClient.swift /tmp/TasteBuddyHomeQuestionsQA/SourcePackages/checkouts/supabase-swift/Sources/Auth/Internal/CodeVerifierStorage.swift (in target 'Auth' from project 'Supabase')

SwiftCompile normal x86_64 /tmp/TasteBuddyHomeQuestionsQA/SourcePackages/checkouts/supabase-swift/Sources/Auth/Exports.swift (in target 'Auth' from project 'Supabase')
    cd /Users/sinjunho/Desktop/Taste\ Buddy/ios/TasteBuddy.xcodeproj
    

SwiftCompile normal x86_64 /tmp/TasteBuddyHomeQuestionsQA/SourcePackages/checkouts/supabase-swift/Sources/Auth/Internal/APIClient.swift (in target 'Auth' from project 'Supabase')
    cd /Users/sinjunho/Desktop/Taste\ Buddy/ios/TasteBuddy.xcodeproj
    

SwiftCompile normal x86_64 /tmp/TasteBuddyHomeQuestionsQA/SourcePackages/checkouts/supabase-swift/Sources/Auth/Internal/CodeVerifierStorage.swift (in target 'Auth' from project 'Supabase')
    cd /Users/sinjunho/Desktop/Taste\ Buddy/ios/TasteBuddy.xcodeproj
    

SwiftCompile normal x86_64 Compiling\ Constants.swift,\ Dependencies.swift /tmp/TasteBuddyHomeQuestionsQA/SourcePackages/checkouts/supabase-swift/Sources/Auth/Internal/Constants.swift /tmp/TasteBuddyHomeQuestionsQA/SourcePackages/checkouts/supabase-swift/Sources/Auth/Internal/Dependencies.swift (in target 'Auth' from project 'Supabase')

SwiftCompile normal x86_64 /tmp/TasteBuddyHomeQuestionsQA/SourcePackages/checkouts/supabase-swift/Sources/Auth/Internal/Constants.swift (in target 'Auth' from project 'Supabase')
    cd /Users/sinjunho/Desktop/Taste\ Buddy/ios/TasteBuddy.xcodeproj
    

SwiftCompile normal x86_64 /tmp/TasteBuddyHomeQuestionsQA/SourcePackages/checkouts/supabase-swift/Sources/Auth/Internal/Dependencies.swift (in target 'Auth' from project 'Supabase')
    cd /Users/sinjunho/Desktop/Taste\ Buddy/ios/TasteBuddy.xcodeproj
    

SwiftDriverJobDiscovery normal x86_64 Compiling PostgrestTransformBuilder.swift (in target 'PostgREST' from project 'Supabase')

SwiftCompile normal x86_64 Compiling\ SessionStorage.swift,\ URLOpener.swift /tmp/TasteBuddyHomeQuestionsQA/SourcePackages/checkouts/supabase-swift/Sources/Auth/Internal/SessionStorage.swift /tmp/TasteBuddyHomeQuestionsQA/SourcePackages/checkouts/supabase-swift/Sources/Auth/Internal/URLOpener.swift (in target 'Auth' from project 'Supabase')

SwiftCompile normal x86_64 /tmp/TasteBuddyHomeQuestionsQA/SourcePackages/checkouts/supabase-swift/Sources/Auth/Internal/SessionStorage.swift (in target 'Auth' from project 'Supabase')
    cd /Users/sinjunho/Desktop/Taste\ Buddy/ios/TasteBuddy.xcodeproj
    

SwiftCompile normal x86_64 /tmp/TasteBuddyHomeQuestionsQA/SourcePackages/checkouts/supabase-swift/Sources/Auth/Internal/URLOpener.swift (in target 'Auth' from project 'Supabase')
    cd /Users/sinjunho/Desktop/Taste\ Buddy/ios/TasteBuddy.xcodeproj
    

SwiftDriverJobDiscovery normal x86_64 Compiling PostgrestFilterValue.swift (in target 'PostgREST' from project 'Supabase')

SwiftDriverJobDiscovery normal x86_64 Compiling CallbackManager.swift, ChannelStateManager.swift, ConnectionManager.swift (in target 'Realtime' from project 'Supabase')

SwiftCompile normal x86_64 Compiling\ Helpers.swift,\ JWK+RSA.swift /tmp/TasteBuddyHomeQuestionsQA/SourcePackages/checkouts/supabase-swift/Sources/Auth/Internal/Helpers.swift /tmp/TasteBuddyHomeQuestionsQA/SourcePackages/checkouts/supabase-swift/Sources/Auth/Internal/JWK+RSA.swift (in target 'Auth' from project 'Supabase')

SwiftCompile normal x86_64 /tmp/TasteBuddyHomeQuestionsQA/SourcePackages/checkouts/supabase-swift/Sources/Auth/Internal/Helpers.swift (in target 'Auth' from project 'Supabase')
    cd /Users/sinjunho/Desktop/Taste\ Buddy/ios/TasteBuddy.xcodeproj
    

SwiftCompile normal x86_64 /tmp/TasteBuddyHomeQuestionsQA/SourcePackages/checkouts/supabase-swift/Sources/Auth/Internal/JWK+RSA.swift (in target 'Auth' from project 'Supabase')
    cd /Users/sinjunho/Desktop/Taste\ Buddy/ios/TasteBuddy.xcodeproj
    

SwiftDriverJobDiscovery normal x86_64 Compiling PostgrestQueryBuilder.swift (in target 'PostgREST' from project 'Supabase')

SwiftCompile normal x86_64 Compiling\ WinCredLocalStorage.swift,\ Types.swift /tmp/TasteBuddyHomeQuestionsQA/SourcePackages/checkouts/supabase-swift/Sources/Auth/Storage/WinCredLocalStorage.swift /tmp/TasteBuddyHomeQuestionsQA/SourcePackages/checkouts/supabase-swift/Sources/Auth/Types.swift (in target 'Auth' from project 'Supabase')
SwiftCompile normal x86_64 /tmp/TasteBuddyHomeQuestionsQA/SourcePackages/checkouts/supabase-swift/Sources/Auth/Storage/WinCredLocalStorage.swift (in target 'Auth' from project 'Supabase')
    cd /Users/sinjunho/Desktop/Taste\ Buddy/ios/TasteBuddy.xcodeproj
    

SwiftCompile normal x86_64 /tmp/TasteBuddyHomeQuestionsQA/SourcePackages/checkouts/supabase-swift/Sources/Auth/Types.swift (in target 'Auth' from project 'Supabase')
    cd /Users/sinjunho/Desktop/Taste\ Buddy/ios/TasteBuddy.xcodeproj
    

SwiftDriverJobDiscovery normal x86_64 Compiling StorageFileApi.swift (in target 'Storage' from project 'Supabase')

SwiftCompile normal x86_64 Compiling\ JWTAlgorithm.swift,\ Keychain.swift /tmp/TasteBuddyHomeQuestionsQA/SourcePackages/checkouts/supabase-swift/Sources/Auth/Internal/JWTAlgorithm.swift /tmp/TasteBuddyHomeQuestionsQA/SourcePackages/checkouts/supabase-swift/Sources/Auth/Internal/Keychain.swift (in target 'Auth' from project 'Supabase')

SwiftCompile normal x86_64 /tmp/TasteBuddyHomeQuestionsQA/SourcePackages/checkouts/supabase-swift/Sources/Auth/Internal/JWTAlgorithm.swift (in target 'Auth' from project 'Supabase')
    cd /Users/sinjunho/Desktop/Taste\ Buddy/ios/TasteBuddy.xcodeproj
    

SwiftCompile normal x86_64 /tmp/TasteBuddyHomeQuestionsQA/SourcePackages/checkouts/supabase-swift/Sources/Auth/Internal/Keychain.swift (in target 'Auth' from project 'Supabase')
    cd /Users/sinjunho/Desktop/Taste\ Buddy/ios/TasteBuddy.xcodeproj
    

SwiftDriverJobDiscovery normal x86_64 Compiling HeartbeatTimer.swift, PhoenixTransport.swift, Presence.swift (in target 'Realtime' from project 'Supabase')

SwiftDriver\ Compilation Storage normal x86_64 com.apple.xcode.tools.swift.compiler (in target 'Storage' from project 'Supabase')
    cd /Users/sinjunho/Desktop/Taste\ Buddy/ios/TasteBuddy.xcodeproj
    builtin-Swift-Compilation -- /Applications/Xcode.app/Contents/Developer/Toolchains/XcodeDefault.xctoolchain/usr/bin/swiftc -module-name Storage -Onone @/tmp/TasteBuddyHomeQuestionsQA/Build/Intermediates.noindex/Supabase.build/Debug-iphonesimulator/Storage.build/Objects-normal/x86_64/Storage.SwiftFileList -DSWIFT_PACKAGE -DDEBUG -DSWIFT_MODULE_RESOURCE_BUNDLE_UNAVAILABLE -DXcode -enable-upcoming-feature ExistentialAny -enable-experimental-feature StrictConcurrency -plugin-path /Applications/Xcode.app/Contents/Developer/Toolchains/XcodeDefault.xctoolchain/usr/lib/swift/host/plugins/testing -enable-experimental-feature DebugDescriptionMacro -sdk /Applications/Xcode.app/Contents/Developer/Platforms/iPhoneSimulator.platform/Developer/SDKs/iPhoneSimulator26.5.sdk -target x86_64-apple-ios13.0-simulator -g -module-cache-path /tmp/TasteBuddyHomeQuestionsQA/ModuleCache.noindex -Xfrontend -serialize-debugging-options -enable-testing -suppress-warnings -index-store-path /tmp/TasteBuddyHomeQuestionsQA/Index.noindex/DataStore -Xcc -D_LIBCPP_HARDENING_MODE\=_LIBCPP_HARDENING_MODE_DEBUG -swift-version 5 -I /tmp/TasteBuddyHomeQuestionsQA/Build/Products/Debug-iphonesimulator -Isystem /Applications/Xcode.app/Contents/Developer/Platforms/iPhoneSimulator.platform/Developer/usr/lib -F /tmp/TasteBuddyHomeQuestionsQA/Build/Products/Debug-iphonesimulator/PackageFrameworks -F /tmp/TasteBuddyHomeQuestionsQA/Build/Products/Debug-iphonesimulator/PackageFrameworks -F /tmp/TasteBuddyHomeQuestionsQA/Build/Products/Debug-iphonesimulator/PackageFrameworks -F /tmp/TasteBuddyHomeQuestionsQA/Build/Products/Debug-iphonesimulator/PackageFrameworks -F /tmp/TasteBuddyHomeQuestionsQA/Build/Products/Debug-iphonesimulator/PackageFrameworks -F /tmp/TasteBuddyHomeQuestionsQA/Build/Products/Debug-iphonesimulator/PackageFrameworks -F /tmp/TasteBuddyHomeQuestionsQA/Build/Products/Debug-iphonesimulator/PackageFrameworks -F /tmp/TasteBuddyHomeQuestionsQA/Build/Products/Debug-iphonesimulator -F /Applications/Xcode.app/Contents/Developer/Platforms/iPhoneSimulator.platform/Developer/Library/Frameworks -F /Applications/Xcode.app/Contents/Developer/Platforms/iPhoneSimulator.platform/Developer/SDKs/iPhoneSimulator26.5.sdk/Developer/Library/Frameworks -c -j12 -enable-batch-mode -incremental -Xcc -ivfsstatcache -Xcc /tmp/TasteBuddyHomeQuestionsQA/SDKStatCaches.noindex/iphonesimulator26.5-23F81a-6cfe768891a92b912361537c460fe42b.sdkstatcache -output-file-map /tmp/TasteBuddyHomeQuestionsQA/Build/Intermediates.noindex/Supabase.build/Debug-iphonesimulator/Storage.build/Objects-normal/x86_64/Storage-OutputFileMap.json -use-frontend-parseable-output -save-temps -no-color-diagnostics -explicit-module-build -module-cache-path /tmp/TasteBuddyHomeQuestionsQA/Build/Intermediates.noindex/SwiftExplicitPrecompiledModules -clang-scanner-module-cache-path /tmp/TasteBuddyHomeQuestionsQA/ModuleCache.noindex -sdk-module-cache-path /tmp/TasteBuddyHomeQuestionsQA/ModuleCache.noindex -serialize-diagnostics -emit-dependencies -emit-module -emit-module-path /tmp/TasteBuddyHomeQuestionsQA/Build/Intermediates.noindex/Supabase.build/Debug-iphonesimulator/Storage.build/Objects-normal/x86_64/Storage.swiftmodule -validate-clang-modules-once -clang-build-session-file /tmp/TasteBuddyHomeQuestionsQA/ModuleCache.noindex/Session.modulevalidation -package-name supabase_swift -Xcc -I/tmp/TasteBuddyHomeQuestionsQA/Build/Intermediates.noindex/Supabase.build/Debug-iphonesimulator/Storage.build/swift-overrides.hmap -emit-const-values -Xfrontend -const-gather-protocols-file -Xfrontend /tmp/TasteBuddyHomeQuestionsQA/Build/Intermediates.noindex/Supabase.build/Debug-iphonesimulator/Storage.build/Objects-normal/x86_64/Storage_const_extract_protocols.json -Xcc -I/tmp/TasteBuddyHomeQuestionsQA/Build/Products/Debug-iphonesimulator/include -Xcc -I/tmp/TasteBuddyHomeQuestionsQA/Build/Intermediates.noindex/Supabase.build/Debug-iphonesimulator/Storage.build/DerivedSources-normal/x86_64 -Xcc -I/tmp/TasteBuddyHomeQuestionsQA/Build/Intermediates.noindex/Supabase.build/Debug-iphonesimulator/Storage.build/DerivedSources/x86_64 -Xcc -I/tmp/TasteBuddyHomeQuestionsQA/Build/Intermediates.noindex/Supabase.build/Debug-iphonesimulator/Storage.build/DerivedSources -Xcc -DSWIFT_PACKAGE -Xcc -DDEBUG\=1 -emit-objc-header -emit-objc-header-path /tmp/TasteBuddyHomeQuestionsQA/Build/Intermediates.noindex/Supabase.build/Debug-iphonesimulator/Storage.build/Objects-normal/x86_64/Storage-Swift.h -working-directory /Users/sinjunho/Desktop/Taste\ Buddy/ios/TasteBuddy.xcodeproj -experimental-emit-module-separately -disable-cmo

SwiftCompile normal x86_64 Compiling\ AuthLocalStorage.swift,\ KeychainLocalStorage.swift /tmp/TasteBuddyHomeQuestionsQA/SourcePackages/checkouts/supabase-swift/Sources/Auth/Storage/AuthLocalStorage.swift /tmp/TasteBuddyHomeQuestionsQA/SourcePackages/checkouts/supabase-swift/Sources/Auth/Storage/KeychainLocalStorage.swift (in target 'Auth' from project 'Supabase')

SwiftCompile normal x86_64 /tmp/TasteBuddyHomeQuestionsQA/SourcePackages/checkouts/supabase-swift/Sources/Auth/Storage/AuthLocalStorage.swift (in target 'Auth' from project 'Supabase')
    cd /Users/sinjunho/Desktop/Taste\ Buddy/ios/TasteBuddy.xcodeproj
    

SwiftCompile normal x86_64 /tmp/TasteBuddyHomeQuestionsQA/SourcePackages/checkouts/supabase-swift/Sources/Auth/Storage/KeychainLocalStorage.swift (in target 'Auth' from project 'Supabase')
    cd /Users/sinjunho/Desktop/Taste\ Buddy/ios/TasteBuddy.xcodeproj
    

SwiftCompile normal x86_64 Compiling\ AuthClientConfiguration.swift,\ AuthError.swift,\ AuthMFA.swift /tmp/TasteBuddyHomeQuestionsQA/SourcePackages/checkouts/supabase-swift/Sources/Auth/AuthClientConfiguration.swift /tmp/TasteBuddyHomeQuestionsQA/SourcePackages/checkouts/supabase-swift/Sources/Auth/AuthError.swift /tmp/TasteBuddyHomeQuestionsQA/SourcePackages/checkouts/supabase-swift/Sources/Auth/AuthMFA.swift (in target 'Auth' from project 'Supabase')

SwiftCompile normal x86_64 /tmp/TasteBuddyHomeQuestionsQA/SourcePackages/checkouts/supabase-swift/Sources/Auth/AuthClientConfiguration.swift (in target 'Auth' from project 'Supabase')
    cd /Users/sinjunho/Desktop/Taste\ Buddy/ios/TasteBuddy.xcodeproj
    

SwiftCompile normal x86_64 /tmp/TasteBuddyHomeQuestionsQA/SourcePackages/checkouts/supabase-swift/Sources/Auth/AuthError.swift (in target 'Auth' from project 'Supabase')
    cd /Users/sinjunho/Desktop/Taste\ Buddy/ios/TasteBuddy.xcodeproj
    

SwiftCompile normal x86_64 /tmp/TasteBuddyHomeQuestionsQA/SourcePackages/checkouts/supabase-swift/Sources/Auth/AuthMFA.swift (in target 'Auth' from project 'Supabase')
    cd /Users/sinjunho/Desktop/Taste\ Buddy/ios/TasteBuddy.xcodeproj
    

SwiftDriverJobDiscovery normal x86_64 Compiling PostgrestFilterBuilder.swift (in target 'PostgREST' from project 'Supabase')

SwiftDriver\ Compilation PostgREST normal x86_64 com.apple.xcode.tools.swift.compiler (in target 'PostgREST' from project 'Supabase')
    cd /Users/sinjunho/Desktop/Taste\ Buddy/ios/TasteBuddy.xcodeproj
    builtin-Swift-Compilation -- /Applications/Xcode.app/Contents/Developer/Toolchains/XcodeDefault.xctoolchain/usr/bin/swiftc -module-name PostgREST -Onone @/tmp/TasteBuddyHomeQuestionsQA/Build/Intermediates.noindex/Supabase.build/Debug-iphonesimulator/PostgREST.build/Objects-normal/x86_64/PostgREST.SwiftFileList -DSWIFT_PACKAGE -DDEBUG -DSWIFT_MODULE_RESOURCE_BUNDLE_UNAVAILABLE -DXcode -enable-upcoming-feature ExistentialAny -enable-experimental-feature StrictConcurrency -plugin-path /Applications/Xcode.app/Contents/Developer/Toolchains/XcodeDefault.xctoolchain/usr/lib/swift/host/plugins/testing -enable-experimental-feature DebugDescriptionMacro -sdk /Applications/Xcode.app/Contents/Developer/Platforms/iPhoneSimulator.platform/Developer/SDKs/iPhoneSimulator26.5.sdk -target x86_64-apple-ios13.0-simulator -g -module-cache-path /tmp/TasteBuddyHomeQuestionsQA/ModuleCache.noindex -Xfrontend -serialize-debugging-options -enable-testing -suppress-warnings -index-store-path /tmp/TasteBuddyHomeQuestionsQA/Index.noindex/DataStore -Xcc -D_LIBCPP_HARDENING_MODE\=_LIBCPP_HARDENING_MODE_DEBUG -swift-version 5 -I /tmp/TasteBuddyHomeQuestionsQA/Build/Products/Debug-iphonesimulator -Isystem /Applications/Xcode.app/Contents/Developer/Platforms/iPhoneSimulator.platform/Developer/usr/lib -F /tmp/TasteBuddyHomeQuestionsQA/Build/Products/Debug-iphonesimulator/PackageFrameworks -F /tmp/TasteBuddyHomeQuestionsQA/Build/Products/Debug-iphonesimulator/PackageFrameworks -F /tmp/TasteBuddyHomeQuestionsQA/Build/Products/Debug-iphonesimulator/PackageFrameworks -F /tmp/TasteBuddyHomeQuestionsQA/Build/Products/Debug-iphonesimulator/PackageFrameworks -F /tmp/TasteBuddyHomeQuestionsQA/Build/Products/Debug-iphonesimulator/PackageFrameworks -F /tmp/TasteBuddyHomeQuestionsQA/Build/Products/Debug-iphonesimulator/PackageFrameworks -F /tmp/TasteBuddyHomeQuestionsQA/Build/Products/Debug-iphonesimulator/PackageFrameworks -F /tmp/TasteBuddyHomeQuestionsQA/Build/Products/Debug-iphonesimulator -F /Applications/Xcode.app/Contents/Developer/Platforms/iPhoneSimulator.platform/Developer/Library/Frameworks -F /Applications/Xcode.app/Contents/Developer/Platforms/iPhoneSimulator.platform/Developer/SDKs/iPhoneSimulator26.5.sdk/Developer/Library/Frameworks -c -j12 -enable-batch-mode -incremental -Xcc -ivfsstatcache -Xcc /tmp/TasteBuddyHomeQuestionsQA/SDKStatCaches.noindex/iphonesimulator26.5-23F81a-6cfe768891a92b912361537c460fe42b.sdkstatcache -output-file-map /tmp/TasteBuddyHomeQuestionsQA/Build/Intermediates.noindex/Supabase.build/Debug-iphonesimulator/PostgREST.build/Objects-normal/x86_64/PostgREST-OutputFileMap.json -use-frontend-parseable-output -save-temps -no-color-diagnostics -explicit-module-build -module-cache-path /tmp/TasteBuddyHomeQuestionsQA/Build/Intermediates.noindex/SwiftExplicitPrecompiledModules -clang-scanner-module-cache-path /tmp/TasteBuddyHomeQuestionsQA/ModuleCache.noindex -sdk-module-cache-path /tmp/TasteBuddyHomeQuestionsQA/ModuleCache.noindex -serialize-diagnostics -emit-dependencies -emit-module -emit-module-path /tmp/TasteBuddyHomeQuestionsQA/Build/Intermediates.noindex/Supabase.build/Debug-iphonesimulator/PostgREST.build/Objects-normal/x86_64/PostgREST.swiftmodule -validate-clang-modules-once -clang-build-session-file /tmp/TasteBuddyHomeQuestionsQA/ModuleCache.noindex/Session.modulevalidation -package-name supabase_swift -Xcc -I/tmp/TasteBuddyHomeQuestionsQA/Build/Intermediates.noindex/Supabase.build/Debug-iphonesimulator/PostgREST.build/swift-overrides.hmap -emit-const-values -Xfrontend -const-gather-protocols-file -Xfrontend /tmp/TasteBuddyHomeQuestionsQA/Build/Intermediates.noindex/Supabase.build/Debug-iphonesimulator/PostgREST.build/Objects-normal/x86_64/PostgREST_const_extract_protocols.json -Xcc -I/tmp/TasteBuddyHomeQuestionsQA/Build/Products/Debug-iphonesimulator/include -Xcc -I/tmp/TasteBuddyHomeQuestionsQA/Build/Intermediates.noindex/Supabase.build/Debug-iphonesimulator/PostgREST.build/DerivedSources-normal/x86_64 -Xcc -I/tmp/TasteBuddyHomeQuestionsQA/Build/Intermediates.noindex/Supabase.build/Debug-iphonesimulator/PostgREST.build/DerivedSources/x86_64 -Xcc -I/tmp/TasteBuddyHomeQuestionsQA/Build/Intermediates.noindex/Supabase.build/Debug-iphonesimulator/PostgREST.build/DerivedSources -Xcc -DSWIFT_PACKAGE -Xcc -DDEBUG\=1 -emit-objc-header -emit-objc-header-path /tmp/TasteBuddyHomeQuestionsQA/Build/Intermediates.noindex/Supabase.build/Debug-iphonesimulator/PostgREST.build/Objects-normal/x86_64/PostgREST-Swift.h -working-directory /Users/sinjunho/Desktop/Taste\ Buddy/ios/TasteBuddy.xcodeproj -experimental-emit-module-separately -disable-cmo

SwiftDriverJobDiscovery normal x86_64 Compiling RealtimeSerializer.swift, Types.swift (in target 'Realtime' from project 'Supabase')

SwiftCompile normal x86_64 Compiling\ AuthStateChangeListener.swift,\ Defaults.swift,\ Deprecated.swift /tmp/TasteBuddyHomeQuestionsQA/SourcePackages/checkouts/supabase-swift/Sources/Auth/AuthStateChangeListener.swift /tmp/TasteBuddyHomeQuestionsQA/SourcePackages/checkouts/supabase-swift/Sources/Auth/Defaults.swift /tmp/TasteBuddyHomeQuestionsQA/SourcePackages/checkouts/supabase-swift/Sources/Auth/Deprecated.swift (in target 'Auth' from project 'Supabase')

SwiftCompile normal x86_64 /tmp/TasteBuddyHomeQuestionsQA/SourcePackages/checkouts/supabase-swift/Sources/Auth/AuthStateChangeListener.swift (in target 'Auth' from project 'Supabase')
    cd /Users/sinjunho/Desktop/Taste\ Buddy/ios/TasteBuddy.xcodeproj
    

SwiftCompile normal x86_64 /tmp/TasteBuddyHomeQuestionsQA/SourcePackages/checkouts/supabase-swift/Sources/Auth/Defaults.swift (in target 'Auth' from project 'Supabase')
    cd /Users/sinjunho/Desktop/Taste\ Buddy/ios/TasteBuddy.xcodeproj
    

SwiftCompile normal x86_64 /tmp/TasteBuddyHomeQuestionsQA/SourcePackages/checkouts/supabase-swift/Sources/Auth/Deprecated.swift (in target 'Auth' from project 'Supabase')
    cd /Users/sinjunho/Desktop/Taste\ Buddy/ios/TasteBuddy.xcodeproj
    

SwiftCompile normal x86_64 Compiling\ EventEmitter.swift,\ FixedWidthInteger+Random.swift /tmp/TasteBuddyHomeQuestionsQA/SourcePackages/checkouts/supabase-swift/Sources/Auth/Internal/EventEmitter.swift /tmp/TasteBuddyHomeQuestionsQA/SourcePackages/checkouts/supabase-swift/Sources/Auth/Internal/FixedWidthInteger+Random.swift (in target 'Auth' from project 'Supabase')

SwiftCompile normal x86_64 /tmp/TasteBuddyHomeQuestionsQA/SourcePackages/checkouts/supabase-swift/Sources/Auth/Internal/EventEmitter.swift (in target 'Auth' from project 'Supabase')
    cd /Users/sinjunho/Desktop/Taste\ Buddy/ios/TasteBuddy.xcodeproj
    

SwiftCompile normal x86_64 /tmp/TasteBuddyHomeQuestionsQA/SourcePackages/checkouts/supabase-swift/Sources/Auth/Internal/FixedWidthInteger+Random.swift (in target 'Auth' from project 'Supabase')
    cd /Users/sinjunho/Desktop/Taste\ Buddy/ios/TasteBuddy.xcodeproj
    

SwiftDriverJobDiscovery normal x86_64 Compiling AuthLocalStorage.swift, KeychainLocalStorage.swift (in target 'Auth' from project 'Supabase')

SwiftCompile normal x86_64 Compiling\ AuthAdmin.swift,\ AuthAdminOAuth.swift,\ AuthClient.swift /tmp/TasteBuddyHomeQuestionsQA/SourcePackages/checkouts/supabase-swift/Sources/Auth/AuthAdmin.swift /tmp/TasteBuddyHomeQuestionsQA/SourcePackages/checkouts/supabase-swift/Sources/Auth/AuthAdminOAuth.swift /tmp/TasteBuddyHomeQuestionsQA/SourcePackages/checkouts/supabase-swift/Sources/Auth/AuthClient.swift (in target 'Auth' from project 'Supabase')

SwiftCompile normal x86_64 /tmp/TasteBuddyHomeQuestionsQA/SourcePackages/checkouts/supabase-swift/Sources/Auth/AuthAdmin.swift (in target 'Auth' from project 'Supabase')
    cd /Users/sinjunho/Desktop/Taste\ Buddy/ios/TasteBuddy.xcodeproj
    

SwiftCompile normal x86_64 /tmp/TasteBuddyHomeQuestionsQA/SourcePackages/checkouts/supabase-swift/Sources/Auth/AuthAdminOAuth.swift (in target 'Auth' from project 'Supabase')
    cd /Users/sinjunho/Desktop/Taste\ Buddy/ios/TasteBuddy.xcodeproj
    

SwiftCompile normal x86_64 /tmp/TasteBuddyHomeQuestionsQA/SourcePackages/checkouts/supabase-swift/Sources/Auth/AuthClient.swift (in target 'Auth' from project 'Supabase')
    cd /Users/sinjunho/Desktop/Taste\ Buddy/ios/TasteBuddy.xcodeproj
    

SwiftDriverJobDiscovery normal x86_64 Compiling PushV2.swift, RealtimeChannel+AsyncAwait.swift, RealtimeChannelV2.swift (in target 'Realtime' from project 'Supabase')

SwiftCompile normal x86_64 Compiling\ PKCE.swift,\ SessionManager.swift /tmp/TasteBuddyHomeQuestionsQA/SourcePackages/checkouts/supabase-swift/Sources/Auth/Internal/PKCE.swift /tmp/TasteBuddyHomeQuestionsQA/SourcePackages/checkouts/supabase-swift/Sources/Auth/Internal/SessionManager.swift (in target 'Auth' from project 'Supabase')

SwiftCompile normal x86_64 /tmp/TasteBuddyHomeQuestionsQA/SourcePackages/checkouts/supabase-swift/Sources/Auth/Internal/PKCE.swift (in target 'Auth' from project 'Supabase')
    cd /Users/sinjunho/Desktop/Taste\ Buddy/ios/TasteBuddy.xcodeproj
    

SwiftCompile normal x86_64 /tmp/TasteBuddyHomeQuestionsQA/SourcePackages/checkouts/supabase-swift/Sources/Auth/Internal/SessionManager.swift (in target 'Auth' from project 'Supabase')
    cd /Users/sinjunho/Desktop/Taste\ Buddy/ios/TasteBuddy.xcodeproj
    

SwiftDriverJobDiscovery normal x86_64 Compiling AuthStateChangeListener.swift, Defaults.swift, Deprecated.swift (in target 'Auth' from project 'Supabase')

SwiftDriverJobDiscovery normal x86_64 Compiling JWTAlgorithm.swift, Keychain.swift (in target 'Auth' from project 'Supabase')

Ld /tmp/TasteBuddyHomeQuestionsQA/Build/Products/Debug-iphonesimulator/Storage.o normal (in target 'Storage' from project 'Supabase')
    cd /tmp/TasteBuddyHomeQuestionsQA/SourcePackages/checkouts/supabase-swift
    /Applications/Xcode.app/Contents/Developer/Toolchains/XcodeDefault.xctoolchain/usr/bin/clang -Xlinker -reproducible -target x86_64-apple-ios13.0-simulator -r -isysroot /Applications/Xcode.app/Contents/Developer/Platforms/iPhoneSimulator.platform/Developer/SDKs/iPhoneSimulator26.5.sdk -O0 -w -F/tmp/TasteBuddyHomeQuestionsQA/Build/Intermediates.noindex/EagerLinkingTBDs/Debug-iphonesimulator -F/tmp/TasteBuddyHomeQuestionsQA/Build/Products/Debug-iphonesimulator/PackageFrameworks -F/tmp/TasteBuddyHomeQuestionsQA/Build/Products/Debug-iphonesimulator/PackageFrameworks -F/tmp/TasteBuddyHomeQuestionsQA/Build/Products/Debug-iphonesimulator/PackageFrameworks -F/tmp/TasteBuddyHomeQuestionsQA/Build/Products/Debug-iphonesimulator/PackageFrameworks -F/tmp/TasteBuddyHomeQuestionsQA/Build/Products/Debug-iphonesimulator/PackageFrameworks -F/tmp/TasteBuddyHomeQuestionsQA/Build/Products/Debug-iphonesimulator/PackageFrameworks -F/tmp/TasteBuddyHomeQuestionsQA/Build/Products/Debug-iphonesimulator/PackageFrameworks -F/tmp/TasteBuddyHomeQuestionsQA/Build/Products/Debug-iphonesimulator -iframework /Applications/Xcode.app/Contents/Developer/Platforms/iPhoneSimulator.platform/Developer/Library/Frameworks -iframework /Applications/Xcode.app/Contents/Developer/Platforms/iPhoneSimulator.platform/Developer/SDKs/iPhoneSimulator26.5.sdk/Developer/Library/Frameworks -filelist /tmp/TasteBuddyHomeQuestionsQA/Build/Intermediates.noindex/Supabase.build/Debug-iphonesimulator/Storage.build/Objects-normal/x86_64/Storage.LinkFileList -nostdlib -Xlinker -object_path_lto -Xlinker /tmp/TasteBuddyHomeQuestionsQA/Build/Intermediates.noindex/Supabase.build/Debug-iphonesimulator/Storage.build/Objects-normal/x86_64/Storage_lto.o -Xlinker -no_deduplicate -Xlinker -objc_abi_version -Xlinker 2 -Xlinker -dependency_info -Xlinker /tmp/TasteBuddyHomeQuestionsQA/Build/Intermediates.noindex/Supabase.build/Debug-iphonesimulator/Storage.build/Objects-normal/x86_64/Storage_dependency_info.dat -fobjc-link-runtime -L/Applications/Xcode.app/Contents/Developer/Toolchains/XcodeDefault.xctoolchain/usr/lib/swift/iphonesimulator -L/usr/lib/swift -Xlinker -add_ast_path -Xlinker /tmp/TasteBuddyHomeQuestionsQA/Build/Intermediates.noindex/Supabase.build/Debug-iphonesimulator/Storage.build/Objects-normal/x86_64/Storage.swiftmodule @/tmp/TasteBuddyHomeQuestionsQA/Build/Intermediates.noindex/Supabase.build/Debug-iphonesimulator/Storage.build/Objects-normal/x86_64/Storage-linker-args.resp -o /tmp/TasteBuddyHomeQuestionsQA/Build/Products/Debug-iphonesimulator/Storage.o

Ld /tmp/TasteBuddyHomeQuestionsQA/Build/Products/Debug-iphonesimulator/PostgREST.o normal (in target 'PostgREST' from project 'Supabase')
    cd /tmp/TasteBuddyHomeQuestionsQA/SourcePackages/checkouts/supabase-swift
    /Applications/Xcode.app/Contents/Developer/Toolchains/XcodeDefault.xctoolchain/usr/bin/clang -Xlinker -reproducible -target x86_64-apple-ios13.0-simulator -r -isysroot /Applications/Xcode.app/Contents/Developer/Platforms/iPhoneSimulator.platform/Developer/SDKs/iPhoneSimulator26.5.sdk -O0 -w -F/tmp/TasteBuddyHomeQuestionsQA/Build/Intermediates.noindex/EagerLinkingTBDs/Debug-iphonesimulator -F/tmp/TasteBuddyHomeQuestionsQA/Build/Products/Debug-iphonesimulator/PackageFrameworks -F/tmp/TasteBuddyHomeQuestionsQA/Build/Products/Debug-iphonesimulator/PackageFrameworks -F/tmp/TasteBuddyHomeQuestionsQA/Build/Products/Debug-iphonesimulator/PackageFrameworks -F/tmp/TasteBuddyHomeQuestionsQA/Build/Products/Debug-iphonesimulator/PackageFrameworks -F/tmp/TasteBuddyHomeQuestionsQA/Build/Products/Debug-iphonesimulator/PackageFrameworks -F/tmp/TasteBuddyHomeQuestionsQA/Build/Products/Debug-iphonesimulator/PackageFrameworks -F/tmp/TasteBuddyHomeQuestionsQA/Build/Products/Debug-iphonesimulator/PackageFrameworks -F/tmp/TasteBuddyHomeQuestionsQA/Build/Products/Debug-iphonesimulator -iframework /Applications/Xcode.app/Contents/Developer/Platforms/iPhoneSimulator.platform/Developer/Library/Frameworks -iframework /Applications/Xcode.app/Contents/Developer/Platforms/iPhoneSimulator.platform/Developer/SDKs/iPhoneSimulator26.5.sdk/Developer/Library/Frameworks -filelist /tmp/TasteBuddyHomeQuestionsQA/Build/Intermediates.noindex/Supabase.build/Debug-iphonesimulator/PostgREST.build/Objects-normal/x86_64/PostgREST.LinkFileList -nostdlib -Xlinker -object_path_lto -Xlinker /tmp/TasteBuddyHomeQuestionsQA/Build/Intermediates.noindex/Supabase.build/Debug-iphonesimulator/PostgREST.build/Objects-normal/x86_64/PostgREST_lto.o -Xlinker -no_deduplicate -Xlinker -objc_abi_version -Xlinker 2 -Xlinker -dependency_info -Xlinker /tmp/TasteBuddyHomeQuestionsQA/Build/Intermediates.noindex/Supabase.build/Debug-iphonesimulator/PostgREST.build/Objects-normal/x86_64/PostgREST_dependency_info.dat -fobjc-link-runtime -L/Applications/Xcode.app/Contents/Developer/Toolchains/XcodeDefault.xctoolchain/usr/lib/swift/iphonesimulator -L/usr/lib/swift -Xlinker -add_ast_path -Xlinker /tmp/TasteBuddyHomeQuestionsQA/Build/Intermediates.noindex/Supabase.build/Debug-iphonesimulator/PostgREST.build/Objects-normal/x86_64/PostgREST.swiftmodule @/tmp/TasteBuddyHomeQuestionsQA/Build/Intermediates.noindex/Supabase.build/Debug-iphonesimulator/PostgREST.build/Objects-normal/x86_64/PostgREST-linker-args.resp -o /tmp/TasteBuddyHomeQuestionsQA/Build/Products/Debug-iphonesimulator/PostgREST.o

SwiftDriverJobDiscovery normal x86_64 Compiling Constants.swift, Dependencies.swift (in target 'Auth' from project 'Supabase')

Ld /tmp/TasteBuddyHomeQuestionsQA/Build/Products/Debug-iphonesimulator/Functions.o normal (in target 'Functions' from project 'Supabase')
    cd /tmp/TasteBuddyHomeQuestionsQA/SourcePackages/checkouts/supabase-swift
    /Applications/Xcode.app/Contents/Developer/Toolchains/XcodeDefault.xctoolchain/usr/bin/clang -Xlinker -reproducible -target x86_64-apple-ios13.0-simulator -r -isysroot /Applications/Xcode.app/Contents/Developer/Platforms/iPhoneSimulator.platform/Developer/SDKs/iPhoneSimulator26.5.sdk -O0 -w -F/tmp/TasteBuddyHomeQuestionsQA/Build/Intermediates.noindex/EagerLinkingTBDs/Debug-iphonesimulator -F/tmp/TasteBuddyHomeQuestionsQA/Build/Products/Debug-iphonesimulator/PackageFrameworks -F/tmp/TasteBuddyHomeQuestionsQA/Build/Products/Debug-iphonesimulator/PackageFrameworks -F/tmp/TasteBuddyHomeQuestionsQA/Build/Products/Debug-iphonesimulator/PackageFrameworks -F/tmp/TasteBuddyHomeQuestionsQA/Build/Products/Debug-iphonesimulator/PackageFrameworks -F/tmp/TasteBuddyHomeQuestionsQA/Build/Products/Debug-iphonesimulator/PackageFrameworks -F/tmp/TasteBuddyHomeQuestionsQA/Build/Products/Debug-iphonesimulator/PackageFrameworks -F/tmp/TasteBuddyHomeQuestionsQA/Build/Products/Debug-iphonesimulator/PackageFrameworks -F/tmp/TasteBuddyHomeQuestionsQA/Build/Products/Debug-iphonesimulator -iframework /Applications/Xcode.app/Contents/Developer/Platforms/iPhoneSimulator.platform/Developer/Library/Frameworks -iframework /Applications/Xcode.app/Contents/Developer/Platforms/iPhoneSimulator.platform/Developer/SDKs/iPhoneSimulator26.5.sdk/Developer/Library/Frameworks -filelist /tmp/TasteBuddyHomeQuestionsQA/Build/Intermediates.noindex/Supabase.build/Debug-iphonesimulator/Functions.build/Objects-normal/x86_64/Functions.LinkFileList -nostdlib -Xlinker -object_path_lto -Xlinker /tmp/TasteBuddyHomeQuestionsQA/Build/Intermediates.noindex/Supabase.build/Debug-iphonesimulator/Functions.build/Objects-normal/x86_64/Functions_lto.o -Xlinker -no_deduplicate -Xlinker -objc_abi_version -Xlinker 2 -Xlinker -dependency_info -Xlinker /tmp/TasteBuddyHomeQuestionsQA/Build/Intermediates.noindex/Supabase.build/Debug-iphonesimulator/Functions.build/Objects-normal/x86_64/Functions_dependency_info.dat -fobjc-link-runtime -L/Applications/Xcode.app/Contents/Developer/Toolchains/XcodeDefault.xctoolchain/usr/lib/swift/iphonesimulator -L/usr/lib/swift -Xlinker -add_ast_path -Xlinker /tmp/TasteBuddyHomeQuestionsQA/Build/Intermediates.noindex/Supabase.build/Debug-iphonesimulator/Functions.build/Objects-normal/x86_64/Functions.swiftmodule @/tmp/TasteBuddyHomeQuestionsQA/Build/Intermediates.noindex/Supabase.build/Debug-iphonesimulator/Functions.build/Objects-normal/x86_64/Functions-linker-args.resp -o /tmp/TasteBuddyHomeQuestionsQA/Build/Products/Debug-iphonesimulator/Functions.o

SwiftDriverJobDiscovery normal x86_64 Compiling Helpers.swift, JWK+RSA.swift (in target 'Auth' from project 'Supabase')

ExtractAppIntentsMetadata (in target 'PostgREST' from project 'Supabase')
    cd /tmp/TasteBuddyHomeQuestionsQA/SourcePackages/checkouts/supabase-swift
    /Applications/Xcode.app/Contents/Developer/Toolchains/XcodeDefault.xctoolchain/usr/bin/appintentsmetadataprocessor --toolchain-dir /Applications/Xcode.app/Contents/Developer/Toolchains/XcodeDefault.xctoolchain --module-name PostgREST --sdk-root /Applications/Xcode.app/Contents/Developer/Platforms/iPhoneSimulator.platform/Developer/SDKs/iPhoneSimulator26.5.sdk --xcode-version 17F113 --platform-family iOS --deployment-target 13.0 --bundle-identifier supabase-swift.PostgREST --output /tmp/TasteBuddyHomeQuestionsQA/Build/Products/Debug-iphonesimulator/PostgREST.appintents --target-triple x86_64-apple-ios13.0-simulator --binary-file /tmp/TasteBuddyHomeQuestionsQA/Build/Products/Debug-iphonesimulator/PostgREST.o --dependency-file /tmp/TasteBuddyHomeQuestionsQA/Build/Intermediates.noindex/Supabase.build/Debug-iphonesimulator/PostgREST.build/Objects-normal/x86_64/PostgREST_dependency_info.dat --stringsdata-file /tmp/TasteBuddyHomeQuestionsQA/Build/Intermediates.noindex/Supabase.build/Debug-iphonesimulator/PostgREST.build/Objects-normal/x86_64/ExtractedAppShortcutsMetadata.stringsdata --source-file-list /tmp/TasteBuddyHomeQuestionsQA/Build/Intermediates.noindex/Supabase.build/Debug-iphonesimulator/PostgREST.build/Objects-normal/x86_64/PostgREST.SwiftFileList --metadata-file-list /tmp/TasteBuddyHomeQuestionsQA/Build/Intermediates.noindex/Supabase.build/Debug-iphonesimulator/PostgREST.build/PostgREST.DependencyMetadataFileList --static-metadata-file-list /tmp/TasteBuddyHomeQuestionsQA/Build/Intermediates.noindex/Supabase.build/Debug-iphonesimulator/PostgREST.build/PostgREST.DependencyStaticMetadataFileList --swift-const-vals-list /tmp/TasteBuddyHomeQuestionsQA/Build/Intermediates.noindex/Supabase.build/Debug-iphonesimulator/PostgREST.build/Objects-normal/x86_64/PostgREST.SwiftConstValuesFileList --force --compile-time-extraction --deployment-aware-processing --validate-assistant-intents --no-app-shortcuts-localization
2026-09-13 16:11:41.635 appintentsmetadataprocessor[82502:4042345] Starting appintentsmetadataprocessor export
2026-09-13 16:11:41.661 appintentsmetadataprocessor[82502:4042345] Extracted no relevant App Intents symbols, skipping writing output

ExtractAppIntentsMetadata (in target 'Storage' from project 'Supabase')
    cd /tmp/TasteBuddyHomeQuestionsQA/SourcePackages/checkouts/supabase-swift
    /Applications/Xcode.app/Contents/Developer/Toolchains/XcodeDefault.xctoolchain/usr/bin/appintentsmetadataprocessor --toolchain-dir /Applications/Xcode.app/Contents/Developer/Toolchains/XcodeDefault.xctoolchain --module-name Storage --sdk-root /Applications/Xcode.app/Contents/Developer/Platforms/iPhoneSimulator.platform/Developer/SDKs/iPhoneSimulator26.5.sdk --xcode-version 17F113 --platform-family iOS --deployment-target 13.0 --bundle-identifier supabase-swift.Storage --output /tmp/TasteBuddyHomeQuestionsQA/Build/Products/Debug-iphonesimulator/Storage.appintents --target-triple x86_64-apple-ios13.0-simulator --binary-file /tmp/TasteBuddyHomeQuestionsQA/Build/Products/Debug-iphonesimulator/Storage.o --dependency-file /tmp/TasteBuddyHomeQuestionsQA/Build/Intermediates.noindex/Supabase.build/Debug-iphonesimulator/Storage.build/Objects-normal/x86_64/Storage_dependency_info.dat --stringsdata-file /tmp/TasteBuddyHomeQuestionsQA/Build/Intermediates.noindex/Supabase.build/Debug-iphonesimulator/Storage.build/Objects-normal/x86_64/ExtractedAppShortcutsMetadata.stringsdata --source-file-list /tmp/TasteBuddyHomeQuestionsQA/Build/Intermediates.noindex/Supabase.build/Debug-iphonesimulator/Storage.build/Objects-normal/x86_64/Storage.SwiftFileList --metadata-file-list /tmp/TasteBuddyHomeQuestionsQA/Build/Intermediates.noindex/Supabase.build/Debug-iphonesimulator/Storage.build/Storage.DependencyMetadataFileList --static-metadata-file-list /tmp/TasteBuddyHomeQuestionsQA/Build/Intermediates.noindex/Supabase.build/Debug-iphonesimulator/Storage.build/Storage.DependencyStaticMetadataFileList --swift-const-vals-list /tmp/TasteBuddyHomeQuestionsQA/Build/Intermediates.noindex/Supabase.build/Debug-iphonesimulator/Storage.build/Objects-normal/x86_64/Storage.SwiftConstValuesFileList --force --compile-time-extraction --deployment-aware-processing --validate-assistant-intents --no-app-shortcuts-localization
2026-09-13 16:11:41.636 appintentsmetadataprocessor[82503:4042346] Starting appintentsmetadataprocessor export
2026-09-13 16:11:41.665 appintentsmetadataprocessor[82503:4042346] Extracted no relevant App Intents symbols, skipping writing output

SwiftDriver Supabase normal x86_64 com.apple.xcode.tools.swift.compiler (in target 'Supabase' from project 'Supabase')
    cd /Users/sinjunho/Desktop/Taste\ Buddy/ios/TasteBuddy.xcodeproj
    builtin-SwiftDriver -- /Applications/Xcode.app/Contents/Developer/Toolchains/XcodeDefault.xctoolchain/usr/bin/swiftc -module-name Supabase -Onone @/tmp/TasteBuddyHomeQuestionsQA/Build/Intermediates.noindex/Supabase.build/Debug-iphonesimulator/Supabase.build/Objects-normal/x86_64/Supabase.SwiftFileList -DSWIFT_PACKAGE -DDEBUG -DSWIFT_MODULE_RESOURCE_BUNDLE_UNAVAILABLE -DXcode -enable-upcoming-feature ExistentialAny -enable-experimental-feature StrictConcurrency -plugin-path /Applications/Xcode.app/Contents/Developer/Toolchains/XcodeDefault.xctoolchain/usr/lib/swift/host/plugins/testing -enable-experimental-feature DebugDescriptionMacro -sdk /Applications/Xcode.app/Contents/Developer/Platforms/iPhoneSimulator.platform/Developer/SDKs/iPhoneSimulator26.5.sdk -target x86_64-apple-ios13.0-simulator -g -module-cache-path /tmp/TasteBuddyHomeQuestionsQA/ModuleCache.noindex -Xfrontend -serialize-debugging-options -enable-testing -suppress-warnings -index-store-path /tmp/TasteBuddyHomeQuestionsQA/Index.noindex/DataStore -Xcc -D_LIBCPP_HARDENING_MODE\=_LIBCPP_HARDENING_MODE_DEBUG -swift-version 5 -I /tmp/TasteBuddyHomeQuestionsQA/Build/Products/Debug-iphonesimulator -Isystem /Applications/Xcode.app/Contents/Developer/Platforms/iPhoneSimulator.platform/Developer/usr/lib -F /tmp/TasteBuddyHomeQuestionsQA/Build/Products/Debug-iphonesimulator/PackageFrameworks -F /tmp/TasteBuddyHomeQuestionsQA/Build/Products/Debug-iphonesimulator/PackageFrameworks -F /tmp/TasteBuddyHomeQuestionsQA/Build/Products/Debug-iphonesimulator/PackageFrameworks -F /tmp/TasteBuddyHomeQuestionsQA/Build/Products/Debug-iphonesimulator/PackageFrameworks -F /tmp/TasteBuddyHomeQuestionsQA/Build/Products/Debug-iphonesimulator/PackageFrameworks -F /tmp/TasteBuddyHomeQuestionsQA/Build/Products/Debug-iphonesimulator/PackageFrameworks -F /tmp/TasteBuddyHomeQuestionsQA/Build/Products/Debug-iphonesimulator/PackageFrameworks -F /tmp/TasteBuddyHomeQuestionsQA/Build/Products/Debug-iphonesimulator/PackageFrameworks -F /tmp/TasteBuddyHomeQuestionsQA/Build/Products/Debug-iphonesimulator/PackageFrameworks -F /tmp/TasteBuddyHomeQuestionsQA/Build/Products/Debug-iphonesimulator/PackageFrameworks -F /tmp/TasteBuddyHomeQuestionsQA/Build/Products/Debug-iphonesimulator/PackageFrameworks -F /tmp/TasteBuddyHomeQuestionsQA/Build/Products/Debug-iphonesimulator/PackageFrameworks -F /tmp/TasteBuddyHomeQuestionsQA/Build/Products/Debug-iphonesimulator/PackageFrameworks -F /tmp/TasteBuddyHomeQuestionsQA/Build/Products/Debug-iphonesimulator -F /Applications/Xcode.app/Contents/Developer/Platforms/iPhoneSimulator.platform/Developer/Library/Frameworks -F /Applications/Xcode.app/Contents/Developer/Platforms/iPhoneSimulator.platform/Developer/SDKs/iPhoneSimulator26.5.sdk/Developer/Library/Frameworks -c -j12 -enable-batch-mode -incremental -Xcc -ivfsstatcache -Xcc /tmp/TasteBuddyHomeQuestionsQA/SDKStatCaches.noindex/iphonesimulator26.5-23F81a-6cfe768891a92b912361537c460fe42b.sdkstatcache -output-file-map /tmp/TasteBuddyHomeQuestionsQA/Build/Intermediates.noindex/Supabase.build/Debug-iphonesimulator/Supabase.build/Objects-normal/x86_64/Supabase-OutputFileMap.json -use-frontend-parseable-output -save-temps -no-color-diagnostics -explicit-module-build -module-cache-path /tmp/TasteBuddyHomeQuestionsQA/Build/Intermediates.noindex/SwiftExplicitPrecompiledModules -clang-scanner-module-cache-path /tmp/TasteBuddyHomeQuestionsQA/ModuleCache.noindex -sdk-module-cache-path /tmp/TasteBuddyHomeQuestionsQA/ModuleCache.noindex -serialize-diagnostics -emit-dependencies -emit-module -emit-module-path /tmp/TasteBuddyHomeQuestionsQA/Build/Intermediates.noindex/Supabase.build/Debug-iphonesimulator/Supabase.build/Objects-normal/x86_64/Supabase.swiftmodule -validate-clang-modules-once -clang-build-session-file /tmp/TasteBuddyHomeQuestionsQA/ModuleCache.noindex/Session.modulevalidation -package-name supabase_swift -Xcc -I/tmp/TasteBuddyHomeQuestionsQA/Build/Intermediates.noindex/Supabase.build/Debug-iphonesimulator/Supabase.build/swift-overrides.hmap -emit-const-values -Xfrontend -const-gather-protocols-file -Xfrontend /tmp/TasteBuddyHomeQuestionsQA/Build/Intermediates.noindex/Supabase.build/Debug-iphonesimulator/Supabase.build/Objects-normal/x86_64/Supabase_const_extract_protocols.json -Xcc -I/tmp/TasteBuddyHomeQuestionsQA/Build/Products/Debug-iphonesimulator/include -Xcc -I/tmp/TasteBuddyHomeQuestionsQA/Build/Intermediates.noindex/Supabase.build/Debug-iphonesimulator/Supabase.build/DerivedSources-normal/x86_64 -Xcc -I/tmp/TasteBuddyHomeQuestionsQA/Build/Intermediates.noindex/Supabase.build/Debug-iphonesimulator/Supabase.build/DerivedSources/x86_64 -Xcc -I/tmp/TasteBuddyHomeQuestionsQA/Build/Intermediates.noindex/Supabase.build/Debug-iphonesimulator/Supabase.build/DerivedSources -Xcc -DSWIFT_PACKAGE -Xcc -DDEBUG\=1 -emit-objc-header -emit-objc-header-path /tmp/TasteBuddyHomeQuestionsQA/Build/Intermediates.noindex/Supabase.build/Debug-iphonesimulator/Supabase.build/Objects-normal/x86_64/Supabase-Swift.h -working-directory /Users/sinjunho/Desktop/Taste\ Buddy/ios/TasteBuddy.xcodeproj -experimental-emit-module-separately -disable-cmo

RegisterExecutionPolicyException /tmp/TasteBuddyHomeQuestionsQA/Build/Products/Debug-iphonesimulator/VariableBlur.o (in target 'VariableBlur' from project 'VariableBlur')
    cd /tmp/TasteBuddyHomeQuestionsQA/SourcePackages/checkouts/VariableBlur
    builtin-RegisterExecutionPolicyException /tmp/TasteBuddyHomeQuestionsQA/Build/Products/Debug-iphonesimulator/VariableBlur.o

ExtractAppIntentsMetadata (in target 'Functions' from project 'Supabase')
    cd /tmp/TasteBuddyHomeQuestionsQA/SourcePackages/checkouts/supabase-swift
    /Applications/Xcode.app/Contents/Developer/Toolchains/XcodeDefault.xctoolchain/usr/bin/appintentsmetadataprocessor --toolchain-dir /Applications/Xcode.app/Contents/Developer/Toolchains/XcodeDefault.xctoolchain --module-name Functions --sdk-root /Applications/Xcode.app/Contents/Developer/Platforms/iPhoneSimulator.platform/Developer/SDKs/iPhoneSimulator26.5.sdk --xcode-version 17F113 --platform-family iOS --deployment-target 13.0 --bundle-identifier supabase-swift.Functions --output /tmp/TasteBuddyHomeQuestionsQA/Build/Products/Debug-iphonesimulator/Functions.appintents --target-triple x86_64-apple-ios13.0-simulator --binary-file /tmp/TasteBuddyHomeQuestionsQA/Build/Products/Debug-iphonesimulator/Functions.o --dependency-file /tmp/TasteBuddyHomeQuestionsQA/Build/Intermediates.noindex/Supabase.build/Debug-iphonesimulator/Functions.build/Objects-normal/x86_64/Functions_dependency_info.dat --stringsdata-file /tmp/TasteBuddyHomeQuestionsQA/Build/Intermediates.noindex/Supabase.build/Debug-iphonesimulator/Functions.build/Objects-normal/x86_64/ExtractedAppShortcutsMetadata.stringsdata --source-file-list /tmp/TasteBuddyHomeQuestionsQA/Build/Intermediates.noindex/Supabase.build/Debug-iphonesimulator/Functions.build/Objects-normal/x86_64/Functions.SwiftFileList --metadata-file-list /tmp/TasteBuddyHomeQuestionsQA/Build/Intermediates.noindex/Supabase.build/Debug-iphonesimulator/Functions.build/Functions.DependencyMetadataFileList --static-metadata-file-list /tmp/TasteBuddyHomeQuestionsQA/Build/Intermediates.noindex/Supabase.build/Debug-iphonesimulator/Functions.build/Functions.DependencyStaticMetadataFileList --swift-const-vals-list /tmp/TasteBuddyHomeQuestionsQA/Build/Intermediates.noindex/Supabase.build/Debug-iphonesimulator/Functions.build/Objects-normal/x86_64/Functions.SwiftConstValuesFileList --force --compile-time-extraction --deployment-aware-processing --validate-assistant-intents --no-app-shortcuts-localization
2026-09-13 16:11:41.712 appintentsmetadataprocessor[82505:4042369] Starting appintentsmetadataprocessor export
2026-09-13 16:11:41.745 appintentsmetadataprocessor[82505:4042369] Extracted no relevant App Intents symbols, skipping writing output

Ld /tmp/TasteBuddyHomeQuestionsQA/Build/Products/Debug-iphonesimulator/ProgressiveBlurHeader.o normal (in target 'ProgressiveBlurHeader' from project 'ProgressiveBlurHeader')
    cd /tmp/TasteBuddyHomeQuestionsQA/SourcePackages/checkouts/ProgressiveBlurHeader
    /Applications/Xcode.app/Contents/Developer/Toolchains/XcodeDefault.xctoolchain/usr/bin/clang -Xlinker -reproducible -target x86_64-apple-ios16.0-simulator -r -isysroot /Applications/Xcode.app/Contents/Developer/Platforms/iPhoneSimulator.platform/Developer/SDKs/iPhoneSimulator26.5.sdk -O0 -w -F/tmp/TasteBuddyHomeQuestionsQA/Build/Intermediates.noindex/EagerLinkingTBDs/Debug-iphonesimulator -F/tmp/TasteBuddyHomeQuestionsQA/Build/Products/Debug-iphonesimulator/PackageFrameworks -F/tmp/TasteBuddyHomeQuestionsQA/Build/Products/Debug-iphonesimulator -iframework /Applications/Xcode.app/Contents/Developer/Platforms/iPhoneSimulator.platform/Developer/Library/Frameworks -iframework /Applications/Xcode.app/Contents/Developer/Platforms/iPhoneSimulator.platform/Developer/SDKs/iPhoneSimulator26.5.sdk/Developer/Library/Frameworks -filelist /tmp/TasteBuddyHomeQuestionsQA/Build/Intermediates.noindex/ProgressiveBlurHeader.build/Debug-iphonesimulator/ProgressiveBlurHeader.build/Objects-normal/x86_64/ProgressiveBlurHeader.LinkFileList -nostdlib -Xlinker -object_path_lto -Xlinker /tmp/TasteBuddyHomeQuestionsQA/Build/Intermediates.noindex/ProgressiveBlurHeader.build/Debug-iphonesimulator/ProgressiveBlurHeader.build/Objects-normal/x86_64/ProgressiveBlurHeader_lto.o -Xlinker -no_deduplicate -Xlinker -objc_abi_version -Xlinker 2 -Xlinker -dependency_info -Xlinker /tmp/TasteBuddyHomeQuestionsQA/Build/Intermediates.noindex/ProgressiveBlurHeader.build/Debug-iphonesimulator/ProgressiveBlurHeader.build/Objects-normal/x86_64/ProgressiveBlurHeader_dependency_info.dat -fobjc-link-runtime -L/Applications/Xcode.app/Contents/Developer/Toolchains/XcodeDefault.xctoolchain/usr/lib/swift/iphonesimulator -L/usr/lib/swift -Xlinker -add_ast_path -Xlinker /tmp/TasteBuddyHomeQuestionsQA/Build/Intermediates.noindex/ProgressiveBlurHeader.build/Debug-iphonesimulator/ProgressiveBlurHeader.build/Objects-normal/x86_64/ProgressiveBlurHeader.swiftmodule @/tmp/TasteBuddyHomeQuestionsQA/Build/Intermediates.noindex/ProgressiveBlurHeader.build/Debug-iphonesimulator/ProgressiveBlurHeader.build/Objects-normal/x86_64/ProgressiveBlurHeader-linker-args.resp -o /tmp/TasteBuddyHomeQuestionsQA/Build/Products/Debug-iphonesimulator/ProgressiveBlurHeader.o

SwiftDriverJobDiscovery normal x86_64 Compiling SessionStorage.swift, URLOpener.swift (in target 'Auth' from project 'Supabase')

RegisterExecutionPolicyException /tmp/TasteBuddyHomeQuestionsQA/Build/Products/Debug-iphonesimulator/Storage.o (in target 'Storage' from project 'Supabase')
    cd /tmp/TasteBuddyHomeQuestionsQA/SourcePackages/checkouts/supabase-swift
    builtin-RegisterExecutionPolicyException /tmp/TasteBuddyHomeQuestionsQA/Build/Products/Debug-iphonesimulator/Storage.o

RegisterExecutionPolicyException /tmp/TasteBuddyHomeQuestionsQA/Build/Products/Debug-iphonesimulator/PostgREST.o (in target 'PostgREST' from project 'Supabase')
    cd /tmp/TasteBuddyHomeQuestionsQA/SourcePackages/checkouts/supabase-swift
    builtin-RegisterExecutionPolicyException /tmp/TasteBuddyHomeQuestionsQA/Build/Products/Debug-iphonesimulator/PostgREST.o

ExtractAppIntentsMetadata (in target 'ProgressiveBlurHeader' from project 'ProgressiveBlurHeader')
    cd /tmp/TasteBuddyHomeQuestionsQA/SourcePackages/checkouts/ProgressiveBlurHeader
    /Applications/Xcode.app/Contents/Developer/Toolchains/XcodeDefault.xctoolchain/usr/bin/appintentsmetadataprocessor --toolchain-dir /Applications/Xcode.app/Contents/Developer/Toolchains/XcodeDefault.xctoolchain --module-name ProgressiveBlurHeader --sdk-root /Applications/Xcode.app/Contents/Developer/Platforms/iPhoneSimulator.platform/Developer/SDKs/iPhoneSimulator26.5.sdk --xcode-version 17F113 --platform-family iOS --deployment-target 16.0 --bundle-identifier progressiveblurheader.ProgressiveBlurHeader --output /tmp/TasteBuddyHomeQuestionsQA/Build/Products/Debug-iphonesimulator/ProgressiveBlurHeader.appintents --target-triple x86_64-apple-ios16.0-simulator --binary-file /tmp/TasteBuddyHomeQuestionsQA/Build/Products/Debug-iphonesimulator/ProgressiveBlurHeader.o --dependency-file /tmp/TasteBuddyHomeQuestionsQA/Build/Intermediates.noindex/ProgressiveBlurHeader.build/Debug-iphonesimulator/ProgressiveBlurHeader.build/Objects-normal/x86_64/ProgressiveBlurHeader_dependency_info.dat --stringsdata-file /tmp/TasteBuddyHomeQuestionsQA/Build/Intermediates.noindex/ProgressiveBlurHeader.build/Debug-iphonesimulator/ProgressiveBlurHeader.build/Objects-normal/x86_64/ExtractedAppShortcutsMetadata.stringsdata --source-file-list /tmp/TasteBuddyHomeQuestionsQA/Build/Intermediates.noindex/ProgressiveBlurHeader.build/Debug-iphonesimulator/ProgressiveBlurHeader.build/Objects-normal/x86_64/ProgressiveBlurHeader.SwiftFileList --metadata-file-list /tmp/TasteBuddyHomeQuestionsQA/Build/Intermediates.noindex/ProgressiveBlurHeader.build/Debug-iphonesimulator/ProgressiveBlurHeader.build/ProgressiveBlurHeader.DependencyMetadataFileList --static-metadata-file-list /tmp/TasteBuddyHomeQuestionsQA/Build/Intermediates.noindex/ProgressiveBlurHeader.build/Debug-iphonesimulator/ProgressiveBlurHeader.build/ProgressiveBlurHeader.DependencyStaticMetadataFileList --swift-const-vals-list /tmp/TasteBuddyHomeQuestionsQA/Build/Intermediates.noindex/ProgressiveBlurHeader.build/Debug-iphonesimulator/ProgressiveBlurHeader.build/Objects-normal/x86_64/ProgressiveBlurHeader.SwiftConstValuesFileList --force --compile-time-extraction --deployment-aware-processing --validate-assistant-intents --no-app-shortcuts-localization
2026-09-13 16:11:41.843 appintentsmetadataprocessor[82508:4042402] Starting appintentsmetadataprocessor export
2026-09-13 16:11:41.881 appintentsmetadataprocessor[82508:4042402] Extracted no relevant App Intents symbols, skipping writing output

RegisterExecutionPolicyException /tmp/TasteBuddyHomeQuestionsQA/Build/Products/Debug-iphonesimulator/Functions.o (in target 'Functions' from project 'Supabase')
    cd /tmp/TasteBuddyHomeQuestionsQA/SourcePackages/checkouts/supabase-swift
    builtin-RegisterExecutionPolicyException /tmp/TasteBuddyHomeQuestionsQA/Build/Products/Debug-iphonesimulator/Functions.o

RegisterExecutionPolicyException /tmp/TasteBuddyHomeQuestionsQA/Build/Products/Debug-iphonesimulator/ProgressiveBlurHeader.o (in target 'ProgressiveBlurHeader' from project 'ProgressiveBlurHeader')
    cd /tmp/TasteBuddyHomeQuestionsQA/SourcePackages/checkouts/ProgressiveBlurHeader
    builtin-RegisterExecutionPolicyException /tmp/TasteBuddyHomeQuestionsQA/Build/Products/Debug-iphonesimulator/ProgressiveBlurHeader.o

SwiftDriverJobDiscovery normal x86_64 Compiling EventEmitter.swift, FixedWidthInteger+Random.swift (in target 'Auth' from project 'Supabase')

SwiftDriverJobDiscovery normal x86_64 Compiling Exports.swift, APIClient.swift, CodeVerifierStorage.swift (in target 'Auth' from project 'Supabase')

SwiftDriverJobDiscovery normal x86_64 Compiling RealtimeClientV2.swift, RealtimeError.swift, RealtimeJoinConfig.swift (in target 'Realtime' from project 'Supabase')

SwiftCompile normal x86_64 Compiling\ Constants.swift /tmp/TasteBuddyHomeQuestionsQA/SourcePackages/checkouts/supabase-swift/Sources/Supabase/Constants.swift (in target 'Supabase' from project 'Supabase')

SwiftCompile normal x86_64 /tmp/TasteBuddyHomeQuestionsQA/SourcePackages/checkouts/supabase-swift/Sources/Supabase/Constants.swift (in target 'Supabase' from project 'Supabase')
    cd /Users/sinjunho/Desktop/Taste\ Buddy/ios/TasteBuddy.xcodeproj
    

SwiftCompile normal x86_64 Compiling\ Deprecated.swift /tmp/TasteBuddyHomeQuestionsQA/SourcePackages/checkouts/supabase-swift/Sources/Supabase/Deprecated.swift (in target 'Supabase' from project 'Supabase')

SwiftCompile normal x86_64 /tmp/TasteBuddyHomeQuestionsQA/SourcePackages/checkouts/supabase-swift/Sources/Supabase/Deprecated.swift (in target 'Supabase' from project 'Supabase')
    cd /Users/sinjunho/Desktop/Taste\ Buddy/ios/TasteBuddy.xcodeproj
    

SwiftCompile normal x86_64 Compiling\ Types.swift /tmp/TasteBuddyHomeQuestionsQA/SourcePackages/checkouts/supabase-swift/Sources/Supabase/Types.swift (in target 'Supabase' from project 'Supabase')

SwiftCompile normal x86_64 /tmp/TasteBuddyHomeQuestionsQA/SourcePackages/checkouts/supabase-swift/Sources/Supabase/Types.swift (in target 'Supabase' from project 'Supabase')
    cd /Users/sinjunho/Desktop/Taste\ Buddy/ios/TasteBuddy.xcodeproj
    

SwiftCompile normal x86_64 Compiling\ Exports.swift /tmp/TasteBuddyHomeQuestionsQA/SourcePackages/checkouts/supabase-swift/Sources/Supabase/Exports.swift (in target 'Supabase' from project 'Supabase')

SwiftCompile normal x86_64 /tmp/TasteBuddyHomeQuestionsQA/SourcePackages/checkouts/supabase-swift/Sources/Supabase/Exports.swift (in target 'Supabase' from project 'Supabase')
    cd /Users/sinjunho/Desktop/Taste\ Buddy/ios/TasteBuddy.xcodeproj
    

SwiftCompile normal x86_64 Compiling\ SupabaseClient.swift /tmp/TasteBuddyHomeQuestionsQA/SourcePackages/checkouts/supabase-swift/Sources/Supabase/SupabaseClient.swift (in target 'Supabase' from project 'Supabase')

SwiftCompile normal x86_64 /tmp/TasteBuddyHomeQuestionsQA/SourcePackages/checkouts/supabase-swift/Sources/Supabase/SupabaseClient.swift (in target 'Supabase' from project 'Supabase')
    cd /Users/sinjunho/Desktop/Taste\ Buddy/ios/TasteBuddy.xcodeproj
    

SwiftEmitModule normal x86_64 Emitting\ module\ for\ Supabase (in target 'Supabase' from project 'Supabase')

EmitSwiftModule normal x86_64 (in target 'Supabase' from project 'Supabase')
    cd /Users/sinjunho/Desktop/Taste\ Buddy/ios/TasteBuddy.xcodeproj
    

SwiftDriverJobDiscovery normal x86_64 Compiling PKCE.swift, SessionManager.swift (in target 'Auth' from project 'Supabase')

SwiftDriverJobDiscovery normal x86_64 Compiling Exports.swift (in target 'Supabase' from project 'Supabase')

SwiftDriverJobDiscovery normal x86_64 Compiling AuthClientConfiguration.swift, AuthError.swift, AuthMFA.swift (in target 'Auth' from project 'Supabase')

SwiftDriverJobDiscovery normal x86_64 Compiling Deprecated.swift (in target 'Supabase' from project 'Supabase')

SwiftDriverJobDiscovery normal x86_64 Compiling Constants.swift (in target 'Supabase' from project 'Supabase')

SwiftDriverJobDiscovery normal x86_64 Compiling Push.swift, RealtimeChannel.swift, RealtimeClient.swift (in target 'Realtime' from project 'Supabase')

SwiftDriverJobDiscovery normal x86_64 Emitting module for Supabase (in target 'Supabase' from project 'Supabase')

SwiftDriver\ Compilation Realtime normal x86_64 com.apple.xcode.tools.swift.compiler (in target 'Realtime' from project 'Supabase')
    cd /Users/sinjunho/Desktop/Taste\ Buddy/ios/TasteBuddy.xcodeproj
    builtin-Swift-Compilation -- /Applications/Xcode.app/Contents/Developer/Toolchains/XcodeDefault.xctoolchain/usr/bin/swiftc -module-name Realtime -Onone @/tmp/TasteBuddyHomeQuestionsQA/Build/Intermediates.noindex/Supabase.build/Debug-iphonesimulator/Realtime.build/Objects-normal/x86_64/Realtime.SwiftFileList -DSWIFT_PACKAGE -DDEBUG -DSWIFT_MODULE_RESOURCE_BUNDLE_UNAVAILABLE -DXcode -enable-upcoming-feature ExistentialAny -enable-experimental-feature StrictConcurrency -plugin-path /Applications/Xcode.app/Contents/Developer/Toolchains/XcodeDefault.xctoolchain/usr/lib/swift/host/plugins/testing -enable-experimental-feature DebugDescriptionMacro -sdk /Applications/Xcode.app/Contents/Developer/Platforms/iPhoneSimulator.platform/Developer/SDKs/iPhoneSimulator26.5.sdk -target x86_64-apple-ios13.0-simulator -g -module-cache-path /tmp/TasteBuddyHomeQuestionsQA/ModuleCache.noindex -Xfrontend -serialize-debugging-options -enable-testing -suppress-warnings -index-store-path /tmp/TasteBuddyHomeQuestionsQA/Index.noindex/DataStore -Xcc -D_LIBCPP_HARDENING_MODE\=_LIBCPP_HARDENING_MODE_DEBUG -swift-version 5 -I /tmp/TasteBuddyHomeQuestionsQA/Build/Products/Debug-iphonesimulator -Isystem /Applications/Xcode.app/Contents/Developer/Platforms/iPhoneSimulator.platform/Developer/usr/lib -F /tmp/TasteBuddyHomeQuestionsQA/Build/Products/Debug-iphonesimulator/PackageFrameworks -F /tmp/TasteBuddyHomeQuestionsQA/Build/Products/Debug-iphonesimulator/PackageFrameworks -F /tmp/TasteBuddyHomeQuestionsQA/Build/Products/Debug-iphonesimulator/PackageFrameworks -F /tmp/TasteBuddyHomeQuestionsQA/Build/Products/Debug-iphonesimulator/PackageFrameworks -F /tmp/TasteBuddyHomeQuestionsQA/Build/Products/Debug-iphonesimulator/PackageFrameworks -F /tmp/TasteBuddyHomeQuestionsQA/Build/Products/Debug-iphonesimulator/PackageFrameworks -F /tmp/TasteBuddyHomeQuestionsQA/Build/Products/Debug-iphonesimulator/PackageFrameworks -F /tmp/TasteBuddyHomeQuestionsQA/Build/Products/Debug-iphonesimulator -F /Applications/Xcode.app/Contents/Developer/Platforms/iPhoneSimulator.platform/Developer/Library/Frameworks -F /Applications/Xcode.app/Contents/Developer/Platforms/iPhoneSimulator.platform/Developer/SDKs/iPhoneSimulator26.5.sdk/Developer/Library/Frameworks -c -j12 -enable-batch-mode -incremental -Xcc -ivfsstatcache -Xcc /tmp/TasteBuddyHomeQuestionsQA/SDKStatCaches.noindex/iphonesimulator26.5-23F81a-6cfe768891a92b912361537c460fe42b.sdkstatcache -output-file-map /tmp/TasteBuddyHomeQuestionsQA/Build/Intermediates.noindex/Supabase.build/Debug-iphonesimulator/Realtime.build/Objects-normal/x86_64/Realtime-OutputFileMap.json -use-frontend-parseable-output -save-temps -no-color-diagnostics -explicit-module-build -module-cache-path /tmp/TasteBuddyHomeQuestionsQA/Build/Intermediates.noindex/SwiftExplicitPrecompiledModules -clang-scanner-module-cache-path /tmp/TasteBuddyHomeQuestionsQA/ModuleCache.noindex -sdk-module-cache-path /tmp/TasteBuddyHomeQuestionsQA/ModuleCache.noindex -serialize-diagnostics -emit-dependencies -emit-module -emit-module-path /tmp/TasteBuddyHomeQuestionsQA/Build/Intermediates.noindex/Supabase.build/Debug-iphonesimulator/Realtime.build/Objects-normal/x86_64/Realtime.swiftmodule -validate-clang-modules-once -clang-build-session-file /tmp/TasteBuddyHomeQuestionsQA/ModuleCache.noindex/Session.modulevalidation -package-name supabase_swift -Xcc -I/tmp/TasteBuddyHomeQuestionsQA/Build/Intermediates.noindex/Supabase.build/Debug-iphonesimulator/Realtime.build/swift-overrides.hmap -emit-const-values -Xfrontend -const-gather-protocols-file -Xfrontend /tmp/TasteBuddyHomeQuestionsQA/Build/Intermediates.noindex/Supabase.build/Debug-iphonesimulator/Realtime.build/Objects-normal/x86_64/Realtime_const_extract_protocols.json -Xcc -I/tmp/TasteBuddyHomeQuestionsQA/Build/Products/Debug-iphonesimulator/include -Xcc -I/tmp/TasteBuddyHomeQuestionsQA/Build/Intermediates.noindex/Supabase.build/Debug-iphonesimulator/Realtime.build/DerivedSources-normal/x86_64 -Xcc -I/tmp/TasteBuddyHomeQuestionsQA/Build/Intermediates.noindex/Supabase.build/Debug-iphonesimulator/Realtime.build/DerivedSources/x86_64 -Xcc -I/tmp/TasteBuddyHomeQuestionsQA/Build/Intermediates.noindex/Supabase.build/Debug-iphonesimulator/Realtime.build/DerivedSources -Xcc -DSWIFT_PACKAGE -Xcc -DDEBUG\=1 -emit-objc-header -emit-objc-header-path /tmp/TasteBuddyHomeQuestionsQA/Build/Intermediates.noindex/Supabase.build/Debug-iphonesimulator/Realtime.build/Objects-normal/x86_64/Realtime-Swift.h -working-directory /Users/sinjunho/Desktop/Taste\ Buddy/ios/TasteBuddy.xcodeproj -experimental-emit-module-separately -disable-cmo

SwiftDriver\ Compilation\ Requirements Supabase normal x86_64 com.apple.xcode.tools.swift.compiler (in target 'Supabase' from project 'Supabase')
    cd /Users/sinjunho/Desktop/Taste\ Buddy/ios/TasteBuddy.xcodeproj
    builtin-Swift-Compilation-Requirements -- /Applications/Xcode.app/Contents/Developer/Toolchains/XcodeDefault.xctoolchain/usr/bin/swiftc -module-name Supabase -Onone @/tmp/TasteBuddyHomeQuestionsQA/Build/Intermediates.noindex/Supabase.build/Debug-iphonesimulator/Supabase.build/Objects-normal/x86_64/Supabase.SwiftFileList -DSWIFT_PACKAGE -DDEBUG -DSWIFT_MODULE_RESOURCE_BUNDLE_UNAVAILABLE -DXcode -enable-upcoming-feature ExistentialAny -enable-experimental-feature StrictConcurrency -plugin-path /Applications/Xcode.app/Contents/Developer/Toolchains/XcodeDefault.xctoolchain/usr/lib/swift/host/plugins/testing -enable-experimental-feature DebugDescriptionMacro -sdk /Applications/Xcode.app/Contents/Developer/Platforms/iPhoneSimulator.platform/Developer/SDKs/iPhoneSimulator26.5.sdk -target x86_64-apple-ios13.0-simulator -g -module-cache-path /tmp/TasteBuddyHomeQuestionsQA/ModuleCache.noindex -Xfrontend -serialize-debugging-options -enable-testing -suppress-warnings -index-store-path /tmp/TasteBuddyHomeQuestionsQA/Index.noindex/DataStore -Xcc -D_LIBCPP_HARDENING_MODE\=_LIBCPP_HARDENING_MODE_DEBUG -swift-version 5 -I /tmp/TasteBuddyHomeQuestionsQA/Build/Products/Debug-iphonesimulator -Isystem /Applications/Xcode.app/Contents/Developer/Platforms/iPhoneSimulator.platform/Developer/usr/lib -F /tmp/TasteBuddyHomeQuestionsQA/Build/Products/Debug-iphonesimulator/PackageFrameworks -F /tmp/TasteBuddyHomeQuestionsQA/Build/Products/Debug-iphonesimulator/PackageFrameworks -F /tmp/TasteBuddyHomeQuestionsQA/Build/Products/Debug-iphonesimulator/PackageFrameworks -F /tmp/TasteBuddyHomeQuestionsQA/Build/Products/Debug-iphonesimulator/PackageFrameworks -F /tmp/TasteBuddyHomeQuestionsQA/Build/Products/Debug-iphonesimulator/PackageFrameworks -F /tmp/TasteBuddyHomeQuestionsQA/Build/Products/Debug-iphonesimulator/PackageFrameworks -F /tmp/TasteBuddyHomeQuestionsQA/Build/Products/Debug-iphonesimulator/PackageFrameworks -F /tmp/TasteBuddyHomeQuestionsQA/Build/Products/Debug-iphonesimulator/PackageFrameworks -F /tmp/TasteBuddyHomeQuestionsQA/Build/Products/Debug-iphonesimulator/PackageFrameworks -F /tmp/TasteBuddyHomeQuestionsQA/Build/Products/Debug-iphonesimulator/PackageFrameworks -F /tmp/TasteBuddyHomeQuestionsQA/Build/Products/Debug-iphonesimulator/PackageFrameworks -F /tmp/TasteBuddyHomeQuestionsQA/Build/Products/Debug-iphonesimulator/PackageFrameworks -F /tmp/TasteBuddyHomeQuestionsQA/Build/Products/Debug-iphonesimulator/PackageFrameworks -F /tmp/TasteBuddyHomeQuestionsQA/Build/Products/Debug-iphonesimulator -F /Applications/Xcode.app/Contents/Developer/Platforms/iPhoneSimulator.platform/Developer/Library/Frameworks -F /Applications/Xcode.app/Contents/Developer/Platforms/iPhoneSimulator.platform/Developer/SDKs/iPhoneSimulator26.5.sdk/Developer/Library/Frameworks -c -j12 -enable-batch-mode -incremental -Xcc -ivfsstatcache -Xcc /tmp/TasteBuddyHomeQuestionsQA/SDKStatCaches.noindex/iphonesimulator26.5-23F81a-6cfe768891a92b912361537c460fe42b.sdkstatcache -output-file-map /tmp/TasteBuddyHomeQuestionsQA/Build/Intermediates.noindex/Supabase.build/Debug-iphonesimulator/Supabase.build/Objects-normal/x86_64/Supabase-OutputFileMap.json -use-frontend-parseable-output -save-temps -no-color-diagnostics -explicit-module-build -module-cache-path /tmp/TasteBuddyHomeQuestionsQA/Build/Intermediates.noindex/SwiftExplicitPrecompiledModules -clang-scanner-module-cache-path /tmp/TasteBuddyHomeQuestionsQA/ModuleCache.noindex -sdk-module-cache-path /tmp/TasteBuddyHomeQuestionsQA/ModuleCache.noindex -serialize-diagnostics -emit-dependencies -emit-module -emit-module-path /tmp/TasteBuddyHomeQuestionsQA/Build/Intermediates.noindex/Supabase.build/Debug-iphonesimulator/Supabase.build/Objects-normal/x86_64/Supabase.swiftmodule -validate-clang-modules-once -clang-build-session-file /tmp/TasteBuddyHomeQuestionsQA/ModuleCache.noindex/Session.modulevalidation -package-name supabase_swift -Xcc -I/tmp/TasteBuddyHomeQuestionsQA/Build/Intermediates.noindex/Supabase.build/Debug-iphonesimulator/Supabase.build/swift-overrides.hmap -emit-const-values -Xfrontend -const-gather-protocols-file -Xfrontend /tmp/TasteBuddyHomeQuestionsQA/Build/Intermediates.noindex/Supabase.build/Debug-iphonesimulator/Supabase.build/Objects-normal/x86_64/Supabase_const_extract_protocols.json -Xcc -I/tmp/TasteBuddyHomeQuestionsQA/Build/Products/Debug-iphonesimulator/include -Xcc -I/tmp/TasteBuddyHomeQuestionsQA/Build/Intermediates.noindex/Supabase.build/Debug-iphonesimulator/Supabase.build/DerivedSources-normal/x86_64 -Xcc -I/tmp/TasteBuddyHomeQuestionsQA/Build/Intermediates.noindex/Supabase.build/Debug-iphonesimulator/Supabase.build/DerivedSources/x86_64 -Xcc -I/tmp/TasteBuddyHomeQuestionsQA/Build/Intermediates.noindex/Supabase.build/Debug-iphonesimulator/Supabase.build/DerivedSources -Xcc -DSWIFT_PACKAGE -Xcc -DDEBUG\=1 -emit-objc-header -emit-objc-header-path /tmp/TasteBuddyHomeQuestionsQA/Build/Intermediates.noindex/Supabase.build/Debug-iphonesimulator/Supabase.build/Objects-normal/x86_64/Supabase-Swift.h -working-directory /Users/sinjunho/Desktop/Taste\ Buddy/ios/TasteBuddy.xcodeproj -experimental-emit-module-separately -disable-cmo

Ld /tmp/TasteBuddyHomeQuestionsQA/Build/Products/Debug-iphonesimulator/Realtime.o normal (in target 'Realtime' from project 'Supabase')
    cd /tmp/TasteBuddyHomeQuestionsQA/SourcePackages/checkouts/supabase-swift
    /Applications/Xcode.app/Contents/Developer/Toolchains/XcodeDefault.xctoolchain/usr/bin/clang -Xlinker -reproducible -target x86_64-apple-ios13.0-simulator -r -isysroot /Applications/Xcode.app/Contents/Developer/Platforms/iPhoneSimulator.platform/Developer/SDKs/iPhoneSimulator26.5.sdk -O0 -w -F/tmp/TasteBuddyHomeQuestionsQA/Build/Intermediates.noindex/EagerLinkingTBDs/Debug-iphonesimulator -F/tmp/TasteBuddyHomeQuestionsQA/Build/Products/Debug-iphonesimulator/PackageFrameworks -F/tmp/TasteBuddyHomeQuestionsQA/Build/Products/Debug-iphonesimulator/PackageFrameworks -F/tmp/TasteBuddyHomeQuestionsQA/Build/Products/Debug-iphonesimulator/PackageFrameworks -F/tmp/TasteBuddyHomeQuestionsQA/Build/Products/Debug-iphonesimulator/PackageFrameworks -F/tmp/TasteBuddyHomeQuestionsQA/Build/Products/Debug-iphonesimulator/PackageFrameworks -F/tmp/TasteBuddyHomeQuestionsQA/Build/Products/Debug-iphonesimulator/PackageFrameworks -F/tmp/TasteBuddyHomeQuestionsQA/Build/Products/Debug-iphonesimulator/PackageFrameworks -F/tmp/TasteBuddyHomeQuestionsQA/Build/Products/Debug-iphonesimulator -iframework /Applications/Xcode.app/Contents/Developer/Platforms/iPhoneSimulator.platform/Developer/Library/Frameworks -iframework /Applications/Xcode.app/Contents/Developer/Platforms/iPhoneSimulator.platform/Developer/SDKs/iPhoneSimulator26.5.sdk/Developer/Library/Frameworks -filelist /tmp/TasteBuddyHomeQuestionsQA/Build/Intermediates.noindex/Supabase.build/Debug-iphonesimulator/Realtime.build/Objects-normal/x86_64/Realtime.LinkFileList -nostdlib -Xlinker -object_path_lto -Xlinker /tmp/TasteBuddyHomeQuestionsQA/Build/Intermediates.noindex/Supabase.build/Debug-iphonesimulator/Realtime.build/Objects-normal/x86_64/Realtime_lto.o -Xlinker -no_deduplicate -Xlinker -objc_abi_version -Xlinker 2 -Xlinker -dependency_info -Xlinker /tmp/TasteBuddyHomeQuestionsQA/Build/Intermediates.noindex/Supabase.build/Debug-iphonesimulator/Realtime.build/Objects-normal/x86_64/Realtime_dependency_info.dat -fobjc-link-runtime -L/Applications/Xcode.app/Contents/Developer/Toolchains/XcodeDefault.xctoolchain/usr/lib/swift/iphonesimulator -L/usr/lib/swift -Xlinker -add_ast_path -Xlinker /tmp/TasteBuddyHomeQuestionsQA/Build/Intermediates.noindex/Supabase.build/Debug-iphonesimulator/Realtime.build/Objects-normal/x86_64/Realtime.swiftmodule @/tmp/TasteBuddyHomeQuestionsQA/Build/Intermediates.noindex/Supabase.build/Debug-iphonesimulator/Realtime.build/Objects-normal/x86_64/Realtime-linker-args.resp -o /tmp/TasteBuddyHomeQuestionsQA/Build/Products/Debug-iphonesimulator/Realtime.o

SwiftMergeGeneratedHeaders /tmp/TasteBuddyHomeQuestionsQA/Build/Intermediates.noindex/GeneratedModuleMaps-iphonesimulator/Supabase-Swift.h /tmp/TasteBuddyHomeQuestionsQA/Build/Intermediates.noindex/Supabase.build/Debug-iphonesimulator/Supabase.build/Objects-normal/x86_64/Supabase-Swift.h (in target 'Supabase' from project 'Supabase')
    cd /tmp/TasteBuddyHomeQuestionsQA/SourcePackages/checkouts/supabase-swift
    builtin-swiftHeaderTool -arch x86_64 /tmp/TasteBuddyHomeQuestionsQA/Build/Intermediates.noindex/Supabase.build/Debug-iphonesimulator/Supabase.build/Objects-normal/x86_64/Supabase-Swift.h -o /tmp/TasteBuddyHomeQuestionsQA/Build/Intermediates.noindex/GeneratedModuleMaps-iphonesimulator/Supabase-Swift.h

Copy /tmp/TasteBuddyHomeQuestionsQA/Build/Products/Debug-iphonesimulator/Supabase.swiftmodule/x86_64-apple-ios-simulator.swiftmodule /tmp/TasteBuddyHomeQuestionsQA/Build/Intermediates.noindex/Supabase.build/Debug-iphonesimulator/Supabase.build/Objects-normal/x86_64/Supabase.swiftmodule (in target 'Supabase' from project 'Supabase')
    cd /tmp/TasteBuddyHomeQuestionsQA/SourcePackages/checkouts/supabase-swift
    builtin-copy -exclude .DS_Store -exclude CVS -exclude .svn -exclude .git -exclude .hg -resolve-src-symlinks -rename /tmp/TasteBuddyHomeQuestionsQA/Build/Intermediates.noindex/Supabase.build/Debug-iphonesimulator/Supabase.build/Objects-normal/x86_64/Supabase.swiftmodule /tmp/TasteBuddyHomeQuestionsQA/Build/Products/Debug-iphonesimulator/Supabase.swiftmodule/x86_64-apple-ios-simulator.swiftmodule

Copy /tmp/TasteBuddyHomeQuestionsQA/Build/Products/Debug-iphonesimulator/Supabase.swiftmodule/x86_64-apple-ios-simulator.abi.json /tmp/TasteBuddyHomeQuestionsQA/Build/Intermediates.noindex/Supabase.build/Debug-iphonesimulator/Supabase.build/Objects-normal/x86_64/Supabase.abi.json (in target 'Supabase' from project 'Supabase')
    cd /tmp/TasteBuddyHomeQuestionsQA/SourcePackages/checkouts/supabase-swift
    builtin-copy -exclude .DS_Store -exclude CVS -exclude .svn -exclude .git -exclude .hg -resolve-src-symlinks -rename /tmp/TasteBuddyHomeQuestionsQA/Build/Intermediates.noindex/Supabase.build/Debug-iphonesimulator/Supabase.build/Objects-normal/x86_64/Supabase.abi.json /tmp/TasteBuddyHomeQuestionsQA/Build/Products/Debug-iphonesimulator/Supabase.swiftmodule/x86_64-apple-ios-simulator.abi.json

Copy /tmp/TasteBuddyHomeQuestionsQA/Build/Products/Debug-iphonesimulator/Supabase.swiftmodule/x86_64-apple-ios-simulator.swiftdoc /tmp/TasteBuddyHomeQuestionsQA/Build/Intermediates.noindex/Supabase.build/Debug-iphonesimulator/Supabase.build/Objects-normal/x86_64/Supabase.swiftdoc (in target 'Supabase' from project 'Supabase')
    cd /tmp/TasteBuddyHomeQuestionsQA/SourcePackages/checkouts/supabase-swift
    builtin-copy -exclude .DS_Store -exclude CVS -exclude .svn -exclude .git -exclude .hg -resolve-src-symlinks -rename /tmp/TasteBuddyHomeQuestionsQA/Build/Intermediates.noindex/Supabase.build/Debug-iphonesimulator/Supabase.build/Objects-normal/x86_64/Supabase.swiftdoc /tmp/TasteBuddyHomeQuestionsQA/Build/Products/Debug-iphonesimulator/Supabase.swiftmodule/x86_64-apple-ios-simulator.swiftdoc

Copy /tmp/TasteBuddyHomeQuestionsQA/Build/Products/Debug-iphonesimulator/Supabase.swiftmodule/Project/x86_64-apple-ios-simulator.swiftsourceinfo /tmp/TasteBuddyHomeQuestionsQA/Build/Intermediates.noindex/Supabase.build/Debug-iphonesimulator/Supabase.build/Objects-normal/x86_64/Supabase.swiftsourceinfo (in target 'Supabase' from project 'Supabase')
    cd /tmp/TasteBuddyHomeQuestionsQA/SourcePackages/checkouts/supabase-swift
    builtin-copy -exclude .DS_Store -exclude CVS -exclude .svn -exclude .git -exclude .hg -resolve-src-symlinks -rename /tmp/TasteBuddyHomeQuestionsQA/Build/Intermediates.noindex/Supabase.build/Debug-iphonesimulator/Supabase.build/Objects-normal/x86_64/Supabase.swiftsourceinfo /tmp/TasteBuddyHomeQuestionsQA/Build/Products/Debug-iphonesimulator/Supabase.swiftmodule/Project/x86_64-apple-ios-simulator.swiftsourceinfo

MkDir /tmp/TasteBuddyHomeQuestionsQA/Build/Intermediates.noindex/TasteBuddy.build/Debug-iphonesimulator/TasteBuddy.build/assetcatalog_output/unthinned (in target 'TasteBuddy' from project 'TasteBuddy')
    cd /Users/sinjunho/Desktop/Taste\ Buddy/ios
    /bin/mkdir -p /tmp/TasteBuddyHomeQuestionsQA/Build/Intermediates.noindex/TasteBuddy.build/Debug-iphonesimulator/TasteBuddy.build/assetcatalog_output/unthinned

MkDir /tmp/TasteBuddyHomeQuestionsQA/Build/Intermediates.noindex/TasteBuddy.build/Debug-iphonesimulator/TasteBuddy.build/assetcatalog_output/thinned (in target 'TasteBuddy' from project 'TasteBuddy')
    cd /Users/sinjunho/Desktop/Taste\ Buddy/ios
    /bin/mkdir -p /tmp/TasteBuddyHomeQuestionsQA/Build/Intermediates.noindex/TasteBuddy.build/Debug-iphonesimulator/TasteBuddy.build/assetcatalog_output/thinned

GenerateAssetSymbols /Users/sinjunho/Desktop/Taste\ Buddy/ios/TasteBuddy/Resources/Assets.xcassets (in target 'TasteBuddy' from project 'TasteBuddy')
    cd /Users/sinjunho/Desktop/Taste\ Buddy/ios
    /Applications/Xcode.app/Contents/Developer/usr/bin/actool /Users/sinjunho/Desktop/Taste\ Buddy/ios/TasteBuddy/Resources/Assets.xcassets --compile /tmp/TasteBuddyHomeQuestionsQA/Build/Products/Debug-iphonesimulator/TasteBuddy.app --output-format human-readable-text --notices --warnings --export-dependency-info /tmp/TasteBuddyHomeQuestionsQA/Build/Intermediates.noindex/TasteBuddy.build/Debug-iphonesimulator/TasteBuddy.build/assetcatalog_dependencies --output-partial-info-plist /tmp/TasteBuddyHomeQuestionsQA/Build/Intermediates.noindex/TasteBuddy.build/Debug-iphonesimulator/TasteBuddy.build/assetcatalog_generated_info.plist --app-icon AppIcon --accent-color AccentColor --compress-pngs --enable-on-demand-resources YES --development-region en --target-device iphone --minimum-deployment-target 17.0 --platform iphonesimulator --bundle-identifier com.juneh96.tastebuddy.ios --generate-swift-asset-symbol-extensions NO --generate-swift-asset-symbols /tmp/TasteBuddyHomeQuestionsQA/Build/Intermediates.noindex/TasteBuddy.build/Debug-iphonesimulator/TasteBuddy.build/DerivedSources/GeneratedAssetSymbols.swift --generate-objc-asset-symbols /tmp/TasteBuddyHomeQuestionsQA/Build/Intermediates.noindex/TasteBuddy.build/Debug-iphonesimulator/TasteBuddy.build/DerivedSources/GeneratedAssetSymbols.h --generate-asset-symbol-index /tmp/TasteBuddyHomeQuestionsQA/Build/Intermediates.noindex/TasteBuddy.build/Debug-iphonesimulator/TasteBuddy.build/DerivedSources/GeneratedAssetSymbols-Index.plist
/* com.apple.actool.compilation-results */
/tmp/TasteBuddyHomeQuestionsQA/Build/Intermediates.noindex/TasteBuddy.build/Debug-iphonesimulator/TasteBuddy.build/DerivedSources/GeneratedAssetSymbols-Index.plist
/tmp/TasteBuddyHomeQuestionsQA/Build/Intermediates.noindex/TasteBuddy.build/Debug-iphonesimulator/TasteBuddy.build/DerivedSources/GeneratedAssetSymbols.h
/tmp/TasteBuddyHomeQuestionsQA/Build/Intermediates.noindex/TasteBuddy.build/Debug-iphonesimulator/TasteBuddy.build/DerivedSources/GeneratedAssetSymbols.swift


CompileAssetCatalogVariant thinned /tmp/TasteBuddyHomeQuestionsQA/Build/Products/Debug-iphonesimulator/TasteBuddy.app /Users/sinjunho/Desktop/Taste\ Buddy/ios/TasteBuddy/Resources/Assets.xcassets (in target 'TasteBuddy' from project 'TasteBuddy')
    cd /Users/sinjunho/Desktop/Taste\ Buddy/ios
    /Applications/Xcode.app/Contents/Developer/usr/bin/actool /Users/sinjunho/Desktop/Taste\ Buddy/ios/TasteBuddy/Resources/Assets.xcassets --compile /tmp/TasteBuddyHomeQuestionsQA/Build/Intermediates.noindex/TasteBuddy.build/Debug-iphonesimulator/TasteBuddy.build/assetcatalog_output/thinned --output-format human-readable-text --notices --warnings --export-dependency-info /tmp/TasteBuddyHomeQuestionsQA/Build/Intermediates.noindex/TasteBuddy.build/Debug-iphonesimulator/TasteBuddy.build/assetcatalog_dependencies_thinned --output-partial-info-plist /tmp/TasteBuddyHomeQuestionsQA/Build/Intermediates.noindex/TasteBuddy.build/Debug-iphonesimulator/TasteBuddy.build/assetcatalog_generated_info.plist_thinned --app-icon AppIcon --accent-color AccentColor --compress-pngs --enable-on-demand-resources YES --filter-for-thinning-device-configuration iPhone17,1 --filter-for-device-os-version 26.5 --development-region en --target-device iphone --minimum-deployment-target 17.0 --platform iphonesimulator
/* com.apple.actool.compilation-results */
/tmp/TasteBuddyHomeQuestionsQA/Build/Intermediates.noindex/TasteBuddy.build/Debug-iphonesimulator/TasteBuddy.build/assetcatalog_generated_info.plist_thinned
/tmp/TasteBuddyHomeQuestionsQA/Build/Intermediates.noindex/TasteBuddy.build/Debug-iphonesimulator/TasteBuddy.build/assetcatalog_output/thinned/AppIcon60x60@2x.png
/tmp/TasteBuddyHomeQuestionsQA/Build/Intermediates.noindex/TasteBuddy.build/Debug-iphonesimulator/TasteBuddy.build/assetcatalog_output/thinned/AppIcon76x76@2x~ipad.png
/tmp/TasteBuddyHomeQuestionsQA/Build/Intermediates.noindex/TasteBuddy.build/Debug-iphonesimulator/TasteBuddy.build/assetcatalog_output/thinned/Assets.car


SwiftDriver TasteBuddy normal x86_64 com.apple.xcode.tools.swift.compiler (in target 'TasteBuddy' from project 'TasteBuddy')
    cd /Users/sinjunho/Desktop/Taste\ Buddy/ios
    builtin-SwiftDriver -- /Applications/Xcode.app/Contents/Developer/Toolchains/XcodeDefault.xctoolchain/usr/bin/swiftc -module-name TasteBuddy -O @/tmp/TasteBuddyHomeQuestionsQA/Build/Intermediates.noindex/TasteBuddy.build/Debug-iphonesimulator/TasteBuddy.build/Objects-normal/x86_64/TasteBuddy.SwiftFileList -DDEBUG -enable-bare-slash-regex -enable-experimental-feature DebugDescriptionMacro -sdk /Applications/Xcode.app/Contents/Developer/Platforms/iPhoneSimulator.platform/Developer/SDKs/iPhoneSimulator26.5.sdk -target x86_64-apple-ios17.0-simulator -g -module-cache-path /tmp/TasteBuddyHomeQuestionsQA/ModuleCache.noindex -Xfrontend -serialize-debugging-options -enable-testing -swift-version 5 -I /tmp/TasteBuddyHomeQuestionsQA/Build/Products/Debug-iphonesimulator -F /tmp/TasteBuddyHomeQuestionsQA/Build/Products/Debug-iphonesimulator/PackageFrameworks -F /tmp/TasteBuddyHomeQuestionsQA/Build/Products/Debug-iphonesimulator/PackageFrameworks -F /tmp/TasteBuddyHomeQuestionsQA/Build/Products/Debug-iphonesimulator/PackageFrameworks -F /tmp/TasteBuddyHomeQuestionsQA/Build/Products/Debug-iphonesimulator/PackageFrameworks -F /tmp/TasteBuddyHomeQuestionsQA/Build/Products/Debug-iphonesimulator/PackageFrameworks -F /tmp/TasteBuddyHomeQuestionsQA/Build/Products/Debug-iphonesimulator/PackageFrameworks -F /tmp/TasteBuddyHomeQuestionsQA/Build/Products/Debug-iphonesimulator/PackageFrameworks -F /tmp/TasteBuddyHomeQuestionsQA/Build/Products/Debug-iphonesimulator/PackageFrameworks -F /tmp/TasteBuddyHomeQuestionsQA/Build/Products/Debug-iphonesimulator/PackageFrameworks -F /tmp/TasteBuddyHomeQuestionsQA/Build/Products/Debug-iphonesimulator/PackageFrameworks -F /tmp/TasteBuddyHomeQuestionsQA/Build/Products/Debug-iphonesimulator/PackageFrameworks -F /tmp/TasteBuddyHomeQuestionsQA/Build/Products/Debug-iphonesimulator/PackageFrameworks -F /tmp/TasteBuddyHomeQuestionsQA/Build/Products/Debug-iphonesimulator/PackageFrameworks -F /tmp/TasteBuddyHomeQuestionsQA/Build/Products/Debug-iphonesimulator/PackageFrameworks -F /tmp/TasteBuddyHomeQuestionsQA/Build/Products/Debug-iphonesimulator/PackageFrameworks -F /tmp/TasteBuddyHomeQuestionsQA/Build/Products/Debug-iphonesimulator/PackageFrameworks -F /tmp/TasteBuddyHomeQuestionsQA/Build/Products/Debug-iphonesimulator -c -j12 -enable-batch-mode -incremental -Xcc -ivfsstatcache -Xcc /tmp/TasteBuddyHomeQuestionsQA/SDKStatCaches.noindex/iphonesimulator26.5-23F81a-6cfe768891a92b912361537c460fe42b.sdkstatcache -output-file-map /tmp/TasteBuddyHomeQuestionsQA/Build/Intermediates.noindex/TasteBuddy.build/Debug-iphonesimulator/TasteBuddy.build/Objects-normal/x86_64/TasteBuddy-OutputFileMap.json -use-frontend-parseable-output -save-temps -no-color-diagnostics -explicit-module-build -module-cache-path /tmp/TasteBuddyHomeQuestionsQA/Build/Intermediates.noindex/SwiftExplicitPrecompiledModules -clang-scanner-module-cache-path /tmp/TasteBuddyHomeQuestionsQA/ModuleCache.noindex -sdk-module-cache-path /tmp/TasteBuddyHomeQuestionsQA/ModuleCache.noindex -serialize-diagnostics -emit-dependencies -emit-module -emit-module-path /tmp/TasteBuddyHomeQuestionsQA/Build/Intermediates.noindex/TasteBuddy.build/Debug-iphonesimulator/TasteBuddy.build/Objects-normal/x86_64/TasteBuddy.swiftmodule -validate-clang-modules-once -clang-build-session-file /tmp/TasteBuddyHomeQuestionsQA/ModuleCache.noindex/Session.modulevalidation -Xcc -I/tmp/TasteBuddyHomeQuestionsQA/Build/Intermediates.noindex/TasteBuddy.build/Debug-iphonesimulator/TasteBuddy.build/swift-overrides.hmap -emit-const-values -Xfrontend -const-gather-protocols-file -Xfrontend /tmp/TasteBuddyHomeQuestionsQA/Build/Intermediates.noindex/TasteBuddy.build/Debug-iphonesimulator/TasteBuddy.build/Objects-normal/x86_64/TasteBuddy_const_extract_protocols.json -Xcc -iquote -Xcc /tmp/TasteBuddyHomeQuestionsQA/Build/Intermediates.noindex/TasteBuddy.build/Debug-iphonesimulator/TasteBuddy.build/TasteBuddy-generated-files.hmap -Xcc -I/tmp/TasteBuddyHomeQuestionsQA/Build/Intermediates.noindex/TasteBuddy.build/Debug-iphonesimulator/TasteBuddy.build/TasteBuddy-own-target-headers.hmap -Xcc -I/tmp/TasteBuddyHomeQuestionsQA/Build/Intermediates.noindex/TasteBuddy.build/Debug-iphonesimulator/TasteBuddy.build/TasteBuddy-all-non-framework-target-headers.hmap -Xcc -ivfsoverlay -Xcc /tmp/TasteBuddyHomeQuestionsQA/Build/Intermediates.noindex/TasteBuddy.build/Debug-iphonesimulator/TasteBuddy-13299a83df260b797a46b4b5b88bf8d1-VFS-iphonesimulator/all-product-headers.yaml -Xcc -iquote -Xcc /tmp/TasteBuddyHomeQuestionsQA/Build/Intermediates.noindex/TasteBuddy.build/Debug-iphonesimulator/TasteBuddy.build/TasteBuddy-project-headers.hmap -Xcc -I/tmp/TasteBuddyHomeQuestionsQA/Build/Products/Debug-iphonesimulator/include -Xcc -I/tmp/TasteBuddyHomeQuestionsQA/Build/Intermediates.noindex/TasteBuddy.build/Debug-iphonesimulator/TasteBuddy.build/DerivedSources-normal/x86_64 -Xcc -I/tmp/TasteBuddyHomeQuestionsQA/Build/Intermediates.noindex/TasteBuddy.build/Debug-iphonesimulator/TasteBuddy.build/DerivedSources/x86_64 -Xcc -I/tmp/TasteBuddyHomeQuestionsQA/Build/Intermediates.noindex/TasteBuddy.build/Debug-iphonesimulator/TasteBuddy.build/DerivedSources -emit-objc-header -emit-objc-header-path /tmp/TasteBuddyHomeQuestionsQA/Build/Intermediates.noindex/TasteBuddy.build/Debug-iphonesimulator/TasteBuddy.build/Objects-normal/x86_64/TasteBuddy-Swift.h -working-directory /Users/sinjunho/Desktop/Taste\ Buddy/ios -experimental-emit-module-separately -disable-cmo

ExtractAppIntentsMetadata (in target 'Realtime' from project 'Supabase')
    cd /tmp/TasteBuddyHomeQuestionsQA/SourcePackages/checkouts/supabase-swift
    /Applications/Xcode.app/Contents/Developer/Toolchains/XcodeDefault.xctoolchain/usr/bin/appintentsmetadataprocessor --toolchain-dir /Applications/Xcode.app/Contents/Developer/Toolchains/XcodeDefault.xctoolchain --module-name Realtime --sdk-root /Applications/Xcode.app/Contents/Developer/Platforms/iPhoneSimulator.platform/Developer/SDKs/iPhoneSimulator26.5.sdk --xcode-version 17F113 --platform-family iOS --deployment-target 13.0 --bundle-identifier supabase-swift.Realtime --output /tmp/TasteBuddyHomeQuestionsQA/Build/Products/Debug-iphonesimulator/Realtime.appintents --target-triple x86_64-apple-ios13.0-simulator --binary-file /tmp/TasteBuddyHomeQuestionsQA/Build/Products/Debug-iphonesimulator/Realtime.o --dependency-file /tmp/TasteBuddyHomeQuestionsQA/Build/Intermediates.noindex/Supabase.build/Debug-iphonesimulator/Realtime.build/Objects-normal/x86_64/Realtime_dependency_info.dat --stringsdata-file /tmp/TasteBuddyHomeQuestionsQA/Build/Intermediates.noindex/Supabase.build/Debug-iphonesimulator/Realtime.build/Objects-normal/x86_64/ExtractedAppShortcutsMetadata.stringsdata --source-file-list /tmp/TasteBuddyHomeQuestionsQA/Build/Intermediates.noindex/Supabase.build/Debug-iphonesimulator/Realtime.build/Objects-normal/x86_64/Realtime.SwiftFileList --metadata-file-list /tmp/TasteBuddyHomeQuestionsQA/Build/Intermediates.noindex/Supabase.build/Debug-iphonesimulator/Realtime.build/Realtime.DependencyMetadataFileList --static-metadata-file-list /tmp/TasteBuddyHomeQuestionsQA/Build/Intermediates.noindex/Supabase.build/Debug-iphonesimulator/Realtime.build/Realtime.DependencyStaticMetadataFileList --swift-const-vals-list /tmp/TasteBuddyHomeQuestionsQA/Build/Intermediates.noindex/Supabase.build/Debug-iphonesimulator/Realtime.build/Objects-normal/x86_64/Realtime.SwiftConstValuesFileList --force --compile-time-extraction --deployment-aware-processing --validate-assistant-intents --no-app-shortcuts-localization
2026-09-13 16:11:49.436 appintentsmetadataprocessor[82535:4042619] Starting appintentsmetadataprocessor export
2026-09-13 16:11:49.460 appintentsmetadataprocessor[82535:4042619] Extracted no relevant App Intents symbols, skipping writing output

SwiftDriverJobDiscovery normal x86_64 Compiling Types.swift (in target 'Supabase' from project 'Supabase')

RegisterExecutionPolicyException /tmp/TasteBuddyHomeQuestionsQA/Build/Products/Debug-iphonesimulator/Realtime.o (in target 'Realtime' from project 'Supabase')
    cd /tmp/TasteBuddyHomeQuestionsQA/SourcePackages/checkouts/supabase-swift
    builtin-RegisterExecutionPolicyException /tmp/TasteBuddyHomeQuestionsQA/Build/Products/Debug-iphonesimulator/Realtime.o

SwiftDriverJobDiscovery normal x86_64 Compiling SupabaseClient.swift (in target 'Supabase' from project 'Supabase')

SwiftDriver\ Compilation Supabase normal x86_64 com.apple.xcode.tools.swift.compiler (in target 'Supabase' from project 'Supabase')
    cd /Users/sinjunho/Desktop/Taste\ Buddy/ios/TasteBuddy.xcodeproj
    builtin-Swift-Compilation -- /Applications/Xcode.app/Contents/Developer/Toolchains/XcodeDefault.xctoolchain/usr/bin/swiftc -module-name Supabase -Onone @/tmp/TasteBuddyHomeQuestionsQA/Build/Intermediates.noindex/Supabase.build/Debug-iphonesimulator/Supabase.build/Objects-normal/x86_64/Supabase.SwiftFileList -DSWIFT_PACKAGE -DDEBUG -DSWIFT_MODULE_RESOURCE_BUNDLE_UNAVAILABLE -DXcode -enable-upcoming-feature ExistentialAny -enable-experimental-feature StrictConcurrency -plugin-path /Applications/Xcode.app/Contents/Developer/Toolchains/XcodeDefault.xctoolchain/usr/lib/swift/host/plugins/testing -enable-experimental-feature DebugDescriptionMacro -sdk /Applications/Xcode.app/Contents/Developer/Platforms/iPhoneSimulator.platform/Developer/SDKs/iPhoneSimulator26.5.sdk -target x86_64-apple-ios13.0-simulator -g -module-cache-path /tmp/TasteBuddyHomeQuestionsQA/ModuleCache.noindex -Xfrontend -serialize-debugging-options -enable-testing -suppress-warnings -index-store-path /tmp/TasteBuddyHomeQuestionsQA/Index.noindex/DataStore -Xcc -D_LIBCPP_HARDENING_MODE\=_LIBCPP_HARDENING_MODE_DEBUG -swift-version 5 -I /tmp/TasteBuddyHomeQuestionsQA/Build/Products/Debug-iphonesimulator -Isystem /Applications/Xcode.app/Contents/Developer/Platforms/iPhoneSimulator.platform/Developer/usr/lib -F /tmp/TasteBuddyHomeQuestionsQA/Build/Products/Debug-iphonesimulator/PackageFrameworks -F /tmp/TasteBuddyHomeQuestionsQA/Build/Products/Debug-iphonesimulator/PackageFrameworks -F /tmp/TasteBuddyHomeQuestionsQA/Build/Products/Debug-iphonesimulator/PackageFrameworks -F /tmp/TasteBuddyHomeQuestionsQA/Build/Products/Debug-iphonesimulator/PackageFrameworks -F /tmp/TasteBuddyHomeQuestionsQA/Build/Products/Debug-iphonesimulator/PackageFrameworks -F /tmp/TasteBuddyHomeQuestionsQA/Build/Products/Debug-iphonesimulator/PackageFrameworks -F /tmp/TasteBuddyHomeQuestionsQA/Build/Products/Debug-iphonesimulator/PackageFrameworks -F /tmp/TasteBuddyHomeQuestionsQA/Build/Products/Debug-iphonesimulator/PackageFrameworks -F /tmp/TasteBuddyHomeQuestionsQA/Build/Products/Debug-iphonesimulator/PackageFrameworks -F /tmp/TasteBuddyHomeQuestionsQA/Build/Products/Debug-iphonesimulator/PackageFrameworks -F /tmp/TasteBuddyHomeQuestionsQA/Build/Products/Debug-iphonesimulator/PackageFrameworks -F /tmp/TasteBuddyHomeQuestionsQA/Build/Products/Debug-iphonesimulator/PackageFrameworks -F /tmp/TasteBuddyHomeQuestionsQA/Build/Products/Debug-iphonesimulator/PackageFrameworks -F /tmp/TasteBuddyHomeQuestionsQA/Build/Products/Debug-iphonesimulator -F /Applications/Xcode.app/Contents/Developer/Platforms/iPhoneSimulator.platform/Developer/Library/Frameworks -F /Applications/Xcode.app/Contents/Developer/Platforms/iPhoneSimulator.platform/Developer/SDKs/iPhoneSimulator26.5.sdk/Developer/Library/Frameworks -c -j12 -enable-batch-mode -incremental -Xcc -ivfsstatcache -Xcc /tmp/TasteBuddyHomeQuestionsQA/SDKStatCaches.noindex/iphonesimulator26.5-23F81a-6cfe768891a92b912361537c460fe42b.sdkstatcache -output-file-map /tmp/TasteBuddyHomeQuestionsQA/Build/Intermediates.noindex/Supabase.build/Debug-iphonesimulator/Supabase.build/Objects-normal/x86_64/Supabase-OutputFileMap.json -use-frontend-parseable-output -save-temps -no-color-diagnostics -explicit-module-build -module-cache-path /tmp/TasteBuddyHomeQuestionsQA/Build/Intermediates.noindex/SwiftExplicitPrecompiledModules -clang-scanner-module-cache-path /tmp/TasteBuddyHomeQuestionsQA/ModuleCache.noindex -sdk-module-cache-path /tmp/TasteBuddyHomeQuestionsQA/ModuleCache.noindex -serialize-diagnostics -emit-dependencies -emit-module -emit-module-path /tmp/TasteBuddyHomeQuestionsQA/Build/Intermediates.noindex/Supabase.build/Debug-iphonesimulator/Supabase.build/Objects-normal/x86_64/Supabase.swiftmodule -validate-clang-modules-once -clang-build-session-file /tmp/TasteBuddyHomeQuestionsQA/ModuleCache.noindex/Session.modulevalidation -package-name supabase_swift -Xcc -I/tmp/TasteBuddyHomeQuestionsQA/Build/Intermediates.noindex/Supabase.build/Debug-iphonesimulator/Supabase.build/swift-overrides.hmap -emit-const-values -Xfrontend -const-gather-protocols-file -Xfrontend /tmp/TasteBuddyHomeQuestionsQA/Build/Intermediates.noindex/Supabase.build/Debug-iphonesimulator/Supabase.build/Objects-normal/x86_64/Supabase_const_extract_protocols.json -Xcc -I/tmp/TasteBuddyHomeQuestionsQA/Build/Products/Debug-iphonesimulator/include -Xcc -I/tmp/TasteBuddyHomeQuestionsQA/Build/Intermediates.noindex/Supabase.build/Debug-iphonesimulator/Supabase.build/DerivedSources-normal/x86_64 -Xcc -I/tmp/TasteBuddyHomeQuestionsQA/Build/Intermediates.noindex/Supabase.build/Debug-iphonesimulator/Supabase.build/DerivedSources/x86_64 -Xcc -I/tmp/TasteBuddyHomeQuestionsQA/Build/Intermediates.noindex/Supabase.build/Debug-iphonesimulator/Supabase.build/DerivedSources -Xcc -DSWIFT_PACKAGE -Xcc -DDEBUG\=1 -emit-objc-header -emit-objc-header-path /tmp/TasteBuddyHomeQuestionsQA/Build/Intermediates.noindex/Supabase.build/Debug-iphonesimulator/Supabase.build/Objects-normal/x86_64/Supabase-Swift.h -working-directory /Users/sinjunho/Desktop/Taste\ Buddy/ios/TasteBuddy.xcodeproj -experimental-emit-module-separately -disable-cmo

SwiftExplicitDependencyGeneratePcm x86_64 /tmp/TasteBuddyHomeQuestionsQA/ModuleCache.noindex/_Builtin_stdarg-5254409PBZ4IAWZB4S4HH5KTO.pcm

SwiftExplicitDependencyGeneratePcm x86_64 /tmp/TasteBuddyHomeQuestionsQA/ModuleCache.noindex/_SwiftConcurrencyShims-1DCMD41BEHW4I0QCBBAIT26Q2.pcm

SwiftExplicitDependencyGeneratePcm x86_64 /tmp/TasteBuddyHomeQuestionsQA/ModuleCache.noindex/ptrcheck-7HX3548LN92PGG951N3OPYGLC.pcm

SwiftExplicitDependencyGeneratePcm x86_64 /tmp/TasteBuddyHomeQuestionsQA/ModuleCache.noindex/_Builtin_float-1R2D61BA8M1BKCO59ZKGPPNC8.pcm

SwiftExplicitDependencyGeneratePcm x86_64 /tmp/TasteBuddyHomeQuestionsQA/ModuleCache.noindex/ptrauth-45GWHJO5HOXJC0OJDKH21BINE.pcm

SwiftExplicitDependencyGeneratePcm x86_64 /tmp/TasteBuddyHomeQuestionsQA/ModuleCache.noindex/_AvailabilityInternal-93IKVRQCXWLI0UEMMGGWC9II2.pcm

SwiftExplicitDependencyGeneratePcm x86_64 /tmp/TasteBuddyHomeQuestionsQA/ModuleCache.noindex/_Builtin_stddef-9WRQC5ZSV7W8SEGOMIU5S189G.pcm

SwiftExplicitDependencyGeneratePcm x86_64 /tmp/TasteBuddyHomeQuestionsQA/ModuleCache.noindex/DeveloperToolsSupport-F0VP6KPMJ24U2ICC09QPTW95F.pcm

SwiftExplicitDependencyGeneratePcm x86_64 /tmp/TasteBuddyHomeQuestionsQA/ModuleCache.noindex/_Builtin_stdbool-D2TDQ7V97KL7WS22OKMCRIMHP.pcm

SwiftExplicitDependencyGeneratePcm x86_64 /tmp/TasteBuddyHomeQuestionsQA/ModuleCache.noindex/SwiftShims-AKN19MH5IVS8VYRO9ZWUNZ79W.pcm

SwiftExplicitDependencyGeneratePcm x86_64 /tmp/TasteBuddyHomeQuestionsQA/ModuleCache.noindex/_DarwinFoundation1-CEMPIZK122ED8W7OC78DKJPYV.pcm

SwiftExplicitDependencyGeneratePcm x86_64 /tmp/TasteBuddyHomeQuestionsQA/ModuleCache.noindex/_Builtin_limits-62ZGO7JXRI26U31WJ4138RMAV.pcm

SwiftExplicitDependencyGeneratePcm x86_64 /tmp/TasteBuddyHomeQuestionsQA/ModuleCache.noindex/ExtensionFoundation-45TBSNKT2XPDUCIJD12TAJIZV.pcm

SwiftExplicitDependencyGeneratePcm x86_64 /tmp/TasteBuddyHomeQuestionsQA/ModuleCache.noindex/_DarwinFoundation2-C6JGD1GVL80J63QICEFDSQOBB.pcm

SwiftExplicitDependencyGeneratePcm x86_64 /tmp/TasteBuddyHomeQuestionsQA/ModuleCache.noindex/sys_types-DDPIQITJEEFQN07E7V4SME2H2.pcm

SwiftExplicitDependencyGeneratePcm x86_64 /tmp/TasteBuddyHomeQuestionsQA/ModuleCache.noindex/_Builtin_stdint-D6RDR5P29YD7A1SP7OAVBLHX0.pcm

SwiftExplicitDependencyGeneratePcm x86_64 /tmp/TasteBuddyHomeQuestionsQA/ModuleCache.noindex/_Builtin_tgmath-35FM5VJZUEB8M80DNYCAST7CL.pcm

SwiftExplicitDependencyGeneratePcm x86_64 /tmp/TasteBuddyHomeQuestionsQA/ModuleCache.noindex/_Builtin_stdatomic-5D44YKL0F8B4BXEQ1W6ADFDJX.pcm

SwiftExplicitDependencyGeneratePcm x86_64 /tmp/TasteBuddyHomeQuestionsQA/ModuleCache.noindex/_DarwinFoundation3-97F54SIX46HVUAGHI3KBOP7RB.pcm

SwiftExplicitDependencyGeneratePcm x86_64 /tmp/TasteBuddyHomeQuestionsQA/ModuleCache.noindex/_Builtin_inttypes-6KN3UCI4U0FZCZL1CW9ZAJ6UI.pcm

SwiftExplicitDependencyGeneratePcm x86_64 /tmp/TasteBuddyHomeQuestionsQA/ModuleCache.noindex/_Builtin_intrinsics-5UNV40U6ZP94FNNILLODPHPGD.pcm

SwiftExplicitDependencyGeneratePcm x86_64 /tmp/TasteBuddyHomeQuestionsQA/ModuleCache.noindex/Darwin-E9QTPWBGW8T6RQAA5AFJY0QSD.pcm

SwiftDriverJobDiscovery normal x86_64 Compiling AuthAdmin.swift, AuthAdminOAuth.swift, AuthClient.swift (in target 'Auth' from project 'Supabase')

SwiftExplicitDependencyGeneratePcm x86_64 /tmp/TasteBuddyHomeQuestionsQA/ModuleCache.noindex/ObjectiveC-DCFDEW2K5GZAXU9SCMPDO3UBT.pcm

SwiftExplicitDependencyGeneratePcm x86_64 /tmp/TasteBuddyHomeQuestionsQA/ModuleCache.noindex/MachO-5CRH72Y7746XE8L7F6C1RP08E.pcm

SwiftExplicitDependencyGeneratePcm x86_64 /tmp/TasteBuddyHomeQuestionsQA/ModuleCache.noindex/os_object-M1DJQ5A8D4BSSLH1E2GWNB3N.pcm

SwiftExplicitDependencyGeneratePcm x86_64 /tmp/TasteBuddyHomeQuestionsQA/ModuleCache.noindex/simd-CUZTDF8TH2W65H7WXQANWIANG.pcm

SwiftExplicitDependencyGeneratePcm x86_64 /tmp/TasteBuddyHomeQuestionsQA/ModuleCache.noindex/os_workgroup-6L0LR9ASRN3QPHLMKFRLTZ5TS.pcm

SwiftExplicitDependencyGeneratePcm x86_64 /tmp/TasteBuddyHomeQuestionsQA/ModuleCache.noindex/Dispatch-EMPESG3Y3MZHVUP3QBUNXWF1W.pcm

SwiftExplicitDependencyGeneratePcm x86_64 /tmp/TasteBuddyHomeQuestionsQA/ModuleCache.noindex/dnssd-7J8L0MCCXIU01UCWJGZK89G3F.pcm

SwiftExplicitDependencyGeneratePcm x86_64 /tmp/TasteBuddyHomeQuestionsQA/ModuleCache.noindex/XPC-W4U6A70KO0NKO2VW8PA46ML3.pcm

SwiftExplicitDependencyGeneratePcm x86_64 /tmp/TasteBuddyHomeQuestionsQA/ModuleCache.noindex/CoreFoundation-S869MM3DB2K0BFOEZDZQLRRR.pcm

SwiftExplicitDependencyGeneratePcm x86_64 /tmp/TasteBuddyHomeQuestionsQA/ModuleCache.noindex/os-D25IQSUD6S9LF1INXE4A4TUN8.pcm

SwiftExplicitDependencyGeneratePcm x86_64 /tmp/TasteBuddyHomeQuestionsQA/ModuleCache.noindex/CoreServices-8K9UN2UKP2KLMV6V88G50O9WT.pcm

SwiftExplicitDependencyGeneratePcm x86_64 /tmp/TasteBuddyHomeQuestionsQA/ModuleCache.noindex/CoreAudioTypes-2BBF4CM7I8BYG8N678RIL3ELS.pcm

SwiftExplicitDependencyGeneratePcm x86_64 /tmp/TasteBuddyHomeQuestionsQA/ModuleCache.noindex/CFNetwork-BLBECQ5YSH2ZCS3RNN0RDC8UP.pcm

SwiftExplicitDependencyGeneratePcm x86_64 /tmp/TasteBuddyHomeQuestionsQA/ModuleCache.noindex/CoreGraphics-7UHFQJNWW7201E57MQD5JCHYG.pcm

SwiftExplicitDependencyGeneratePcm x86_64 /tmp/TasteBuddyHomeQuestionsQA/ModuleCache.noindex/Security-96TCZFDEL8NGZ4JPHRI00DN00.pcm

SwiftExplicitDependencyGeneratePcm x86_64 /tmp/TasteBuddyHomeQuestionsQA/ModuleCache.noindex/MobileCoreServices-5VRMEORUT73119Q31GKAWPGJI.pcm

SwiftExplicitDependencyGeneratePcm x86_64 /tmp/TasteBuddyHomeQuestionsQA/ModuleCache.noindex/CoreAudio-E6TJB7VK7WPA7EOYIFVBNZ8KZ.pcm

SwiftExplicitDependencyGeneratePcm x86_64 /tmp/TasteBuddyHomeQuestionsQA/ModuleCache.noindex/Foundation-9B55BCQX6PAJR828JRU8RYWWQ.pcm

SwiftExplicitDependencyGeneratePcm x86_64 /tmp/TasteBuddyHomeQuestionsQA/ModuleCache.noindex/CoreText-26BSCXGDWYQ5FF1KVJQG5HIT5.pcm

SwiftExplicitDependencyGeneratePcm x86_64 /tmp/TasteBuddyHomeQuestionsQA/ModuleCache.noindex/ImageIO-6ZT4KUNUG11LOSEXEW4UQQTC1.pcm

SwiftDriverJobDiscovery normal x86_64 Compiling WinCredLocalStorage.swift, Types.swift (in target 'Auth' from project 'Supabase')

SwiftDriver\ Compilation Auth normal x86_64 com.apple.xcode.tools.swift.compiler (in target 'Auth' from project 'Supabase')
    cd /Users/sinjunho/Desktop/Taste\ Buddy/ios/TasteBuddy.xcodeproj
    builtin-Swift-Compilation -- /Applications/Xcode.app/Contents/Developer/Toolchains/XcodeDefault.xctoolchain/usr/bin/swiftc -module-name Auth -Onone @/tmp/TasteBuddyHomeQuestionsQA/Build/Intermediates.noindex/Supabase.build/Debug-iphonesimulator/Auth.build/Objects-normal/x86_64/Auth.SwiftFileList -DSWIFT_PACKAGE -DDEBUG -DSWIFT_MODULE_RESOURCE_BUNDLE_UNAVAILABLE -DXcode -enable-upcoming-feature ExistentialAny -enable-experimental-feature StrictConcurrency -plugin-path /Applications/Xcode.app/Contents/Developer/Toolchains/XcodeDefault.xctoolchain/usr/lib/swift/host/plugins/testing -enable-experimental-feature DebugDescriptionMacro -sdk /Applications/Xcode.app/Contents/Developer/Platforms/iPhoneSimulator.platform/Developer/SDKs/iPhoneSimulator26.5.sdk -target x86_64-apple-ios13.0-simulator -g -module-cache-path /tmp/TasteBuddyHomeQuestionsQA/ModuleCache.noindex -Xfrontend -serialize-debugging-options -enable-testing -suppress-warnings -index-store-path /tmp/TasteBuddyHomeQuestionsQA/Index.noindex/DataStore -Xcc -D_LIBCPP_HARDENING_MODE\=_LIBCPP_HARDENING_MODE_DEBUG -swift-version 5 -I /tmp/TasteBuddyHomeQuestionsQA/Build/Products/Debug-iphonesimulator -Isystem /Applications/Xcode.app/Contents/Developer/Platforms/iPhoneSimulator.platform/Developer/usr/lib -F /tmp/TasteBuddyHomeQuestionsQA/Build/Products/Debug-iphonesimulator/PackageFrameworks -F /tmp/TasteBuddyHomeQuestionsQA/Build/Products/Debug-iphonesimulator/PackageFrameworks -F /tmp/TasteBuddyHomeQuestionsQA/Build/Products/Debug-iphonesimulator/PackageFrameworks -F /tmp/TasteBuddyHomeQuestionsQA/Build/Products/Debug-iphonesimulator/PackageFrameworks -F /tmp/TasteBuddyHomeQuestionsQA/Build/Products/Debug-iphonesimulator/PackageFrameworks -F /tmp/TasteBuddyHomeQuestionsQA/Build/Products/Debug-iphonesimulator/PackageFrameworks -F /tmp/TasteBuddyHomeQuestionsQA/Build/Products/Debug-iphonesimulator/PackageFrameworks -F /tmp/TasteBuddyHomeQuestionsQA/Build/Products/Debug-iphonesimulator/PackageFrameworks -F /tmp/TasteBuddyHomeQuestionsQA/Build/Products/Debug-iphonesimulator -F /Applications/Xcode.app/Contents/Developer/Platforms/iPhoneSimulator.platform/Developer/Library/Frameworks -F /Applications/Xcode.app/Contents/Developer/Platforms/iPhoneSimulator.platform/Developer/SDKs/iPhoneSimulator26.5.sdk/Developer/Library/Frameworks -c -j12 -enable-batch-mode -incremental -Xcc -ivfsstatcache -Xcc /tmp/TasteBuddyHomeQuestionsQA/SDKStatCaches.noindex/iphonesimulator26.5-23F81a-6cfe768891a92b912361537c460fe42b.sdkstatcache -output-file-map /tmp/TasteBuddyHomeQuestionsQA/Build/Intermediates.noindex/Supabase.build/Debug-iphonesimulator/Auth.build/Objects-normal/x86_64/Auth-OutputFileMap.json -use-frontend-parseable-output -save-temps -no-color-diagnostics -explicit-module-build -module-cache-path /tmp/TasteBuddyHomeQuestionsQA/Build/Intermediates.noindex/SwiftExplicitPrecompiledModules -clang-scanner-module-cache-path /tmp/TasteBuddyHomeQuestionsQA/ModuleCache.noindex -sdk-module-cache-path /tmp/TasteBuddyHomeQuestionsQA/ModuleCache.noindex -serialize-diagnostics -emit-dependencies -emit-module -emit-module-path /tmp/TasteBuddyHomeQuestionsQA/Build/Intermediates.noindex/Supabase.build/Debug-iphonesimulator/Auth.build/Objects-normal/x86_64/Auth.swiftmodule -validate-clang-modules-once -clang-build-session-file /tmp/TasteBuddyHomeQuestionsQA/ModuleCache.noindex/Session.modulevalidation -package-name supabase_swift -Xcc -I/tmp/TasteBuddyHomeQuestionsQA/Build/Intermediates.noindex/Supabase.build/Debug-iphonesimulator/Auth.build/swift-overrides.hmap -emit-const-values -Xfrontend -const-gather-protocols-file -Xfrontend /tmp/TasteBuddyHomeQuestionsQA/Build/Intermediates.noindex/Supabase.build/Debug-iphonesimulator/Auth.build/Objects-normal/x86_64/Auth_const_extract_protocols.json -Xcc -I/tmp/TasteBuddyHomeQuestionsQA/Build/Products/Debug-iphonesimulator/include -Xcc -I/tmp/TasteBuddyHomeQuestionsQA/Build/Intermediates.noindex/Supabase.build/Debug-iphonesimulator/Auth.build/DerivedSources-normal/x86_64 -Xcc -I/tmp/TasteBuddyHomeQuestionsQA/Build/Intermediates.noindex/Supabase.build/Debug-iphonesimulator/Auth.build/DerivedSources/x86_64 -Xcc -I/tmp/TasteBuddyHomeQuestionsQA/Build/Intermediates.noindex/Supabase.build/Debug-iphonesimulator/Auth.build/DerivedSources -Xcc -DSWIFT_PACKAGE -Xcc -DDEBUG\=1 -emit-objc-header -emit-objc-header-path /tmp/TasteBuddyHomeQuestionsQA/Build/Intermediates.noindex/Supabase.build/Debug-iphonesimulator/Auth.build/Objects-normal/x86_64/Auth-Swift.h -working-directory /Users/sinjunho/Desktop/Taste\ Buddy/ios/TasteBuddy.xcodeproj -experimental-emit-module-separately -disable-cmo

Ld /tmp/TasteBuddyHomeQuestionsQA/Build/Products/Debug-iphonesimulator/Auth.o normal (in target 'Auth' from project 'Supabase')
    cd /tmp/TasteBuddyHomeQuestionsQA/SourcePackages/checkouts/supabase-swift
    /Applications/Xcode.app/Contents/Developer/Toolchains/XcodeDefault.xctoolchain/usr/bin/clang -Xlinker -reproducible -target x86_64-apple-ios13.0-simulator -r -isysroot /Applications/Xcode.app/Contents/Developer/Platforms/iPhoneSimulator.platform/Developer/SDKs/iPhoneSimulator26.5.sdk -O0 -w -F/tmp/TasteBuddyHomeQuestionsQA/Build/Intermediates.noindex/EagerLinkingTBDs/Debug-iphonesimulator -F/tmp/TasteBuddyHomeQuestionsQA/Build/Products/Debug-iphonesimulator/PackageFrameworks -F/tmp/TasteBuddyHomeQuestionsQA/Build/Products/Debug-iphonesimulator/PackageFrameworks -F/tmp/TasteBuddyHomeQuestionsQA/Build/Products/Debug-iphonesimulator/PackageFrameworks -F/tmp/TasteBuddyHomeQuestionsQA/Build/Products/Debug-iphonesimulator/PackageFrameworks -F/tmp/TasteBuddyHomeQuestionsQA/Build/Products/Debug-iphonesimulator/PackageFrameworks -F/tmp/TasteBuddyHomeQuestionsQA/Build/Products/Debug-iphonesimulator/PackageFrameworks -F/tmp/TasteBuddyHomeQuestionsQA/Build/Products/Debug-iphonesimulator/PackageFrameworks -F/tmp/TasteBuddyHomeQuestionsQA/Build/Products/Debug-iphonesimulator/PackageFrameworks -F/tmp/TasteBuddyHomeQuestionsQA/Build/Products/Debug-iphonesimulator -iframework /Applications/Xcode.app/Contents/Developer/Platforms/iPhoneSimulator.platform/Developer/Library/Frameworks -iframework /Applications/Xcode.app/Contents/Developer/Platforms/iPhoneSimulator.platform/Developer/SDKs/iPhoneSimulator26.5.sdk/Developer/Library/Frameworks -filelist /tmp/TasteBuddyHomeQuestionsQA/Build/Intermediates.noindex/Supabase.build/Debug-iphonesimulator/Auth.build/Objects-normal/x86_64/Auth.LinkFileList -nostdlib -Xlinker -object_path_lto -Xlinker /tmp/TasteBuddyHomeQuestionsQA/Build/Intermediates.noindex/Supabase.build/Debug-iphonesimulator/Auth.build/Objects-normal/x86_64/Auth_lto.o -Xlinker -no_deduplicate -Xlinker -objc_abi_version -Xlinker 2 -Xlinker -dependency_info -Xlinker /tmp/TasteBuddyHomeQuestionsQA/Build/Intermediates.noindex/Supabase.build/Debug-iphonesimulator/Auth.build/Objects-normal/x86_64/Auth_dependency_info.dat -fobjc-link-runtime -L/Applications/Xcode.app/Contents/Developer/Toolchains/XcodeDefault.xctoolchain/usr/lib/swift/iphonesimulator -L/usr/lib/swift -Xlinker -add_ast_path -Xlinker /tmp/TasteBuddyHomeQuestionsQA/Build/Intermediates.noindex/Supabase.build/Debug-iphonesimulator/Auth.build/Objects-normal/x86_64/Auth.swiftmodule @/tmp/TasteBuddyHomeQuestionsQA/Build/Intermediates.noindex/Supabase.build/Debug-iphonesimulator/Auth.build/Objects-normal/x86_64/Auth-linker-args.resp -o /tmp/TasteBuddyHomeQuestionsQA/Build/Products/Debug-iphonesimulator/Auth.o

ExtractAppIntentsMetadata (in target 'Auth' from project 'Supabase')
    cd /tmp/TasteBuddyHomeQuestionsQA/SourcePackages/checkouts/supabase-swift
    /Applications/Xcode.app/Contents/Developer/Toolchains/XcodeDefault.xctoolchain/usr/bin/appintentsmetadataprocessor --toolchain-dir /Applications/Xcode.app/Contents/Developer/Toolchains/XcodeDefault.xctoolchain --module-name Auth --sdk-root /Applications/Xcode.app/Contents/Developer/Platforms/iPhoneSimulator.platform/Developer/SDKs/iPhoneSimulator26.5.sdk --xcode-version 17F113 --platform-family iOS --deployment-target 13.0 --bundle-identifier supabase-swift.Auth --output /tmp/TasteBuddyHomeQuestionsQA/Build/Products/Debug-iphonesimulator/Auth.appintents --target-triple x86_64-apple-ios13.0-simulator --binary-file /tmp/TasteBuddyHomeQuestionsQA/Build/Products/Debug-iphonesimulator/Auth.o --dependency-file /tmp/TasteBuddyHomeQuestionsQA/Build/Intermediates.noindex/Supabase.build/Debug-iphonesimulator/Auth.build/Objects-normal/x86_64/Auth_dependency_info.dat --stringsdata-file /tmp/TasteBuddyHomeQuestionsQA/Build/Intermediates.noindex/Supabase.build/Debug-iphonesimulator/Auth.build/Objects-normal/x86_64/ExtractedAppShortcutsMetadata.stringsdata --source-file-list /tmp/TasteBuddyHomeQuestionsQA/Build/Intermediates.noindex/Supabase.build/Debug-iphonesimulator/Auth.build/Objects-normal/x86_64/Auth.SwiftFileList --metadata-file-list /tmp/TasteBuddyHomeQuestionsQA/Build/Intermediates.noindex/Supabase.build/Debug-iphonesimulator/Auth.build/Auth.DependencyMetadataFileList --static-metadata-file-list /tmp/TasteBuddyHomeQuestionsQA/Build/Intermediates.noindex/Supabase.build/Debug-iphonesimulator/Auth.build/Auth.DependencyStaticMetadataFileList --swift-const-vals-list /tmp/TasteBuddyHomeQuestionsQA/Build/Intermediates.noindex/Supabase.build/Debug-iphonesimulator/Auth.build/Objects-normal/x86_64/Auth.SwiftConstValuesFileList --force --compile-time-extraction --deployment-aware-processing --validate-assistant-intents --no-app-shortcuts-localization
2026-09-13 16:12:10.322 appintentsmetadataprocessor[82608:4043704] Starting appintentsmetadataprocessor export
2026-09-13 16:12:10.502 appintentsmetadataprocessor[82608:4043704] Extracted no relevant App Intents symbols, skipping writing output

RegisterExecutionPolicyException /tmp/TasteBuddyHomeQuestionsQA/Build/Products/Debug-iphonesimulator/Auth.o (in target 'Auth' from project 'Supabase')
    cd /tmp/TasteBuddyHomeQuestionsQA/SourcePackages/checkouts/supabase-swift
    builtin-RegisterExecutionPolicyException /tmp/TasteBuddyHomeQuestionsQA/Build/Products/Debug-iphonesimulator/Auth.o

Ld /tmp/TasteBuddyHomeQuestionsQA/Build/Products/Debug-iphonesimulator/Supabase.o normal (in target 'Supabase' from project 'Supabase')
    cd /tmp/TasteBuddyHomeQuestionsQA/SourcePackages/checkouts/supabase-swift
    /Applications/Xcode.app/Contents/Developer/Toolchains/XcodeDefault.xctoolchain/usr/bin/clang -Xlinker -reproducible -target x86_64-apple-ios13.0-simulator -r -isysroot /Applications/Xcode.app/Contents/Developer/Platforms/iPhoneSimulator.platform/Developer/SDKs/iPhoneSimulator26.5.sdk -O0 -w -F/tmp/TasteBuddyHomeQuestionsQA/Build/Intermediates.noindex/EagerLinkingTBDs/Debug-iphonesimulator -F/tmp/TasteBuddyHomeQuestionsQA/Build/Products/Debug-iphonesimulator/PackageFrameworks -F/tmp/TasteBuddyHomeQuestionsQA/Build/Products/Debug-iphonesimulator/PackageFrameworks -F/tmp/TasteBuddyHomeQuestionsQA/Build/Products/Debug-iphonesimulator/PackageFrameworks -F/tmp/TasteBuddyHomeQuestionsQA/Build/Products/Debug-iphonesimulator/PackageFrameworks -F/tmp/TasteBuddyHomeQuestionsQA/Build/Products/Debug-iphonesimulator/PackageFrameworks -F/tmp/TasteBuddyHomeQuestionsQA/Build/Products/Debug-iphonesimulator/PackageFrameworks -F/tmp/TasteBuddyHomeQuestionsQA/Build/Products/Debug-iphonesimulator/PackageFrameworks -F/tmp/TasteBuddyHomeQuestionsQA/Build/Products/Debug-iphonesimulator/PackageFrameworks -F/tmp/TasteBuddyHomeQuestionsQA/Build/Products/Debug-iphonesimulator/PackageFrameworks -F/tmp/TasteBuddyHomeQuestionsQA/Build/Products/Debug-iphonesimulator/PackageFrameworks -F/tmp/TasteBuddyHomeQuestionsQA/Build/Products/Debug-iphonesimulator/PackageFrameworks -F/tmp/TasteBuddyHomeQuestionsQA/Build/Products/Debug-iphonesimulator/PackageFrameworks -F/tmp/TasteBuddyHomeQuestionsQA/Build/Products/Debug-iphonesimulator/PackageFrameworks -F/tmp/TasteBuddyHomeQuestionsQA/Build/Products/Debug-iphonesimulator -iframework /Applications/Xcode.app/Contents/Developer/Platforms/iPhoneSimulator.platform/Developer/Library/Frameworks -iframework /Applications/Xcode.app/Contents/Developer/Platforms/iPhoneSimulator.platform/Developer/SDKs/iPhoneSimulator26.5.sdk/Developer/Library/Frameworks -filelist /tmp/TasteBuddyHomeQuestionsQA/Build/Intermediates.noindex/Supabase.build/Debug-iphonesimulator/Supabase.build/Objects-normal/x86_64/Supabase.LinkFileList -nostdlib -Xlinker -object_path_lto -Xlinker /tmp/TasteBuddyHomeQuestionsQA/Build/Intermediates.noindex/Supabase.build/Debug-iphonesimulator/Supabase.build/Objects-normal/x86_64/Supabase_lto.o -Xlinker -no_deduplicate -Xlinker -objc_abi_version -Xlinker 2 -Xlinker -dependency_info -Xlinker /tmp/TasteBuddyHomeQuestionsQA/Build/Intermediates.noindex/Supabase.build/Debug-iphonesimulator/Supabase.build/Objects-normal/x86_64/Supabase_dependency_info.dat -fobjc-link-runtime -L/Applications/Xcode.app/Contents/Developer/Toolchains/XcodeDefault.xctoolchain/usr/lib/swift/iphonesimulator -L/usr/lib/swift -Xlinker -add_ast_path -Xlinker /tmp/TasteBuddyHomeQuestionsQA/Build/Intermediates.noindex/Supabase.build/Debug-iphonesimulator/Supabase.build/Objects-normal/x86_64/Supabase.swiftmodule @/tmp/TasteBuddyHomeQuestionsQA/Build/Intermediates.noindex/Supabase.build/Debug-iphonesimulator/Supabase.build/Objects-normal/x86_64/Supabase-linker-args.resp -o /tmp/TasteBuddyHomeQuestionsQA/Build/Products/Debug-iphonesimulator/Supabase.o

ExtractAppIntentsMetadata (in target 'Supabase' from project 'Supabase')
    cd /tmp/TasteBuddyHomeQuestionsQA/SourcePackages/checkouts/supabase-swift
    /Applications/Xcode.app/Contents/Developer/Toolchains/XcodeDefault.xctoolchain/usr/bin/appintentsmetadataprocessor --toolchain-dir /Applications/Xcode.app/Contents/Developer/Toolchains/XcodeDefault.xctoolchain --module-name Supabase --sdk-root /Applications/Xcode.app/Contents/Developer/Platforms/iPhoneSimulator.platform/Developer/SDKs/iPhoneSimulator26.5.sdk --xcode-version 17F113 --platform-family iOS --deployment-target 13.0 --bundle-identifier supabase-swift.Supabase --output /tmp/TasteBuddyHomeQuestionsQA/Build/Products/Debug-iphonesimulator/Supabase.appintents --target-triple x86_64-apple-ios13.0-simulator --binary-file /tmp/TasteBuddyHomeQuestionsQA/Build/Products/Debug-iphonesimulator/Supabase.o --dependency-file /tmp/TasteBuddyHomeQuestionsQA/Build/Intermediates.noindex/Supabase.build/Debug-iphonesimulator/Supabase.build/Objects-normal/x86_64/Supabase_dependency_info.dat --stringsdata-file /tmp/TasteBuddyHomeQuestionsQA/Build/Intermediates.noindex/Supabase.build/Debug-iphonesimulator/Supabase.build/Objects-normal/x86_64/ExtractedAppShortcutsMetadata.stringsdata --source-file-list /tmp/TasteBuddyHomeQuestionsQA/Build/Intermediates.noindex/Supabase.build/Debug-iphonesimulator/Supabase.build/Objects-normal/x86_64/Supabase.SwiftFileList --metadata-file-list /tmp/TasteBuddyHomeQuestionsQA/Build/Intermediates.noindex/Supabase.build/Debug-iphonesimulator/Supabase.build/Supabase.DependencyMetadataFileList --static-metadata-file-list /tmp/TasteBuddyHomeQuestionsQA/Build/Intermediates.noindex/Supabase.build/Debug-iphonesimulator/Supabase.build/Supabase.DependencyStaticMetadataFileList --swift-const-vals-list /tmp/TasteBuddyHomeQuestionsQA/Build/Intermediates.noindex/Supabase.build/Debug-iphonesimulator/Supabase.build/Objects-normal/x86_64/Supabase.SwiftConstValuesFileList --force --compile-time-extraction --deployment-aware-processing --validate-assistant-intents --no-app-shortcuts-localization
2026-09-13 16:12:11.611 appintentsmetadataprocessor[82613:4043743] Starting appintentsmetadataprocessor export
2026-09-13 16:12:11.844 appintentsmetadataprocessor[82613:4043743] Extracted no relevant App Intents symbols, skipping writing output

RegisterExecutionPolicyException /tmp/TasteBuddyHomeQuestionsQA/Build/Products/Debug-iphonesimulator/Supabase.o (in target 'Supabase' from project 'Supabase')
    cd /tmp/TasteBuddyHomeQuestionsQA/SourcePackages/checkouts/supabase-swift
    builtin-RegisterExecutionPolicyException /tmp/TasteBuddyHomeQuestionsQA/Build/Products/Debug-iphonesimulator/Supabase.o

CpResource /tmp/TasteBuddyHomeQuestionsQA/Build/Products/Debug-iphonesimulator/TasteBuddy.app/tba-sensory-contract.json /Users/sinjunho/Desktop/Taste\ Buddy/ios/TasteBuddy/Resources/TBA/tba-sensory-contract.json (in target 'TasteBuddy' from project 'TasteBuddy')
    cd /Users/sinjunho/Desktop/Taste\ Buddy/ios
    builtin-copy -exclude .DS_Store -exclude CVS -exclude .svn -exclude .git -exclude .hg -strip-unsigned-binaries -strip-deterministic -strip-tool /Applications/Xcode.app/Contents/Developer/Toolchains/XcodeDefault.xctoolchain/usr/bin/strip -resolve-src-symlinks /Users/sinjunho/Desktop/Taste\ Buddy/ios/TasteBuddy/Resources/TBA/tba-sensory-contract.json /tmp/TasteBuddyHomeQuestionsQA/Build/Products/Debug-iphonesimulator/TasteBuddy.app

CpResource /tmp/TasteBuddyHomeQuestionsQA/Build/Products/Debug-iphonesimulator/TasteBuddy.app/tba-full-engine-golden.json /Users/sinjunho/Desktop/Taste\ Buddy/ios/TasteBuddy/Resources/Fixtures/tba-full-engine-golden.json (in target 'TasteBuddy' from project 'TasteBuddy')
    cd /Users/sinjunho/Desktop/Taste\ Buddy/ios
    builtin-copy -exclude .DS_Store -exclude CVS -exclude .svn -exclude .git -exclude .hg -strip-unsigned-binaries -strip-deterministic -strip-tool /Applications/Xcode.app/Contents/Developer/Toolchains/XcodeDefault.xctoolchain/usr/bin/strip -resolve-src-symlinks /Users/sinjunho/Desktop/Taste\ Buddy/ios/TasteBuddy/Resources/Fixtures/tba-full-engine-golden.json /tmp/TasteBuddyHomeQuestionsQA/Build/Products/Debug-iphonesimulator/TasteBuddy.app

CpResource /tmp/TasteBuddyHomeQuestionsQA/Build/Products/Debug-iphonesimulator/TasteBuddy.app/tba-native-runtime.json /Users/sinjunho/Desktop/Taste\ Buddy/ios/TasteBuddy/Resources/TBA/tba-native-runtime.json (in target 'TasteBuddy' from project 'TasteBuddy')
    cd /Users/sinjunho/Desktop/Taste\ Buddy/ios
    builtin-copy -exclude .DS_Store -exclude CVS -exclude .svn -exclude .git -exclude .hg -strip-unsigned-binaries -strip-deterministic -strip-tool /Applications/Xcode.app/Contents/Developer/Toolchains/XcodeDefault.xctoolchain/usr/bin/strip -resolve-src-symlinks /Users/sinjunho/Desktop/Taste\ Buddy/ios/TasteBuddy/Resources/TBA/tba-native-runtime.json /tmp/TasteBuddyHomeQuestionsQA/Build/Products/Debug-iphonesimulator/TasteBuddy.app

CpResource /tmp/TasteBuddyHomeQuestionsQA/Build/Products/Debug-iphonesimulator/TasteBuddy.app/taste-perception-fixtures.json /Users/sinjunho/Desktop/Taste\ Buddy/ios/TasteBuddy/Resources/TBA/taste-perception-fixtures.json (in target 'TasteBuddy' from project 'TasteBuddy')
    cd /Users/sinjunho/Desktop/Taste\ Buddy/ios
    builtin-copy -exclude .DS_Store -exclude CVS -exclude .svn -exclude .git -exclude .hg -strip-unsigned-binaries -strip-deterministic -strip-tool /Applications/Xcode.app/Contents/Developer/Toolchains/XcodeDefault.xctoolchain/usr/bin/strip -resolve-src-symlinks /Users/sinjunho/Desktop/Taste\ Buddy/ios/TasteBuddy/Resources/TBA/taste-perception-fixtures.json /tmp/TasteBuddyHomeQuestionsQA/Build/Products/Debug-iphonesimulator/TasteBuddy.app

CpResource /tmp/TasteBuddyHomeQuestionsQA/Build/Products/Debug-iphonesimulator/TasteBuddy.app/taste-survey-golden.json /Users/sinjunho/Desktop/Taste\ Buddy/ios/TasteBuddy/Resources/Fixtures/taste-survey-golden.json (in target 'TasteBuddy' from project 'TasteBuddy')
    cd /Users/sinjunho/Desktop/Taste\ Buddy/ios
    builtin-copy -exclude .DS_Store -exclude CVS -exclude .svn -exclude .git -exclude .hg -strip-unsigned-binaries -strip-deterministic -strip-tool /Applications/Xcode.app/Contents/Developer/Toolchains/XcodeDefault.xctoolchain/usr/bin/strip -resolve-src-symlinks /Users/sinjunho/Desktop/Taste\ Buddy/ios/TasteBuddy/Resources/Fixtures/taste-survey-golden.json /tmp/TasteBuddyHomeQuestionsQA/Build/Products/Debug-iphonesimulator/TasteBuddy.app

CpResource /tmp/TasteBuddyHomeQuestionsQA/Build/Products/Debug-iphonesimulator/TasteBuddy.app/tba-food-knowledge-full.json /Users/sinjunho/Desktop/Taste\ Buddy/ios/TasteBuddy/Resources/TBA/tba-food-knowledge-full.json (in target 'TasteBuddy' from project 'TasteBuddy')
    cd /Users/sinjunho/Desktop/Taste\ Buddy/ios
    builtin-copy -exclude .DS_Store -exclude CVS -exclude .svn -exclude .git -exclude .hg -strip-unsigned-binaries -strip-deterministic -strip-tool /Applications/Xcode.app/Contents/Developer/Toolchains/XcodeDefault.xctoolchain/usr/bin/strip -resolve-src-symlinks /Users/sinjunho/Desktop/Taste\ Buddy/ios/TasteBuddy/Resources/TBA/tba-food-knowledge-full.json /tmp/TasteBuddyHomeQuestionsQA/Build/Products/Debug-iphonesimulator/TasteBuddy.app

CpResource /tmp/TasteBuddyHomeQuestionsQA/Build/Products/Debug-iphonesimulator/TasteBuddy.app/tba-dining-analysis-golden.json /Users/sinjunho/Desktop/Taste\ Buddy/ios/TasteBuddy/Resources/Fixtures/tba-dining-analysis-golden.json (in target 'TasteBuddy' from project 'TasteBuddy')
    cd /Users/sinjunho/Desktop/Taste\ Buddy/ios
    builtin-copy -exclude .DS_Store -exclude CVS -exclude .svn -exclude .git -exclude .hg -strip-unsigned-binaries -strip-deterministic -strip-tool /Applications/Xcode.app/Contents/Developer/Toolchains/XcodeDefault.xctoolchain/usr/bin/strip -resolve-src-symlinks /Users/sinjunho/Desktop/Taste\ Buddy/ios/TasteBuddy/Resources/Fixtures/tba-dining-analysis-golden.json /tmp/TasteBuddyHomeQuestionsQA/Build/Products/Debug-iphonesimulator/TasteBuddy.app

CpResource /tmp/TasteBuddyHomeQuestionsQA/Build/Products/Debug-iphonesimulator/TasteBuddy.app/quick-calibration-golden.json /Users/sinjunho/Desktop/Taste\ Buddy/ios/TasteBuddy/Resources/Fixtures/quick-calibration-golden.json (in target 'TasteBuddy' from project 'TasteBuddy')
    cd /Users/sinjunho/Desktop/Taste\ Buddy/ios
    builtin-copy -exclude .DS_Store -exclude CVS -exclude .svn -exclude .git -exclude .hg -strip-unsigned-binaries -strip-deterministic -strip-tool /Applications/Xcode.app/Contents/Developer/Toolchains/XcodeDefault.xctoolchain/usr/bin/strip -resolve-src-symlinks /Users/sinjunho/Desktop/Taste\ Buddy/ios/TasteBuddy/Resources/Fixtures/quick-calibration-golden.json /tmp/TasteBuddyHomeQuestionsQA/Build/Products/Debug-iphonesimulator/TasteBuddy.app

CpResource /tmp/TasteBuddyHomeQuestionsQA/Build/Products/Debug-iphonesimulator/TasteBuddy.app/preference-intake.json /Users/sinjunho/Desktop/Taste\ Buddy/ios/TasteBuddy/Resources/Fixtures/preference-intake.json (in target 'TasteBuddy' from project 'TasteBuddy')
    cd /Users/sinjunho/Desktop/Taste\ Buddy/ios
    builtin-copy -exclude .DS_Store -exclude CVS -exclude .svn -exclude .git -exclude .hg -strip-unsigned-binaries -strip-deterministic -strip-tool /Applications/Xcode.app/Contents/Developer/Toolchains/XcodeDefault.xctoolchain/usr/bin/strip -resolve-src-symlinks /Users/sinjunho/Desktop/Taste\ Buddy/ios/TasteBuddy/Resources/Fixtures/preference-intake.json /tmp/TasteBuddyHomeQuestionsQA/Build/Products/Debug-iphonesimulator/TasteBuddy.app

CpResource /tmp/TasteBuddyHomeQuestionsQA/Build/Products/Debug-iphonesimulator/TasteBuddy.app/personal-taste-model-contract.json /Users/sinjunho/Desktop/Taste\ Buddy/ios/TasteBuddy/Resources/TBA/personal-taste-model-contract.json (in target 'TasteBuddy' from project 'TasteBuddy')
    cd /Users/sinjunho/Desktop/Taste\ Buddy/ios
    builtin-copy -exclude .DS_Store -exclude CVS -exclude .svn -exclude .git -exclude .hg -strip-unsigned-binaries -strip-deterministic -strip-tool /Applications/Xcode.app/Contents/Developer/Toolchains/XcodeDefault.xctoolchain/usr/bin/strip -resolve-src-symlinks /Users/sinjunho/Desktop/Taste\ Buddy/ios/TasteBuddy/Resources/TBA/personal-taste-model-contract.json /tmp/TasteBuddyHomeQuestionsQA/Build/Products/Debug-iphonesimulator/TasteBuddy.app

CpResource /tmp/TasteBuddyHomeQuestionsQA/Build/Products/Debug-iphonesimulator/TasteBuddy.app/longitudinal-food-memory.json /Users/sinjunho/Desktop/Taste\ Buddy/ios/TasteBuddy/Resources/Fixtures/longitudinal-food-memory.json (in target 'TasteBuddy' from project 'TasteBuddy')
    cd /Users/sinjunho/Desktop/Taste\ Buddy/ios
    builtin-copy -exclude .DS_Store -exclude CVS -exclude .svn -exclude .git -exclude .hg -strip-unsigned-binaries -strip-deterministic -strip-tool /Applications/Xcode.app/Contents/Developer/Toolchains/XcodeDefault.xctoolchain/usr/bin/strip -resolve-src-symlinks /Users/sinjunho/Desktop/Taste\ Buddy/ios/TasteBuddy/Resources/Fixtures/longitudinal-food-memory.json /tmp/TasteBuddyHomeQuestionsQA/Build/Products/Debug-iphonesimulator/TasteBuddy.app

CpResource /tmp/TasteBuddyHomeQuestionsQA/Build/Products/Debug-iphonesimulator/TasteBuddy.app/dining-feedback-scenario.json /Users/sinjunho/Desktop/Taste\ Buddy/ios/TasteBuddy/Resources/Fixtures/dining-feedback-scenario.json (in target 'TasteBuddy' from project 'TasteBuddy')
    cd /Users/sinjunho/Desktop/Taste\ Buddy/ios
    builtin-copy -exclude .DS_Store -exclude CVS -exclude .svn -exclude .git -exclude .hg -strip-unsigned-binaries -strip-deterministic -strip-tool /Applications/Xcode.app/Contents/Developer/Toolchains/XcodeDefault.xctoolchain/usr/bin/strip -resolve-src-symlinks /Users/sinjunho/Desktop/Taste\ Buddy/ios/TasteBuddy/Resources/Fixtures/dining-feedback-scenario.json /tmp/TasteBuddyHomeQuestionsQA/Build/Products/Debug-iphonesimulator/TasteBuddy.app

CpResource /tmp/TasteBuddyHomeQuestionsQA/Build/Products/Debug-iphonesimulator/TasteBuddy.app/dining-sensory-selection-catalog.json /Users/sinjunho/Desktop/Taste\ Buddy/ios/TasteBuddy/Resources/TBA/dining-sensory-selection-catalog.json (in target 'TasteBuddy' from project 'TasteBuddy')
    cd /Users/sinjunho/Desktop/Taste\ Buddy/ios
    builtin-copy -exclude .DS_Store -exclude CVS -exclude .svn -exclude .git -exclude .hg -strip-unsigned-binaries -strip-deterministic -strip-tool /Applications/Xcode.app/Contents/Developer/Toolchains/XcodeDefault.xctoolchain/usr/bin/strip -resolve-src-symlinks /Users/sinjunho/Desktop/Taste\ Buddy/ios/TasteBuddy/Resources/TBA/dining-sensory-selection-catalog.json /tmp/TasteBuddyHomeQuestionsQA/Build/Products/Debug-iphonesimulator/TasteBuddy.app

CpResource /tmp/TasteBuddyHomeQuestionsQA/Build/Products/Debug-iphonesimulator/TasteBuddy.app/Pretendard-Medium.otf /Users/sinjunho/Desktop/Taste\ Buddy/ios/TasteBuddy/Resources/Pretendard-Medium.otf (in target 'TasteBuddy' from project 'TasteBuddy')
    cd /Users/sinjunho/Desktop/Taste\ Buddy/ios
    builtin-copy -exclude .DS_Store -exclude CVS -exclude .svn -exclude .git -exclude .hg -strip-unsigned-binaries -strip-deterministic -strip-tool /Applications/Xcode.app/Contents/Developer/Toolchains/XcodeDefault.xctoolchain/usr/bin/strip -resolve-src-symlinks /Users/sinjunho/Desktop/Taste\ Buddy/ios/TasteBuddy/Resources/Pretendard-Medium.otf /tmp/TasteBuddyHomeQuestionsQA/Build/Products/Debug-iphonesimulator/TasteBuddy.app

CpResource /tmp/TasteBuddyHomeQuestionsQA/Build/Products/Debug-iphonesimulator/TasteBuddy.app/Pretendard-Regular.otf /Users/sinjunho/Desktop/Taste\ Buddy/ios/TasteBuddy/Resources/Pretendard-Regular.otf (in target 'TasteBuddy' from project 'TasteBuddy')
    cd /Users/sinjunho/Desktop/Taste\ Buddy/ios
    builtin-copy -exclude .DS_Store -exclude CVS -exclude .svn -exclude .git -exclude .hg -strip-unsigned-binaries -strip-deterministic -strip-tool /Applications/Xcode.app/Contents/Developer/Toolchains/XcodeDefault.xctoolchain/usr/bin/strip -resolve-src-symlinks /Users/sinjunho/Desktop/Taste\ Buddy/ios/TasteBuddy/Resources/Pretendard-Regular.otf /tmp/TasteBuddyHomeQuestionsQA/Build/Products/Debug-iphonesimulator/TasteBuddy.app

CpResource /tmp/TasteBuddyHomeQuestionsQA/Build/Products/Debug-iphonesimulator/TasteBuddy.app/Pretendard-SemiBold.otf /Users/sinjunho/Desktop/Taste\ Buddy/ios/TasteBuddy/Resources/Pretendard-SemiBold.otf (in target 'TasteBuddy' from project 'TasteBuddy')
    cd /Users/sinjunho/Desktop/Taste\ Buddy/ios
    builtin-copy -exclude .DS_Store -exclude CVS -exclude .svn -exclude .git -exclude .hg -strip-unsigned-binaries -strip-deterministic -strip-tool /Applications/Xcode.app/Contents/Developer/Toolchains/XcodeDefault.xctoolchain/usr/bin/strip -resolve-src-symlinks /Users/sinjunho/Desktop/Taste\ Buddy/ios/TasteBuddy/Resources/Pretendard-SemiBold.otf /tmp/TasteBuddyHomeQuestionsQA/Build/Products/Debug-iphonesimulator/TasteBuddy.app

CpResource /tmp/TasteBuddyHomeQuestionsQA/Build/Products/Debug-iphonesimulator/TasteBuddy.app/Pretendard-Bold.otf /Users/sinjunho/Desktop/Taste\ Buddy/ios/TasteBuddy/Resources/Pretendard-Bold.otf (in target 'TasteBuddy' from project 'TasteBuddy')
    cd /Users/sinjunho/Desktop/Taste\ Buddy/ios
    builtin-copy -exclude .DS_Store -exclude CVS -exclude .svn -exclude .git -exclude .hg -strip-unsigned-binaries -strip-deterministic -strip-tool /Applications/Xcode.app/Contents/Developer/Toolchains/XcodeDefault.xctoolchain/usr/bin/strip -resolve-src-symlinks /Users/sinjunho/Desktop/Taste\ Buddy/ios/TasteBuddy/Resources/Pretendard-Bold.otf /tmp/TasteBuddyHomeQuestionsQA/Build/Products/Debug-iphonesimulator/TasteBuddy.app

CopyPNGFile /tmp/TasteBuddyHomeQuestionsQA/Build/Products/Debug-iphonesimulator/TasteBuddy.app/onboarding_render_4.png /Users/sinjunho/Desktop/Taste\ Buddy/ios/TasteBuddy/Resources/Images/onboarding_render_4.png (in target 'TasteBuddy' from project 'TasteBuddy')
    cd /Users/sinjunho/Desktop/Taste\ Buddy/ios
    /Applications/Xcode.app/Contents/Developer/usr/bin/copypng -compress -strip-PNG-text /Users/sinjunho/Desktop/Taste\ Buddy/ios/TasteBuddy/Resources/Images/onboarding_render_4.png /tmp/TasteBuddyHomeQuestionsQA/Build/Products/Debug-iphonesimulator/TasteBuddy.app/onboarding_render_4.png

CopyPNGFile /tmp/TasteBuddyHomeQuestionsQA/Build/Products/Debug-iphonesimulator/TasteBuddy.app/onboarding_render_2.png /Users/sinjunho/Desktop/Taste\ Buddy/ios/TasteBuddy/Resources/Images/onboarding_render_2.png (in target 'TasteBuddy' from project 'TasteBuddy')
    cd /Users/sinjunho/Desktop/Taste\ Buddy/ios
    /Applications/Xcode.app/Contents/Developer/usr/bin/copypng -compress -strip-PNG-text /Users/sinjunho/Desktop/Taste\ Buddy/ios/TasteBuddy/Resources/Images/onboarding_render_2.png /tmp/TasteBuddyHomeQuestionsQA/Build/Products/Debug-iphonesimulator/TasteBuddy.app/onboarding_render_2.png

CopyPNGFile /tmp/TasteBuddyHomeQuestionsQA/Build/Products/Debug-iphonesimulator/TasteBuddy.app/onboarding_render_3.png /Users/sinjunho/Desktop/Taste\ Buddy/ios/TasteBuddy/Resources/Images/onboarding_render_3.png (in target 'TasteBuddy' from project 'TasteBuddy')
    cd /Users/sinjunho/Desktop/Taste\ Buddy/ios
    /Applications/Xcode.app/Contents/Developer/usr/bin/copypng -compress -strip-PNG-text /Users/sinjunho/Desktop/Taste\ Buddy/ios/TasteBuddy/Resources/Images/onboarding_render_3.png /tmp/TasteBuddyHomeQuestionsQA/Build/Products/Debug-iphonesimulator/TasteBuddy.app/onboarding_render_3.png

CopyPNGFile /tmp/TasteBuddyHomeQuestionsQA/Build/Products/Debug-iphonesimulator/TasteBuddy.app/onboarding_render_1.png /Users/sinjunho/Desktop/Taste\ Buddy/ios/TasteBuddy/Resources/Images/onboarding_render_1.png (in target 'TasteBuddy' from project 'TasteBuddy')
    cd /Users/sinjunho/Desktop/Taste\ Buddy/ios
    /Applications/Xcode.app/Contents/Developer/usr/bin/copypng -compress -strip-PNG-text /Users/sinjunho/Desktop/Taste\ Buddy/ios/TasteBuddy/Resources/Images/onboarding_render_1.png /tmp/TasteBuddyHomeQuestionsQA/Build/Products/Debug-iphonesimulator/TasteBuddy.app/onboarding_render_1.png

CopyPNGFile /tmp/TasteBuddyHomeQuestionsQA/Build/Products/Debug-iphonesimulator/TasteBuddy.app/OnjiumChefs.png /Users/sinjunho/Desktop/Taste\ Buddy/ios/TasteBuddy/Resources/Images/OnjiumChefs.png (in target 'TasteBuddy' from project 'TasteBuddy')
    cd /Users/sinjunho/Desktop/Taste\ Buddy/ios
    /Applications/Xcode.app/Contents/Developer/usr/bin/copypng -compress -strip-PNG-text /Users/sinjunho/Desktop/Taste\ Buddy/ios/TasteBuddy/Resources/Images/OnjiumChefs.png /tmp/TasteBuddyHomeQuestionsQA/Build/Products/Debug-iphonesimulator/TasteBuddy.app/OnjiumChefs.png

CopyPNGFile /tmp/TasteBuddyHomeQuestionsQA/Build/Products/Debug-iphonesimulator/TasteBuddy.app/LimJeongsik.png /Users/sinjunho/Desktop/Taste\ Buddy/ios/TasteBuddy/Resources/Images/LimJeongsik.png (in target 'TasteBuddy' from project 'TasteBuddy')
    cd /Users/sinjunho/Desktop/Taste\ Buddy/ios
    /Applications/Xcode.app/Contents/Developer/usr/bin/copypng -compress -strip-PNG-text /Users/sinjunho/Desktop/Taste\ Buddy/ios/TasteBuddy/Resources/Images/LimJeongsik.png /tmp/TasteBuddyHomeQuestionsQA/Build/Products/Debug-iphonesimulator/TasteBuddy.app/LimJeongsik.png

CopyPNGFile /tmp/TasteBuddyHomeQuestionsQA/Build/Products/Debug-iphonesimulator/TasteBuddy.app/LeeEunji.png /Users/sinjunho/Desktop/Taste\ Buddy/ios/TasteBuddy/Resources/Images/LeeEunji.png (in target 'TasteBuddy' from project 'TasteBuddy')
    cd /Users/sinjunho/Desktop/Taste\ Buddy/ios
    /Applications/Xcode.app/Contents/Developer/usr/bin/copypng -compress -strip-PNG-text /Users/sinjunho/Desktop/Taste\ Buddy/ios/TasteBuddy/Resources/Images/LeeEunji.png /tmp/TasteBuddyHomeQuestionsQA/Build/Products/Debug-iphonesimulator/TasteBuddy.app/LeeEunji.png

CopyPNGFile /tmp/TasteBuddyHomeQuestionsQA/Build/Products/Debug-iphonesimulator/TasteBuddy.app/KangMingoo.png /Users/sinjunho/Desktop/Taste\ Buddy/ios/TasteBuddy/Resources/Images/KangMingoo.png (in target 'TasteBuddy' from project 'TasteBuddy')
    cd /Users/sinjunho/Desktop/Taste\ Buddy/ios
    /Applications/Xcode.app/Contents/Developer/usr/bin/copypng -compress -strip-PNG-text /Users/sinjunho/Desktop/Taste\ Buddy/ios/TasteBuddy/Resources/Images/KangMingoo.png /tmp/TasteBuddyHomeQuestionsQA/Build/Products/Debug-iphonesimulator/TasteBuddy.app/KangMingoo.png

Copy /tmp/TasteBuddyHomeQuestionsQA/Build/Products/Debug-iphonesimulator/TasteBuddy.app/swift-crypto_Crypto.bundle /tmp/TasteBuddyHomeQuestionsQA/Build/Products/Debug-iphonesimulator/swift-crypto_Crypto.bundle (in target 'TasteBuddy' from project 'TasteBuddy')
    cd /Users/sinjunho/Desktop/Taste\ Buddy/ios
    builtin-copy -exclude .DS_Store -exclude CVS -exclude .svn -exclude .git -exclude .hg -strip-unsigned-binaries -strip-deterministic -strip-tool /Applications/Xcode.app/Contents/Developer/Toolchains/XcodeDefault.xctoolchain/usr/bin/strip -resolve-src-symlinks /tmp/TasteBuddyHomeQuestionsQA/Build/Products/Debug-iphonesimulator/swift-crypto_Crypto.bundle /tmp/TasteBuddyHomeQuestionsQA/Build/Products/Debug-iphonesimulator/TasteBuddy.app

Copy /tmp/TasteBuddyHomeQuestionsQA/Build/Products/Debug-iphonesimulator/TasteBuddy.app/Frameworks/libXCTestSwiftSupport.dylib /Applications/Xcode.app/Contents/Developer/Platforms/iPhoneSimulator.platform/Developer/usr/lib/libXCTestSwiftSupport.dylib (in target 'TasteBuddy' from project 'TasteBuddy')
    cd /Users/sinjunho/Desktop/Taste\ Buddy/ios
    builtin-copy -exclude .DS_Store -exclude CVS -exclude .svn -exclude .git -exclude .hg -exclude Headers -exclude PrivateHeaders -exclude Modules -exclude \*.tbd -strip-unsigned-binaries -strip-deterministic -strip-tool /Applications/Xcode.app/Contents/Developer/Toolchains/XcodeDefault.xctoolchain/usr/bin/strip -resolve-src-symlinks /Applications/Xcode.app/Contents/Developer/Platforms/iPhoneSimulator.platform/Developer/usr/lib/libXCTestSwiftSupport.dylib /tmp/TasteBuddyHomeQuestionsQA/Build/Products/Debug-iphonesimulator/TasteBuddy.app/Frameworks
warning: not stripping binary because it is signed: /Applications/Xcode.app/Contents/Developer/Platforms/iPhoneSimulator.platform/Developer/usr/lib/libXCTestSwiftSupport.dylib (in target 'TasteBuddy' from project 'TasteBuddy')

Copy /tmp/TasteBuddyHomeQuestionsQA/Build/Products/Debug-iphonesimulator/TasteBuddy.app/Frameworks/libXCTestBundleInject.dylib /Applications/Xcode.app/Contents/Developer/Platforms/iPhoneSimulator.platform/Developer/usr/lib/libXCTestBundleInject.dylib (in target 'TasteBuddy' from project 'TasteBuddy')
    cd /Users/sinjunho/Desktop/Taste\ Buddy/ios
    builtin-copy -exclude .DS_Store -exclude CVS -exclude .svn -exclude .git -exclude .hg -exclude Headers -exclude PrivateHeaders -exclude Modules -exclude \*.tbd -strip-unsigned-binaries -strip-deterministic -strip-tool /Applications/Xcode.app/Contents/Developer/Toolchains/XcodeDefault.xctoolchain/usr/bin/strip -resolve-src-symlinks /Applications/Xcode.app/Contents/Developer/Platforms/iPhoneSimulator.platform/Developer/usr/lib/libXCTestBundleInject.dylib /tmp/TasteBuddyHomeQuestionsQA/Build/Products/Debug-iphonesimulator/TasteBuddy.app/Frameworks
warning: not stripping binary because it is signed: /Applications/Xcode.app/Contents/Developer/Platforms/iPhoneSimulator.platform/Developer/usr/lib/libXCTestBundleInject.dylib (in target 'TasteBuddy' from project 'TasteBuddy')

Copy /tmp/TasteBuddyHomeQuestionsQA/Build/Products/Debug-iphonesimulator/TasteBuddy.app/Frameworks/XCUnit.framework /Applications/Xcode.app/Contents/Developer/Platforms/iPhoneSimulator.platform/Developer/Library/PrivateFrameworks/XCUnit.framework (in target 'TasteBuddy' from project 'TasteBuddy')
    cd /Users/sinjunho/Desktop/Taste\ Buddy/ios
    builtin-copy -exclude .DS_Store -exclude CVS -exclude .svn -exclude .git -exclude .hg -exclude Headers -exclude PrivateHeaders -exclude Modules -exclude \*.tbd -strip-unsigned-binaries -strip-deterministic -strip-tool /Applications/Xcode.app/Contents/Developer/Toolchains/XcodeDefault.xctoolchain/usr/bin/strip -resolve-src-symlinks /Applications/Xcode.app/Contents/Developer/Platforms/iPhoneSimulator.platform/Developer/Library/PrivateFrameworks/XCUnit.framework /tmp/TasteBuddyHomeQuestionsQA/Build/Products/Debug-iphonesimulator/TasteBuddy.app/Frameworks
warning: not stripping binary because it is signed: /Applications/Xcode.app/Contents/Developer/Platforms/iPhoneSimulator.platform/Developer/Library/PrivateFrameworks/XCUnit.framework/XCUnit (in target 'TasteBuddy' from project 'TasteBuddy')

Copy /tmp/TasteBuddyHomeQuestionsQA/Build/Products/Debug-iphonesimulator/TasteBuddy.app/Frameworks/XCUIAutomation.framework /Applications/Xcode.app/Contents/Developer/Platforms/iPhoneSimulator.platform/Developer/Library/Frameworks/XCUIAutomation.framework (in target 'TasteBuddy' from project 'TasteBuddy')
    cd /Users/sinjunho/Desktop/Taste\ Buddy/ios
    builtin-copy -exclude .DS_Store -exclude CVS -exclude .svn -exclude .git -exclude .hg -exclude Headers -exclude PrivateHeaders -exclude Modules -exclude \*.tbd -strip-unsigned-binaries -strip-deterministic -strip-tool /Applications/Xcode.app/Contents/Developer/Toolchains/XcodeDefault.xctoolchain/usr/bin/strip -resolve-src-symlinks /Applications/Xcode.app/Contents/Developer/Platforms/iPhoneSimulator.platform/Developer/Library/Frameworks/XCUIAutomation.framework /tmp/TasteBuddyHomeQuestionsQA/Build/Products/Debug-iphonesimulator/TasteBuddy.app/Frameworks
warning: not stripping binary because it is signed: /Applications/Xcode.app/Contents/Developer/Platforms/iPhoneSimulator.platform/Developer/Library/Frameworks/XCUIAutomation.framework/XCUIAutomation (in target 'TasteBuddy' from project 'TasteBuddy')

Copy /tmp/TasteBuddyHomeQuestionsQA/Build/Products/Debug-iphonesimulator/TasteBuddy.app/Frameworks/XCTestSupport.framework /Applications/Xcode.app/Contents/Developer/Platforms/iPhoneSimulator.platform/Developer/Library/PrivateFrameworks/XCTestSupport.framework (in target 'TasteBuddy' from project 'TasteBuddy')
    cd /Users/sinjunho/Desktop/Taste\ Buddy/ios
    builtin-copy -exclude .DS_Store -exclude CVS -exclude .svn -exclude .git -exclude .hg -exclude Headers -exclude PrivateHeaders -exclude Modules -exclude \*.tbd -strip-unsigned-binaries -strip-deterministic -strip-tool /Applications/Xcode.app/Contents/Developer/Toolchains/XcodeDefault.xctoolchain/usr/bin/strip -resolve-src-symlinks /Applications/Xcode.app/Contents/Developer/Platforms/iPhoneSimulator.platform/Developer/Library/PrivateFrameworks/XCTestSupport.framework /tmp/TasteBuddyHomeQuestionsQA/Build/Products/Debug-iphonesimulator/TasteBuddy.app/Frameworks
warning: not stripping binary because it is signed: /Applications/Xcode.app/Contents/Developer/Platforms/iPhoneSimulator.platform/Developer/Library/PrivateFrameworks/XCTestSupport.framework/XCTestSupport (in target 'TasteBuddy' from project 'TasteBuddy')

Copy /tmp/TasteBuddyHomeQuestionsQA/Build/Products/Debug-iphonesimulator/TasteBuddy.app/Frameworks/XCTestCore.framework /Applications/Xcode.app/Contents/Developer/Platforms/iPhoneSimulator.platform/Developer/Library/PrivateFrameworks/XCTestCore.framework (in target 'TasteBuddy' from project 'TasteBuddy')
    cd /Users/sinjunho/Desktop/Taste\ Buddy/ios
    builtin-copy -exclude .DS_Store -exclude CVS -exclude .svn -exclude .git -exclude .hg -exclude Headers -exclude PrivateHeaders -exclude Modules -exclude \*.tbd -strip-unsigned-binaries -strip-deterministic -strip-tool /Applications/Xcode.app/Contents/Developer/Toolchains/XcodeDefault.xctoolchain/usr/bin/strip -resolve-src-symlinks /Applications/Xcode.app/Contents/Developer/Platforms/iPhoneSimulator.platform/Developer/Library/PrivateFrameworks/XCTestCore.framework /tmp/TasteBuddyHomeQuestionsQA/Build/Products/Debug-iphonesimulator/TasteBuddy.app/Frameworks
warning: not stripping binary because it is signed: /Applications/Xcode.app/Contents/Developer/Platforms/iPhoneSimulator.platform/Developer/Library/PrivateFrameworks/XCTestCore.framework/XCTestCore (in target 'TasteBuddy' from project 'TasteBuddy')

Copy /tmp/TasteBuddyHomeQuestionsQA/Build/Products/Debug-iphonesimulator/TasteBuddy.app/Frameworks/XCTest.framework /Applications/Xcode.app/Contents/Developer/Platforms/iPhoneSimulator.platform/Developer/Library/Frameworks/XCTest.framework (in target 'TasteBuddy' from project 'TasteBuddy')
    cd /Users/sinjunho/Desktop/Taste\ Buddy/ios
    builtin-copy -exclude .DS_Store -exclude CVS -exclude .svn -exclude .git -exclude .hg -exclude Headers -exclude PrivateHeaders -exclude Modules -exclude \*.tbd -strip-unsigned-binaries -strip-deterministic -strip-tool /Applications/Xcode.app/Contents/Developer/Toolchains/XcodeDefault.xctoolchain/usr/bin/strip -resolve-src-symlinks /Applications/Xcode.app/Contents/Developer/Platforms/iPhoneSimulator.platform/Developer/Library/Frameworks/XCTest.framework /tmp/TasteBuddyHomeQuestionsQA/Build/Products/Debug-iphonesimulator/TasteBuddy.app/Frameworks
warning: not stripping binary because it is signed: /Applications/Xcode.app/Contents/Developer/Platforms/iPhoneSimulator.platform/Developer/Library/Frameworks/XCTest.framework/XCTest (in target 'TasteBuddy' from project 'TasteBuddy')

Copy /tmp/TasteBuddyHomeQuestionsQA/Build/Products/Debug-iphonesimulator/TasteBuddy.app/Frameworks/XCTAutomationSupport.framework /Applications/Xcode.app/Contents/Developer/Platforms/iPhoneSimulator.platform/Developer/Library/PrivateFrameworks/XCTAutomationSupport.framework (in target 'TasteBuddy' from project 'TasteBuddy')
    cd /Users/sinjunho/Desktop/Taste\ Buddy/ios
    builtin-copy -exclude .DS_Store -exclude CVS -exclude .svn -exclude .git -exclude .hg -exclude Headers -exclude PrivateHeaders -exclude Modules -exclude \*.tbd -strip-unsigned-binaries -strip-deterministic -strip-tool /Applications/Xcode.app/Contents/Developer/Toolchains/XcodeDefault.xctoolchain/usr/bin/strip -resolve-src-symlinks /Applications/Xcode.app/Contents/Developer/Platforms/iPhoneSimulator.platform/Developer/Library/PrivateFrameworks/XCTAutomationSupport.framework /tmp/TasteBuddyHomeQuestionsQA/Build/Products/Debug-iphonesimulator/TasteBuddy.app/Frameworks
warning: not stripping binary because it is signed: /Applications/Xcode.app/Contents/Developer/Platforms/iPhoneSimulator.platform/Developer/Library/PrivateFrameworks/XCTAutomationSupport.framework/XCTAutomationSupport (in target 'TasteBuddy' from project 'TasteBuddy')

Copy /tmp/TasteBuddyHomeQuestionsQA/Build/Products/Debug-iphonesimulator/TasteBuddy.app/Frameworks/Testing.framework /Applications/Xcode.app/Contents/Developer/Platforms/iPhoneSimulator.platform/Developer/Library/Frameworks/Testing.framework (in target 'TasteBuddy' from project 'TasteBuddy')
    cd /Users/sinjunho/Desktop/Taste\ Buddy/ios
    builtin-copy -exclude .DS_Store -exclude CVS -exclude .svn -exclude .git -exclude .hg -exclude Headers -exclude PrivateHeaders -exclude Modules -exclude \*.tbd -strip-unsigned-binaries -strip-deterministic -strip-tool /Applications/Xcode.app/Contents/Developer/Toolchains/XcodeDefault.xctoolchain/usr/bin/strip -resolve-src-symlinks /Applications/Xcode.app/Contents/Developer/Platforms/iPhoneSimulator.platform/Developer/Library/Frameworks/Testing.framework /tmp/TasteBuddyHomeQuestionsQA/Build/Products/Debug-iphonesimulator/TasteBuddy.app/Frameworks
warning: not stripping binary because it is signed: /Applications/Xcode.app/Contents/Developer/Platforms/iPhoneSimulator.platform/Developer/Library/Frameworks/Testing.framework/Testing (in target 'TasteBuddy' from project 'TasteBuddy')

SwiftExplicitDependencyGeneratePcm x86_64 /tmp/TasteBuddyHomeQuestionsQA/ModuleCache.noindex/Spatial-49H38GQFYT0YPV6EEYHZBLLOY.pcm

SwiftExplicitDependencyGeneratePcm x86_64 /tmp/TasteBuddyHomeQuestionsQA/ModuleCache.noindex/CoreData-11H1LFBKGE3P380IX3OWZMXUT.pcm

SwiftExplicitDependencyGeneratePcm x86_64 /tmp/TasteBuddyHomeQuestionsQA/ModuleCache.noindex/CoreMIDI-9JN8NR260CD1ONMLN7ELS35AM.pcm

SwiftExplicitDependencyGeneratePcm x86_64 /tmp/TasteBuddyHomeQuestionsQA/ModuleCache.noindex/IOSurface-6C35L18FXHF68XVKF8MJ58FCU.pcm

SwiftExplicitDependencyGeneratePcm x86_64 /tmp/TasteBuddyHomeQuestionsQA/ModuleCache.noindex/UIUtilities-6BWAPJTEY0VAUPU9CBK9DRPWJ.pcm

SwiftExplicitDependencyGeneratePcm x86_64 /tmp/TasteBuddyHomeQuestionsQA/ModuleCache.noindex/FileProvider-7XQC32EB90RWMY4G8GK07EULH.pcm

SwiftExplicitDependencyGeneratePcm x86_64 /tmp/TasteBuddyHomeQuestionsQA/ModuleCache.noindex/OpenGLES-EV3OCGC25TVOZAIK5Q920HV91.pcm

SwiftExplicitDependencyGeneratePcm x86_64 /tmp/TasteBuddyHomeQuestionsQA/ModuleCache.noindex/DataDetection-4BQN73GGK4LERV2JJUEZZADQM.pcm

SwiftExplicitDependencyGeneratePcm x86_64 /tmp/TasteBuddyHomeQuestionsQA/ModuleCache.noindex/_LocationEssentials-DF69Z6JC7SNQYPTP39ZC25SGB.pcm

SwiftExplicitDependencyGeneratePcm x86_64 /tmp/TasteBuddyHomeQuestionsQA/ModuleCache.noindex/OSLog-5GOV44Q22JB6PL0NE62IVIA6S.pcm

SwiftExplicitDependencyGeneratePcm x86_64 /tmp/TasteBuddyHomeQuestionsQA/ModuleCache.noindex/Accessibility-CZ72TD3Q56JFEMXM2HEA7WCNJ.pcm

SwiftExplicitDependencyGeneratePcm x86_64 /tmp/TasteBuddyHomeQuestionsQA/ModuleCache.noindex/UserNotifications-2YIG9N4E7EYC5VNBF5CRGUOS7.pcm

SwiftExplicitDependencyGeneratePcm x86_64 /tmp/TasteBuddyHomeQuestionsQA/ModuleCache.noindex/CoreTransferable-AAKKYB7VBU6XANF8VZ4174F3M.pcm

SwiftExplicitDependencyGeneratePcm x86_64 /tmp/TasteBuddyHomeQuestionsQA/ModuleCache.noindex/LocalAuthentication-BPRDQ3E5BFXABLX4ADTGK6O7V.pcm

SwiftExplicitDependencyGeneratePcm x86_64 /tmp/TasteBuddyHomeQuestionsQA/ModuleCache.noindex/UniformTypeIdentifiers-AG3Q6OSDCIHU7P19PQZN07A2L.pcm

SwiftExplicitDependencyGeneratePcm x86_64 /tmp/TasteBuddyHomeQuestionsQA/ModuleCache.noindex/Network-D5XITM5UZWWZ9RONFMCFDM0IE.pcm

SwiftExplicitDependencyGeneratePcm x86_64 /tmp/TasteBuddyHomeQuestionsQA/ModuleCache.noindex/Metal-D9BLVDOOY1NOOINU82HIPRMEY.pcm

SwiftExplicitDependencyGeneratePcm x86_64 /tmp/TasteBuddyHomeQuestionsQA/ModuleCache.noindex/Symbols-3M1M89G147HQZIKRRGJAF144E.pcm

SwiftExplicitDependencyGeneratePcm x86_64 /tmp/TasteBuddyHomeQuestionsQA/ModuleCache.noindex/CoreLocation-36ZBF4IZRKZA1XZWWR3SBD20K.pcm

SwiftExplicitDependencyGeneratePcm x86_64 /tmp/TasteBuddyHomeQuestionsQA/ModuleCache.noindex/AudioToolbox-3A9HK2BSLCDDD8K9ZCZSCVJV0.pcm

SwiftExplicitDependencyGeneratePcm x86_64 /tmp/TasteBuddyHomeQuestionsQA/ModuleCache.noindex/AVRouting-26SMH2Y67F758JO8RAE8SP8J3.pcm

SwiftExplicitDependencyGeneratePcm x86_64 /tmp/TasteBuddyHomeQuestionsQA/ModuleCache.noindex/CoreVideo-481UDRW43X7EXL6NRFLIOLLLF.pcm

SwiftExplicitDependencyGeneratePcm x86_64 /tmp/TasteBuddyHomeQuestionsQA/ModuleCache.noindex/Accelerate-52QVPKG8HBTZ0WS5Y09QVAJ4P.pcm

SwiftExplicitDependencyGeneratePcm x86_64 /tmp/TasteBuddyHomeQuestionsQA/ModuleCache.noindex/CoreML-CWSDDN2J4W1E7M5UO3PE8UDCG.pcm

SwiftExplicitDependencyGeneratePcm x86_64 /tmp/TasteBuddyHomeQuestionsQA/ModuleCache.noindex/QuartzCore-1MDSESUILCNH1MUT1SQR912KL.pcm

SwiftExplicitDependencyGeneratePcm x86_64 /tmp/TasteBuddyHomeQuestionsQA/ModuleCache.noindex/CoreMedia-DO5PHCVQBV6D3AEEBF7GSSGS4.pcm

SwiftExplicitDependencyGeneratePcm x86_64 /tmp/TasteBuddyHomeQuestionsQA/ModuleCache.noindex/CoreImage-9G5T336SV5UTR60DLQKOHGYQ7.pcm

SwiftExplicitDependencyGeneratePcm x86_64 /tmp/TasteBuddyHomeQuestionsQA/ModuleCache.noindex/SwiftUICore-852ZN2VBDFD3462MFA8GVQY2S.pcm

SwiftExplicitDependencyGeneratePcm x86_64 /tmp/TasteBuddyHomeQuestionsQA/ModuleCache.noindex/Vision-649ZGOTCHZAUJUPORY25H7P4E.pcm

SwiftExplicitDependencyGeneratePcm x86_64 /tmp/TasteBuddyHomeQuestionsQA/ModuleCache.noindex/MediaToolbox-1E27KJ6GU4PIC6MMC4S9RP2B4.pcm

SwiftExplicitDependencyGeneratePcm x86_64 /tmp/TasteBuddyHomeQuestionsQA/ModuleCache.noindex/AVFAudio-BIIZXEUEQXT87IRYGEWLSG94F.pcm

SwiftExplicitDependencyGeneratePcm x86_64 /tmp/TasteBuddyHomeQuestionsQA/ModuleCache.noindex/UIKit-EOPFWK0ZGW9U5XO901AK3Q22T.pcm

SwiftExplicitDependencyGeneratePcm x86_64 /tmp/TasteBuddyHomeQuestionsQA/ModuleCache.noindex/AVFoundation-BR5V2R8V9S4U0AATID4ZMU1JM.pcm

SwiftExplicitDependencyGeneratePcm x86_64 /tmp/TasteBuddyHomeQuestionsQA/ModuleCache.noindex/Photos-POJY2NH2W23PJ6K6DEF3TSG8.pcm

SwiftExplicitDependencyGeneratePcm x86_64 /tmp/TasteBuddyHomeQuestionsQA/ModuleCache.noindex/AuthenticationServices-79972UOG4A0N70LV0NYRC6RU9.pcm

SwiftExplicitDependencyGeneratePcm x86_64 /tmp/TasteBuddyHomeQuestionsQA/ModuleCache.noindex/SwiftUI-8YZ1IRYAAW6CMZ05I3LDPUNX3.pcm

SwiftExplicitDependencyGeneratePcm x86_64 /tmp/TasteBuddyHomeQuestionsQA/ModuleCache.noindex/PhotosUI-416TDKBKAMJ46BVS0MIYPESH7.pcm

SwiftExplicitDependencyGeneratePcm x86_64 /tmp/TasteBuddyHomeQuestionsQA/ModuleCache.noindex/MapKit-7VIFCCEGCAIPX1671M6ARL0E0.pcm

SwiftEmitModule normal x86_64 Emitting\ module\ for\ TasteBuddy (in target 'TasteBuddy' from project 'TasteBuddy')
EmitSwiftModule normal x86_64 (in target 'TasteBuddy' from project 'TasteBuddy')
    cd /Users/sinjunho/Desktop/Taste\ Buddy/ios
    

SwiftCompile normal x86_64 Compiling\ TBDesignColorTokens.swift,\ TBDesignFoundationTokens.swift,\ TBTheme.swift,\ TasteBloomMotion.swift,\ TasteBuddyAgentContractModels.swift,\ TasteBuddyAgentEngine.swift,\ TasteBuddyAgentFullEngine.swift /Users/sinjunho/Desktop/Taste\ Buddy/ios/TasteBuddy/DesignSystem/TBDesignColorTokens.swift /Users/sinjunho/Desktop/Taste\ Buddy/ios/TasteBuddy/DesignSystem/TBDesignFoundationTokens.swift /Users/sinjunho/Desktop/Taste\ Buddy/ios/TasteBuddy/DesignSystem/TBTheme.swift /Users/sinjunho/Desktop/Taste\ Buddy/ios/TasteBuddy/DesignSystem/TasteBloomMotion.swift /Users/sinjunho/Desktop/Taste\ Buddy/ios/TasteBuddy/Domain/Models/TasteBuddyAgentContractModels.swift /Users/sinjunho/Desktop/Taste\ Buddy/ios/TasteBuddy/Domain/UseCases/TasteBuddyAgentEngine.swift /Users/sinjunho/Desktop/Taste\ Buddy/ios/TasteBuddy/Domain/UseCases/TasteBuddyAgentFullEngine.swift (in target 'TasteBuddy' from project 'TasteBuddy')
SwiftCompile normal x86_64 /Users/sinjunho/Desktop/Taste\ Buddy/ios/TasteBuddy/DesignSystem/TBDesignColorTokens.swift (in target 'TasteBuddy' from project 'TasteBuddy')
    cd /Users/sinjunho/Desktop/Taste\ Buddy/ios
    

SwiftCompile normal x86_64 /Users/sinjunho/Desktop/Taste\ Buddy/ios/TasteBuddy/DesignSystem/TBDesignFoundationTokens.swift (in target 'TasteBuddy' from project 'TasteBuddy')
    cd /Users/sinjunho/Desktop/Taste\ Buddy/ios
    

SwiftCompile normal x86_64 /Users/sinjunho/Desktop/Taste\ Buddy/ios/TasteBuddy/DesignSystem/TBTheme.swift (in target 'TasteBuddy' from project 'TasteBuddy')
    cd /Users/sinjunho/Desktop/Taste\ Buddy/ios
    

SwiftCompile normal x86_64 /Users/sinjunho/Desktop/Taste\ Buddy/ios/TasteBuddy/DesignSystem/TasteBloomMotion.swift (in target 'TasteBuddy' from project 'TasteBuddy')
    cd /Users/sinjunho/Desktop/Taste\ Buddy/ios
    

SwiftCompile normal x86_64 /Users/sinjunho/Desktop/Taste\ Buddy/ios/TasteBuddy/Domain/Models/TasteBuddyAgentContractModels.swift (in target 'TasteBuddy' from project 'TasteBuddy')
    cd /Users/sinjunho/Desktop/Taste\ Buddy/ios
    

SwiftCompile normal x86_64 /Users/sinjunho/Desktop/Taste\ Buddy/ios/TasteBuddy/Domain/UseCases/TasteBuddyAgentEngine.swift (in target 'TasteBuddy' from project 'TasteBuddy')
    cd /Users/sinjunho/Desktop/Taste\ Buddy/ios
    

SwiftCompile normal x86_64 /Users/sinjunho/Desktop/Taste\ Buddy/ios/TasteBuddy/Domain/UseCases/TasteBuddyAgentFullEngine.swift (in target 'TasteBuddy' from project 'TasteBuddy')
    cd /Users/sinjunho/Desktop/Taste\ Buddy/ios
    

SwiftCompile normal x86_64 Compiling\ SensoryAnalysisModels.swift,\ SessionController.swift,\ SplashView.swift,\ SupabaseClientProvider.swift,\ SystemCoreComponents.swift,\ SystemParityComponents.swift,\ TBComponents.swift /Users/sinjunho/Desktop/Taste\ Buddy/ios/TasteBuddy/Domain/Models/SensoryAnalysisModels.swift /Users/sinjunho/Desktop/Taste\ Buddy/ios/TasteBuddy/Data/Backend/SessionController.swift /Users/sinjunho/Desktop/Taste\ Buddy/ios/TasteBuddy/Features/Launch/SplashView.swift /Users/sinjunho/Desktop/Taste\ Buddy/ios/TasteBuddy/Data/Backend/SupabaseClientProvider.swift /Users/sinjunho/Desktop/Taste\ Buddy/ios/TasteBuddy/Components/SystemCoreComponents.swift /Users/sinjunho/Desktop/Taste\ Buddy/ios/TasteBuddy/Components/SystemParityComponents.swift /Users/sinjunho/Desktop/Taste\ Buddy/ios/TasteBuddy/Components/TBComponents.swift (in target 'TasteBuddy' from project 'TasteBuddy')
SwiftCompile normal x86_64 /Users/sinjunho/Desktop/Taste\ Buddy/ios/TasteBuddy/Domain/Models/SensoryAnalysisModels.swift (in target 'TasteBuddy' from project 'TasteBuddy')
    cd /Users/sinjunho/Desktop/Taste\ Buddy/ios
    

SwiftCompile normal x86_64 /Users/sinjunho/Desktop/Taste\ Buddy/ios/TasteBuddy/Data/Backend/SessionController.swift (in target 'TasteBuddy' from project 'TasteBuddy')
    cd /Users/sinjunho/Desktop/Taste\ Buddy/ios
    

SwiftCompile normal x86_64 /Users/sinjunho/Desktop/Taste\ Buddy/ios/TasteBuddy/Features/Launch/SplashView.swift (in target 'TasteBuddy' from project 'TasteBuddy')
    cd /Users/sinjunho/Desktop/Taste\ Buddy/ios
    

SwiftCompile normal x86_64 /Users/sinjunho/Desktop/Taste\ Buddy/ios/TasteBuddy/Data/Backend/SupabaseClientProvider.swift (in target 'TasteBuddy' from project 'TasteBuddy')
    cd /Users/sinjunho/Desktop/Taste\ Buddy/ios
    

SwiftCompile normal x86_64 /Users/sinjunho/Desktop/Taste\ Buddy/ios/TasteBuddy/Components/SystemCoreComponents.swift (in target 'TasteBuddy' from project 'TasteBuddy')
    cd /Users/sinjunho/Desktop/Taste\ Buddy/ios
    

SwiftCompile normal x86_64 /Users/sinjunho/Desktop/Taste\ Buddy/ios/TasteBuddy/Components/SystemParityComponents.swift (in target 'TasteBuddy' from project 'TasteBuddy')
    cd /Users/sinjunho/Desktop/Taste\ Buddy/ios
    

SwiftCompile normal x86_64 /Users/sinjunho/Desktop/Taste\ Buddy/ios/TasteBuddy/Components/TBComponents.swift (in target 'TasteBuddy' from project 'TasteBuddy')
    cd /Users/sinjunho/Desktop/Taste\ Buddy/ios
    

SwiftCompile normal x86_64 Compiling\ TasteBuddyAgentFullModels.swift,\ TasteBuddyAgentKnowledgeRuntime.swift,\ TasteBuddyApp.swift,\ TasteContractModels.swift,\ TasteGradientIndicator.swift,\ TasteModels.swift,\ TasteMotionView.swift /Users/sinjunho/Desktop/Taste\ Buddy/ios/TasteBuddy/Domain/Models/TasteBuddyAgentFullModels.swift /Users/sinjunho/Desktop/Taste\ Buddy/ios/TasteBuddy/Domain/UseCases/TasteBuddyAgentKnowledgeRuntime.swift /Users/sinjunho/Desktop/Taste\ Buddy/ios/TasteBuddy/App/TasteBuddyApp.swift /Users/sinjunho/Desktop/Taste\ Buddy/ios/TasteBuddy/Domain/Models/TasteContractModels.swift /Users/sinjunho/Desktop/Taste\ Buddy/ios/TasteBuddy/DesignSystem/TasteGradientIndicator.swift /Users/sinjunho/Desktop/Taste\ Buddy/ios/TasteBuddy/Models/TasteModels.swift /Users/sinjunho/Desktop/Taste\ Buddy/ios/TasteBuddy/Components/TasteMotionView.swift (in target 'TasteBuddy' from project 'TasteBuddy')
SwiftCompile normal x86_64 /Users/sinjunho/Desktop/Taste\ Buddy/ios/TasteBuddy/Domain/Models/TasteBuddyAgentFullModels.swift (in target 'TasteBuddy' from project 'TasteBuddy')
    cd /Users/sinjunho/Desktop/Taste\ Buddy/ios
    

SwiftCompile normal x86_64 /Users/sinjunho/Desktop/Taste\ Buddy/ios/TasteBuddy/Domain/UseCases/TasteBuddyAgentKnowledgeRuntime.swift (in target 'TasteBuddy' from project 'TasteBuddy')
    cd /Users/sinjunho/Desktop/Taste\ Buddy/ios
    

SwiftCompile normal x86_64 /Users/sinjunho/Desktop/Taste\ Buddy/ios/TasteBuddy/App/TasteBuddyApp.swift (in target 'TasteBuddy' from project 'TasteBuddy')
    cd /Users/sinjunho/Desktop/Taste\ Buddy/ios
    

SwiftCompile normal x86_64 /Users/sinjunho/Desktop/Taste\ Buddy/ios/TasteBuddy/Domain/Models/TasteContractModels.swift (in target 'TasteBuddy' from project 'TasteBuddy')
    cd /Users/sinjunho/Desktop/Taste\ Buddy/ios
    

SwiftCompile normal x86_64 /Users/sinjunho/Desktop/Taste\ Buddy/ios/TasteBuddy/DesignSystem/TasteGradientIndicator.swift (in target 'TasteBuddy' from project 'TasteBuddy')
    cd /Users/sinjunho/Desktop/Taste\ Buddy/ios
    

SwiftCompile normal x86_64 /Users/sinjunho/Desktop/Taste\ Buddy/ios/TasteBuddy/Models/TasteModels.swift (in target 'TasteBuddy' from project 'TasteBuddy')
    cd /Users/sinjunho/Desktop/Taste\ Buddy/ios
    

SwiftCompile normal x86_64 /Users/sinjunho/Desktop/Taste\ Buddy/ios/TasteBuddy/Components/TasteMotionView.swift (in target 'TasteBuddy' from project 'TasteBuddy')
    cd /Users/sinjunho/Desktop/Taste\ Buddy/ios
    

SwiftCompile normal x86_64 Compiling\ TastePerception.swift,\ TastePerceptionCards.swift,\ TasteRadarView.swift,\ TasteSurveyContractModels.swift,\ TasteSurveyEvidenceCard.swift,\ TasteSurveyScoringEngine.swift,\ GeneratedAssetSymbols.swift /Users/sinjunho/Desktop/Taste\ Buddy/ios/TasteBuddy/Domain/Models/TastePerception.swift /Users/sinjunho/Desktop/Taste\ Buddy/ios/TasteBuddy/Features/Analysis/TastePerceptionCards.swift /Users/sinjunho/Desktop/Taste\ Buddy/ios/TasteBuddy/Components/TasteRadarView.swift /Users/sinjunho/Desktop/Taste\ Buddy/ios/TasteBuddy/Domain/Models/TasteSurveyContractModels.swift /Users/sinjunho/Desktop/Taste\ Buddy/ios/TasteBuddy/Features/Calibration/TasteSurveyEvidenceCard.swift /Users/sinjunho/Desktop/Taste\ Buddy/ios/TasteBuddy/Domain/UseCases/TasteSurveyScoringEngine.swift /tmp/TasteBuddyHomeQuestionsQA/Build/Intermediates.noindex/TasteBuddy.build/Debug-iphonesimulator/TasteBuddy.build/DerivedSources/GeneratedAssetSymbols.swift (in target 'TasteBuddy' from project 'TasteBuddy')

SwiftCompile normal x86_64 /Users/sinjunho/Desktop/Taste\ Buddy/ios/TasteBuddy/Domain/Models/TastePerception.swift (in target 'TasteBuddy' from project 'TasteBuddy')
    cd /Users/sinjunho/Desktop/Taste\ Buddy/ios
    

SwiftCompile normal x86_64 /Users/sinjunho/Desktop/Taste\ Buddy/ios/TasteBuddy/Features/Analysis/TastePerceptionCards.swift (in target 'TasteBuddy' from project 'TasteBuddy')
    cd /Users/sinjunho/Desktop/Taste\ Buddy/ios
    

SwiftCompile normal x86_64 /Users/sinjunho/Desktop/Taste\ Buddy/ios/TasteBuddy/Components/TasteRadarView.swift (in target 'TasteBuddy' from project 'TasteBuddy')
    cd /Users/sinjunho/Desktop/Taste\ Buddy/ios
    

SwiftCompile normal x86_64 /Users/sinjunho/Desktop/Taste\ Buddy/ios/TasteBuddy/Domain/Models/TasteSurveyContractModels.swift (in target 'TasteBuddy' from project 'TasteBuddy')
    cd /Users/sinjunho/Desktop/Taste\ Buddy/ios
    

SwiftCompile normal x86_64 /Users/sinjunho/Desktop/Taste\ Buddy/ios/TasteBuddy/Features/Calibration/TasteSurveyEvidenceCard.swift (in target 'TasteBuddy' from project 'TasteBuddy')
    cd /Users/sinjunho/Desktop/Taste\ Buddy/ios
    

SwiftCompile normal x86_64 /Users/sinjunho/Desktop/Taste\ Buddy/ios/TasteBuddy/Domain/UseCases/TasteSurveyScoringEngine.swift (in target 'TasteBuddy' from project 'TasteBuddy')
    cd /Users/sinjunho/Desktop/Taste\ Buddy/ios
    

SwiftCompile normal x86_64 /tmp/TasteBuddyHomeQuestionsQA/Build/Intermediates.noindex/TasteBuddy.build/Debug-iphonesimulator/TasteBuddy.build/DerivedSources/GeneratedAssetSymbols.swift (in target 'TasteBuddy' from project 'TasteBuddy')
    cd /Users/sinjunho/Desktop/Taste\ Buddy/ios
    

SwiftCompile normal x86_64 Compiling\ NativeInputComponents.swift,\ NativeLayoutComponents.swift,\ OnboardingView.swift,\ PalateBloomAvatar.swift,\ PersonalTasteInsightCards.swift,\ PersonalTasteInsights.swift,\ PersonalTasteInsightsRuntimePreview.swift,\ PersonalTasteModel.swift /Users/sinjunho/Desktop/Taste\ Buddy/ios/TasteBuddy/Components/NativeInputComponents.swift /Users/sinjunho/Desktop/Taste\ Buddy/ios/TasteBuddy/Components/NativeLayoutComponents.swift /Users/sinjunho/Desktop/Taste\ Buddy/ios/TasteBuddy/Features/Onboarding/OnboardingView.swift /Users/sinjunho/Desktop/Taste\ Buddy/ios/TasteBuddy/Components/PalateBloomAvatar.swift /Users/sinjunho/Desktop/Taste\ Buddy/ios/TasteBuddy/Features/Analysis/PersonalTasteInsightCards.swift /Users/sinjunho/Desktop/Taste\ Buddy/ios/TasteBuddy/Domain/Models/PersonalTasteInsights.swift /Users/sinjunho/Desktop/Taste\ Buddy/ios/TasteBuddy/Features/Analysis/PersonalTasteInsightsRuntimePreview.swift /Users/sinjunho/Desktop/Taste\ Buddy/ios/TasteBuddy/Domain/Models/PersonalTasteModel.swift (in target 'TasteBuddy' from project 'TasteBuddy')

SwiftCompile normal x86_64 /Users/sinjunho/Desktop/Taste\ Buddy/ios/TasteBuddy/Components/NativeInputComponents.swift (in target 'TasteBuddy' from project 'TasteBuddy')
    cd /Users/sinjunho/Desktop/Taste\ Buddy/ios
    

SwiftCompile normal x86_64 /Users/sinjunho/Desktop/Taste\ Buddy/ios/TasteBuddy/Components/NativeLayoutComponents.swift (in target 'TasteBuddy' from project 'TasteBuddy')
    cd /Users/sinjunho/Desktop/Taste\ Buddy/ios
    

SwiftCompile normal x86_64 /Users/sinjunho/Desktop/Taste\ Buddy/ios/TasteBuddy/Features/Onboarding/OnboardingView.swift (in target 'TasteBuddy' from project 'TasteBuddy')
    cd /Users/sinjunho/Desktop/Taste\ Buddy/ios
    

SwiftCompile normal x86_64 /Users/sinjunho/Desktop/Taste\ Buddy/ios/TasteBuddy/Components/PalateBloomAvatar.swift (in target 'TasteBuddy' from project 'TasteBuddy')
    cd /Users/sinjunho/Desktop/Taste\ Buddy/ios
    

SwiftCompile normal x86_64 /Users/sinjunho/Desktop/Taste\ Buddy/ios/TasteBuddy/Features/Analysis/PersonalTasteInsightCards.swift (in target 'TasteBuddy' from project 'TasteBuddy')
    cd /Users/sinjunho/Desktop/Taste\ Buddy/ios
    

SwiftCompile normal x86_64 /Users/sinjunho/Desktop/Taste\ Buddy/ios/TasteBuddy/Domain/Models/PersonalTasteInsights.swift (in target 'TasteBuddy' from project 'TasteBuddy')
    cd /Users/sinjunho/Desktop/Taste\ Buddy/ios
    

SwiftCompile normal x86_64 /Users/sinjunho/Desktop/Taste\ Buddy/ios/TasteBuddy/Features/Analysis/PersonalTasteInsightsRuntimePreview.swift (in target 'TasteBuddy' from project 'TasteBuddy')
    cd /Users/sinjunho/Desktop/Taste\ Buddy/ios
    

SwiftCompile normal x86_64 /Users/sinjunho/Desktop/Taste\ Buddy/ios/TasteBuddy/Domain/Models/PersonalTasteModel.swift (in target 'TasteBuddy' from project 'TasteBuddy')
    cd /Users/sinjunho/Desktop/Taste\ Buddy/ios
    

SwiftCompile normal x86_64 Compiling\ HomeSummaryComponents.swift,\ HomeSummaryModels.swift,\ HomeView.swift,\ LucideIcon.swift,\ MainTabView.swift,\ NativeAccountDataRepository.swift,\ NativeAccountPhotoRepository.swift,\ NativeFeedbackComponents.swift /Users/sinjunho/Desktop/Taste\ Buddy/ios/TasteBuddy/Features/Home/HomeSummaryComponents.swift /Users/sinjunho/Desktop/Taste\ Buddy/ios/TasteBuddy/Features/Home/HomeSummaryModels.swift /Users/sinjunho/Desktop/Taste\ Buddy/ios/TasteBuddy/Features/Home/HomeView.swift /Users/sinjunho/Desktop/Taste\ Buddy/ios/TasteBuddy/Components/LucideIcon.swift /Users/sinjunho/Desktop/Taste\ Buddy/ios/TasteBuddy/Features/Main/MainTabView.swift /Users/sinjunho/Desktop/Taste\ Buddy/ios/TasteBuddy/Data/Backend/NativeAccountDataRepository.swift /Users/sinjunho/Desktop/Taste\ Buddy/ios/TasteBuddy/Data/Backend/NativeAccountPhotoRepository.swift /Users/sinjunho/Desktop/Taste\ Buddy/ios/TasteBuddy/Components/NativeFeedbackComponents.swift (in target 'TasteBuddy' from project 'TasteBuddy')
SwiftCompile normal x86_64 /Users/sinjunho/Desktop/Taste\ Buddy/ios/TasteBuddy/Features/Home/HomeSummaryComponents.swift (in target 'TasteBuddy' from project 'TasteBuddy')
    cd /Users/sinjunho/Desktop/Taste\ Buddy/ios
    

SwiftCompile normal x86_64 /Users/sinjunho/Desktop/Taste\ Buddy/ios/TasteBuddy/Features/Home/HomeSummaryModels.swift (in target 'TasteBuddy' from project 'TasteBuddy')
    cd /Users/sinjunho/Desktop/Taste\ Buddy/ios
    

SwiftCompile normal x86_64 /Users/sinjunho/Desktop/Taste\ Buddy/ios/TasteBuddy/Features/Home/HomeView.swift (in target 'TasteBuddy' from project 'TasteBuddy')
    cd /Users/sinjunho/Desktop/Taste\ Buddy/ios
    

SwiftCompile normal x86_64 /Users/sinjunho/Desktop/Taste\ Buddy/ios/TasteBuddy/Components/LucideIcon.swift (in target 'TasteBuddy' from project 'TasteBuddy')
    cd /Users/sinjunho/Desktop/Taste\ Buddy/ios
    

SwiftCompile normal x86_64 /Users/sinjunho/Desktop/Taste\ Buddy/ios/TasteBuddy/Features/Main/MainTabView.swift (in target 'TasteBuddy' from project 'TasteBuddy')
    cd /Users/sinjunho/Desktop/Taste\ Buddy/ios
    

SwiftCompile normal x86_64 /Users/sinjunho/Desktop/Taste\ Buddy/ios/TasteBuddy/Data/Backend/NativeAccountDataRepository.swift (in target 'TasteBuddy' from project 'TasteBuddy')
    cd /Users/sinjunho/Desktop/Taste\ Buddy/ios
    

SwiftCompile normal x86_64 /Users/sinjunho/Desktop/Taste\ Buddy/ios/TasteBuddy/Data/Backend/NativeAccountPhotoRepository.swift (in target 'TasteBuddy' from project 'TasteBuddy')
    cd /Users/sinjunho/Desktop/Taste\ Buddy/ios
    

SwiftCompile normal x86_64 /Users/sinjunho/Desktop/Taste\ Buddy/ios/TasteBuddy/Components/NativeFeedbackComponents.swift (in target 'TasteBuddy' from project 'TasteBuddy')
    cd /Users/sinjunho/Desktop/Taste\ Buddy/ios
    

SwiftCompile normal x86_64 Compiling\ QuickCalibrationContractEngine.swift,\ RestaurantDetailModels.swift,\ RestaurantDetailRouteView.swift,\ RestaurantModels.swift,\ RestaurantPlaceAPIClient.swift,\ SearchSystemComponents.swift,\ SensoryAnalysisCards.swift,\ SensoryAnalysisEngine.swift /Users/sinjunho/Desktop/Taste\ Buddy/ios/TasteBuddy/Domain/UseCases/QuickCalibrationContractEngine.swift /Users/sinjunho/Desktop/Taste\ Buddy/ios/TasteBuddy/Models/RestaurantDetailModels.swift /Users/sinjunho/Desktop/Taste\ Buddy/ios/TasteBuddy/Features/Restaurant/RestaurantDetailRouteView.swift /Users/sinjunho/Desktop/Taste\ Buddy/ios/TasteBuddy/Models/RestaurantModels.swift /Users/sinjunho/Desktop/Taste\ Buddy/ios/TasteBuddy/Data/Places/RestaurantPlaceAPIClient.swift /Users/sinjunho/Desktop/Taste\ Buddy/ios/TasteBuddy/Components/SearchSystemComponents.swift /Users/sinjunho/Desktop/Taste\ Buddy/ios/TasteBuddy/Features/Analysis/SensoryAnalysisCards.swift /Users/sinjunho/Desktop/Taste\ Buddy/ios/TasteBuddy/Domain/UseCases/SensoryAnalysisEngine.swift (in target 'TasteBuddy' from project 'TasteBuddy')

SwiftCompile normal x86_64 /Users/sinjunho/Desktop/Taste\ Buddy/ios/TasteBuddy/Domain/UseCases/QuickCalibrationContractEngine.swift (in target 'TasteBuddy' from project 'TasteBuddy')
    cd /Users/sinjunho/Desktop/Taste\ Buddy/ios
    

SwiftCompile normal x86_64 /Users/sinjunho/Desktop/Taste\ Buddy/ios/TasteBuddy/Models/RestaurantDetailModels.swift (in target 'TasteBuddy' from project 'TasteBuddy')
    cd /Users/sinjunho/Desktop/Taste\ Buddy/ios
    

SwiftCompile normal x86_64 /Users/sinjunho/Desktop/Taste\ Buddy/ios/TasteBuddy/Features/Restaurant/RestaurantDetailRouteView.swift (in target 'TasteBuddy' from project 'TasteBuddy')
    cd /Users/sinjunho/Desktop/Taste\ Buddy/ios
    

SwiftCompile normal x86_64 /Users/sinjunho/Desktop/Taste\ Buddy/ios/TasteBuddy/Models/RestaurantModels.swift (in target 'TasteBuddy' from project 'TasteBuddy')
    cd /Users/sinjunho/Desktop/Taste\ Buddy/ios
    

SwiftCompile normal x86_64 /Users/sinjunho/Desktop/Taste\ Buddy/ios/TasteBuddy/Data/Places/RestaurantPlaceAPIClient.swift (in target 'TasteBuddy' from project 'TasteBuddy')
    cd /Users/sinjunho/Desktop/Taste\ Buddy/ios
    

SwiftCompile normal x86_64 /Users/sinjunho/Desktop/Taste\ Buddy/ios/TasteBuddy/Components/SearchSystemComponents.swift (in target 'TasteBuddy' from project 'TasteBuddy')
    cd /Users/sinjunho/Desktop/Taste\ Buddy/ios
    

SwiftCompile normal x86_64 /Users/sinjunho/Desktop/Taste\ Buddy/ios/TasteBuddy/Features/Analysis/SensoryAnalysisCards.swift (in target 'TasteBuddy' from project 'TasteBuddy')
    cd /Users/sinjunho/Desktop/Taste\ Buddy/ios
    

SwiftCompile normal x86_64 /Users/sinjunho/Desktop/Taste\ Buddy/ios/TasteBuddy/Domain/UseCases/SensoryAnalysisEngine.swift (in target 'TasteBuddy' from project 'TasteBuddy')
    cd /Users/sinjunho/Desktop/Taste\ Buddy/ios
    

SwiftCompile normal x86_64 Compiling\ PersonalTasteQuestions.swift,\ PreferenceIntakeContractEngine.swift,\ PreferenceIntakeContractModels.swift,\ PreferenceIntakeFlowView.swift,\ ProfileHeroCard.swift,\ ProfileResultView.swift,\ ProfileSummarySheet.swift,\ ProfileView.swift /Users/sinjunho/Desktop/Taste\ Buddy/ios/TasteBuddy/Domain/Models/PersonalTasteQuestions.swift /Users/sinjunho/Desktop/Taste\ Buddy/ios/TasteBuddy/Domain/UseCases/PreferenceIntakeContractEngine.swift /Users/sinjunho/Desktop/Taste\ Buddy/ios/TasteBuddy/Domain/Models/PreferenceIntakeContractModels.swift /Users/sinjunho/Desktop/Taste\ Buddy/ios/TasteBuddy/Features/Intake/PreferenceIntakeFlowView.swift /Users/sinjunho/Desktop/Taste\ Buddy/ios/TasteBuddy/Components/ProfileHeroCard.swift /Users/sinjunho/Desktop/Taste\ Buddy/ios/TasteBuddy/Features/Profile/ProfileResultView.swift /Users/sinjunho/Desktop/Taste\ Buddy/ios/TasteBuddy/Features/Profile/ProfileSummarySheet.swift /Users/sinjunho/Desktop/Taste\ Buddy/ios/TasteBuddy/Features/Profile/ProfileView.swift (in target 'TasteBuddy' from project 'TasteBuddy')

SwiftCompile normal x86_64 /Users/sinjunho/Desktop/Taste\ Buddy/ios/TasteBuddy/Domain/Models/PersonalTasteQuestions.swift (in target 'TasteBuddy' from project 'TasteBuddy')
    cd /Users/sinjunho/Desktop/Taste\ Buddy/ios
    

SwiftCompile normal x86_64 /Users/sinjunho/Desktop/Taste\ Buddy/ios/TasteBuddy/Domain/UseCases/PreferenceIntakeContractEngine.swift (in target 'TasteBuddy' from project 'TasteBuddy')
    cd /Users/sinjunho/Desktop/Taste\ Buddy/ios
    

SwiftCompile normal x86_64 /Users/sinjunho/Desktop/Taste\ Buddy/ios/TasteBuddy/Domain/Models/PreferenceIntakeContractModels.swift (in target 'TasteBuddy' from project 'TasteBuddy')
    cd /Users/sinjunho/Desktop/Taste\ Buddy/ios
    

SwiftCompile normal x86_64 /Users/sinjunho/Desktop/Taste\ Buddy/ios/TasteBuddy/Features/Intake/PreferenceIntakeFlowView.swift (in target 'TasteBuddy' from project 'TasteBuddy')
    cd /Users/sinjunho/Desktop/Taste\ Buddy/ios
    

SwiftCompile normal x86_64 /Users/sinjunho/Desktop/Taste\ Buddy/ios/TasteBuddy/Components/ProfileHeroCard.swift (in target 'TasteBuddy' from project 'TasteBuddy')
    cd /Users/sinjunho/Desktop/Taste\ Buddy/ios
    

SwiftCompile normal x86_64 /Users/sinjunho/Desktop/Taste\ Buddy/ios/TasteBuddy/Features/Profile/ProfileResultView.swift (in target 'TasteBuddy' from project 'TasteBuddy')
    cd /Users/sinjunho/Desktop/Taste\ Buddy/ios
    

SwiftCompile normal x86_64 /Users/sinjunho/Desktop/Taste\ Buddy/ios/TasteBuddy/Features/Profile/ProfileSummarySheet.swift (in target 'TasteBuddy' from project 'TasteBuddy')
    cd /Users/sinjunho/Desktop/Taste\ Buddy/ios
    

SwiftCompile normal x86_64 /Users/sinjunho/Desktop/Taste\ Buddy/ios/TasteBuddy/Features/Profile/ProfileView.swift (in target 'TasteBuddy' from project 'TasteBuddy')
    cd /Users/sinjunho/Desktop/Taste\ Buddy/ios
    

SwiftCompile normal x86_64 Compiling\ DesignSystemFullComponents.swift,\ DesignSystemPreviewView.swift,\ DiningFeedbackContractModels.swift,\ DiningMemoryContext.swift,\ DiningOverallEvaluation.swift,\ DiningOverallEvaluationStepView.swift,\ DiningPhotoPalette.swift,\ DiningSensoryRecommendationPolicy.swift /Users/sinjunho/Desktop/Taste\ Buddy/ios/TasteBuddy/Components/DesignSystemFullComponents.swift /Users/sinjunho/Desktop/Taste\ Buddy/ios/TasteBuddy/Features/DesignSystem/DesignSystemPreviewView.swift /Users/sinjunho/Desktop/Taste\ Buddy/ios/TasteBuddy/Domain/Models/DiningFeedbackContractModels.swift /Users/sinjunho/Desktop/Taste\ Buddy/ios/TasteBuddy/Domain/Models/DiningMemoryContext.swift /Users/sinjunho/Desktop/Taste\ Buddy/ios/TasteBuddy/Domain/Models/DiningOverallEvaluation.swift /Users/sinjunho/Desktop/Taste\ Buddy/ios/TasteBuddy/Features/Dining/DiningOverallEvaluationStepView.swift /Users/sinjunho/Desktop/Taste\ Buddy/ios/TasteBuddy/Features/Dining/DiningPhotoPalette.swift /Users/sinjunho/Desktop/Taste\ Buddy/ios/TasteBuddy/Features/Dining/DiningSensoryRecommendationPolicy.swift (in target 'TasteBuddy' from project 'TasteBuddy')

SwiftCompile normal x86_64 /Users/sinjunho/Desktop/Taste\ Buddy/ios/TasteBuddy/Components/DesignSystemFullComponents.swift (in target 'TasteBuddy' from project 'TasteBuddy')
    cd /Users/sinjunho/Desktop/Taste\ Buddy/ios
    

SwiftCompile normal x86_64 /Users/sinjunho/Desktop/Taste\ Buddy/ios/TasteBuddy/Features/DesignSystem/DesignSystemPreviewView.swift (in target 'TasteBuddy' from project 'TasteBuddy')
    cd /Users/sinjunho/Desktop/Taste\ Buddy/ios
    

SwiftCompile normal x86_64 /Users/sinjunho/Desktop/Taste\ Buddy/ios/TasteBuddy/Domain/Models/DiningFeedbackContractModels.swift (in target 'TasteBuddy' from project 'TasteBuddy')
    cd /Users/sinjunho/Desktop/Taste\ Buddy/ios
    

SwiftCompile normal x86_64 /Users/sinjunho/Desktop/Taste\ Buddy/ios/TasteBuddy/Domain/Models/DiningMemoryContext.swift (in target 'TasteBuddy' from project 'TasteBuddy')
    cd /Users/sinjunho/Desktop/Taste\ Buddy/ios
    

SwiftCompile normal x86_64 /Users/sinjunho/Desktop/Taste\ Buddy/ios/TasteBuddy/Domain/Models/DiningOverallEvaluation.swift (in target 'TasteBuddy' from project 'TasteBuddy')
    cd /Users/sinjunho/Desktop/Taste\ Buddy/ios
    

SwiftCompile normal x86_64 /Users/sinjunho/Desktop/Taste\ Buddy/ios/TasteBuddy/Features/Dining/DiningOverallEvaluationStepView.swift (in target 'TasteBuddy' from project 'TasteBuddy')
    cd /Users/sinjunho/Desktop/Taste\ Buddy/ios
    

SwiftCompile normal x86_64 /Users/sinjunho/Desktop/Taste\ Buddy/ios/TasteBuddy/Features/Dining/DiningPhotoPalette.swift (in target 'TasteBuddy' from project 'TasteBuddy')
    cd /Users/sinjunho/Desktop/Taste\ Buddy/ios
    

SwiftCompile normal x86_64 /Users/sinjunho/Desktop/Taste\ Buddy/ios/TasteBuddy/Features/Dining/DiningSensoryRecommendationPolicy.swift (in target 'TasteBuddy' from project 'TasteBuddy')
    cd /Users/sinjunho/Desktop/Taste\ Buddy/ios
    

SwiftCompile normal x86_64 Compiling\ BackendAuthRepository.swift,\ BackendConfiguration.swift,\ BottomTabCenterButton.swift,\ BrandVideoRuntimePreview.swift,\ CalibrationFlowView.swift,\ CalibrationModels.swift,\ ChatGPTAnalysisCard.swift,\ ChatGPTAnalysisConnection.swift /Users/sinjunho/Desktop/Taste\ Buddy/ios/TasteBuddy/Data/Backend/BackendAuthRepository.swift /Users/sinjunho/Desktop/Taste\ Buddy/ios/TasteBuddy/Data/Backend/BackendConfiguration.swift /Users/sinjunho/Desktop/Taste\ Buddy/ios/TasteBuddy/Components/Shell/BottomTabCenterButton.swift /Users/sinjunho/Desktop/Taste\ Buddy/ios/TasteBuddy/App/BrandVideoRuntimePreview.swift /Users/sinjunho/Desktop/Taste\ Buddy/ios/TasteBuddy/Features/Calibration/CalibrationFlowView.swift /Users/sinjunho/Desktop/Taste\ Buddy/ios/TasteBuddy/Models/CalibrationModels.swift /Users/sinjunho/Desktop/Taste\ Buddy/ios/TasteBuddy/Features/Analysis/ChatGPTAnalysisCard.swift /Users/sinjunho/Desktop/Taste\ Buddy/ios/TasteBuddy/Features/Analysis/ChatGPTAnalysisConnection.swift (in target 'TasteBuddy' from project 'TasteBuddy')

SwiftCompile normal x86_64 /Users/sinjunho/Desktop/Taste\ Buddy/ios/TasteBuddy/Data/Backend/BackendAuthRepository.swift (in target 'TasteBuddy' from project 'TasteBuddy')
    cd /Users/sinjunho/Desktop/Taste\ Buddy/ios
    

SwiftCompile normal x86_64 /Users/sinjunho/Desktop/Taste\ Buddy/ios/TasteBuddy/Data/Backend/BackendConfiguration.swift (in target 'TasteBuddy' from project 'TasteBuddy')
    cd /Users/sinjunho/Desktop/Taste\ Buddy/ios
    

SwiftCompile normal x86_64 /Users/sinjunho/Desktop/Taste\ Buddy/ios/TasteBuddy/Components/Shell/BottomTabCenterButton.swift (in target 'TasteBuddy' from project 'TasteBuddy')
    cd /Users/sinjunho/Desktop/Taste\ Buddy/ios
    

SwiftCompile normal x86_64 /Users/sinjunho/Desktop/Taste\ Buddy/ios/TasteBuddy/App/BrandVideoRuntimePreview.swift (in target 'TasteBuddy' from project 'TasteBuddy')
    cd /Users/sinjunho/Desktop/Taste\ Buddy/ios
    

SwiftCompile normal x86_64 /Users/sinjunho/Desktop/Taste\ Buddy/ios/TasteBuddy/Features/Calibration/CalibrationFlowView.swift (in target 'TasteBuddy' from project 'TasteBuddy')
    cd /Users/sinjunho/Desktop/Taste\ Buddy/ios
    

SwiftCompile normal x86_64 /Users/sinjunho/Desktop/Taste\ Buddy/ios/TasteBuddy/Models/CalibrationModels.swift (in target 'TasteBuddy' from project 'TasteBuddy')
    cd /Users/sinjunho/Desktop/Taste\ Buddy/ios
    

SwiftCompile normal x86_64 /Users/sinjunho/Desktop/Taste\ Buddy/ios/TasteBuddy/Features/Analysis/ChatGPTAnalysisCard.swift (in target 'TasteBuddy' from project 'TasteBuddy')
    cd /Users/sinjunho/Desktop/Taste\ Buddy/ios
    

SwiftCompile normal x86_64 /Users/sinjunho/Desktop/Taste\ Buddy/ios/TasteBuddy/Features/Analysis/ChatGPTAnalysisConnection.swift (in target 'TasteBuddy' from project 'TasteBuddy')
    cd /Users/sinjunho/Desktop/Taste\ Buddy/ios
    

SwiftCompile normal x86_64 Compiling\ DiningSensorySelection.swift,\ DiningSensorySelectionEditor.swift,\ DiningSensorySelectionParser.swift,\ DiningView.swift,\ FoodMemory.swift,\ FoodMemoryViews.swift,\ HomePeriodInsightComponents.swift,\ HomeSearchModels.swift /Users/sinjunho/Desktop/Taste\ Buddy/ios/TasteBuddy/Domain/Models/DiningSensorySelection.swift /Users/sinjunho/Desktop/Taste\ Buddy/ios/TasteBuddy/Features/Dining/DiningSensorySelectionEditor.swift /Users/sinjunho/Desktop/Taste\ Buddy/ios/TasteBuddy/Domain/UseCases/DiningSensorySelectionParser.swift /Users/sinjunho/Desktop/Taste\ Buddy/ios/TasteBuddy/Features/Dining/DiningView.swift /Users/sinjunho/Desktop/Taste\ Buddy/ios/TasteBuddy/Domain/Models/FoodMemory.swift /Users/sinjunho/Desktop/Taste\ Buddy/ios/TasteBuddy/Features/Home/FoodMemoryViews.swift /Users/sinjunho/Desktop/Taste\ Buddy/ios/TasteBuddy/Features/Home/HomePeriodInsightComponents.swift /Users/sinjunho/Desktop/Taste\ Buddy/ios/TasteBuddy/Features/Home/HomeSearchModels.swift (in target 'TasteBuddy' from project 'TasteBuddy')
SwiftCompile normal x86_64 /Users/sinjunho/Desktop/Taste\ Buddy/ios/TasteBuddy/Domain/Models/DiningSensorySelection.swift (in target 'TasteBuddy' from project 'TasteBuddy')
    cd /Users/sinjunho/Desktop/Taste\ Buddy/ios
    

SwiftCompile normal x86_64 /Users/sinjunho/Desktop/Taste\ Buddy/ios/TasteBuddy/Features/Dining/DiningSensorySelectionEditor.swift (in target 'TasteBuddy' from project 'TasteBuddy')
    cd /Users/sinjunho/Desktop/Taste\ Buddy/ios
    

SwiftCompile normal x86_64 /Users/sinjunho/Desktop/Taste\ Buddy/ios/TasteBuddy/Domain/UseCases/DiningSensorySelectionParser.swift (in target 'TasteBuddy' from project 'TasteBuddy')
    cd /Users/sinjunho/Desktop/Taste\ Buddy/ios
    

SwiftCompile normal x86_64 /Users/sinjunho/Desktop/Taste\ Buddy/ios/TasteBuddy/Features/Dining/DiningView.swift (in target 'TasteBuddy' from project 'TasteBuddy')
    cd /Users/sinjunho/Desktop/Taste\ Buddy/ios
    

SwiftCompile normal x86_64 /Users/sinjunho/Desktop/Taste\ Buddy/ios/TasteBuddy/Domain/Models/FoodMemory.swift (in target 'TasteBuddy' from project 'TasteBuddy')
    cd /Users/sinjunho/Desktop/Taste\ Buddy/ios
    

SwiftCompile normal x86_64 /Users/sinjunho/Desktop/Taste\ Buddy/ios/TasteBuddy/Features/Home/FoodMemoryViews.swift (in target 'TasteBuddy' from project 'TasteBuddy')
    cd /Users/sinjunho/Desktop/Taste\ Buddy/ios
    

SwiftCompile normal x86_64 /Users/sinjunho/Desktop/Taste\ Buddy/ios/TasteBuddy/Features/Home/HomePeriodInsightComponents.swift (in target 'TasteBuddy' from project 'TasteBuddy')
    cd /Users/sinjunho/Desktop/Taste\ Buddy/ios
    

SwiftCompile normal x86_64 /Users/sinjunho/Desktop/Taste\ Buddy/ios/TasteBuddy/Features/Home/HomeSearchModels.swift (in target 'TasteBuddy' from project 'TasteBuddy')
    cd /Users/sinjunho/Desktop/Taste\ Buddy/ios
    

LinkAssetCatalog /Users/sinjunho/Desktop/Taste\ Buddy/ios/TasteBuddy/Resources/Assets.xcassets (in target 'TasteBuddy' from project 'TasteBuddy')
    cd /Users/sinjunho/Desktop/Taste\ Buddy/ios
    builtin-linkAssetCatalog --thinned /tmp/TasteBuddyHomeQuestionsQA/Build/Intermediates.noindex/TasteBuddy.build/Debug-iphonesimulator/TasteBuddy.build/assetcatalog_output/thinned --thinned-dependencies /tmp/TasteBuddyHomeQuestionsQA/Build/Intermediates.noindex/TasteBuddy.build/Debug-iphonesimulator/TasteBuddy.build/assetcatalog_dependencies_thinned --thinned-info-plist-content /tmp/TasteBuddyHomeQuestionsQA/Build/Intermediates.noindex/TasteBuddy.build/Debug-iphonesimulator/TasteBuddy.build/assetcatalog_generated_info.plist_thinned --unthinned /tmp/TasteBuddyHomeQuestionsQA/Build/Intermediates.noindex/TasteBuddy.build/Debug-iphonesimulator/TasteBuddy.build/assetcatalog_output/unthinned --unthinned-dependencies /tmp/TasteBuddyHomeQuestionsQA/Build/Intermediates.noindex/TasteBuddy.build/Debug-iphonesimulator/TasteBuddy.build/assetcatalog_dependencies_unthinned --unthinned-info-plist-content /tmp/TasteBuddyHomeQuestionsQA/Build/Intermediates.noindex/TasteBuddy.build/Debug-iphonesimulator/TasteBuddy.build/assetcatalog_generated_info.plist_unthinned --output /tmp/TasteBuddyHomeQuestionsQA/Build/Products/Debug-iphonesimulator/TasteBuddy.app --plist-output /tmp/TasteBuddyHomeQuestionsQA/Build/Intermediates.noindex/TasteBuddy.build/Debug-iphonesimulator/TasteBuddy.build/assetcatalog_generated_info.plist
note: Emplaced /tmp/TasteBuddyHomeQuestionsQA/Build/Products/Debug-iphonesimulator/TasteBuddy.app/AppIcon76x76@2x~ipad.png (in target 'TasteBuddy' from project 'TasteBuddy')
note: Emplaced /tmp/TasteBuddyHomeQuestionsQA/Build/Products/Debug-iphonesimulator/TasteBuddy.app/AppIcon60x60@2x.png (in target 'TasteBuddy' from project 'TasteBuddy')
note: Emplaced /tmp/TasteBuddyHomeQuestionsQA/Build/Products/Debug-iphonesimulator/TasteBuddy.app/Assets.car (in target 'TasteBuddy' from project 'TasteBuddy')

SwiftDriverJobDiscovery normal x86_64 Emitting module for TasteBuddy (in target 'TasteBuddy' from project 'TasteBuddy')

SwiftDriver\ Compilation\ Requirements TasteBuddy normal x86_64 com.apple.xcode.tools.swift.compiler (in target 'TasteBuddy' from project 'TasteBuddy')
    cd /Users/sinjunho/Desktop/Taste\ Buddy/ios
    builtin-Swift-Compilation-Requirements -- /Applications/Xcode.app/Contents/Developer/Toolchains/XcodeDefault.xctoolchain/usr/bin/swiftc -module-name TasteBuddy -O @/tmp/TasteBuddyHomeQuestionsQA/Build/Intermediates.noindex/TasteBuddy.build/Debug-iphonesimulator/TasteBuddy.build/Objects-normal/x86_64/TasteBuddy.SwiftFileList -DDEBUG -enable-bare-slash-regex -enable-experimental-feature DebugDescriptionMacro -sdk /Applications/Xcode.app/Contents/Developer/Platforms/iPhoneSimulator.platform/Developer/SDKs/iPhoneSimulator26.5.sdk -target x86_64-apple-ios17.0-simulator -g -module-cache-path /tmp/TasteBuddyHomeQuestionsQA/ModuleCache.noindex -Xfrontend -serialize-debugging-options -enable-testing -swift-version 5 -I /tmp/TasteBuddyHomeQuestionsQA/Build/Products/Debug-iphonesimulator -F /tmp/TasteBuddyHomeQuestionsQA/Build/Products/Debug-iphonesimulator/PackageFrameworks -F /tmp/TasteBuddyHomeQuestionsQA/Build/Products/Debug-iphonesimulator/PackageFrameworks -F /tmp/TasteBuddyHomeQuestionsQA/Build/Products/Debug-iphonesimulator/PackageFrameworks -F /tmp/TasteBuddyHomeQuestionsQA/Build/Products/Debug-iphonesimulator/PackageFrameworks -F /tmp/TasteBuddyHomeQuestionsQA/Build/Products/Debug-iphonesimulator/PackageFrameworks -F /tmp/TasteBuddyHomeQuestionsQA/Build/Products/Debug-iphonesimulator/PackageFrameworks -F /tmp/TasteBuddyHomeQuestionsQA/Build/Products/Debug-iphonesimulator/PackageFrameworks -F /tmp/TasteBuddyHomeQuestionsQA/Build/Products/Debug-iphonesimulator/PackageFrameworks -F /tmp/TasteBuddyHomeQuestionsQA/Build/Products/Debug-iphonesimulator/PackageFrameworks -F /tmp/TasteBuddyHomeQuestionsQA/Build/Products/Debug-iphonesimulator/PackageFrameworks -F /tmp/TasteBuddyHomeQuestionsQA/Build/Products/Debug-iphonesimulator/PackageFrameworks -F /tmp/TasteBuddyHomeQuestionsQA/Build/Products/Debug-iphonesimulator/PackageFrameworks -F /tmp/TasteBuddyHomeQuestionsQA/Build/Products/Debug-iphonesimulator/PackageFrameworks -F /tmp/TasteBuddyHomeQuestionsQA/Build/Products/Debug-iphonesimulator/PackageFrameworks -F /tmp/TasteBuddyHomeQuestionsQA/Build/Products/Debug-iphonesimulator/PackageFrameworks -F /tmp/TasteBuddyHomeQuestionsQA/Build/Products/Debug-iphonesimulator/PackageFrameworks -F /tmp/TasteBuddyHomeQuestionsQA/Build/Products/Debug-iphonesimulator -c -j12 -enable-batch-mode -incremental -Xcc -ivfsstatcache -Xcc /tmp/TasteBuddyHomeQuestionsQA/SDKStatCaches.noindex/iphonesimulator26.5-23F81a-6cfe768891a92b912361537c460fe42b.sdkstatcache -output-file-map /tmp/TasteBuddyHomeQuestionsQA/Build/Intermediates.noindex/TasteBuddy.build/Debug-iphonesimulator/TasteBuddy.build/Objects-normal/x86_64/TasteBuddy-OutputFileMap.json -use-frontend-parseable-output -save-temps -no-color-diagnostics -explicit-module-build -module-cache-path /tmp/TasteBuddyHomeQuestionsQA/Build/Intermediates.noindex/SwiftExplicitPrecompiledModules -clang-scanner-module-cache-path /tmp/TasteBuddyHomeQuestionsQA/ModuleCache.noindex -sdk-module-cache-path /tmp/TasteBuddyHomeQuestionsQA/ModuleCache.noindex -serialize-diagnostics -emit-dependencies -emit-module -emit-module-path /tmp/TasteBuddyHomeQuestionsQA/Build/Intermediates.noindex/TasteBuddy.build/Debug-iphonesimulator/TasteBuddy.build/Objects-normal/x86_64/TasteBuddy.swiftmodule -validate-clang-modules-once -clang-build-session-file /tmp/TasteBuddyHomeQuestionsQA/ModuleCache.noindex/Session.modulevalidation -Xcc -I/tmp/TasteBuddyHomeQuestionsQA/Build/Intermediates.noindex/TasteBuddy.build/Debug-iphonesimulator/TasteBuddy.build/swift-overrides.hmap -emit-const-values -Xfrontend -const-gather-protocols-file -Xfrontend /tmp/TasteBuddyHomeQuestionsQA/Build/Intermediates.noindex/TasteBuddy.build/Debug-iphonesimulator/TasteBuddy.build/Objects-normal/x86_64/TasteBuddy_const_extract_protocols.json -Xcc -iquote -Xcc /tmp/TasteBuddyHomeQuestionsQA/Build/Intermediates.noindex/TasteBuddy.build/Debug-iphonesimulator/TasteBuddy.build/TasteBuddy-generated-files.hmap -Xcc -I/tmp/TasteBuddyHomeQuestionsQA/Build/Intermediates.noindex/TasteBuddy.build/Debug-iphonesimulator/TasteBuddy.build/TasteBuddy-own-target-headers.hmap -Xcc -I/tmp/TasteBuddyHomeQuestionsQA/Build/Intermediates.noindex/TasteBuddy.build/Debug-iphonesimulator/TasteBuddy.build/TasteBuddy-all-non-framework-target-headers.hmap -Xcc -ivfsoverlay -Xcc /tmp/TasteBuddyHomeQuestionsQA/Build/Intermediates.noindex/TasteBuddy.build/Debug-iphonesimulator/TasteBuddy-13299a83df260b797a46b4b5b88bf8d1-VFS-iphonesimulator/all-product-headers.yaml -Xcc -iquote -Xcc /tmp/TasteBuddyHomeQuestionsQA/Build/Intermediates.noindex/TasteBuddy.build/Debug-iphonesimulator/TasteBuddy.build/TasteBuddy-project-headers.hmap -Xcc -I/tmp/TasteBuddyHomeQuestionsQA/Build/Products/Debug-iphonesimulator/include -Xcc -I/tmp/TasteBuddyHomeQuestionsQA/Build/Intermediates.noindex/TasteBuddy.build/Debug-iphonesimulator/TasteBuddy.build/DerivedSources-normal/x86_64 -Xcc -I/tmp/TasteBuddyHomeQuestionsQA/Build/Intermediates.noindex/TasteBuddy.build/Debug-iphonesimulator/TasteBuddy.build/DerivedSources/x86_64 -Xcc -I/tmp/TasteBuddyHomeQuestionsQA/Build/Intermediates.noindex/TasteBuddy.build/Debug-iphonesimulator/TasteBuddy.build/DerivedSources -emit-objc-header -emit-objc-header-path /tmp/TasteBuddyHomeQuestionsQA/Build/Intermediates.noindex/TasteBuddy.build/Debug-iphonesimulator/TasteBuddy.build/Objects-normal/x86_64/TasteBuddy-Swift.h -working-directory /Users/sinjunho/Desktop/Taste\ Buddy/ios -experimental-emit-module-separately -disable-cmo

ProcessInfoPlistFile /tmp/TasteBuddyHomeQuestionsQA/Build/Products/Debug-iphonesimulator/TasteBuddy.app/Info.plist /Users/sinjunho/Desktop/Taste\ Buddy/ios/TasteBuddy/Resources/Info.plist (in target 'TasteBuddy' from project 'TasteBuddy')
    cd /Users/sinjunho/Desktop/Taste\ Buddy/ios
    builtin-infoPlistUtility /Users/sinjunho/Desktop/Taste\ Buddy/ios/TasteBuddy/Resources/Info.plist -producttype com.apple.product-type.application -genpkginfo /tmp/TasteBuddyHomeQuestionsQA/Build/Products/Debug-iphonesimulator/TasteBuddy.app/PkgInfo -expandbuildsettings -format binary -platform iphonesimulator -additionalcontentfile /tmp/TasteBuddyHomeQuestionsQA/Build/Intermediates.noindex/TasteBuddy.build/Debug-iphonesimulator/TasteBuddy.build/assetcatalog_generated_info.plist -scanforprivacyfile /tmp/TasteBuddyHomeQuestionsQA/Build/Products/Debug-iphonesimulator/TasteBuddy.app/swift-crypto_Crypto.bundle -o /tmp/TasteBuddyHomeQuestionsQA/Build/Products/Debug-iphonesimulator/TasteBuddy.app/Info.plist

SwiftMergeGeneratedHeaders /tmp/TasteBuddyHomeQuestionsQA/Build/Intermediates.noindex/TasteBuddy.build/Debug-iphonesimulator/TasteBuddy.build/DerivedSources/TasteBuddy-Swift.h /tmp/TasteBuddyHomeQuestionsQA/Build/Intermediates.noindex/TasteBuddy.build/Debug-iphonesimulator/TasteBuddy.build/Objects-normal/x86_64/TasteBuddy-Swift.h (in target 'TasteBuddy' from project 'TasteBuddy')
    cd /Users/sinjunho/Desktop/Taste\ Buddy/ios
    builtin-swiftHeaderTool -arch x86_64 /tmp/TasteBuddyHomeQuestionsQA/Build/Intermediates.noindex/TasteBuddy.build/Debug-iphonesimulator/TasteBuddy.build/Objects-normal/x86_64/TasteBuddy-Swift.h -o /tmp/TasteBuddyHomeQuestionsQA/Build/Intermediates.noindex/TasteBuddy.build/Debug-iphonesimulator/TasteBuddy.build/DerivedSources/TasteBuddy-Swift.h

Copy /tmp/TasteBuddyHomeQuestionsQA/Build/Products/Debug-iphonesimulator/TasteBuddy.swiftmodule/x86_64-apple-ios-simulator.swiftmodule /tmp/TasteBuddyHomeQuestionsQA/Build/Intermediates.noindex/TasteBuddy.build/Debug-iphonesimulator/TasteBuddy.build/Objects-normal/x86_64/TasteBuddy.swiftmodule (in target 'TasteBuddy' from project 'TasteBuddy')
    cd /Users/sinjunho/Desktop/Taste\ Buddy/ios
    builtin-copy -exclude .DS_Store -exclude CVS -exclude .svn -exclude .git -exclude .hg -strip-unsigned-binaries -strip-deterministic -strip-tool /Applications/Xcode.app/Contents/Developer/Toolchains/XcodeDefault.xctoolchain/usr/bin/strip -resolve-src-symlinks -rename /tmp/TasteBuddyHomeQuestionsQA/Build/Intermediates.noindex/TasteBuddy.build/Debug-iphonesimulator/TasteBuddy.build/Objects-normal/x86_64/TasteBuddy.swiftmodule /tmp/TasteBuddyHomeQuestionsQA/Build/Products/Debug-iphonesimulator/TasteBuddy.swiftmodule/x86_64-apple-ios-simulator.swiftmodule

Copy /tmp/TasteBuddyHomeQuestionsQA/Build/Products/Debug-iphonesimulator/TasteBuddy.swiftmodule/x86_64-apple-ios-simulator.swiftdoc /tmp/TasteBuddyHomeQuestionsQA/Build/Intermediates.noindex/TasteBuddy.build/Debug-iphonesimulator/TasteBuddy.build/Objects-normal/x86_64/TasteBuddy.swiftdoc (in target 'TasteBuddy' from project 'TasteBuddy')
    cd /Users/sinjunho/Desktop/Taste\ Buddy/ios
    builtin-copy -exclude .DS_Store -exclude CVS -exclude .svn -exclude .git -exclude .hg -strip-unsigned-binaries -strip-deterministic -strip-tool /Applications/Xcode.app/Contents/Developer/Toolchains/XcodeDefault.xctoolchain/usr/bin/strip -resolve-src-symlinks -rename /tmp/TasteBuddyHomeQuestionsQA/Build/Intermediates.noindex/TasteBuddy.build/Debug-iphonesimulator/TasteBuddy.build/Objects-normal/x86_64/TasteBuddy.swiftdoc /tmp/TasteBuddyHomeQuestionsQA/Build/Products/Debug-iphonesimulator/TasteBuddy.swiftmodule/x86_64-apple-ios-simulator.swiftdoc

Copy /tmp/TasteBuddyHomeQuestionsQA/Build/Products/Debug-iphonesimulator/TasteBuddy.swiftmodule/x86_64-apple-ios-simulator.abi.json /tmp/TasteBuddyHomeQuestionsQA/Build/Intermediates.noindex/TasteBuddy.build/Debug-iphonesimulator/TasteBuddy.build/Objects-normal/x86_64/TasteBuddy.abi.json (in target 'TasteBuddy' from project 'TasteBuddy')
    cd /Users/sinjunho/Desktop/Taste\ Buddy/ios
    builtin-copy -exclude .DS_Store -exclude CVS -exclude .svn -exclude .git -exclude .hg -strip-unsigned-binaries -strip-deterministic -strip-tool /Applications/Xcode.app/Contents/Developer/Toolchains/XcodeDefault.xctoolchain/usr/bin/strip -resolve-src-symlinks -rename /tmp/TasteBuddyHomeQuestionsQA/Build/Intermediates.noindex/TasteBuddy.build/Debug-iphonesimulator/TasteBuddy.build/Objects-normal/x86_64/TasteBuddy.abi.json /tmp/TasteBuddyHomeQuestionsQA/Build/Products/Debug-iphonesimulator/TasteBuddy.swiftmodule/x86_64-apple-ios-simulator.abi.json

Copy /tmp/TasteBuddyHomeQuestionsQA/Build/Products/Debug-iphonesimulator/TasteBuddy.swiftmodule/Project/x86_64-apple-ios-simulator.swiftsourceinfo /tmp/TasteBuddyHomeQuestionsQA/Build/Intermediates.noindex/TasteBuddy.build/Debug-iphonesimulator/TasteBuddy.build/Objects-normal/x86_64/TasteBuddy.swiftsourceinfo (in target 'TasteBuddy' from project 'TasteBuddy')
    cd /Users/sinjunho/Desktop/Taste\ Buddy/ios
    builtin-copy -exclude .DS_Store -exclude CVS -exclude .svn -exclude .git -exclude .hg -strip-unsigned-binaries -strip-deterministic -strip-tool /Applications/Xcode.app/Contents/Developer/Toolchains/XcodeDefault.xctoolchain/usr/bin/strip -resolve-src-symlinks -rename /tmp/TasteBuddyHomeQuestionsQA/Build/Intermediates.noindex/TasteBuddy.build/Debug-iphonesimulator/TasteBuddy.build/Objects-normal/x86_64/TasteBuddy.swiftsourceinfo /tmp/TasteBuddyHomeQuestionsQA/Build/Products/Debug-iphonesimulator/TasteBuddy.swiftmodule/Project/x86_64-apple-ios-simulator.swiftsourceinfo

SwiftCompile normal x86_64 Compiling\ AnalysisView.swift,\ AppChromeComponents.swift,\ AppModel.swift,\ AppNavigation.swift,\ AppPhase.swift,\ AppRouteDestinations.swift,\ AppShellView.swift,\ AuthEntryView.swift /Users/sinjunho/Desktop/Taste\ Buddy/ios/TasteBuddy/Features/Analysis/AnalysisView.swift /Users/sinjunho/Desktop/Taste\ Buddy/ios/TasteBuddy/Components/Shell/AppChromeComponents.swift /Users/sinjunho/Desktop/Taste\ Buddy/ios/TasteBuddy/App/AppModel.swift /Users/sinjunho/Desktop/Taste\ Buddy/ios/TasteBuddy/App/AppNavigation.swift /Users/sinjunho/Desktop/Taste\ Buddy/ios/TasteBuddy/App/AppPhase.swift /Users/sinjunho/Desktop/Taste\ Buddy/ios/TasteBuddy/Components/Shell/AppRouteDestinations.swift /Users/sinjunho/Desktop/Taste\ Buddy/ios/TasteBuddy/Components/Shell/AppShellView.swift /Users/sinjunho/Desktop/Taste\ Buddy/ios/TasteBuddy/Features/Auth/AuthEntryView.swift (in target 'TasteBuddy' from project 'TasteBuddy')

SwiftCompile normal x86_64 /Users/sinjunho/Desktop/Taste\ Buddy/ios/TasteBuddy/Features/Analysis/AnalysisView.swift (in target 'TasteBuddy' from project 'TasteBuddy')
    cd /Users/sinjunho/Desktop/Taste\ Buddy/ios
    

SwiftCompile normal x86_64 /Users/sinjunho/Desktop/Taste\ Buddy/ios/TasteBuddy/Components/Shell/AppChromeComponents.swift (in target 'TasteBuddy' from project 'TasteBuddy')
    cd /Users/sinjunho/Desktop/Taste\ Buddy/ios
    

SwiftCompile normal x86_64 /Users/sinjunho/Desktop/Taste\ Buddy/ios/TasteBuddy/App/AppModel.swift (in target 'TasteBuddy' from project 'TasteBuddy')
    cd /Users/sinjunho/Desktop/Taste\ Buddy/ios
    

SwiftCompile normal x86_64 /Users/sinjunho/Desktop/Taste\ Buddy/ios/TasteBuddy/App/AppNavigation.swift (in target 'TasteBuddy' from project 'TasteBuddy')
    cd /Users/sinjunho/Desktop/Taste\ Buddy/ios
    

SwiftCompile normal x86_64 /Users/sinjunho/Desktop/Taste\ Buddy/ios/TasteBuddy/App/AppPhase.swift (in target 'TasteBuddy' from project 'TasteBuddy')
    cd /Users/sinjunho/Desktop/Taste\ Buddy/ios
    

SwiftCompile normal x86_64 /Users/sinjunho/Desktop/Taste\ Buddy/ios/TasteBuddy/Components/Shell/AppRouteDestinations.swift (in target 'TasteBuddy' from project 'TasteBuddy')
    cd /Users/sinjunho/Desktop/Taste\ Buddy/ios
    

SwiftCompile normal x86_64 /Users/sinjunho/Desktop/Taste\ Buddy/ios/TasteBuddy/Components/Shell/AppShellView.swift (in target 'TasteBuddy' from project 'TasteBuddy')
    cd /Users/sinjunho/Desktop/Taste\ Buddy/ios
    

SwiftCompile normal x86_64 /Users/sinjunho/Desktop/Taste\ Buddy/ios/TasteBuddy/Features/Auth/AuthEntryView.swift (in target 'TasteBuddy' from project 'TasteBuddy')
    cd /Users/sinjunho/Desktop/Taste\ Buddy/ios
    

SwiftDriverJobDiscovery normal x86_64 Compiling PersonalTasteQuestions.swift, PreferenceIntakeContractEngine.swift, PreferenceIntakeContractModels.swift, PreferenceIntakeFlowView.swift, ProfileHeroCard.swift, ProfileResultView.swift, ProfileSummarySheet.swift, ProfileView.swift (in target 'TasteBuddy' from project 'TasteBuddy')

SwiftDriver TasteBuddyTests normal x86_64 com.apple.xcode.tools.swift.compiler (in target 'TasteBuddyTests' from project 'TasteBuddy')
    cd /Users/sinjunho/Desktop/Taste\ Buddy/ios
    builtin-SwiftDriver -- /Applications/Xcode.app/Contents/Developer/Toolchains/XcodeDefault.xctoolchain/usr/bin/swiftc -module-name TasteBuddyTests -O @/tmp/TasteBuddyHomeQuestionsQA/Build/Intermediates.noindex/TasteBuddy.build/Debug-iphonesimulator/TasteBuddyTests.build/Objects-normal/x86_64/TasteBuddyTests.SwiftFileList -DDEBUG -plugin-path /Applications/Xcode.app/Contents/Developer/Toolchains/XcodeDefault.xctoolchain/usr/lib/swift/host/plugins/testing -enable-bare-slash-regex -enable-experimental-feature DebugDescriptionMacro -sdk /Applications/Xcode.app/Contents/Developer/Platforms/iPhoneSimulator.platform/Developer/SDKs/iPhoneSimulator26.5.sdk -target x86_64-apple-ios17.0-simulator -g -module-cache-path /tmp/TasteBuddyHomeQuestionsQA/ModuleCache.noindex -Xfrontend -serialize-debugging-options -enable-testing -swift-version 5 -I /tmp/TasteBuddyHomeQuestionsQA/Build/Products/Debug-iphonesimulator -Isystem /Applications/Xcode.app/Contents/Developer/Platforms/iPhoneSimulator.platform/Developer/usr/lib -F /tmp/TasteBuddyHomeQuestionsQA/Build/Products/Debug-iphonesimulator/PackageFrameworks -F /tmp/TasteBuddyHomeQuestionsQA/Build/Products/Debug-iphonesimulator/PackageFrameworks -F /tmp/TasteBuddyHomeQuestionsQA/Build/Products/Debug-iphonesimulator/PackageFrameworks -F /tmp/TasteBuddyHomeQuestionsQA/Build/Products/Debug-iphonesimulator/PackageFrameworks -F /tmp/TasteBuddyHomeQuestionsQA/Build/Products/Debug-iphonesimulator/PackageFrameworks -F /tmp/TasteBuddyHomeQuestionsQA/Build/Products/Debug-iphonesimulator/PackageFrameworks -F /tmp/TasteBuddyHomeQuestionsQA/Build/Products/Debug-iphonesimulator/PackageFrameworks -F /tmp/TasteBuddyHomeQuestionsQA/Build/Products/Debug-iphonesimulator/PackageFrameworks -F /tmp/TasteBuddyHomeQuestionsQA/Build/Products/Debug-iphonesimulator/PackageFrameworks -F /tmp/TasteBuddyHomeQuestionsQA/Build/Products/Debug-iphonesimulator/PackageFrameworks -F /tmp/TasteBuddyHomeQuestionsQA/Build/Products/Debug-iphonesimulator/PackageFrameworks -F /tmp/TasteBuddyHomeQuestionsQA/Build/Products/Debug-iphonesimulator/PackageFrameworks -F /tmp/TasteBuddyHomeQuestionsQA/Build/Products/Debug-iphonesimulator/PackageFrameworks -F /tmp/TasteBuddyHomeQuestionsQA/Build/Products/Debug-iphonesimulator/PackageFrameworks -F /tmp/TasteBuddyHomeQuestionsQA/Build/Products/Debug-iphonesimulator/PackageFrameworks -F /tmp/TasteBuddyHomeQuestionsQA/Build/Products/Debug-iphonesimulator/PackageFrameworks -F /tmp/TasteBuddyHomeQuestionsQA/Build/Products/Debug-iphonesimulator -F /Applications/Xcode.app/Contents/Developer/Platforms/iPhoneSimulator.platform/Developer/Library/Frameworks -F /Applications/Xcode.app/Contents/Developer/Platforms/iPhoneSimulator.platform/Developer/SDKs/iPhoneSimulator26.5.sdk/Developer/Library/Frameworks -c -j12 -enable-batch-mode -incremental -Xcc -ivfsstatcache -Xcc /tmp/TasteBuddyHomeQuestionsQA/SDKStatCaches.noindex/iphonesimulator26.5-23F81a-6cfe768891a92b912361537c460fe42b.sdkstatcache -output-file-map /tmp/TasteBuddyHomeQuestionsQA/Build/Intermediates.noindex/TasteBuddy.build/Debug-iphonesimulator/TasteBuddyTests.build/Objects-normal/x86_64/TasteBuddyTests-OutputFileMap.json -use-frontend-parseable-output -save-temps -no-color-diagnostics -explicit-module-build -module-cache-path /tmp/TasteBuddyHomeQuestionsQA/Build/Intermediates.noindex/SwiftExplicitPrecompiledModules -clang-scanner-module-cache-path /tmp/TasteBuddyHomeQuestionsQA/ModuleCache.noindex -sdk-module-cache-path /tmp/TasteBuddyHomeQuestionsQA/ModuleCache.noindex -serialize-diagnostics -emit-dependencies -emit-module -emit-module-path /tmp/TasteBuddyHomeQuestionsQA/Build/Intermediates.noindex/TasteBuddy.build/Debug-iphonesimulator/TasteBuddyTests.build/Objects-normal/x86_64/TasteBuddyTests.swiftmodule -validate-clang-modules-once -clang-build-session-file /tmp/TasteBuddyHomeQuestionsQA/ModuleCache.noindex/Session.modulevalidation -Xcc -I/tmp/TasteBuddyHomeQuestionsQA/Build/Intermediates.noindex/TasteBuddy.build/Debug-iphonesimulator/TasteBuddyTests.build/swift-overrides.hmap -emit-const-values -Xfrontend -const-gather-protocols-file -Xfrontend /tmp/TasteBuddyHomeQuestionsQA/Build/Intermediates.noindex/TasteBuddy.build/Debug-iphonesimulator/TasteBuddyTests.build/Objects-normal/x86_64/TasteBuddyTests_const_extract_protocols.json -Xcc -iquote -Xcc /tmp/TasteBuddyHomeQuestionsQA/Build/Intermediates.noindex/TasteBuddy.build/Debug-iphonesimulator/TasteBuddyTests.build/TasteBuddyTests-generated-files.hmap -Xcc -I/tmp/TasteBuddyHomeQuestionsQA/Build/Intermediates.noindex/TasteBuddy.build/Debug-iphonesimulator/TasteBuddyTests.build/TasteBuddyTests-own-target-headers.hmap -Xcc -I/tmp/TasteBuddyHomeQuestionsQA/Build/Intermediates.noindex/TasteBuddy.build/Debug-iphonesimulator/TasteBuddyTests.build/TasteBuddyTests-all-non-framework-target-headers.hmap -Xcc -ivfsoverlay -Xcc /tmp/TasteBuddyHomeQuestionsQA/Build/Intermediates.noindex/TasteBuddy.build/Debug-iphonesimulator/TasteBuddy-13299a83df260b797a46b4b5b88bf8d1-VFS-iphonesimulator/all-product-headers.yaml -Xcc -iquote -Xcc /tmp/TasteBuddyHomeQuestionsQA/Build/Intermediates.noindex/TasteBuddy.build/Debug-iphonesimulator/TasteBuddyTests.build/TasteBuddyTests-project-headers.hmap -Xcc -I/tmp/TasteBuddyHomeQuestionsQA/Build/Products/Debug-iphonesimulator/include -Xcc -I/tmp/TasteBuddyHomeQuestionsQA/Build/Intermediates.noindex/TasteBuddy.build/Debug-iphonesimulator/TasteBuddyTests.build/DerivedSources-normal/x86_64 -Xcc -I/tmp/TasteBuddyHomeQuestionsQA/Build/Intermediates.noindex/TasteBuddy.build/Debug-iphonesimulator/TasteBuddyTests.build/DerivedSources/x86_64 -Xcc -I/tmp/TasteBuddyHomeQuestionsQA/Build/Intermediates.noindex/TasteBuddy.build/Debug-iphonesimulator/TasteBuddyTests.build/DerivedSources -emit-objc-header -emit-objc-header-path /tmp/TasteBuddyHomeQuestionsQA/Build/Intermediates.noindex/TasteBuddy.build/Debug-iphonesimulator/TasteBuddyTests.build/Objects-normal/x86_64/TasteBuddyTests-Swift.h -working-directory /Users/sinjunho/Desktop/Taste\ Buddy/ios -experimental-emit-module-separately -disable-cmo

SwiftExplicitDependencyGeneratePcm x86_64 /tmp/TasteBuddyHomeQuestionsQA/Build/Intermediates.noindex/SwiftExplicitPrecompiledModules/XCUIAutomation-4DO7MPS03A0XCE9LHRLV15D4I.pcm

SwiftExplicitDependencyGeneratePcm x86_64 /tmp/TasteBuddyHomeQuestionsQA/Build/Intermediates.noindex/SwiftExplicitPrecompiledModules/XCTest-B135O4L5ONKCOB0UMR7FK2FF5.pcm

SwiftExplicitDependencyCompileModuleFromInterface x86_64 /tmp/TasteBuddyHomeQuestionsQA/Build/Intermediates.noindex/SwiftExplicitPrecompiledModules/XCUIAutomation-1VE8MNQR1HN5D.swiftmodule

SwiftExplicitDependencyCompileModuleFromInterface x86_64 /tmp/TasteBuddyHomeQuestionsQA/Build/Intermediates.noindex/SwiftExplicitPrecompiledModules/XCTest-2ZYWE75AW3WSV.swiftmodule

SwiftEmitModule normal x86_64 Emitting\ module\ for\ TasteBuddyTests (in target 'TasteBuddyTests' from project 'TasteBuddy')

EmitSwiftModule normal x86_64 (in target 'TasteBuddyTests' from project 'TasteBuddy')
    cd /Users/sinjunho/Desktop/Taste\ Buddy/ios
    

SwiftCompile normal x86_64 Compiling\ DiningSensorySelectionEditingTests.swift,\ HomeSearchEngineTests.swift,\ HomeSummaryEngineTests.swift /Users/sinjunho/Desktop/Taste\ Buddy/ios/TasteBuddyTests/DiningSensorySelectionEditingTests.swift /Users/sinjunho/Desktop/Taste\ Buddy/ios/TasteBuddyTests/HomeSearchEngineTests.swift /Users/sinjunho/Desktop/Taste\ Buddy/ios/TasteBuddyTests/HomeSummaryEngineTests.swift (in target 'TasteBuddyTests' from project 'TasteBuddy')

SwiftCompile normal x86_64 /Users/sinjunho/Desktop/Taste\ Buddy/ios/TasteBuddyTests/DiningSensorySelectionEditingTests.swift (in target 'TasteBuddyTests' from project 'TasteBuddy')
    cd /Users/sinjunho/Desktop/Taste\ Buddy/ios
    

SwiftCompile normal x86_64 /Users/sinjunho/Desktop/Taste\ Buddy/ios/TasteBuddyTests/HomeSearchEngineTests.swift (in target 'TasteBuddyTests' from project 'TasteBuddy')
    cd /Users/sinjunho/Desktop/Taste\ Buddy/ios
    

SwiftCompile normal x86_64 /Users/sinjunho/Desktop/Taste\ Buddy/ios/TasteBuddyTests/HomeSummaryEngineTests.swift (in target 'TasteBuddyTests' from project 'TasteBuddy')
    cd /Users/sinjunho/Desktop/Taste\ Buddy/ios
    

SwiftDriverJobDiscovery normal x86_64 Emitting module for TasteBuddyTests (in target 'TasteBuddyTests' from project 'TasteBuddy')

SwiftDriver\ Compilation\ Requirements TasteBuddyTests normal x86_64 com.apple.xcode.tools.swift.compiler (in target 'TasteBuddyTests' from project 'TasteBuddy')
    cd /Users/sinjunho/Desktop/Taste\ Buddy/ios
    builtin-Swift-Compilation-Requirements -- /Applications/Xcode.app/Contents/Developer/Toolchains/XcodeDefault.xctoolchain/usr/bin/swiftc -module-name TasteBuddyTests -O @/tmp/TasteBuddyHomeQuestionsQA/Build/Intermediates.noindex/TasteBuddy.build/Debug-iphonesimulator/TasteBuddyTests.build/Objects-normal/x86_64/TasteBuddyTests.SwiftFileList -DDEBUG -plugin-path /Applications/Xcode.app/Contents/Developer/Toolchains/XcodeDefault.xctoolchain/usr/lib/swift/host/plugins/testing -enable-bare-slash-regex -enable-experimental-feature DebugDescriptionMacro -sdk /Applications/Xcode.app/Contents/Developer/Platforms/iPhoneSimulator.platform/Developer/SDKs/iPhoneSimulator26.5.sdk -target x86_64-apple-ios17.0-simulator -g -module-cache-path /tmp/TasteBuddyHomeQuestionsQA/ModuleCache.noindex -Xfrontend -serialize-debugging-options -enable-testing -swift-version 5 -I /tmp/TasteBuddyHomeQuestionsQA/Build/Products/Debug-iphonesimulator -Isystem /Applications/Xcode.app/Contents/Developer/Platforms/iPhoneSimulator.platform/Developer/usr/lib -F /tmp/TasteBuddyHomeQuestionsQA/Build/Products/Debug-iphonesimulator/PackageFrameworks -F /tmp/TasteBuddyHomeQuestionsQA/Build/Products/Debug-iphonesimulator/PackageFrameworks -F /tmp/TasteBuddyHomeQuestionsQA/Build/Products/Debug-iphonesimulator/PackageFrameworks -F /tmp/TasteBuddyHomeQuestionsQA/Build/Products/Debug-iphonesimulator/PackageFrameworks -F /tmp/TasteBuddyHomeQuestionsQA/Build/Products/Debug-iphonesimulator/PackageFrameworks -F /tmp/TasteBuddyHomeQuestionsQA/Build/Products/Debug-iphonesimulator/PackageFrameworks -F /tmp/TasteBuddyHomeQuestionsQA/Build/Products/Debug-iphonesimulator/PackageFrameworks -F /tmp/TasteBuddyHomeQuestionsQA/Build/Products/Debug-iphonesimulator/PackageFrameworks -F /tmp/TasteBuddyHomeQuestionsQA/Build/Products/Debug-iphonesimulator/PackageFrameworks -F /tmp/TasteBuddyHomeQuestionsQA/Build/Products/Debug-iphonesimulator/PackageFrameworks -F /tmp/TasteBuddyHomeQuestionsQA/Build/Products/Debug-iphonesimulator/PackageFrameworks -F /tmp/TasteBuddyHomeQuestionsQA/Build/Products/Debug-iphonesimulator/PackageFrameworks -F /tmp/TasteBuddyHomeQuestionsQA/Build/Products/Debug-iphonesimulator/PackageFrameworks -F /tmp/TasteBuddyHomeQuestionsQA/Build/Products/Debug-iphonesimulator/PackageFrameworks -F /tmp/TasteBuddyHomeQuestionsQA/Build/Products/Debug-iphonesimulator/PackageFrameworks -F /tmp/TasteBuddyHomeQuestionsQA/Build/Products/Debug-iphonesimulator/PackageFrameworks -F /tmp/TasteBuddyHomeQuestionsQA/Build/Products/Debug-iphonesimulator -F /Applications/Xcode.app/Contents/Developer/Platforms/iPhoneSimulator.platform/Developer/Library/Frameworks -F /Applications/Xcode.app/Contents/Developer/Platforms/iPhoneSimulator.platform/Developer/SDKs/iPhoneSimulator26.5.sdk/Developer/Library/Frameworks -c -j12 -enable-batch-mode -incremental -Xcc -ivfsstatcache -Xcc /tmp/TasteBuddyHomeQuestionsQA/SDKStatCaches.noindex/iphonesimulator26.5-23F81a-6cfe768891a92b912361537c460fe42b.sdkstatcache -output-file-map /tmp/TasteBuddyHomeQuestionsQA/Build/Intermediates.noindex/TasteBuddy.build/Debug-iphonesimulator/TasteBuddyTests.build/Objects-normal/x86_64/TasteBuddyTests-OutputFileMap.json -use-frontend-parseable-output -save-temps -no-color-diagnostics -explicit-module-build -module-cache-path /tmp/TasteBuddyHomeQuestionsQA/Build/Intermediates.noindex/SwiftExplicitPrecompiledModules -clang-scanner-module-cache-path /tmp/TasteBuddyHomeQuestionsQA/ModuleCache.noindex -sdk-module-cache-path /tmp/TasteBuddyHomeQuestionsQA/ModuleCache.noindex -serialize-diagnostics -emit-dependencies -emit-module -emit-module-path /tmp/TasteBuddyHomeQuestionsQA/Build/Intermediates.noindex/TasteBuddy.build/Debug-iphonesimulator/TasteBuddyTests.build/Objects-normal/x86_64/TasteBuddyTests.swiftmodule -validate-clang-modules-once -clang-build-session-file /tmp/TasteBuddyHomeQuestionsQA/ModuleCache.noindex/Session.modulevalidation -Xcc -I/tmp/TasteBuddyHomeQuestionsQA/Build/Intermediates.noindex/TasteBuddy.build/Debug-iphonesimulator/TasteBuddyTests.build/swift-overrides.hmap -emit-const-values -Xfrontend -const-gather-protocols-file -Xfrontend /tmp/TasteBuddyHomeQuestionsQA/Build/Intermediates.noindex/TasteBuddy.build/Debug-iphonesimulator/TasteBuddyTests.build/Objects-normal/x86_64/TasteBuddyTests_const_extract_protocols.json -Xcc -iquote -Xcc /tmp/TasteBuddyHomeQuestionsQA/Build/Intermediates.noindex/TasteBuddy.build/Debug-iphonesimulator/TasteBuddyTests.build/TasteBuddyTests-generated-files.hmap -Xcc -I/tmp/TasteBuddyHomeQuestionsQA/Build/Intermediates.noindex/TasteBuddy.build/Debug-iphonesimulator/TasteBuddyTests.build/TasteBuddyTests-own-target-headers.hmap -Xcc -I/tmp/TasteBuddyHomeQuestionsQA/Build/Intermediates.noindex/TasteBuddy.build/Debug-iphonesimulator/TasteBuddyTests.build/TasteBuddyTests-all-non-framework-target-headers.hmap -Xcc -ivfsoverlay -Xcc /tmp/TasteBuddyHomeQuestionsQA/Build/Intermediates.noindex/TasteBuddy.build/Debug-iphonesimulator/TasteBuddy-13299a83df260b797a46b4b5b88bf8d1-VFS-iphonesimulator/all-product-headers.yaml -Xcc -iquote -Xcc /tmp/TasteBuddyHomeQuestionsQA/Build/Intermediates.noindex/TasteBuddy.build/Debug-iphonesimulator/TasteBuddyTests.build/TasteBuddyTests-project-headers.hmap -Xcc -I/tmp/TasteBuddyHomeQuestionsQA/Build/Products/Debug-iphonesimulator/include -Xcc -I/tmp/TasteBuddyHomeQuestionsQA/Build/Intermediates.noindex/TasteBuddy.build/Debug-iphonesimulator/TasteBuddyTests.build/DerivedSources-normal/x86_64 -Xcc -I/tmp/TasteBuddyHomeQuestionsQA/Build/Intermediates.noindex/TasteBuddy.build/Debug-iphonesimulator/TasteBuddyTests.build/DerivedSources/x86_64 -Xcc -I/tmp/TasteBuddyHomeQuestionsQA/Build/Intermediates.noindex/TasteBuddy.build/Debug-iphonesimulator/TasteBuddyTests.build/DerivedSources -emit-objc-header -emit-objc-header-path /tmp/TasteBuddyHomeQuestionsQA/Build/Intermediates.noindex/TasteBuddy.build/Debug-iphonesimulator/TasteBuddyTests.build/Objects-normal/x86_64/TasteBuddyTests-Swift.h -working-directory /Users/sinjunho/Desktop/Taste\ Buddy/ios -experimental-emit-module-separately -disable-cmo

SwiftDriverJobDiscovery normal x86_64 Compiling BackendAuthRepository.swift, BackendConfiguration.swift, BottomTabCenterButton.swift, BrandVideoRuntimePreview.swift, CalibrationFlowView.swift, CalibrationModels.swift, ChatGPTAnalysisCard.swift, ChatGPTAnalysisConnection.swift (in target 'TasteBuddy' from project 'TasteBuddy')

SwiftCompile normal x86_64 Compiling\ NativeLayoutComponentsTests.swift,\ NativeToastPresenterTests.swift,\ PalateBloomAvatarTests.swift /Users/sinjunho/Desktop/Taste\ Buddy/ios/TasteBuddyTests/NativeLayoutComponentsTests.swift /Users/sinjunho/Desktop/Taste\ Buddy/ios/TasteBuddyTests/NativeToastPresenterTests.swift /Users/sinjunho/Desktop/Taste\ Buddy/ios/TasteBuddyTests/PalateBloomAvatarTests.swift (in target 'TasteBuddyTests' from project 'TasteBuddy')

SwiftCompile normal x86_64 /Users/sinjunho/Desktop/Taste\ Buddy/ios/TasteBuddyTests/NativeLayoutComponentsTests.swift (in target 'TasteBuddyTests' from project 'TasteBuddy')
    cd /Users/sinjunho/Desktop/Taste\ Buddy/ios
    

SwiftCompile normal x86_64 /Users/sinjunho/Desktop/Taste\ Buddy/ios/TasteBuddyTests/NativeToastPresenterTests.swift (in target 'TasteBuddyTests' from project 'TasteBuddy')
    cd /Users/sinjunho/Desktop/Taste\ Buddy/ios
    

SwiftCompile normal x86_64 /Users/sinjunho/Desktop/Taste\ Buddy/ios/TasteBuddyTests/PalateBloomAvatarTests.swift (in target 'TasteBuddyTests' from project 'TasteBuddy')
    cd /Users/sinjunho/Desktop/Taste\ Buddy/ios
    

SwiftMergeGeneratedHeaders /tmp/TasteBuddyHomeQuestionsQA/Build/Intermediates.noindex/TasteBuddy.build/Debug-iphonesimulator/TasteBuddyTests.build/DerivedSources/TasteBuddyTests-Swift.h /tmp/TasteBuddyHomeQuestionsQA/Build/Intermediates.noindex/TasteBuddy.build/Debug-iphonesimulator/TasteBuddyTests.build/Objects-normal/x86_64/TasteBuddyTests-Swift.h (in target 'TasteBuddyTests' from project 'TasteBuddy')
    cd /Users/sinjunho/Desktop/Taste\ Buddy/ios
    builtin-swiftHeaderTool -arch x86_64 /tmp/TasteBuddyHomeQuestionsQA/Build/Intermediates.noindex/TasteBuddy.build/Debug-iphonesimulator/TasteBuddyTests.build/Objects-normal/x86_64/TasteBuddyTests-Swift.h -o /tmp/TasteBuddyHomeQuestionsQA/Build/Intermediates.noindex/TasteBuddy.build/Debug-iphonesimulator/TasteBuddyTests.build/DerivedSources/TasteBuddyTests-Swift.h

SwiftDriverJobDiscovery normal x86_64 Compiling NativeLayoutComponentsTests.swift, NativeToastPresenterTests.swift, PalateBloomAvatarTests.swift (in target 'TasteBuddyTests' from project 'TasteBuddy')

Copy /tmp/TasteBuddyHomeQuestionsQA/Build/Products/Debug-iphonesimulator/TasteBuddyTests.swiftmodule/x86_64-apple-ios-simulator.swiftmodule /tmp/TasteBuddyHomeQuestionsQA/Build/Intermediates.noindex/TasteBuddy.build/Debug-iphonesimulator/TasteBuddyTests.build/Objects-normal/x86_64/TasteBuddyTests.swiftmodule (in target 'TasteBuddyTests' from project 'TasteBuddy')
    cd /Users/sinjunho/Desktop/Taste\ Buddy/ios
    builtin-copy -exclude .DS_Store -exclude CVS -exclude .svn -exclude .git -exclude .hg -strip-unsigned-binaries -strip-deterministic -strip-tool /Applications/Xcode.app/Contents/Developer/Toolchains/XcodeDefault.xctoolchain/usr/bin/strip -resolve-src-symlinks -rename /tmp/TasteBuddyHomeQuestionsQA/Build/Intermediates.noindex/TasteBuddy.build/Debug-iphonesimulator/TasteBuddyTests.build/Objects-normal/x86_64/TasteBuddyTests.swiftmodule /tmp/TasteBuddyHomeQuestionsQA/Build/Products/Debug-iphonesimulator/TasteBuddyTests.swiftmodule/x86_64-apple-ios-simulator.swiftmodule

Copy /tmp/TasteBuddyHomeQuestionsQA/Build/Products/Debug-iphonesimulator/TasteBuddyTests.swiftmodule/x86_64-apple-ios-simulator.swiftdoc /tmp/TasteBuddyHomeQuestionsQA/Build/Intermediates.noindex/TasteBuddy.build/Debug-iphonesimulator/TasteBuddyTests.build/Objects-normal/x86_64/TasteBuddyTests.swiftdoc (in target 'TasteBuddyTests' from project 'TasteBuddy')
    cd /Users/sinjunho/Desktop/Taste\ Buddy/ios
    builtin-copy -exclude .DS_Store -exclude CVS -exclude .svn -exclude .git -exclude .hg -strip-unsigned-binaries -strip-deterministic -strip-tool /Applications/Xcode.app/Contents/Developer/Toolchains/XcodeDefault.xctoolchain/usr/bin/strip -resolve-src-symlinks -rename /tmp/TasteBuddyHomeQuestionsQA/Build/Intermediates.noindex/TasteBuddy.build/Debug-iphonesimulator/TasteBuddyTests.build/Objects-normal/x86_64/TasteBuddyTests.swiftdoc /tmp/TasteBuddyHomeQuestionsQA/Build/Products/Debug-iphonesimulator/TasteBuddyTests.swiftmodule/x86_64-apple-ios-simulator.swiftdoc

Copy /tmp/TasteBuddyHomeQuestionsQA/Build/Products/Debug-iphonesimulator/TasteBuddyTests.swiftmodule/x86_64-apple-ios-simulator.abi.json /tmp/TasteBuddyHomeQuestionsQA/Build/Intermediates.noindex/TasteBuddy.build/Debug-iphonesimulator/TasteBuddyTests.build/Objects-normal/x86_64/TasteBuddyTests.abi.json (in target 'TasteBuddyTests' from project 'TasteBuddy')
    cd /Users/sinjunho/Desktop/Taste\ Buddy/ios
    builtin-copy -exclude .DS_Store -exclude CVS -exclude .svn -exclude .git -exclude .hg -strip-unsigned-binaries -strip-deterministic -strip-tool /Applications/Xcode.app/Contents/Developer/Toolchains/XcodeDefault.xctoolchain/usr/bin/strip -resolve-src-symlinks -rename /tmp/TasteBuddyHomeQuestionsQA/Build/Intermediates.noindex/TasteBuddy.build/Debug-iphonesimulator/TasteBuddyTests.build/Objects-normal/x86_64/TasteBuddyTests.abi.json /tmp/TasteBuddyHomeQuestionsQA/Build/Products/Debug-iphonesimulator/TasteBuddyTests.swiftmodule/x86_64-apple-ios-simulator.abi.json

Copy /tmp/TasteBuddyHomeQuestionsQA/Build/Products/Debug-iphonesimulator/TasteBuddyTests.swiftmodule/Project/x86_64-apple-ios-simulator.swiftsourceinfo /tmp/TasteBuddyHomeQuestionsQA/Build/Intermediates.noindex/TasteBuddy.build/Debug-iphonesimulator/TasteBuddyTests.build/Objects-normal/x86_64/TasteBuddyTests.swiftsourceinfo (in target 'TasteBuddyTests' from project 'TasteBuddy')
    cd /Users/sinjunho/Desktop/Taste\ Buddy/ios
    builtin-copy -exclude .DS_Store -exclude CVS -exclude .svn -exclude .git -exclude .hg -strip-unsigned-binaries -strip-deterministic -strip-tool /Applications/Xcode.app/Contents/Developer/Toolchains/XcodeDefault.xctoolchain/usr/bin/strip -resolve-src-symlinks -rename /tmp/TasteBuddyHomeQuestionsQA/Build/Intermediates.noindex/TasteBuddy.build/Debug-iphonesimulator/TasteBuddyTests.build/Objects-normal/x86_64/TasteBuddyTests.swiftsourceinfo /tmp/TasteBuddyHomeQuestionsQA/Build/Products/Debug-iphonesimulator/TasteBuddyTests.swiftmodule/Project/x86_64-apple-ios-simulator.swiftsourceinfo

SwiftCompile normal x86_64 Compiling\ TasteContractGoldenTests.swift,\ TastePerceptionTests.swift,\ TasteSurveyEvidenceTests.swift /Users/sinjunho/Desktop/Taste\ Buddy/ios/TasteBuddyTests/TasteContractGoldenTests.swift /Users/sinjunho/Desktop/Taste\ Buddy/ios/TasteBuddyTests/TastePerceptionTests.swift /Users/sinjunho/Desktop/Taste\ Buddy/ios/TasteBuddyTests/TasteSurveyEvidenceTests.swift (in target 'TasteBuddyTests' from project 'TasteBuddy')

SwiftCompile normal x86_64 /Users/sinjunho/Desktop/Taste\ Buddy/ios/TasteBuddyTests/TasteContractGoldenTests.swift (in target 'TasteBuddyTests' from project 'TasteBuddy')
    cd /Users/sinjunho/Desktop/Taste\ Buddy/ios
    

SwiftCompile normal x86_64 /Users/sinjunho/Desktop/Taste\ Buddy/ios/TasteBuddyTests/TastePerceptionTests.swift (in target 'TasteBuddyTests' from project 'TasteBuddy')
    cd /Users/sinjunho/Desktop/Taste\ Buddy/ios
    

SwiftCompile normal x86_64 /Users/sinjunho/Desktop/Taste\ Buddy/ios/TasteBuddyTests/TasteSurveyEvidenceTests.swift (in target 'TasteBuddyTests' from project 'TasteBuddy')
    cd /Users/sinjunho/Desktop/Taste\ Buddy/ios
    

SwiftCompile normal x86_64 Compiling\ LongitudinalFoodMemoryTests.swift,\ NativeAccountDataTests.swift,\ NativeAccountPhotoRepositoryTests.swift /Users/sinjunho/Desktop/Taste\ Buddy/ios/TasteBuddyTests/LongitudinalFoodMemoryTests.swift /Users/sinjunho/Desktop/Taste\ Buddy/ios/TasteBuddyTests/NativeAccountDataTests.swift /Users/sinjunho/Desktop/Taste\ Buddy/ios/TasteBuddyTests/NativeAccountPhotoRepositoryTests.swift (in target 'TasteBuddyTests' from project 'TasteBuddy')

SwiftCompile normal x86_64 /Users/sinjunho/Desktop/Taste\ Buddy/ios/TasteBuddyTests/LongitudinalFoodMemoryTests.swift (in target 'TasteBuddyTests' from project 'TasteBuddy')
    cd /Users/sinjunho/Desktop/Taste\ Buddy/ios
    

SwiftCompile normal x86_64 /Users/sinjunho/Desktop/Taste\ Buddy/ios/TasteBuddyTests/NativeAccountDataTests.swift (in target 'TasteBuddyTests' from project 'TasteBuddy')
    cd /Users/sinjunho/Desktop/Taste\ Buddy/ios
    

SwiftCompile normal x86_64 /Users/sinjunho/Desktop/Taste\ Buddy/ios/TasteBuddyTests/NativeAccountPhotoRepositoryTests.swift (in target 'TasteBuddyTests' from project 'TasteBuddy')
    cd /Users/sinjunho/Desktop/Taste\ Buddy/ios
    

SwiftDriverJobDiscovery normal x86_64 Compiling TastePerception.swift, TastePerceptionCards.swift, TasteRadarView.swift, TasteSurveyContractModels.swift, TasteSurveyEvidenceCard.swift, TasteSurveyScoringEngine.swift, GeneratedAssetSymbols.swift (in target 'TasteBuddy' from project 'TasteBuddy')

SwiftCompile normal x86_64 Compiling\ DiningFeedRenderingTests.swift,\ DiningOverallEvaluationFlowTests.swift,\ DiningPhotoPaletteTests.swift /Users/sinjunho/Desktop/Taste\ Buddy/ios/TasteBuddyTests/DiningFeedRenderingTests.swift /Users/sinjunho/Desktop/Taste\ Buddy/ios/TasteBuddyTests/DiningOverallEvaluationFlowTests.swift /Users/sinjunho/Desktop/Taste\ Buddy/ios/TasteBuddyTests/DiningPhotoPaletteTests.swift (in target 'TasteBuddyTests' from project 'TasteBuddy')

SwiftCompile normal x86_64 /Users/sinjunho/Desktop/Taste\ Buddy/ios/TasteBuddyTests/DiningFeedRenderingTests.swift (in target 'TasteBuddyTests' from project 'TasteBuddy')
    cd /Users/sinjunho/Desktop/Taste\ Buddy/ios
    

SwiftCompile normal x86_64 /Users/sinjunho/Desktop/Taste\ Buddy/ios/TasteBuddyTests/DiningOverallEvaluationFlowTests.swift (in target 'TasteBuddyTests' from project 'TasteBuddy')
    cd /Users/sinjunho/Desktop/Taste\ Buddy/ios
    

SwiftCompile normal x86_64 /Users/sinjunho/Desktop/Taste\ Buddy/ios/TasteBuddyTests/DiningPhotoPaletteTests.swift (in target 'TasteBuddyTests' from project 'TasteBuddy')
    cd /Users/sinjunho/Desktop/Taste\ Buddy/ios
    

SwiftDriverJobDiscovery normal x86_64 Compiling TBDesignColorTokens.swift, TBDesignFoundationTokens.swift, TBTheme.swift, TasteBloomMotion.swift, TasteBuddyAgentContractModels.swift, TasteBuddyAgentEngine.swift, TasteBuddyAgentFullEngine.swift (in target 'TasteBuddy' from project 'TasteBuddy')

SwiftCompile normal x86_64 Compiling\ AppModelStructuredSelectionPersistenceTests.swift,\ AppPhaseTests.swift,\ BackendIntegrationTests.swift /Users/sinjunho/Desktop/Taste\ Buddy/ios/TasteBuddyTests/AppModelStructuredSelectionPersistenceTests.swift /Users/sinjunho/Desktop/Taste\ Buddy/ios/TasteBuddyTests/AppPhaseTests.swift /Users/sinjunho/Desktop/Taste\ Buddy/ios/TasteBuddyTests/BackendIntegrationTests.swift (in target 'TasteBuddyTests' from project 'TasteBuddy')

SwiftCompile normal x86_64 /Users/sinjunho/Desktop/Taste\ Buddy/ios/TasteBuddyTests/AppModelStructuredSelectionPersistenceTests.swift (in target 'TasteBuddyTests' from project 'TasteBuddy')
    cd /Users/sinjunho/Desktop/Taste\ Buddy/ios
    

SwiftCompile normal x86_64 /Users/sinjunho/Desktop/Taste\ Buddy/ios/TasteBuddyTests/AppPhaseTests.swift (in target 'TasteBuddyTests' from project 'TasteBuddy')
    cd /Users/sinjunho/Desktop/Taste\ Buddy/ios
    

SwiftCompile normal x86_64 /Users/sinjunho/Desktop/Taste\ Buddy/ios/TasteBuddyTests/BackendIntegrationTests.swift (in target 'TasteBuddyTests' from project 'TasteBuddy')
    cd /Users/sinjunho/Desktop/Taste\ Buddy/ios
    

SwiftDriverJobDiscovery normal x86_64 Compiling DiningSensorySelectionEditingTests.swift, HomeSearchEngineTests.swift, HomeSummaryEngineTests.swift (in target 'TasteBuddyTests' from project 'TasteBuddy')

SwiftCompile normal x86_64 Compiling\ CalibrationEngineTests.swift,\ ChatGPTAnalysisConnectionTests.swift,\ DiningAdvancedStorageTests.swift /Users/sinjunho/Desktop/Taste\ Buddy/ios/TasteBuddyTests/CalibrationEngineTests.swift /Users/sinjunho/Desktop/Taste\ Buddy/ios/TasteBuddyTests/ChatGPTAnalysisConnectionTests.swift /Users/sinjunho/Desktop/Taste\ Buddy/ios/TasteBuddyTests/DiningAdvancedStorageTests.swift (in target 'TasteBuddyTests' from project 'TasteBuddy')

SwiftCompile normal x86_64 /Users/sinjunho/Desktop/Taste\ Buddy/ios/TasteBuddyTests/CalibrationEngineTests.swift (in target 'TasteBuddyTests' from project 'TasteBuddy')
    cd /Users/sinjunho/Desktop/Taste\ Buddy/ios
    

SwiftCompile normal x86_64 /Users/sinjunho/Desktop/Taste\ Buddy/ios/TasteBuddyTests/ChatGPTAnalysisConnectionTests.swift (in target 'TasteBuddyTests' from project 'TasteBuddy')
    cd /Users/sinjunho/Desktop/Taste\ Buddy/ios
    

SwiftCompile normal x86_64 /Users/sinjunho/Desktop/Taste\ Buddy/ios/TasteBuddyTests/DiningAdvancedStorageTests.swift (in target 'TasteBuddyTests' from project 'TasteBuddy')
    cd /Users/sinjunho/Desktop/Taste\ Buddy/ios
    

SwiftDriverJobDiscovery normal x86_64 Compiling TasteContractGoldenTests.swift, TastePerceptionTests.swift, TasteSurveyEvidenceTests.swift (in target 'TasteBuddyTests' from project 'TasteBuddy')

SwiftCompile normal x86_64 Compiling\ DiningPhotoPerformanceTests.swift,\ DiningSensoryPresentationTests.swift,\ DiningSensorySelectionBoundaryTests.swift /Users/sinjunho/Desktop/Taste\ Buddy/ios/TasteBuddyTests/DiningPhotoPerformanceTests.swift /Users/sinjunho/Desktop/Taste\ Buddy/ios/TasteBuddyTests/DiningSensoryPresentationTests.swift /Users/sinjunho/Desktop/Taste\ Buddy/ios/TasteBuddyTests/DiningSensorySelectionBoundaryTests.swift (in target 'TasteBuddyTests' from project 'TasteBuddy')

SwiftCompile normal x86_64 /Users/sinjunho/Desktop/Taste\ Buddy/ios/TasteBuddyTests/DiningPhotoPerformanceTests.swift (in target 'TasteBuddyTests' from project 'TasteBuddy')
    cd /Users/sinjunho/Desktop/Taste\ Buddy/ios
    

SwiftCompile normal x86_64 /Users/sinjunho/Desktop/Taste\ Buddy/ios/TasteBuddyTests/DiningSensoryPresentationTests.swift (in target 'TasteBuddyTests' from project 'TasteBuddy')
    cd /Users/sinjunho/Desktop/Taste\ Buddy/ios
    

SwiftCompile normal x86_64 /Users/sinjunho/Desktop/Taste\ Buddy/ios/TasteBuddyTests/DiningSensorySelectionBoundaryTests.swift (in target 'TasteBuddyTests' from project 'TasteBuddy')
    cd /Users/sinjunho/Desktop/Taste\ Buddy/ios
    

SwiftDriverJobDiscovery normal x86_64 Compiling SensoryAnalysisModels.swift, SessionController.swift, SplashView.swift, SupabaseClientProvider.swift, SystemCoreComponents.swift, SystemParityComponents.swift, TBComponents.swift (in target 'TasteBuddy' from project 'TasteBuddy')

SwiftCompile normal x86_64 Compiling\ AdvancedPersonalTasteModelTests.swift,\ AppModelAdvancedModelTests.swift,\ AppModelPersistenceTests.swift /Users/sinjunho/Desktop/Taste\ Buddy/ios/TasteBuddyTests/AdvancedPersonalTasteModelTests.swift /Users/sinjunho/Desktop/Taste\ Buddy/ios/TasteBuddyTests/AppModelAdvancedModelTests.swift /Users/sinjunho/Desktop/Taste\ Buddy/ios/TasteBuddyTests/AppModelPersistenceTests.swift (in target 'TasteBuddyTests' from project 'TasteBuddy')

SwiftCompile normal x86_64 /Users/sinjunho/Desktop/Taste\ Buddy/ios/TasteBuddyTests/AdvancedPersonalTasteModelTests.swift (in target 'TasteBuddyTests' from project 'TasteBuddy')
    cd /Users/sinjunho/Desktop/Taste\ Buddy/ios
    

SwiftCompile normal x86_64 /Users/sinjunho/Desktop/Taste\ Buddy/ios/TasteBuddyTests/AppModelAdvancedModelTests.swift (in target 'TasteBuddyTests' from project 'TasteBuddy')
    cd /Users/sinjunho/Desktop/Taste\ Buddy/ios
    

SwiftCompile normal x86_64 /Users/sinjunho/Desktop/Taste\ Buddy/ios/TasteBuddyTests/AppModelPersistenceTests.swift (in target 'TasteBuddyTests' from project 'TasteBuddy')
    cd /Users/sinjunho/Desktop/Taste\ Buddy/ios
    

SwiftDriverJobDiscovery normal x86_64 Compiling DiningFeedRenderingTests.swift, DiningOverallEvaluationFlowTests.swift, DiningPhotoPaletteTests.swift (in target 'TasteBuddyTests' from project 'TasteBuddy')

SwiftCompile normal x86_64 Compiling\ SystemParityComponentTests.swift,\ TasteBloomMotionTests.swift,\ TasteBuddyAgentFullEngineTests.swift /Users/sinjunho/Desktop/Taste\ Buddy/ios/TasteBuddyTests/SystemParityComponentTests.swift /Users/sinjunho/Desktop/Taste\ Buddy/ios/TasteBuddyTests/TasteBloomMotionTests.swift /Users/sinjunho/Desktop/Taste\ Buddy/ios/TasteBuddyTests/TasteBuddyAgentFullEngineTests.swift (in target 'TasteBuddyTests' from project 'TasteBuddy')

SwiftCompile normal x86_64 /Users/sinjunho/Desktop/Taste\ Buddy/ios/TasteBuddyTests/SystemParityComponentTests.swift (in target 'TasteBuddyTests' from project 'TasteBuddy')
    cd /Users/sinjunho/Desktop/Taste\ Buddy/ios
    

SwiftCompile normal x86_64 /Users/sinjunho/Desktop/Taste\ Buddy/ios/TasteBuddyTests/TasteBloomMotionTests.swift (in target 'TasteBuddyTests' from project 'TasteBuddy')
    cd /Users/sinjunho/Desktop/Taste\ Buddy/ios
    

SwiftCompile normal x86_64 /Users/sinjunho/Desktop/Taste\ Buddy/ios/TasteBuddyTests/TasteBuddyAgentFullEngineTests.swift (in target 'TasteBuddyTests' from project 'TasteBuddy')
    cd /Users/sinjunho/Desktop/Taste\ Buddy/ios
    

SwiftDriverJobDiscovery normal x86_64 Compiling DesignSystemFullComponents.swift, DesignSystemPreviewView.swift, DiningFeedbackContractModels.swift, DiningMemoryContext.swift, DiningOverallEvaluation.swift, DiningOverallEvaluationStepView.swift, DiningPhotoPalette.swift, DiningSensoryRecommendationPolicy.swift (in target 'TasteBuddy' from project 'TasteBuddy')

SwiftCompile normal x86_64 Compiling\ SensoryAnalysisEngineTests.swift,\ SensoryOverallEvaluationTests.swift,\ SensoryStructuredSelectionTests.swift /Users/sinjunho/Desktop/Taste\ Buddy/ios/TasteBuddyTests/SensoryAnalysisEngineTests.swift /Users/sinjunho/Desktop/Taste\ Buddy/ios/TasteBuddyTests/SensoryOverallEvaluationTests.swift /Users/sinjunho/Desktop/Taste\ Buddy/ios/TasteBuddyTests/SensoryStructuredSelectionTests.swift (in target 'TasteBuddyTests' from project 'TasteBuddy')

SwiftCompile normal x86_64 /Users/sinjunho/Desktop/Taste\ Buddy/ios/TasteBuddyTests/SensoryAnalysisEngineTests.swift (in target 'TasteBuddyTests' from project 'TasteBuddy')
    cd /Users/sinjunho/Desktop/Taste\ Buddy/ios
    

SwiftCompile normal x86_64 /Users/sinjunho/Desktop/Taste\ Buddy/ios/TasteBuddyTests/SensoryOverallEvaluationTests.swift (in target 'TasteBuddyTests' from project 'TasteBuddy')
    cd /Users/sinjunho/Desktop/Taste\ Buddy/ios
    

SwiftCompile normal x86_64 /Users/sinjunho/Desktop/Taste\ Buddy/ios/TasteBuddyTests/SensoryStructuredSelectionTests.swift (in target 'TasteBuddyTests' from project 'TasteBuddy')
    cd /Users/sinjunho/Desktop/Taste\ Buddy/ios
    

SwiftDriverJobDiscovery normal x86_64 Compiling CalibrationEngineTests.swift, ChatGPTAnalysisConnectionTests.swift, DiningAdvancedStorageTests.swift (in target 'TasteBuddyTests' from project 'TasteBuddy')

SwiftCompile normal x86_64 Compiling\ PersonalTasteInsightTests.swift,\ PersonalTasteModelTests.swift,\ PersonalTasteQuestionResolutionTests.swift /Users/sinjunho/Desktop/Taste\ Buddy/ios/TasteBuddyTests/PersonalTasteInsightTests.swift /Users/sinjunho/Desktop/Taste\ Buddy/ios/TasteBuddyTests/PersonalTasteModelTests.swift /Users/sinjunho/Desktop/Taste\ Buddy/ios/TasteBuddyTests/PersonalTasteQuestionResolutionTests.swift (in target 'TasteBuddyTests' from project 'TasteBuddy')

SwiftCompile normal x86_64 /Users/sinjunho/Desktop/Taste\ Buddy/ios/TasteBuddyTests/PersonalTasteInsightTests.swift (in target 'TasteBuddyTests' from project 'TasteBuddy')
    cd /Users/sinjunho/Desktop/Taste\ Buddy/ios
    

SwiftCompile normal x86_64 /Users/sinjunho/Desktop/Taste\ Buddy/ios/TasteBuddyTests/PersonalTasteModelTests.swift (in target 'TasteBuddyTests' from project 'TasteBuddy')
    cd /Users/sinjunho/Desktop/Taste\ Buddy/ios
    

SwiftCompile normal x86_64 /Users/sinjunho/Desktop/Taste\ Buddy/ios/TasteBuddyTests/PersonalTasteQuestionResolutionTests.swift (in target 'TasteBuddyTests' from project 'TasteBuddy')
    cd /Users/sinjunho/Desktop/Taste\ Buddy/ios
    

SwiftDriverJobDiscovery normal x86_64 Compiling AppModelStructuredSelectionPersistenceTests.swift, AppPhaseTests.swift, BackendIntegrationTests.swift (in target 'TasteBuddyTests' from project 'TasteBuddy')

SwiftDriverJobDiscovery normal x86_64 Compiling DiningPhotoPerformanceTests.swift, DiningSensoryPresentationTests.swift, DiningSensorySelectionBoundaryTests.swift (in target 'TasteBuddyTests' from project 'TasteBuddy')

SwiftDriverJobDiscovery normal x86_64 Compiling LongitudinalFoodMemoryTests.swift, NativeAccountDataTests.swift, NativeAccountPhotoRepositoryTests.swift (in target 'TasteBuddyTests' from project 'TasteBuddy')

SwiftDriverJobDiscovery normal x86_64 Compiling NativeInputComponents.swift, NativeLayoutComponents.swift, OnboardingView.swift, PalateBloomAvatar.swift, PersonalTasteInsightCards.swift, PersonalTasteInsights.swift, PersonalTasteInsightsRuntimePreview.swift, PersonalTasteModel.swift (in target 'TasteBuddy' from project 'TasteBuddy')

SwiftDriverJobDiscovery normal x86_64 Compiling SensoryAnalysisEngineTests.swift, SensoryOverallEvaluationTests.swift, SensoryStructuredSelectionTests.swift (in target 'TasteBuddyTests' from project 'TasteBuddy')

SwiftDriverJobDiscovery normal x86_64 Compiling AdvancedPersonalTasteModelTests.swift, AppModelAdvancedModelTests.swift, AppModelPersistenceTests.swift (in target 'TasteBuddyTests' from project 'TasteBuddy')

SwiftDriverJobDiscovery normal x86_64 Compiling PersonalTasteInsightTests.swift, PersonalTasteModelTests.swift, PersonalTasteQuestionResolutionTests.swift (in target 'TasteBuddyTests' from project 'TasteBuddy')

SwiftDriverJobDiscovery normal x86_64 Compiling TasteBuddyAgentFullModels.swift, TasteBuddyAgentKnowledgeRuntime.swift, TasteBuddyApp.swift, TasteContractModels.swift, TasteGradientIndicator.swift, TasteModels.swift, TasteMotionView.swift (in target 'TasteBuddy' from project 'TasteBuddy')

SwiftDriverJobDiscovery normal x86_64 Compiling QuickCalibrationContractEngine.swift, RestaurantDetailModels.swift, RestaurantDetailRouteView.swift, RestaurantModels.swift, RestaurantPlaceAPIClient.swift, SearchSystemComponents.swift, SensoryAnalysisCards.swift, SensoryAnalysisEngine.swift (in target 'TasteBuddy' from project 'TasteBuddy')

SwiftDriverJobDiscovery normal x86_64 Compiling HomeSummaryComponents.swift, HomeSummaryModels.swift, HomeView.swift, LucideIcon.swift, MainTabView.swift, NativeAccountDataRepository.swift, NativeAccountPhotoRepository.swift, NativeFeedbackComponents.swift (in target 'TasteBuddy' from project 'TasteBuddy')

SwiftDriverJobDiscovery normal x86_64 Compiling SystemParityComponentTests.swift, TasteBloomMotionTests.swift, TasteBuddyAgentFullEngineTests.swift (in target 'TasteBuddyTests' from project 'TasteBuddy')

SwiftDriver\ Compilation TasteBuddyTests normal x86_64 com.apple.xcode.tools.swift.compiler (in target 'TasteBuddyTests' from project 'TasteBuddy')
    cd /Users/sinjunho/Desktop/Taste\ Buddy/ios
    builtin-Swift-Compilation -- /Applications/Xcode.app/Contents/Developer/Toolchains/XcodeDefault.xctoolchain/usr/bin/swiftc -module-name TasteBuddyTests -O @/tmp/TasteBuddyHomeQuestionsQA/Build/Intermediates.noindex/TasteBuddy.build/Debug-iphonesimulator/TasteBuddyTests.build/Objects-normal/x86_64/TasteBuddyTests.SwiftFileList -DDEBUG -plugin-path /Applications/Xcode.app/Contents/Developer/Toolchains/XcodeDefault.xctoolchain/usr/lib/swift/host/plugins/testing -enable-bare-slash-regex -enable-experimental-feature DebugDescriptionMacro -sdk /Applications/Xcode.app/Contents/Developer/Platforms/iPhoneSimulator.platform/Developer/SDKs/iPhoneSimulator26.5.sdk -target x86_64-apple-ios17.0-simulator -g -module-cache-path /tmp/TasteBuddyHomeQuestionsQA/ModuleCache.noindex -Xfrontend -serialize-debugging-options -enable-testing -swift-version 5 -I /tmp/TasteBuddyHomeQuestionsQA/Build/Products/Debug-iphonesimulator -Isystem /Applications/Xcode.app/Contents/Developer/Platforms/iPhoneSimulator.platform/Developer/usr/lib -F /tmp/TasteBuddyHomeQuestionsQA/Build/Products/Debug-iphonesimulator/PackageFrameworks -F /tmp/TasteBuddyHomeQuestionsQA/Build/Products/Debug-iphonesimulator/PackageFrameworks -F /tmp/TasteBuddyHomeQuestionsQA/Build/Products/Debug-iphonesimulator/PackageFrameworks -F /tmp/TasteBuddyHomeQuestionsQA/Build/Products/Debug-iphonesimulator/PackageFrameworks -F /tmp/TasteBuddyHomeQuestionsQA/Build/Products/Debug-iphonesimulator/PackageFrameworks -F /tmp/TasteBuddyHomeQuestionsQA/Build/Products/Debug-iphonesimulator/PackageFrameworks -F /tmp/TasteBuddyHomeQuestionsQA/Build/Products/Debug-iphonesimulator/PackageFrameworks -F /tmp/TasteBuddyHomeQuestionsQA/Build/Products/Debug-iphonesimulator/PackageFrameworks -F /tmp/TasteBuddyHomeQuestionsQA/Build/Products/Debug-iphonesimulator/PackageFrameworks -F /tmp/TasteBuddyHomeQuestionsQA/Build/Products/Debug-iphonesimulator/PackageFrameworks -F /tmp/TasteBuddyHomeQuestionsQA/Build/Products/Debug-iphonesimulator/PackageFrameworks -F /tmp/TasteBuddyHomeQuestionsQA/Build/Products/Debug-iphonesimulator/PackageFrameworks -F /tmp/TasteBuddyHomeQuestionsQA/Build/Products/Debug-iphonesimulator/PackageFrameworks -F /tmp/TasteBuddyHomeQuestionsQA/Build/Products/Debug-iphonesimulator/PackageFrameworks -F /tmp/TasteBuddyHomeQuestionsQA/Build/Products/Debug-iphonesimulator/PackageFrameworks -F /tmp/TasteBuddyHomeQuestionsQA/Build/Products/Debug-iphonesimulator/PackageFrameworks -F /tmp/TasteBuddyHomeQuestionsQA/Build/Products/Debug-iphonesimulator -F /Applications/Xcode.app/Contents/Developer/Platforms/iPhoneSimulator.platform/Developer/Library/Frameworks -F /Applications/Xcode.app/Contents/Developer/Platforms/iPhoneSimulator.platform/Developer/SDKs/iPhoneSimulator26.5.sdk/Developer/Library/Frameworks -c -j12 -enable-batch-mode -incremental -Xcc -ivfsstatcache -Xcc /tmp/TasteBuddyHomeQuestionsQA/SDKStatCaches.noindex/iphonesimulator26.5-23F81a-6cfe768891a92b912361537c460fe42b.sdkstatcache -output-file-map /tmp/TasteBuddyHomeQuestionsQA/Build/Intermediates.noindex/TasteBuddy.build/Debug-iphonesimulator/TasteBuddyTests.build/Objects-normal/x86_64/TasteBuddyTests-OutputFileMap.json -use-frontend-parseable-output -save-temps -no-color-diagnostics -explicit-module-build -module-cache-path /tmp/TasteBuddyHomeQuestionsQA/Build/Intermediates.noindex/SwiftExplicitPrecompiledModules -clang-scanner-module-cache-path /tmp/TasteBuddyHomeQuestionsQA/ModuleCache.noindex -sdk-module-cache-path /tmp/TasteBuddyHomeQuestionsQA/ModuleCache.noindex -serialize-diagnostics -emit-dependencies -emit-module -emit-module-path /tmp/TasteBuddyHomeQuestionsQA/Build/Intermediates.noindex/TasteBuddy.build/Debug-iphonesimulator/TasteBuddyTests.build/Objects-normal/x86_64/TasteBuddyTests.swiftmodule -validate-clang-modules-once -clang-build-session-file /tmp/TasteBuddyHomeQuestionsQA/ModuleCache.noindex/Session.modulevalidation -Xcc -I/tmp/TasteBuddyHomeQuestionsQA/Build/Intermediates.noindex/TasteBuddy.build/Debug-iphonesimulator/TasteBuddyTests.build/swift-overrides.hmap -emit-const-values -Xfrontend -const-gather-protocols-file -Xfrontend /tmp/TasteBuddyHomeQuestionsQA/Build/Intermediates.noindex/TasteBuddy.build/Debug-iphonesimulator/TasteBuddyTests.build/Objects-normal/x86_64/TasteBuddyTests_const_extract_protocols.json -Xcc -iquote -Xcc /tmp/TasteBuddyHomeQuestionsQA/Build/Intermediates.noindex/TasteBuddy.build/Debug-iphonesimulator/TasteBuddyTests.build/TasteBuddyTests-generated-files.hmap -Xcc -I/tmp/TasteBuddyHomeQuestionsQA/Build/Intermediates.noindex/TasteBuddy.build/Debug-iphonesimulator/TasteBuddyTests.build/TasteBuddyTests-own-target-headers.hmap -Xcc -I/tmp/TasteBuddyHomeQuestionsQA/Build/Intermediates.noindex/TasteBuddy.build/Debug-iphonesimulator/TasteBuddyTests.build/TasteBuddyTests-all-non-framework-target-headers.hmap -Xcc -ivfsoverlay -Xcc /tmp/TasteBuddyHomeQuestionsQA/Build/Intermediates.noindex/TasteBuddy.build/Debug-iphonesimulator/TasteBuddy-13299a83df260b797a46b4b5b88bf8d1-VFS-iphonesimulator/all-product-headers.yaml -Xcc -iquote -Xcc /tmp/TasteBuddyHomeQuestionsQA/Build/Intermediates.noindex/TasteBuddy.build/Debug-iphonesimulator/TasteBuddyTests.build/TasteBuddyTests-project-headers.hmap -Xcc -I/tmp/TasteBuddyHomeQuestionsQA/Build/Products/Debug-iphonesimulator/include -Xcc -I/tmp/TasteBuddyHomeQuestionsQA/Build/Intermediates.noindex/TasteBuddy.build/Debug-iphonesimulator/TasteBuddyTests.build/DerivedSources-normal/x86_64 -Xcc -I/tmp/TasteBuddyHomeQuestionsQA/Build/Intermediates.noindex/TasteBuddy.build/Debug-iphonesimulator/TasteBuddyTests.build/DerivedSources/x86_64 -Xcc -I/tmp/TasteBuddyHomeQuestionsQA/Build/Intermediates.noindex/TasteBuddy.build/Debug-iphonesimulator/TasteBuddyTests.build/DerivedSources -emit-objc-header -emit-objc-header-path /tmp/TasteBuddyHomeQuestionsQA/Build/Intermediates.noindex/TasteBuddy.build/Debug-iphonesimulator/TasteBuddyTests.build/Objects-normal/x86_64/TasteBuddyTests-Swift.h -working-directory /Users/sinjunho/Desktop/Taste\ Buddy/ios -experimental-emit-module-separately -disable-cmo

SwiftDriverJobDiscovery normal x86_64 Compiling AnalysisView.swift, AppChromeComponents.swift, AppModel.swift, AppNavigation.swift, AppPhase.swift, AppRouteDestinations.swift, AppShellView.swift, AuthEntryView.swift (in target 'TasteBuddy' from project 'TasteBuddy')

SwiftDriverJobDiscovery normal x86_64 Compiling DiningSensorySelection.swift, DiningSensorySelectionEditor.swift, DiningSensorySelectionParser.swift, DiningView.swift, FoodMemory.swift, FoodMemoryViews.swift, HomePeriodInsightComponents.swift, HomeSearchModels.swift (in target 'TasteBuddy' from project 'TasteBuddy')

SwiftDriver\ Compilation TasteBuddy normal x86_64 com.apple.xcode.tools.swift.compiler (in target 'TasteBuddy' from project 'TasteBuddy')
    cd /Users/sinjunho/Desktop/Taste\ Buddy/ios
    builtin-Swift-Compilation -- /Applications/Xcode.app/Contents/Developer/Toolchains/XcodeDefault.xctoolchain/usr/bin/swiftc -module-name TasteBuddy -O @/tmp/TasteBuddyHomeQuestionsQA/Build/Intermediates.noindex/TasteBuddy.build/Debug-iphonesimulator/TasteBuddy.build/Objects-normal/x86_64/TasteBuddy.SwiftFileList -DDEBUG -enable-bare-slash-regex -enable-experimental-feature DebugDescriptionMacro -sdk /Applications/Xcode.app/Contents/Developer/Platforms/iPhoneSimulator.platform/Developer/SDKs/iPhoneSimulator26.5.sdk -target x86_64-apple-ios17.0-simulator -g -module-cache-path /tmp/TasteBuddyHomeQuestionsQA/ModuleCache.noindex -Xfrontend -serialize-debugging-options -enable-testing -swift-version 5 -I /tmp/TasteBuddyHomeQuestionsQA/Build/Products/Debug-iphonesimulator -F /tmp/TasteBuddyHomeQuestionsQA/Build/Products/Debug-iphonesimulator/PackageFrameworks -F /tmp/TasteBuddyHomeQuestionsQA/Build/Products/Debug-iphonesimulator/PackageFrameworks -F /tmp/TasteBuddyHomeQuestionsQA/Build/Products/Debug-iphonesimulator/PackageFrameworks -F /tmp/TasteBuddyHomeQuestionsQA/Build/Products/Debug-iphonesimulator/PackageFrameworks -F /tmp/TasteBuddyHomeQuestionsQA/Build/Products/Debug-iphonesimulator/PackageFrameworks -F /tmp/TasteBuddyHomeQuestionsQA/Build/Products/Debug-iphonesimulator/PackageFrameworks -F /tmp/TasteBuddyHomeQuestionsQA/Build/Products/Debug-iphonesimulator/PackageFrameworks -F /tmp/TasteBuddyHomeQuestionsQA/Build/Products/Debug-iphonesimulator/PackageFrameworks -F /tmp/TasteBuddyHomeQuestionsQA/Build/Products/Debug-iphonesimulator/PackageFrameworks -F /tmp/TasteBuddyHomeQuestionsQA/Build/Products/Debug-iphonesimulator/PackageFrameworks -F /tmp/TasteBuddyHomeQuestionsQA/Build/Products/Debug-iphonesimulator/PackageFrameworks -F /tmp/TasteBuddyHomeQuestionsQA/Build/Products/Debug-iphonesimulator/PackageFrameworks -F /tmp/TasteBuddyHomeQuestionsQA/Build/Products/Debug-iphonesimulator/PackageFrameworks -F /tmp/TasteBuddyHomeQuestionsQA/Build/Products/Debug-iphonesimulator/PackageFrameworks -F /tmp/TasteBuddyHomeQuestionsQA/Build/Products/Debug-iphonesimulator/PackageFrameworks -F /tmp/TasteBuddyHomeQuestionsQA/Build/Products/Debug-iphonesimulator/PackageFrameworks -F /tmp/TasteBuddyHomeQuestionsQA/Build/Products/Debug-iphonesimulator -c -j12 -enable-batch-mode -incremental -Xcc -ivfsstatcache -Xcc /tmp/TasteBuddyHomeQuestionsQA/SDKStatCaches.noindex/iphonesimulator26.5-23F81a-6cfe768891a92b912361537c460fe42b.sdkstatcache -output-file-map /tmp/TasteBuddyHomeQuestionsQA/Build/Intermediates.noindex/TasteBuddy.build/Debug-iphonesimulator/TasteBuddy.build/Objects-normal/x86_64/TasteBuddy-OutputFileMap.json -use-frontend-parseable-output -save-temps -no-color-diagnostics -explicit-module-build -module-cache-path /tmp/TasteBuddyHomeQuestionsQA/Build/Intermediates.noindex/SwiftExplicitPrecompiledModules -clang-scanner-module-cache-path /tmp/TasteBuddyHomeQuestionsQA/ModuleCache.noindex -sdk-module-cache-path /tmp/TasteBuddyHomeQuestionsQA/ModuleCache.noindex -serialize-diagnostics -emit-dependencies -emit-module -emit-module-path /tmp/TasteBuddyHomeQuestionsQA/Build/Intermediates.noindex/TasteBuddy.build/Debug-iphonesimulator/TasteBuddy.build/Objects-normal/x86_64/TasteBuddy.swiftmodule -validate-clang-modules-once -clang-build-session-file /tmp/TasteBuddyHomeQuestionsQA/ModuleCache.noindex/Session.modulevalidation -Xcc -I/tmp/TasteBuddyHomeQuestionsQA/Build/Intermediates.noindex/TasteBuddy.build/Debug-iphonesimulator/TasteBuddy.build/swift-overrides.hmap -emit-const-values -Xfrontend -const-gather-protocols-file -Xfrontend /tmp/TasteBuddyHomeQuestionsQA/Build/Intermediates.noindex/TasteBuddy.build/Debug-iphonesimulator/TasteBuddy.build/Objects-normal/x86_64/TasteBuddy_const_extract_protocols.json -Xcc -iquote -Xcc /tmp/TasteBuddyHomeQuestionsQA/Build/Intermediates.noindex/TasteBuddy.build/Debug-iphonesimulator/TasteBuddy.build/TasteBuddy-generated-files.hmap -Xcc -I/tmp/TasteBuddyHomeQuestionsQA/Build/Intermediates.noindex/TasteBuddy.build/Debug-iphonesimulator/TasteBuddy.build/TasteBuddy-own-target-headers.hmap -Xcc -I/tmp/TasteBuddyHomeQuestionsQA/Build/Intermediates.noindex/TasteBuddy.build/Debug-iphonesimulator/TasteBuddy.build/TasteBuddy-all-non-framework-target-headers.hmap -Xcc -ivfsoverlay -Xcc /tmp/TasteBuddyHomeQuestionsQA/Build/Intermediates.noindex/TasteBuddy.build/Debug-iphonesimulator/TasteBuddy-13299a83df260b797a46b4b5b88bf8d1-VFS-iphonesimulator/all-product-headers.yaml -Xcc -iquote -Xcc /tmp/TasteBuddyHomeQuestionsQA/Build/Intermediates.noindex/TasteBuddy.build/Debug-iphonesimulator/TasteBuddy.build/TasteBuddy-project-headers.hmap -Xcc -I/tmp/TasteBuddyHomeQuestionsQA/Build/Products/Debug-iphonesimulator/include -Xcc -I/tmp/TasteBuddyHomeQuestionsQA/Build/Intermediates.noindex/TasteBuddy.build/Debug-iphonesimulator/TasteBuddy.build/DerivedSources-normal/x86_64 -Xcc -I/tmp/TasteBuddyHomeQuestionsQA/Build/Intermediates.noindex/TasteBuddy.build/Debug-iphonesimulator/TasteBuddy.build/DerivedSources/x86_64 -Xcc -I/tmp/TasteBuddyHomeQuestionsQA/Build/Intermediates.noindex/TasteBuddy.build/Debug-iphonesimulator/TasteBuddy.build/DerivedSources -emit-objc-header -emit-objc-header-path /tmp/TasteBuddyHomeQuestionsQA/Build/Intermediates.noindex/TasteBuddy.build/Debug-iphonesimulator/TasteBuddy.build/Objects-normal/x86_64/TasteBuddy-Swift.h -working-directory /Users/sinjunho/Desktop/Taste\ Buddy/ios -experimental-emit-module-separately -disable-cmo

Ld /tmp/TasteBuddyHomeQuestionsQA/Build/Products/Debug-iphonesimulator/TasteBuddy.app/TasteBuddy normal (in target 'TasteBuddy' from project 'TasteBuddy')
    cd /Users/sinjunho/Desktop/Taste\ Buddy/ios
    /Applications/Xcode.app/Contents/Developer/Toolchains/XcodeDefault.xctoolchain/usr/bin/clang -Xlinker -reproducible -target x86_64-apple-ios17.0-simulator -isysroot /Applications/Xcode.app/Contents/Developer/Platforms/iPhoneSimulator.platform/Developer/SDKs/iPhoneSimulator26.5.sdk -Os -L/tmp/TasteBuddyHomeQuestionsQA/Build/Intermediates.noindex/EagerLinkingTBDs/Debug-iphonesimulator -L/tmp/TasteBuddyHomeQuestionsQA/Build/Products/Debug-iphonesimulator -F/tmp/TasteBuddyHomeQuestionsQA/Build/Intermediates.noindex/EagerLinkingTBDs/Debug-iphonesimulator -F/tmp/TasteBuddyHomeQuestionsQA/Build/Products/Debug-iphonesimulator/PackageFrameworks -F/tmp/TasteBuddyHomeQuestionsQA/Build/Products/Debug-iphonesimulator/PackageFrameworks -F/tmp/TasteBuddyHomeQuestionsQA/Build/Products/Debug-iphonesimulator/PackageFrameworks -F/tmp/TasteBuddyHomeQuestionsQA/Build/Products/Debug-iphonesimulator/PackageFrameworks -F/tmp/TasteBuddyHomeQuestionsQA/Build/Products/Debug-iphonesimulator/PackageFrameworks -F/tmp/TasteBuddyHomeQuestionsQA/Build/Products/Debug-iphonesimulator/PackageFrameworks -F/tmp/TasteBuddyHomeQuestionsQA/Build/Products/Debug-iphonesimulator/PackageFrameworks -F/tmp/TasteBuddyHomeQuestionsQA/Build/Products/Debug-iphonesimulator/PackageFrameworks -F/tmp/TasteBuddyHomeQuestionsQA/Build/Products/Debug-iphonesimulator/PackageFrameworks -F/tmp/TasteBuddyHomeQuestionsQA/Build/Products/Debug-iphonesimulator/PackageFrameworks -F/tmp/TasteBuddyHomeQuestionsQA/Build/Products/Debug-iphonesimulator/PackageFrameworks -F/tmp/TasteBuddyHomeQuestionsQA/Build/Products/Debug-iphonesimulator/PackageFrameworks -F/tmp/TasteBuddyHomeQuestionsQA/Build/Products/Debug-iphonesimulator/PackageFrameworks -F/tmp/TasteBuddyHomeQuestionsQA/Build/Products/Debug-iphonesimulator/PackageFrameworks -F/tmp/TasteBuddyHomeQuestionsQA/Build/Products/Debug-iphonesimulator/PackageFrameworks -F/tmp/TasteBuddyHomeQuestionsQA/Build/Products/Debug-iphonesimulator/PackageFrameworks -F/tmp/TasteBuddyHomeQuestionsQA/Build/Products/Debug-iphonesimulator -filelist /tmp/TasteBuddyHomeQuestionsQA/Build/Intermediates.noindex/TasteBuddy.build/Debug-iphonesimulator/TasteBuddy.build/Objects-normal/x86_64/TasteBuddy.LinkFileList -Xlinker -rpath -Xlinker /usr/lib/swift -Xlinker -rpath -Xlinker /tmp/TasteBuddyHomeQuestionsQA/Build/Products/Debug-iphonesimulator/PackageFrameworks -Xlinker -dead_strip -Xlinker -object_path_lto -Xlinker /tmp/TasteBuddyHomeQuestionsQA/Build/Intermediates.noindex/TasteBuddy.build/Debug-iphonesimulator/TasteBuddy.build/Objects-normal/x86_64/TasteBuddy_lto.o -rdynamic -Xlinker -objc_abi_version -Xlinker 2 -Xlinker -dependency_info -Xlinker /tmp/TasteBuddyHomeQuestionsQA/Build/Intermediates.noindex/TasteBuddy.build/Debug-iphonesimulator/TasteBuddy.build/Objects-normal/x86_64/TasteBuddy_dependency_info.dat -fobjc-link-runtime -L/Applications/Xcode.app/Contents/Developer/Toolchains/XcodeDefault.xctoolchain/usr/lib/swift/iphonesimulator -L/usr/lib/swift -Xlinker -add_ast_path -Xlinker /tmp/TasteBuddyHomeQuestionsQA/Build/Intermediates.noindex/TasteBuddy.build/Debug-iphonesimulator/TasteBuddy.build/Objects-normal/x86_64/TasteBuddy.swiftmodule @/tmp/TasteBuddyHomeQuestionsQA/Build/Intermediates.noindex/TasteBuddy.build/Debug-iphonesimulator/TasteBuddy.build/Objects-normal/x86_64/TasteBuddy-linker-args.resp -Wl,-no_warn_duplicate_libraries -Wl,-no_warn_duplicate_libraries -Wl,-no_warn_duplicate_libraries -Wl,-no_warn_duplicate_libraries -Wl,-no_warn_duplicate_libraries -Wl,-no_warn_duplicate_libraries -Wl,-no_warn_duplicate_libraries -Wl,-no_warn_duplicate_libraries -Wl,-no_warn_duplicate_libraries -Wl,-no_warn_duplicate_libraries -Wl,-no_warn_duplicate_libraries -Wl,-no_warn_duplicate_libraries -Wl,-no_warn_duplicate_libraries -Wl,-no_warn_duplicate_libraries -Wl,-no_warn_duplicate_libraries -Wl,-no_warn_duplicate_libraries -o /tmp/TasteBuddyHomeQuestionsQA/Build/Products/Debug-iphonesimulator/TasteBuddy.app/TasteBuddy -Xlinker -add_ast_path -Xlinker /tmp/TasteBuddyHomeQuestionsQA/Build/Intermediates.noindex/ProgressiveBlurHeader.build/Debug-iphonesimulator/ProgressiveBlurHeader.build/Objects-normal/x86_64/ProgressiveBlurHeader.swiftmodule @/tmp/TasteBuddyHomeQuestionsQA/Build/Intermediates.noindex/ProgressiveBlurHeader.build/Debug-iphonesimulator/ProgressiveBlurHeader.build/Objects-normal/x86_64/ProgressiveBlurHeader-linker-args.resp -Xlinker -add_ast_path -Xlinker /tmp/TasteBuddyHomeQuestionsQA/Build/Intermediates.noindex/VariableBlur.build/Debug-iphonesimulator/VariableBlur.build/Objects-normal/x86_64/VariableBlur.swiftmodule @/tmp/TasteBuddyHomeQuestionsQA/Build/Intermediates.noindex/VariableBlur.build/Debug-iphonesimulator/VariableBlur.build/Objects-normal/x86_64/VariableBlur-linker-args.resp -Xlinker -add_ast_path -Xlinker /tmp/TasteBuddyHomeQuestionsQA/Build/Intermediates.noindex/Supabase.build/Debug-iphonesimulator/Supabase.build/Objects-normal/x86_64/Supabase.swiftmodule @/tmp/TasteBuddyHomeQuestionsQA/Build/Intermediates.noindex/Supabase.build/Debug-iphonesimulator/Supabase.build/Objects-normal/x86_64/Supabase-linker-args.resp -Xlinker -add_ast_path -Xlinker /tmp/TasteBuddyHomeQuestionsQA/Build/Intermediates.noindex/swift-concurrency-extras.build/Debug-iphonesimulator/ConcurrencyExtras.build/Objects-normal/x86_64/ConcurrencyExtras.swiftmodule @/tmp/TasteBuddyHomeQuestionsQA/Build/Intermediates.noindex/swift-concurrency-extras.build/Debug-iphonesimulator/ConcurrencyExtras.build/Objects-normal/x86_64/ConcurrencyExtras-linker-args.resp -Xlinker -add_ast_path -Xlinker /tmp/TasteBuddyHomeQuestionsQA/Build/Intermediates.noindex/swift-http-types.build/Debug-iphonesimulator/HTTPTypes.build/Objects-normal/x86_64/HTTPTypes.swiftmodule @/tmp/TasteBuddyHomeQuestionsQA/Build/Intermediates.noindex/swift-http-types.build/Debug-iphonesimulator/HTTPTypes.build/Objects-normal/x86_64/HTTPTypes-linker-args.resp -Xlinker -add_ast_path -Xlinker /tmp/TasteBuddyHomeQuestionsQA/Build/Intermediates.noindex/swift-clocks.build/Debug-iphonesimulator/Clocks.build/Objects-normal/x86_64/Clocks.swiftmodule @/tmp/TasteBuddyHomeQuestionsQA/Build/Intermediates.noindex/swift-clocks.build/Debug-iphonesimulator/Clocks.build/Objects-normal/x86_64/Clocks-linker-args.resp -Xlinker -add_ast_path -Xlinker /tmp/TasteBuddyHomeQuestionsQA/Build/Intermediates.noindex/xctest-dynamic-overlay.build/Debug-iphonesimulator/IssueReporting.build/Objects-normal/x86_64/IssueReporting.swiftmodule @/tmp/TasteBuddyHomeQuestionsQA/Build/Intermediates.noindex/xctest-dynamic-overlay.build/Debug-iphonesimulator/IssueReporting.build/Objects-normal/x86_64/IssueReporting-linker-args.resp -Xlinker -add_ast_path -Xlinker /tmp/TasteBuddyHomeQuestionsQA/Build/Intermediates.noindex/xctest-dynamic-overlay.build/Debug-iphonesimulator/IssueReportingPackageSupport.build/Objects-normal/x86_64/IssueReportingPackageSupport.swiftmodule @/tmp/TasteBuddyHomeQuestionsQA/Build/Intermediates.noindex/xctest-dynamic-overlay.build/Debug-iphonesimulator/IssueReportingPackageSupport.build/Objects-normal/x86_64/IssueReportingPackageSupport-linker-args.resp -Xlinker -add_ast_path -Xlinker /tmp/TasteBuddyHomeQuestionsQA/Build/Intermediates.noindex/xctest-dynamic-overlay.build/Debug-iphonesimulator/XCTestDynamicOverlay.build/Objects-normal/x86_64/XCTestDynamicOverlay.swiftmodule @/tmp/TasteBuddyHomeQuestionsQA/Build/Intermediates.noindex/xctest-dynamic-overlay.build/Debug-iphonesimulator/XCTestDynamicOverlay.build/Objects-normal/x86_64/XCTestDynamicOverlay-linker-args.resp -Xlinker -add_ast_path -Xlinker /tmp/TasteBuddyHomeQuestionsQA/Build/Intermediates.noindex/Supabase.build/Debug-iphonesimulator/Helpers.build/Objects-normal/x86_64/Helpers.swiftmodule @/tmp/TasteBuddyHomeQuestionsQA/Build/Intermediates.noindex/Supabase.build/Debug-iphonesimulator/Helpers.build/Objects-normal/x86_64/Helpers-linker-args.resp -Xlinker -add_ast_path -Xlinker /tmp/TasteBuddyHomeQuestionsQA/Build/Intermediates.noindex/swift-crypto.build/Debug-iphonesimulator/Crypto.build/Objects-normal/x86_64/Crypto.swiftmodule @/tmp/TasteBuddyHomeQuestionsQA/Build/Intermediates.noindex/swift-crypto.build/Debug-iphonesimulator/Crypto.build/Objects-normal/x86_64/Crypto-linker-args.resp -Xlinker -add_ast_path -Xlinker /tmp/TasteBuddyHomeQuestionsQA/Build/Intermediates.noindex/Supabase.build/Debug-iphonesimulator/Auth.build/Objects-normal/x86_64/Auth.swiftmodule @/tmp/TasteBuddyHomeQuestionsQA/Build/Intermediates.noindex/Supabase.build/Debug-iphonesimulator/Auth.build/Objects-normal/x86_64/Auth-linker-args.resp -Xlinker -add_ast_path -Xlinker /tmp/TasteBuddyHomeQuestionsQA/Build/Intermediates.noindex/Supabase.build/Debug-iphonesimulator/Functions.build/Objects-normal/x86_64/Functions.swiftmodule @/tmp/TasteBuddyHomeQuestionsQA/Build/Intermediates.noindex/Supabase.build/Debug-iphonesimulator/Functions.build/Objects-normal/x86_64/Functions-linker-args.resp -Xlinker -add_ast_path -Xlinker /tmp/TasteBuddyHomeQuestionsQA/Build/Intermediates.noindex/Supabase.build/Debug-iphonesimulator/PostgREST.build/Objects-normal/x86_64/PostgREST.swiftmodule @/tmp/TasteBuddyHomeQuestionsQA/Build/Intermediates.noindex/Supabase.build/Debug-iphonesimulator/PostgREST.build/Objects-normal/x86_64/PostgREST-linker-args.resp -Xlinker -add_ast_path -Xlinker /tmp/TasteBuddyHomeQuestionsQA/Build/Intermediates.noindex/Supabase.build/Debug-iphonesimulator/Realtime.build/Objects-normal/x86_64/Realtime.swiftmodule @/tmp/TasteBuddyHomeQuestionsQA/Build/Intermediates.noindex/Supabase.build/Debug-iphonesimulator/Realtime.build/Objects-normal/x86_64/Realtime-linker-args.resp -Xlinker -add_ast_path -Xlinker /tmp/TasteBuddyHomeQuestionsQA/Build/Intermediates.noindex/Supabase.build/Debug-iphonesimulator/Storage.build/Objects-normal/x86_64/Storage.swiftmodule @/tmp/TasteBuddyHomeQuestionsQA/Build/Intermediates.noindex/Supabase.build/Debug-iphonesimulator/Storage.build/Objects-normal/x86_64/Storage-linker-args.resp

CopySwiftLibs /tmp/TasteBuddyHomeQuestionsQA/Build/Products/Debug-iphonesimulator/TasteBuddy.app (in target 'TasteBuddy' from project 'TasteBuddy')
    cd /Users/sinjunho/Desktop/Taste\ Buddy/ios
    builtin-swiftStdLibTool --copy --verbose --scan-executable /tmp/TasteBuddyHomeQuestionsQA/Build/Products/Debug-iphonesimulator/TasteBuddy.app/TasteBuddy --scan-folder /tmp/TasteBuddyHomeQuestionsQA/Build/Products/Debug-iphonesimulator/TasteBuddy.app/Frameworks --scan-folder /tmp/TasteBuddyHomeQuestionsQA/Build/Products/Debug-iphonesimulator/TasteBuddy.app/PlugIns --scan-folder /tmp/TasteBuddyHomeQuestionsQA/Build/Products/Debug-iphonesimulator/TasteBuddy.app/SystemExtensions --scan-folder /tmp/TasteBuddyHomeQuestionsQA/Build/Products/Debug-iphonesimulator/TasteBuddy.app/Extensions --platform iphonesimulator --toolchain /Applications/Xcode.app/Contents/Developer/Toolchains/XcodeDefault.xctoolchain --destination /tmp/TasteBuddyHomeQuestionsQA/Build/Products/Debug-iphonesimulator/TasteBuddy.app/Frameworks --strip-bitcode --strip-bitcode-tool /Applications/Xcode.app/Contents/Developer/Toolchains/XcodeDefault.xctoolchain/usr/bin/bitcode_strip --emit-dependency-info /tmp/TasteBuddyHomeQuestionsQA/Build/Intermediates.noindex/TasteBuddy.build/Debug-iphonesimulator/TasteBuddy.build/SwiftStdLibToolInputDependencies.dep --filter-for-swift-os
Ignoring --strip-bitcode because --sign was not passed

ExtractAppIntentsMetadata (in target 'TasteBuddy' from project 'TasteBuddy')
    cd /Users/sinjunho/Desktop/Taste\ Buddy/ios
    /Applications/Xcode.app/Contents/Developer/Toolchains/XcodeDefault.xctoolchain/usr/bin/appintentsmetadataprocessor --toolchain-dir /Applications/Xcode.app/Contents/Developer/Toolchains/XcodeDefault.xctoolchain --module-name TasteBuddy --sdk-root /Applications/Xcode.app/Contents/Developer/Platforms/iPhoneSimulator.platform/Developer/SDKs/iPhoneSimulator26.5.sdk --xcode-version 17F113 --platform-family iOS --deployment-target 17.0 --bundle-identifier com.juneh96.tastebuddy.ios --output /tmp/TasteBuddyHomeQuestionsQA/Build/Products/Debug-iphonesimulator/TasteBuddy.app --target-triple x86_64-apple-ios17.0-simulator --binary-file /tmp/TasteBuddyHomeQuestionsQA/Build/Products/Debug-iphonesimulator/TasteBuddy.app/TasteBuddy --dependency-file /tmp/TasteBuddyHomeQuestionsQA/Build/Intermediates.noindex/TasteBuddy.build/Debug-iphonesimulator/TasteBuddy.build/Objects-normal/x86_64/TasteBuddy_dependency_info.dat --stringsdata-file /tmp/TasteBuddyHomeQuestionsQA/Build/Intermediates.noindex/TasteBuddy.build/Debug-iphonesimulator/TasteBuddy.build/Objects-normal/x86_64/ExtractedAppShortcutsMetadata.stringsdata --source-file-list /tmp/TasteBuddyHomeQuestionsQA/Build/Intermediates.noindex/TasteBuddy.build/Debug-iphonesimulator/TasteBuddy.build/Objects-normal/x86_64/TasteBuddy.SwiftFileList --metadata-file-list /tmp/TasteBuddyHomeQuestionsQA/Build/Intermediates.noindex/TasteBuddy.build/Debug-iphonesimulator/TasteBuddy.build/TasteBuddy.DependencyMetadataFileList --static-metadata-file-list /tmp/TasteBuddyHomeQuestionsQA/Build/Intermediates.noindex/TasteBuddy.build/Debug-iphonesimulator/TasteBuddy.build/TasteBuddy.DependencyStaticMetadataFileList --swift-const-vals-list /tmp/TasteBuddyHomeQuestionsQA/Build/Intermediates.noindex/TasteBuddy.build/Debug-iphonesimulator/TasteBuddy.build/Objects-normal/x86_64/TasteBuddy.SwiftConstValuesFileList --compile-time-extraction --deployment-aware-processing --validate-assistant-intents --no-app-shortcuts-localization
2026-09-13 16:20:45.254 appintentsmetadataprocessor[83666:4055633] Starting appintentsmetadataprocessor export
2026-09-13 16:20:45.270 appintentsmetadataprocessor[83666:4055633] warning: Metadata extraction skipped. No AppIntents.framework dependency found.

GenerateDSYMFile /tmp/TasteBuddyHomeQuestionsQA/Build/Products/Debug-iphonesimulator/TasteBuddy.app.dSYM /tmp/TasteBuddyHomeQuestionsQA/Build/Products/Debug-iphonesimulator/TasteBuddy.app/TasteBuddy (in target 'TasteBuddy' from project 'TasteBuddy')
    cd /Users/sinjunho/Desktop/Taste\ Buddy/ios
    /Applications/Xcode.app/Contents/Developer/Toolchains/XcodeDefault.xctoolchain/usr/bin/dsymutil /tmp/TasteBuddyHomeQuestionsQA/Build/Products/Debug-iphonesimulator/TasteBuddy.app/TasteBuddy -o /tmp/TasteBuddyHomeQuestionsQA/Build/Products/Debug-iphonesimulator/TasteBuddy.app.dSYM

AppIntentsSSUTraining (in target 'TasteBuddy' from project 'TasteBuddy')
    cd /Users/sinjunho/Desktop/Taste\ Buddy/ios
    /Applications/Xcode.app/Contents/Developer/Toolchains/XcodeDefault.xctoolchain/usr/bin/appintentsnltrainingprocessor --infoplist-path /tmp/TasteBuddyHomeQuestionsQA/Build/Products/Debug-iphonesimulator/TasteBuddy.app/Info.plist --temp-dir-path /tmp/TasteBuddyHomeQuestionsQA/Build/Intermediates.noindex/TasteBuddy.build/Debug-iphonesimulator/TasteBuddy.build/ssu --bundle-id com.juneh96.tastebuddy.ios --product-path /tmp/TasteBuddyHomeQuestionsQA/Build/Products/Debug-iphonesimulator/TasteBuddy.app --extracted-metadata-path /tmp/TasteBuddyHomeQuestionsQA/Build/Products/Debug-iphonesimulator/TasteBuddy.app/Metadata.appintents --metadata-file-list /tmp/TasteBuddyHomeQuestionsQA/Build/Intermediates.noindex/TasteBuddy.build/Debug-iphonesimulator/TasteBuddy.build/TasteBuddy.DependencyMetadataFileList --source-file /tmp/TasteBuddyHomeQuestionsQA/Build/Products/Debug-iphonesimulator/TasteBuddy.app/Info.plist --archive-ssu-assets
2026-09-13 16:20:45.352 appintentsnltrainingprocessor[83667:4055635] Parsing options for appintentsnltrainingprocessor
2026-09-13 16:20:45.354 appintentsnltrainingprocessor[83667:4055635] Starting AppIntents SSU YAML Generation
2026-09-13 16:20:45.361 appintentsnltrainingprocessor[83667:4055635] No AppShortcuts found - Skipping.

Copy /tmp/TasteBuddyHomeQuestionsQA/Build/Products/Debug-iphonesimulator/TasteBuddy.app/PlugIns/TasteBuddyTests.xctest/swift-crypto_Crypto.bundle /tmp/TasteBuddyHomeQuestionsQA/Build/Products/Debug-iphonesimulator/swift-crypto_Crypto.bundle (in target 'TasteBuddyTests' from project 'TasteBuddy')
    cd /Users/sinjunho/Desktop/Taste\ Buddy/ios
    builtin-copy -exclude .DS_Store -exclude CVS -exclude .svn -exclude .git -exclude .hg -strip-unsigned-binaries -strip-deterministic -strip-tool /Applications/Xcode.app/Contents/Developer/Toolchains/XcodeDefault.xctoolchain/usr/bin/strip -resolve-src-symlinks /tmp/TasteBuddyHomeQuestionsQA/Build/Products/Debug-iphonesimulator/swift-crypto_Crypto.bundle /tmp/TasteBuddyHomeQuestionsQA/Build/Products/Debug-iphonesimulator/TasteBuddy.app/PlugIns/TasteBuddyTests.xctest

Ld /tmp/TasteBuddyHomeQuestionsQA/Build/Products/Debug-iphonesimulator/TasteBuddy.app/PlugIns/TasteBuddyTests.xctest/TasteBuddyTests normal (in target 'TasteBuddyTests' from project 'TasteBuddy')
    cd /Users/sinjunho/Desktop/Taste\ Buddy/ios
    /Applications/Xcode.app/Contents/Developer/Toolchains/XcodeDefault.xctoolchain/usr/bin/clang -Xlinker -reproducible -target x86_64-apple-ios17.0-simulator -bundle -isysroot /Applications/Xcode.app/Contents/Developer/Platforms/iPhoneSimulator.platform/Developer/SDKs/iPhoneSimulator26.5.sdk -Os -L/tmp/TasteBuddyHomeQuestionsQA/Build/Intermediates.noindex/EagerLinkingTBDs/Debug-iphonesimulator -L/tmp/TasteBuddyHomeQuestionsQA/Build/Products/Debug-iphonesimulator -L/Applications/Xcode.app/Contents/Developer/Platforms/iPhoneSimulator.platform/Developer/usr/lib -F/tmp/TasteBuddyHomeQuestionsQA/Build/Intermediates.noindex/EagerLinkingTBDs/Debug-iphonesimulator -F/tmp/TasteBuddyHomeQuestionsQA/Build/Products/Debug-iphonesimulator/PackageFrameworks -F/tmp/TasteBuddyHomeQuestionsQA/Build/Products/Debug-iphonesimulator/PackageFrameworks -F/tmp/TasteBuddyHomeQuestionsQA/Build/Products/Debug-iphonesimulator/PackageFrameworks -F/tmp/TasteBuddyHomeQuestionsQA/Build/Products/Debug-iphonesimulator/PackageFrameworks -F/tmp/TasteBuddyHomeQuestionsQA/Build/Products/Debug-iphonesimulator/PackageFrameworks -F/tmp/TasteBuddyHomeQuestionsQA/Build/Products/Debug-iphonesimulator/PackageFrameworks -F/tmp/TasteBuddyHomeQuestionsQA/Build/Products/Debug-iphonesimulator/PackageFrameworks -F/tmp/TasteBuddyHomeQuestionsQA/Build/Products/Debug-iphonesimulator/PackageFrameworks -F/tmp/TasteBuddyHomeQuestionsQA/Build/Products/Debug-iphonesimulator/PackageFrameworks -F/tmp/TasteBuddyHomeQuestionsQA/Build/Products/Debug-iphonesimulator/PackageFrameworks -F/tmp/TasteBuddyHomeQuestionsQA/Build/Products/Debug-iphonesimulator/PackageFrameworks -F/tmp/TasteBuddyHomeQuestionsQA/Build/Products/Debug-iphonesimulator/PackageFrameworks -F/tmp/TasteBuddyHomeQuestionsQA/Build/Products/Debug-iphonesimulator/PackageFrameworks -F/tmp/TasteBuddyHomeQuestionsQA/Build/Products/Debug-iphonesimulator/PackageFrameworks -F/tmp/TasteBuddyHomeQuestionsQA/Build/Products/Debug-iphonesimulator/PackageFrameworks -F/tmp/TasteBuddyHomeQuestionsQA/Build/Products/Debug-iphonesimulator/PackageFrameworks -F/tmp/TasteBuddyHomeQuestionsQA/Build/Products/Debug-iphonesimulator -iframework /Applications/Xcode.app/Contents/Developer/Platforms/iPhoneSimulator.platform/Developer/Library/Frameworks -iframework /Applications/Xcode.app/Contents/Developer/Platforms/iPhoneSimulator.platform/Developer/SDKs/iPhoneSimulator26.5.sdk/Developer/Library/Frameworks -filelist /tmp/TasteBuddyHomeQuestionsQA/Build/Intermediates.noindex/TasteBuddy.build/Debug-iphonesimulator/TasteBuddyTests.build/Objects-normal/x86_64/TasteBuddyTests.LinkFileList -Xlinker -rpath -Xlinker /usr/lib/swift -Xlinker -rpath -Xlinker /tmp/TasteBuddyHomeQuestionsQA/Build/Products/Debug-iphonesimulator/PackageFrameworks -Xlinker -rpath -Xlinker @loader_path/Frameworks -Xlinker -rpath -Xlinker @executable_path/Frameworks -Xlinker -dead_strip -bundle_loader /tmp/TasteBuddyHomeQuestionsQA/Build/Products/Debug-iphonesimulator/TasteBuddy.app/TasteBuddy -Xlinker -object_path_lto -Xlinker /tmp/TasteBuddyHomeQuestionsQA/Build/Intermediates.noindex/TasteBuddy.build/Debug-iphonesimulator/TasteBuddyTests.build/Objects-normal/x86_64/TasteBuddyTests_lto.o -rdynamic -Xlinker -objc_abi_version -Xlinker 2 -Xlinker -dependency_info -Xlinker /tmp/TasteBuddyHomeQuestionsQA/Build/Intermediates.noindex/TasteBuddy.build/Debug-iphonesimulator/TasteBuddyTests.build/Objects-normal/x86_64/TasteBuddyTests_dependency_info.dat -fobjc-link-runtime -L/Applications/Xcode.app/Contents/Developer/Toolchains/XcodeDefault.xctoolchain/usr/lib/swift/iphonesimulator -L/usr/lib/swift -Xlinker -add_ast_path -Xlinker /tmp/TasteBuddyHomeQuestionsQA/Build/Intermediates.noindex/TasteBuddy.build/Debug-iphonesimulator/TasteBuddyTests.build/Objects-normal/x86_64/TasteBuddyTests.swiftmodule @/tmp/TasteBuddyHomeQuestionsQA/Build/Intermediates.noindex/TasteBuddy.build/Debug-iphonesimulator/TasteBuddyTests.build/Objects-normal/x86_64/TasteBuddyTests-linker-args.resp -Wl,-no_warn_duplicate_libraries -Wl,-no_warn_duplicate_libraries -Wl,-no_warn_duplicate_libraries -Wl,-no_warn_duplicate_libraries -Wl,-no_warn_duplicate_libraries -Wl,-no_warn_duplicate_libraries -Wl,-no_warn_duplicate_libraries -Wl,-no_warn_duplicate_libraries -Wl,-no_warn_duplicate_libraries -Wl,-no_warn_duplicate_libraries -Wl,-no_warn_duplicate_libraries -Wl,-no_warn_duplicate_libraries -Wl,-no_warn_duplicate_libraries -Wl,-no_warn_duplicate_libraries -Wl,-no_warn_duplicate_libraries -Wl,-no_warn_duplicate_libraries -Xlinker -needed_framework -Xlinker XCTest -framework XCTest -Xlinker -needed-lXCTestSwiftSupport -lXCTestSwiftSupport -o /tmp/TasteBuddyHomeQuestionsQA/Build/Products/Debug-iphonesimulator/TasteBuddy.app/PlugIns/TasteBuddyTests.xctest/TasteBuddyTests

ProcessInfoPlistFile /tmp/TasteBuddyHomeQuestionsQA/Build/Products/Debug-iphonesimulator/TasteBuddy.app/PlugIns/TasteBuddyTests.xctest/Info.plist /tmp/TasteBuddyHomeQuestionsQA/Build/Intermediates.noindex/TasteBuddy.build/Debug-iphonesimulator/TasteBuddyTests.build/empty-TasteBuddyTests.plist (in target 'TasteBuddyTests' from project 'TasteBuddy')
    cd /Users/sinjunho/Desktop/Taste\ Buddy/ios
    builtin-infoPlistUtility /tmp/TasteBuddyHomeQuestionsQA/Build/Intermediates.noindex/TasteBuddy.build/Debug-iphonesimulator/TasteBuddyTests.build/empty-TasteBuddyTests.plist -producttype com.apple.product-type.bundle.unit-test -expandbuildsettings -format binary -platform iphonesimulator -scanforprivacyfile /tmp/TasteBuddyHomeQuestionsQA/Build/Products/Debug-iphonesimulator/TasteBuddy.app/PlugIns/TasteBuddyTests.xctest/swift-crypto_Crypto.bundle -o /tmp/TasteBuddyHomeQuestionsQA/Build/Products/Debug-iphonesimulator/TasteBuddy.app/PlugIns/TasteBuddyTests.xctest/Info.plist

CopySwiftLibs /tmp/TasteBuddyHomeQuestionsQA/Build/Products/Debug-iphonesimulator/TasteBuddy.app/PlugIns/TasteBuddyTests.xctest (in target 'TasteBuddyTests' from project 'TasteBuddy')
    cd /Users/sinjunho/Desktop/Taste\ Buddy/ios
    builtin-swiftStdLibTool --copy --verbose --scan-executable /tmp/TasteBuddyHomeQuestionsQA/Build/Products/Debug-iphonesimulator/TasteBuddy.app/PlugIns/TasteBuddyTests.xctest/TasteBuddyTests --scan-folder /tmp/TasteBuddyHomeQuestionsQA/Build/Products/Debug-iphonesimulator/TasteBuddy.app/PlugIns/TasteBuddyTests.xctest/Frameworks --scan-folder /tmp/TasteBuddyHomeQuestionsQA/Build/Products/Debug-iphonesimulator/TasteBuddy.app/PlugIns/TasteBuddyTests.xctest/PlugIns --scan-folder /tmp/TasteBuddyHomeQuestionsQA/Build/Products/Debug-iphonesimulator/TasteBuddy.app/PlugIns/TasteBuddyTests.xctest/SystemExtensions --scan-folder /tmp/TasteBuddyHomeQuestionsQA/Build/Products/Debug-iphonesimulator/TasteBuddy.app/PlugIns/TasteBuddyTests.xctest/Extensions --platform iphonesimulator --toolchain /Applications/Xcode.app/Contents/Developer/Toolchains/XcodeDefault.xctoolchain --destination /tmp/TasteBuddyHomeQuestionsQA/Build/Products/Debug-iphonesimulator/TasteBuddy.app/PlugIns/TasteBuddyTests.xctest/Frameworks --strip-bitcode --scan-executable /Applications/Xcode.app/Contents/Developer/Platforms/iPhoneSimulator.platform/Developer/usr/lib/libXCTestSwiftSupport.dylib --strip-bitcode-tool /Applications/Xcode.app/Contents/Developer/Toolchains/XcodeDefault.xctoolchain/usr/bin/bitcode_strip --emit-dependency-info /tmp/TasteBuddyHomeQuestionsQA/Build/Intermediates.noindex/TasteBuddy.build/Debug-iphonesimulator/TasteBuddyTests.build/SwiftStdLibToolInputDependencies.dep --filter-for-swift-os
Ignoring --strip-bitcode because --sign was not passed

ExtractAppIntentsMetadata (in target 'TasteBuddyTests' from project 'TasteBuddy')
    cd /Users/sinjunho/Desktop/Taste\ Buddy/ios
    /Applications/Xcode.app/Contents/Developer/Toolchains/XcodeDefault.xctoolchain/usr/bin/appintentsmetadataprocessor --toolchain-dir /Applications/Xcode.app/Contents/Developer/Toolchains/XcodeDefault.xctoolchain --module-name TasteBuddyTests --sdk-root /Applications/Xcode.app/Contents/Developer/Platforms/iPhoneSimulator.platform/Developer/SDKs/iPhoneSimulator26.5.sdk --xcode-version 17F113 --platform-family iOS --deployment-target 17.0 --bundle-identifier com.tastebuddy.ios.tests --output /tmp/TasteBuddyHomeQuestionsQA/Build/Products/Debug-iphonesimulator/TasteBuddy.app/PlugIns/TasteBuddyTests.xctest --target-triple x86_64-apple-ios17.0-simulator --binary-file /tmp/TasteBuddyHomeQuestionsQA/Build/Products/Debug-iphonesimulator/TasteBuddy.app/PlugIns/TasteBuddyTests.xctest/TasteBuddyTests --dependency-file /tmp/TasteBuddyHomeQuestionsQA/Build/Intermediates.noindex/TasteBuddy.build/Debug-iphonesimulator/TasteBuddyTests.build/Objects-normal/x86_64/TasteBuddyTests_dependency_info.dat --stringsdata-file /tmp/TasteBuddyHomeQuestionsQA/Build/Intermediates.noindex/TasteBuddy.build/Debug-iphonesimulator/TasteBuddyTests.build/Objects-normal/x86_64/ExtractedAppShortcutsMetadata.stringsdata --source-file-list /tmp/TasteBuddyHomeQuestionsQA/Build/Intermediates.noindex/TasteBuddy.build/Debug-iphonesimulator/TasteBuddyTests.build/Objects-normal/x86_64/TasteBuddyTests.SwiftFileList --metadata-file-list /tmp/TasteBuddyHomeQuestionsQA/Build/Intermediates.noindex/TasteBuddy.build/Debug-iphonesimulator/TasteBuddyTests.build/TasteBuddyTests.DependencyMetadataFileList --static-metadata-file-list /tmp/TasteBuddyHomeQuestionsQA/Build/Intermediates.noindex/TasteBuddy.build/Debug-iphonesimulator/TasteBuddyTests.build/TasteBuddyTests.DependencyStaticMetadataFileList --swift-const-vals-list /tmp/TasteBuddyHomeQuestionsQA/Build/Intermediates.noindex/TasteBuddy.build/Debug-iphonesimulator/TasteBuddyTests.build/Objects-normal/x86_64/TasteBuddyTests.SwiftConstValuesFileList --compile-time-extraction --deployment-aware-processing --validate-assistant-intents --no-app-shortcuts-localization
2026-09-13 16:20:56.543 appintentsmetadataprocessor[83678:4055902] Starting appintentsmetadataprocessor export
2026-09-13 16:20:56.571 appintentsmetadataprocessor[83678:4055902] warning: Metadata extraction skipped. No AppIntents.framework dependency found.

GenerateDSYMFile /tmp/TasteBuddyHomeQuestionsQA/Build/Products/Debug-iphonesimulator/TasteBuddy.app/PlugIns/TasteBuddyTests.xctest.dSYM /tmp/TasteBuddyHomeQuestionsQA/Build/Products/Debug-iphonesimulator/TasteBuddy.app/PlugIns/TasteBuddyTests.xctest/TasteBuddyTests (in target 'TasteBuddyTests' from project 'TasteBuddy')
    cd /Users/sinjunho/Desktop/Taste\ Buddy/ios
    /Applications/Xcode.app/Contents/Developer/Toolchains/XcodeDefault.xctoolchain/usr/bin/dsymutil /tmp/TasteBuddyHomeQuestionsQA/Build/Products/Debug-iphonesimulator/TasteBuddy.app/PlugIns/TasteBuddyTests.xctest/TasteBuddyTests -o /tmp/TasteBuddyHomeQuestionsQA/Build/Products/Debug-iphonesimulator/TasteBuddy.app/PlugIns/TasteBuddyTests.xctest.dSYM

AppIntentsSSUTraining (in target 'TasteBuddyTests' from project 'TasteBuddy')
    cd /Users/sinjunho/Desktop/Taste\ Buddy/ios
    /Applications/Xcode.app/Contents/Developer/Toolchains/XcodeDefault.xctoolchain/usr/bin/appintentsnltrainingprocessor --infoplist-path /tmp/TasteBuddyHomeQuestionsQA/Build/Products/Debug-iphonesimulator/TasteBuddy.app/PlugIns/TasteBuddyTests.xctest/Info.plist --temp-dir-path /tmp/TasteBuddyHomeQuestionsQA/Build/Intermediates.noindex/TasteBuddy.build/Debug-iphonesimulator/TasteBuddyTests.build/ssu --bundle-id com.tastebuddy.ios.tests --product-path /tmp/TasteBuddyHomeQuestionsQA/Build/Products/Debug-iphonesimulator/TasteBuddy.app/PlugIns/TasteBuddyTests.xctest --extracted-metadata-path /tmp/TasteBuddyHomeQuestionsQA/Build/Products/Debug-iphonesimulator/TasteBuddy.app/PlugIns/TasteBuddyTests.xctest/Metadata.appintents --metadata-file-list /tmp/TasteBuddyHomeQuestionsQA/Build/Intermediates.noindex/TasteBuddy.build/Debug-iphonesimulator/TasteBuddyTests.build/TasteBuddyTests.DependencyMetadataFileList --source-file /tmp/TasteBuddyHomeQuestionsQA/Build/Products/Debug-iphonesimulator/TasteBuddy.app/PlugIns/TasteBuddyTests.xctest/Info.plist --archive-ssu-assets
2026-09-13 16:20:56.860 appintentsnltrainingprocessor[83680:4055907] Parsing options for appintentsnltrainingprocessor
2026-09-13 16:20:56.883 appintentsnltrainingprocessor[83680:4055907] Starting AppIntents SSU YAML Generation
2026-09-13 16:20:56.884 appintentsnltrainingprocessor[83680:4055907] No AppShortcuts found - Skipping.

RegisterExecutionPolicyException /tmp/TasteBuddyHomeQuestionsQA/Build/Products/Debug-iphonesimulator/TasteBuddy.app/PlugIns/TasteBuddyTests.xctest (in target 'TasteBuddyTests' from project 'TasteBuddy')
    cd /Users/sinjunho/Desktop/Taste\ Buddy/ios
    builtin-RegisterExecutionPolicyException /tmp/TasteBuddyHomeQuestionsQA/Build/Products/Debug-iphonesimulator/TasteBuddy.app/PlugIns/TasteBuddyTests.xctest

Touch /tmp/TasteBuddyHomeQuestionsQA/Build/Products/Debug-iphonesimulator/TasteBuddy.app/PlugIns/TasteBuddyTests.xctest (in target 'TasteBuddyTests' from project 'TasteBuddy')
    cd /Users/sinjunho/Desktop/Taste\ Buddy/ios
    /usr/bin/touch -c /tmp/TasteBuddyHomeQuestionsQA/Build/Products/Debug-iphonesimulator/TasteBuddy.app/PlugIns/TasteBuddyTests.xctest

RegisterExecutionPolicyException /tmp/TasteBuddyHomeQuestionsQA/Build/Products/Debug-iphonesimulator/TasteBuddy.app (in target 'TasteBuddy' from project 'TasteBuddy')
    cd /Users/sinjunho/Desktop/Taste\ Buddy/ios
    builtin-RegisterExecutionPolicyException /tmp/TasteBuddyHomeQuestionsQA/Build/Products/Debug-iphonesimulator/TasteBuddy.app

Validate /tmp/TasteBuddyHomeQuestionsQA/Build/Products/Debug-iphonesimulator/TasteBuddy.app (in target 'TasteBuddy' from project 'TasteBuddy')
    cd /Users/sinjunho/Desktop/Taste\ Buddy/ios
    builtin-validationUtility /tmp/TasteBuddyHomeQuestionsQA/Build/Products/Debug-iphonesimulator/TasteBuddy.app -shallow-bundle -infoplist-subpath Info.plist

Touch /tmp/TasteBuddyHomeQuestionsQA/Build/Products/Debug-iphonesimulator/TasteBuddy.app (in target 'TasteBuddy' from project 'TasteBuddy')
    cd /Users/sinjunho/Desktop/Taste\ Buddy/ios
    /usr/bin/touch -c /tmp/TasteBuddyHomeQuestionsQA/Build/Products/Debug-iphonesimulator/TasteBuddy.app

Test Suite 'Selected tests' started at 2026-09-13 16:27:30.775.
Test Suite 'TasteBuddyTests.xctest' started at 2026-09-13 16:27:30.777.
Test Suite 'HomeSummaryEngineTests' started at 2026-09-13 16:27:30.778.
Test Case '-[TasteBuddyTests.HomeSummaryEngineTests testEmptyEntriesReturnAllSummaryKindsAndExplicitEmptyState]' started.
Test Case '-[TasteBuddyTests.HomeSummaryEngineTests testEmptyEntriesReturnAllSummaryKindsAndExplicitEmptyState]' passed (0.008 seconds).
Test Case '-[TasteBuddyTests.HomeSummaryEngineTests testJournalBucketsUseCalendarDayBoundariesAndExcludeFutureEntries]' started.
Test Case '-[TasteBuddyTests.HomeSummaryEngineTests testJournalBucketsUseCalendarDayBoundariesAndExcludeFutureEntries]' passed (0.003 seconds).
Test Case '-[TasteBuddyTests.HomeSummaryEngineTests testMetricsAggregateRecordsBreadthAndCatalogTasteLabel]' started.
Test Case '-[TasteBuddyTests.HomeSummaryEngineTests testMetricsAggregateRecordsBreadthAndCatalogTasteLabel]' passed (0.036 seconds).
Test Case '-[TasteBuddyTests.HomeSummaryEngineTests testRatingDoesNotChangeSummaryMetrics]' started.
Test Case '-[TasteBuddyTests.HomeSummaryEngineTests testRatingDoesNotChangeSummaryMetrics]' passed (0.003 seconds).
Test Case '-[TasteBuddyTests.HomeSummaryEngineTests testSingleRecordUsesEvidenceBasedMetricNames]' started.
Test Case '-[TasteBuddyTests.HomeSummaryEngineTests testSingleRecordUsesEvidenceBasedMetricNames]' passed (0.003 seconds).
Test Case '-[TasteBuddyTests.HomeSummaryEngineTests testTiesPreferTheMostRecentOccurrenceBeforeStableStringOrder]' started.
Test Case '-[TasteBuddyTests.HomeSummaryEngineTests testTiesPreferTheMostRecentOccurrenceBeforeStableStringOrder]' passed (0.003 seconds).
Test Case '-[TasteBuddyTests.HomeSummaryEngineTests testTiesWithTheSameLatestDateUseStableStringOrder]' started.
Test Case '-[TasteBuddyTests.HomeSummaryEngineTests testTiesWithTheSameLatestDateUseStableStringOrder]' passed (0.004 seconds).
Test Suite 'HomeSummaryEngineTests' passed at 2026-09-13 16:27:31.041.
	 Executed 7 tests, with 0 failures (0 unexpected) in 0.061 (0.263) seconds
Test Suite 'PersonalTasteQuestionResolutionTests' started at 2026-09-13 16:27:31.042.
Test Case '-[TasteBuddyTests.PersonalTasteQuestionResolutionTests testCapturedSaveCannotResolveEvenWhenRawSelectionContainsIntensity]' started.
Test Case '-[TasteBuddyTests.PersonalTasteQuestionResolutionTests testCapturedSaveCannotResolveEvenWhenRawSelectionContainsIntensity]' passed (0.072 seconds).
Test Case '-[TasteBuddyTests.PersonalTasteQuestionResolutionTests testClarificationUnrelatedSweetnessSaveCannotResolveMissingSourIntensity]' started.
Test Case '-[TasteBuddyTests.PersonalTasteQuestionResolutionTests testClarificationUnrelatedSweetnessSaveCannotResolveMissingSourIntensity]' passed (0.102 seconds).
Test Case '-[TasteBuddyTests.PersonalTasteQuestionResolutionTests testDeletedOrDifferentOriginalEntryCannotBeResurrectedThroughQuestionSave]' started.
Test Case '-[TasteBuddyTests.PersonalTasteQuestionResolutionTests testDeletedOrDifferentOriginalEntryCannotBeResurrectedThroughQuestionSave]' passed (0.050 seconds).
Test Case '-[TasteBuddyTests.PersonalTasteQuestionResolutionTests testDifferentKnownTargetOrPhaseDoesNotAnswerOriginalScopedQuestion]' started.
Test Case '-[TasteBuddyTests.PersonalTasteQuestionResolutionTests testDifferentKnownTargetOrPhaseDoesNotAnswerOriginalScopedQuestion]' passed (0.165 seconds).
Test Case '-[TasteBuddyTests.PersonalTasteQuestionResolutionTests testExplorationCannotOverwriteExistingSourceEntryAsThoughItWereANewMeal]' started.
Test Case '-[TasteBuddyTests.PersonalTasteQuestionResolutionTests testExplorationCannotOverwriteExistingSourceEntryAsThoughItWereANewMeal]' passed (0.093 seconds).
Test Case '-[TasteBuddyTests.PersonalTasteQuestionResolutionTests testExplorationIntensityWithoutScopedLikingStaysOpenAndNewRecordCanBeClarified]' started.
Test Case '-[TasteBuddyTests.PersonalTasteQuestionResolutionTests testExplorationIntensityWithoutScopedLikingStaysOpenAndNewRecordCanBeClarified]' passed (0.656 seconds).
Test Case '-[TasteBuddyTests.PersonalTasteQuestionResolutionTests testExplorationNeedsActualProposedIntensityInNewMealAndPreservesOriginalMeals]' started.
Test Case '-[TasteBuddyTests.PersonalTasteQuestionResolutionTests testExplorationNeedsActualProposedIntensityInNewMealAndPreservesOriginalMeals]' passed (0.366 seconds).
Test Case '-[TasteBuddyTests.PersonalTasteQuestionResolutionTests testHomeBatchLimitsMenusAndDoesNotRefillAfterAnswering]' started.
Test Case '-[TasteBuddyTests.PersonalTasteQuestionResolutionTests testHomeBatchLimitsMenusAndDoesNotRefillAfterAnswering]' passed (0.497 seconds).
Test Case '-[TasteBuddyTests.PersonalTasteQuestionResolutionTests testImmediateAnswerUndoRestoresQuestionAndRejectsChangedRecord]' started.
Test Case '-[TasteBuddyTests.PersonalTasteQuestionResolutionTests testImmediateAnswerUndoRestoresQuestionAndRejectsChangedRecord]' passed (0.129 seconds).
Test Case '-[TasteBuddyTests.PersonalTasteQuestionResolutionTests testInlineAnswerCannotConvertFutureExplorationIntoAnOldMealResponse]' started.
Test Case '-[TasteBuddyTests.PersonalTasteQuestionResolutionTests testInlineAnswerCannotConvertFutureExplorationIntoAnOldMealResponse]' passed (0.101 seconds).
Test Case '-[TasteBuddyTests.PersonalTasteQuestionResolutionTests testInlineAnswerRejectsInvalidValuesAndDoesNotOverwriteExistingAnswer]' started.
Test Case '-[TasteBuddyTests.PersonalTasteQuestionResolutionTests testInlineAnswerRejectsInvalidValuesAndDoesNotOverwriteExistingAnswer]' passed (0.035 seconds).
Test Case '-[TasteBuddyTests.PersonalTasteQuestionResolutionTests testInlineAnswerUpdatesOnlyMissingFacetAndResolvesThroughExistingSave]' started.
Test Case '-[TasteBuddyTests.PersonalTasteQuestionResolutionTests testInlineAnswerUpdatesOnlyMissingFacetAndResolvesThroughExistingSave]' passed (0.356 seconds).
Test Case '-[TasteBuddyTests.PersonalTasteQuestionResolutionTests testQuestionMediaUsesOnlyItsSourceMealAndNeverAFutureMeal]' started.
Test Case '-[TasteBuddyTests.PersonalTasteQuestionResolutionTests testQuestionMediaUsesOnlyItsSourceMealAndNeverAFutureMeal]' passed (1.114 seconds).
Test Case '-[TasteBuddyTests.PersonalTasteQuestionResolutionTests testQueuedQuestionKeepsRankingAndCanBeAnsweredIndependently]' started.
Test Case '-[TasteBuddyTests.PersonalTasteQuestionResolutionTests testQueuedQuestionKeepsRankingAndCanBeAnsweredIndependently]' passed (0.944 seconds).
Test Case '-[TasteBuddyTests.PersonalTasteQuestionResolutionTests testSameAttributeOnAnotherSelectionDoesNotResolveTheChosenSource]' started.
Test Case '-[TasteBuddyTests.PersonalTasteQuestionResolutionTests testSameAttributeOnAnotherSelectionDoesNotResolveTheChosenSource]' passed (0.729 seconds).
Test Case '-[TasteBuddyTests.PersonalTasteQuestionResolutionTests testTextClarificationRequiresATextResponseForItsOriginalEvidence]' started.
Test Case '-[TasteBuddyTests.PersonalTasteQuestionResolutionTests testTextClarificationRequiresATextResponseForItsOriginalEvidence]' passed (0.735 seconds).
Test Case '-[TasteBuddyTests.PersonalTasteQuestionResolutionTests testUnknownSelectionVersionValueAndLabelCannotResolveQuestion]' started.
Test Case '-[TasteBuddyTests.PersonalTasteQuestionResolutionTests testUnknownSelectionVersionValueAndLabelCannotResolveQuestion]' passed (0.962 seconds).
Test Case '-[TasteBuddyTests.PersonalTasteQuestionResolutionTests testValidOriginalSourceCompletionUpdatesSameEntryAndResolvesWithActualEvidence]' started.
Test Case '-[TasteBuddyTests.PersonalTasteQuestionResolutionTests testValidOriginalSourceCompletionUpdatesSameEntryAndResolvesWithActualEvidence]' passed (0.929 seconds).
Test Suite 'PersonalTasteQuestionResolutionTests' passed at 2026-09-13 16:27:39.124.
	 Executed 18 tests, with 0 failures (0 unexpected) in 8.035 (8.082) seconds
Test Suite 'TastePerceptionTests' started at 2026-09-13 16:27:39.127.
Test Case '-[TasteBuddyTests.TastePerceptionTests testChangeScreenUsesScopedPeriodsWithoutInventingMissingValues]' started.
Test Case '-[TasteBuddyTests.TastePerceptionTests testChangeScreenUsesScopedPeriodsWithoutInventingMissingValues]' passed (0.674 seconds).
Test Case '-[TasteBuddyTests.TastePerceptionTests testCompletedMealFlowSeparatesStrengthLikingAndFit]' started.
/Users/sinjunho/Desktop/Taste Buddy/ios/TasteBuddyTests/TastePerceptionTests.swift:46: error: -[TasteBuddyTests.TastePerceptionTests testCompletedMealFlowSeparatesStrengthLikingAndFit] : XCTAssertEqual failed: ("nil") is not equal to ("Optional(2)")
/Users/sinjunho/Desktop/Taste Buddy/ios/TasteBuddyTests/TastePerceptionTests.swift:47: error: -[TasteBuddyTests.TastePerceptionTests testCompletedMealFlowSeparatesStrengthLikingAndFit] : XCTAssertEqual failed: ("0") is not equal to ("3")
Test Case '-[TasteBuddyTests.TastePerceptionTests testCompletedMealFlowSeparatesStrengthLikingAndFit]' failed (72.700 seconds).
Test Case '-[TasteBuddyTests.TastePerceptionTests testSharedEvidenceCases]' started.
Test Case '-[TasteBuddyTests.TastePerceptionTests testSharedEvidenceCases]' passed (2.140 seconds).
Test Case '-[TasteBuddyTests.TastePerceptionTests testSurveyZeroUnknownAndComparableHistory]' started.
Test Case '-[TasteBuddyTests.TastePerceptionTests testSurveyZeroUnknownAndComparableHistory]' passed (0.173 seconds).
Test Suite 'TastePerceptionTests' failed at 2026-09-13 16:28:54.834.
	 Executed 4 tests, with 2 failures (0 unexpected) in 75.688 (75.706) seconds
Test Suite 'TasteBuddyTests.xctest' failed at 2026-09-13 16:28:54.836.
	 Executed 29 tests, with 2 failures (0 unexpected) in 83.783 (84.059) seconds
Test Suite 'Selected tests' failed at 2026-09-13 16:28:54.837.
	 Executed 29 tests, with 2 failures (0 unexpected) in 83.783 (84.061) seconds
2026-09-13 16:41:03.777 xcodebuild[81487:4034785] [MT] IDETestOperationsObserverDebug: 1200.678 elapsed -- Testing started completed.
2026-09-13 16:41:03.778 xcodebuild[81487:4034785] [MT] IDETestOperationsObserverDebug: 0.000 sec, +0.000 sec -- start
2026-09-13 16:41:03.778 xcodebuild[81487:4034785] [MT] IDETestOperationsObserverDebug: 1200.678 sec, +1200.678 sec -- end

Test session results, code coverage, and logs:
	/Users/sinjunho/Desktop/Taste Buddy/output/home-taste-questions/baseline.xcresult

Failing tests:
	TastePerceptionTests.testCompletedMealFlowSeparatesStrengthLikingAndFit()
	TastePerceptionTests.testCompletedMealFlowSeparatesStrengthLikingAndFit()

** TEST FAILED **

Testing started
