Command line invocation:
    /Applications/Xcode.app/Contents/Developer/usr/bin/xcodebuild build-for-testing -project ios/TasteBuddy.xcodeproj -scheme TasteBuddy -destination "platform=iOS Simulator,id=54C3F98C-6BD5-47E0-98E5-DC9C1FCC40C4" -derivedDataPath /tmp/TasteBuddyHomeQuestionsQA -jobs 4 SWIFT_OPTIMIZATION_LEVEL=-Onone "OTHER_SWIFT_FLAGS=$(inherited) -j4" CODE_SIGNING_ALLOWED=NO

Build settings from command line:
    CODE_SIGNING_ALLOWED = NO
    OTHER_SWIFT_FLAGS = $(inherited) -j4
    SWIFT_OPTIMIZATION_LEVEL = -Onone

Resolve Package Graph


Resolved source packages:
  xctest-dynamic-overlay: https://github.com/pointfreeco/xctest-dynamic-overlay @ 1.9.0
  swift-concurrency-extras: https://github.com/pointfreeco/swift-concurrency-extras @ 1.4.0
  VariableBlur: https://github.com/nikstar/VariableBlur @ main (5073a0d)
  ProgressiveBlurHeader: https://github.com/dominikmartn/ProgressiveBlurHeader @ main (0e8c29b)
  swift-crypto: https://github.com/apple/swift-crypto.git @ 4.5.0
  Supabase: https://github.com/supabase/supabase-swift.git @ 2.46.0
  swift-clocks: https://github.com/pointfreeco/swift-clocks @ 1.0.6
  swift-http-types: https://github.com/apple/swift-http-types.git @ 1.6.0
  swift-asn1: https://github.com/apple/swift-asn1.git @ 1.7.1

Build Preparation
Build task concurrency set to 4 via user default IDEBuildOperationMaxNumberOfConcurrentCompileTasks

ComputePackagePrebuildTargetDependencyGraph

Prepare packages

CreateBuildRequest

SendProjectDescription

CreateBuildOperation

ComputeTargetDependencyGraph
note: Building targets in dependency order
note: Target dependency graph (28 targets)
    Target 'TasteBuddyTests' in project 'TasteBuddy'
        ➜ Explicit dependency on target 'TasteBuddy' in project 'TasteBuddy'
    Target 'TasteBuddy' in project 'TasteBuddy'
        ➜ Explicit dependency on target 'ProgressiveBlurHeader' in project 'ProgressiveBlurHeader'
        ➜ Explicit dependency on target 'VariableBlur' in project 'VariableBlur'
        ➜ Explicit dependency on target 'Supabase' in project 'Supabase'
    Target 'Supabase' in project 'Supabase'
        ➜ Explicit dependency on target 'Supabase' in project 'Supabase'
        ➜ Explicit dependency on target 'Helpers' in project 'Supabase'
        ➜ Explicit dependency on target 'Auth' in project 'Supabase'
        ➜ Explicit dependency on target 'Functions' in project 'Supabase'
        ➜ Explicit dependency on target 'PostgREST' in project 'Supabase'
        ➜ Explicit dependency on target 'Realtime' in project 'Supabase'
        ➜ Explicit dependency on target 'Storage' in project 'Supabase'
        ➜ Explicit dependency on target 'ConcurrencyExtras' in project 'swift-concurrency-extras'
        ➜ Explicit dependency on target 'HTTPTypes' in project 'swift-http-types'
        ➜ Explicit dependency on target 'Clocks' in project 'swift-clocks'
        ➜ Explicit dependency on target 'XCTestDynamicOverlay' in project 'xctest-dynamic-overlay'
        ➜ Explicit dependency on target 'Crypto' in project 'swift-crypto'
        ➜ Explicit dependency on target 'IssueReporting' in project 'xctest-dynamic-overlay'
    Target 'Supabase' in project 'Supabase'
        ➜ Explicit dependency on target 'Helpers' in project 'Supabase'
        ➜ Explicit dependency on target 'Auth' in project 'Supabase'
        ➜ Explicit dependency on target 'Functions' in project 'Supabase'
        ➜ Explicit dependency on target 'PostgREST' in project 'Supabase'
        ➜ Explicit dependency on target 'Realtime' in project 'Supabase'
        ➜ Explicit dependency on target 'Storage' in project 'Supabase'
        ➜ Explicit dependency on target 'ConcurrencyExtras' in project 'swift-concurrency-extras'
        ➜ Explicit dependency on target 'HTTPTypes' in project 'swift-http-types'
        ➜ Explicit dependency on target 'Clocks' in project 'swift-clocks'
        ➜ Explicit dependency on target 'XCTestDynamicOverlay' in project 'xctest-dynamic-overlay'
        ➜ Explicit dependency on target 'Crypto' in project 'swift-crypto'
        ➜ Explicit dependency on target 'IssueReporting' in project 'xctest-dynamic-overlay'
    Target 'Storage' in project 'Supabase'
        ➜ Explicit dependency on target 'Helpers' in project 'Supabase'
        ➜ Explicit dependency on target 'ConcurrencyExtras' in project 'swift-concurrency-extras'
        ➜ Explicit dependency on target 'HTTPTypes' in project 'swift-http-types'
        ➜ Explicit dependency on target 'Clocks' in project 'swift-clocks'
        ➜ Explicit dependency on target 'XCTestDynamicOverlay' in project 'xctest-dynamic-overlay'
    Target 'Realtime' in project 'Supabase'
        ➜ Explicit dependency on target 'Helpers' in project 'Supabase'
        ➜ Explicit dependency on target 'ConcurrencyExtras' in project 'swift-concurrency-extras'
        ➜ Explicit dependency on target 'HTTPTypes' in project 'swift-http-types'
        ➜ Explicit dependency on target 'Clocks' in project 'swift-clocks'
        ➜ Explicit dependency on target 'XCTestDynamicOverlay' in project 'xctest-dynamic-overlay'
        ➜ Explicit dependency on target 'IssueReporting' in project 'xctest-dynamic-overlay'
    Target 'PostgREST' in project 'Supabase'
        ➜ Explicit dependency on target 'Helpers' in project 'Supabase'
        ➜ Explicit dependency on target 'ConcurrencyExtras' in project 'swift-concurrency-extras'
        ➜ Explicit dependency on target 'HTTPTypes' in project 'swift-http-types'
        ➜ Explicit dependency on target 'Clocks' in project 'swift-clocks'
        ➜ Explicit dependency on target 'XCTestDynamicOverlay' in project 'xctest-dynamic-overlay'
    Target 'Functions' in project 'Supabase'
        ➜ Explicit dependency on target 'Helpers' in project 'Supabase'
        ➜ Explicit dependency on target 'ConcurrencyExtras' in project 'swift-concurrency-extras'
        ➜ Explicit dependency on target 'HTTPTypes' in project 'swift-http-types'
        ➜ Explicit dependency on target 'Clocks' in project 'swift-clocks'
        ➜ Explicit dependency on target 'XCTestDynamicOverlay' in project 'xctest-dynamic-overlay'
    Target 'Auth' in project 'Supabase'
        ➜ Explicit dependency on target 'Helpers' in project 'Supabase'
        ➜ Explicit dependency on target 'ConcurrencyExtras' in project 'swift-concurrency-extras'
        ➜ Explicit dependency on target 'HTTPTypes' in project 'swift-http-types'
        ➜ Explicit dependency on target 'Clocks' in project 'swift-clocks'
        ➜ Explicit dependency on target 'XCTestDynamicOverlay' in project 'xctest-dynamic-overlay'
        ➜ Explicit dependency on target 'Crypto' in project 'swift-crypto'
    Target 'Crypto' in project 'swift-crypto'
        ➜ Explicit dependency on target 'Crypto' in project 'swift-crypto'
        ➜ Explicit dependency on target 'swift-crypto_Crypto' in project 'swift-crypto'
    Target 'Crypto' in project 'swift-crypto'
        ➜ Explicit dependency on target 'swift-crypto_Crypto' in project 'swift-crypto'
    Target 'swift-crypto_Crypto' in project 'swift-crypto' (no dependencies)
    Target 'Helpers' in project 'Supabase'
        ➜ Explicit dependency on target 'ConcurrencyExtras' in project 'swift-concurrency-extras'
        ➜ Explicit dependency on target 'HTTPTypes' in project 'swift-http-types'
        ➜ Explicit dependency on target 'Clocks' in project 'swift-clocks'
        ➜ Explicit dependency on target 'XCTestDynamicOverlay' in project 'xctest-dynamic-overlay'
    Target 'XCTestDynamicOverlay' in project 'xctest-dynamic-overlay'
        ➜ Explicit dependency on target 'XCTestDynamicOverlay' in project 'xctest-dynamic-overlay'
        ➜ Explicit dependency on target 'IssueReportingPackageSupport' in project 'xctest-dynamic-overlay'
        ➜ Explicit dependency on target 'IssueReporting' in project 'xctest-dynamic-overlay'
    Target 'XCTestDynamicOverlay' in project 'xctest-dynamic-overlay'
        ➜ Explicit dependency on target 'IssueReportingPackageSupport' in project 'xctest-dynamic-overlay'
        ➜ Explicit dependency on target 'IssueReporting' in project 'xctest-dynamic-overlay'
    Target 'Clocks' in project 'swift-clocks'
        ➜ Explicit dependency on target 'Clocks' in project 'swift-clocks'
        ➜ Explicit dependency on target 'ConcurrencyExtras' in project 'swift-concurrency-extras'
        ➜ Explicit dependency on target 'IssueReporting' in project 'xctest-dynamic-overlay'
    Target 'Clocks' in project 'swift-clocks'
        ➜ Explicit dependency on target 'ConcurrencyExtras' in project 'swift-concurrency-extras'
        ➜ Explicit dependency on target 'IssueReporting' in project 'xctest-dynamic-overlay'
    Target 'IssueReporting' in project 'xctest-dynamic-overlay'
        ➜ Explicit dependency on target 'IssueReporting' in project 'xctest-dynamic-overlay'
        ➜ Explicit dependency on target 'IssueReportingPackageSupport' in project 'xctest-dynamic-overlay'
    Target 'IssueReporting' in project 'xctest-dynamic-overlay'
        ➜ Explicit dependency on target 'IssueReportingPackageSupport' in project 'xctest-dynamic-overlay'
    Target 'IssueReportingPackageSupport' in project 'xctest-dynamic-overlay' (no dependencies)
    Target 'HTTPTypes' in project 'swift-http-types'
        ➜ Explicit dependency on target 'HTTPTypes' in project 'swift-http-types'
    Target 'HTTPTypes' in project 'swift-http-types' (no dependencies)
    Target 'ConcurrencyExtras' in project 'swift-concurrency-extras'
        ➜ Explicit dependency on target 'ConcurrencyExtras' in project 'swift-concurrency-extras'
    Target 'ConcurrencyExtras' in project 'swift-concurrency-extras' (no dependencies)
    Target 'ProgressiveBlurHeader' in project 'ProgressiveBlurHeader'
        ➜ Explicit dependency on target 'ProgressiveBlurHeader' in project 'ProgressiveBlurHeader'
        ➜ Explicit dependency on target 'VariableBlur' in project 'VariableBlur'
    Target 'ProgressiveBlurHeader' in project 'ProgressiveBlurHeader'
        ➜ Explicit dependency on target 'VariableBlur' in project 'VariableBlur'
    Target 'VariableBlur' in project 'VariableBlur'
        ➜ Explicit dependency on target 'VariableBlur' in project 'VariableBlur'
    Target 'VariableBlur' in project 'VariableBlur' (no dependencies)

GatherProvisioningInputs

CreateBuildDescription

ExecuteExternalTool /Applications/Xcode.app/Contents/Developer/Toolchains/XcodeDefault.xctoolchain/usr/bin/swiftc --version

ExecuteExternalTool /Applications/Xcode.app/Contents/Developer/Toolchains/XcodeDefault.xctoolchain/usr/bin/clang -v -E -dM -isysroot /Applications/Xcode.app/Contents/Developer/Platforms/iPhoneSimulator.platform/Developer/SDKs/iPhoneSimulator26.5.sdk -x c -c /dev/null

ExecuteExternalTool /Applications/Xcode.app/Contents/Developer/usr/bin/actool --print-asset-tag-combinations --output-format xml1 /Users/sinjunho/Desktop/Taste Buddy/ios/TasteBuddy/Resources/Assets.xcassets

ExecuteExternalTool /Applications/Xcode.app/Contents/Developer/Toolchains/XcodeDefault.xctoolchain/usr/bin/ld -version_details

ReadFileContents /Applications/Xcode.app/Contents/Developer/Toolchains/XcodeDefault.xctoolchain/usr/share/docc/features.json

ExecuteExternalTool /Applications/Xcode.app/Contents/Developer/usr/bin/actool --version --output-format xml1

Build description signature: 08ef3a707c8a9a3d6f93de1891b2a08c
Build description path: /tmp/TasteBuddyHomeQuestionsQA/Build/Intermediates.noindex/XCBuildData/08ef3a707c8a9a3d6f93de1891b2a08c.xcbuilddata
ClangStatCache /Applications/Xcode.app/Contents/Developer/Toolchains/XcodeDefault.xctoolchain/usr/bin/clang-stat-cache /Applications/Xcode.app/Contents/Developer/Platforms/iPhoneSimulator.platform/Developer/SDKs/iPhoneSimulator26.5.sdk /tmp/TasteBuddyHomeQuestionsQA/SDKStatCaches.noindex/iphonesimulator26.5-23F81a-6cfe768891a92b912361537c460fe42b.sdkstatcache
    cd /Users/sinjunho/Desktop/Taste\ Buddy/ios/TasteBuddy.xcodeproj
    /Applications/Xcode.app/Contents/Developer/Toolchains/XcodeDefault.xctoolchain/usr/bin/clang-stat-cache /Applications/Xcode.app/Contents/Developer/Platforms/iPhoneSimulator.platform/Developer/SDKs/iPhoneSimulator26.5.sdk -o /tmp/TasteBuddyHomeQuestionsQA/SDKStatCaches.noindex/iphonesimulator26.5-23F81a-6cfe768891a92b912361537c460fe42b.sdkstatcache

ProcessInfoPlistFile /tmp/TasteBuddyHomeQuestionsQA/Build/Products/Debug-iphonesimulator/swift-crypto_Crypto.bundle/Info.plist /tmp/TasteBuddyHomeQuestionsQA/Build/Intermediates.noindex/swift-crypto.build/Debug-iphonesimulator/swift-crypto_Crypto.build/empty-swift-crypto_Crypto.plist (in target 'swift-crypto_Crypto' from project 'swift-crypto')
    cd /tmp/TasteBuddyHomeQuestionsQA/SourcePackages/checkouts/swift-crypto
    builtin-infoPlistUtility /tmp/TasteBuddyHomeQuestionsQA/Build/Intermediates.noindex/swift-crypto.build/Debug-iphonesimulator/swift-crypto_Crypto.build/empty-swift-crypto_Crypto.plist -producttype com.apple.product-type.bundle -expandbuildsettings -format binary -platform iphonesimulator -o /tmp/TasteBuddyHomeQuestionsQA/Build/Products/Debug-iphonesimulator/swift-crypto_Crypto.bundle/Info.plist

WriteAuxiliaryFile /tmp/TasteBuddyHomeQuestionsQA/Build/Intermediates.noindex/TasteBuddy.build/Debug-iphonesimulator/TasteBuddy.build/Objects-normal/x86_64/TasteBuddy.SwiftFileList (in target 'TasteBuddy' from project 'TasteBuddy')
    cd /Users/sinjunho/Desktop/Taste\ Buddy/ios
    write-file /tmp/TasteBuddyHomeQuestionsQA/Build/Intermediates.noindex/TasteBuddy.build/Debug-iphonesimulator/TasteBuddy.build/Objects-normal/x86_64/TasteBuddy.SwiftFileList

WriteAuxiliaryFile /tmp/TasteBuddyHomeQuestionsQA/Build/Intermediates.noindex/TasteBuddy.build/Debug-iphonesimulator/TasteBuddy.build/Objects-normal/x86_64/TasteBuddy.LinkFileList (in target 'TasteBuddy' from project 'TasteBuddy')
    cd /Users/sinjunho/Desktop/Taste\ Buddy/ios
    write-file /tmp/TasteBuddyHomeQuestionsQA/Build/Intermediates.noindex/TasteBuddy.build/Debug-iphonesimulator/TasteBuddy.build/Objects-normal/x86_64/TasteBuddy.LinkFileList

WriteAuxiliaryFile /tmp/TasteBuddyHomeQuestionsQA/Build/Intermediates.noindex/TasteBuddy.build/Debug-iphonesimulator/TasteBuddy.build/Objects-normal/x86_64/TasteBuddy-OutputFileMap.json (in target 'TasteBuddy' from project 'TasteBuddy')
    cd /Users/sinjunho/Desktop/Taste\ Buddy/ios
    write-file /tmp/TasteBuddyHomeQuestionsQA/Build/Intermediates.noindex/TasteBuddy.build/Debug-iphonesimulator/TasteBuddy.build/Objects-normal/x86_64/TasteBuddy-OutputFileMap.json

WriteAuxiliaryFile /tmp/TasteBuddyHomeQuestionsQA/Build/Intermediates.noindex/TasteBuddy.build/Debug-iphonesimulator/TasteBuddy.build/Objects-normal/x86_64/TasteBuddy.SwiftConstValuesFileList (in target 'TasteBuddy' from project 'TasteBuddy')
    cd /Users/sinjunho/Desktop/Taste\ Buddy/ios
    write-file /tmp/TasteBuddyHomeQuestionsQA/Build/Intermediates.noindex/TasteBuddy.build/Debug-iphonesimulator/TasteBuddy.build/Objects-normal/x86_64/TasteBuddy.SwiftConstValuesFileList

SwiftDriver TasteBuddy normal x86_64 com.apple.xcode.tools.swift.compiler (in target 'TasteBuddy' from project 'TasteBuddy')
    cd /Users/sinjunho/Desktop/Taste\ Buddy/ios
    builtin-SwiftDriver -- /Applications/Xcode.app/Contents/Developer/Toolchains/XcodeDefault.xctoolchain/usr/bin/swiftc -module-name TasteBuddy -Onone @/tmp/TasteBuddyHomeQuestionsQA/Build/Intermediates.noindex/TasteBuddy.build/Debug-iphonesimulator/TasteBuddy.build/Objects-normal/x86_64/TasteBuddy.SwiftFileList -DDEBUG -j4 -enable-bare-slash-regex -enable-experimental-feature DebugDescriptionMacro -sdk /Applications/Xcode.app/Contents/Developer/Platforms/iPhoneSimulator.platform/Developer/SDKs/iPhoneSimulator26.5.sdk -target x86_64-apple-ios17.0-simulator -g -module-cache-path /tmp/TasteBuddyHomeQuestionsQA/ModuleCache.noindex -Xfrontend -serialize-debugging-options -enable-testing -index-store-path /tmp/TasteBuddyHomeQuestionsQA/Index.noindex/DataStore -swift-version 5 -I /tmp/TasteBuddyHomeQuestionsQA/Build/Products/Debug-iphonesimulator -F /tmp/TasteBuddyHomeQuestionsQA/Build/Products/Debug-iphonesimulator/PackageFrameworks -F /tmp/TasteBuddyHomeQuestionsQA/Build/Products/Debug-iphonesimulator/PackageFrameworks -F /tmp/TasteBuddyHomeQuestionsQA/Build/Products/Debug-iphonesimulator/PackageFrameworks -F /tmp/TasteBuddyHomeQuestionsQA/Build/Products/Debug-iphonesimulator/PackageFrameworks -F /tmp/TasteBuddyHomeQuestionsQA/Build/Products/Debug-iphonesimulator/PackageFrameworks -F /tmp/TasteBuddyHomeQuestionsQA/Build/Products/Debug-iphonesimulator/PackageFrameworks -F /tmp/TasteBuddyHomeQuestionsQA/Build/Products/Debug-iphonesimulator/PackageFrameworks -F /tmp/TasteBuddyHomeQuestionsQA/Build/Products/Debug-iphonesimulator/PackageFrameworks -F /tmp/TasteBuddyHomeQuestionsQA/Build/Products/Debug-iphonesimulator/PackageFrameworks -F /tmp/TasteBuddyHomeQuestionsQA/Build/Products/Debug-iphonesimulator/PackageFrameworks -F /tmp/TasteBuddyHomeQuestionsQA/Build/Products/Debug-iphonesimulator/PackageFrameworks -F /tmp/TasteBuddyHomeQuestionsQA/Build/Products/Debug-iphonesimulator/PackageFrameworks -F /tmp/TasteBuddyHomeQuestionsQA/Build/Products/Debug-iphonesimulator/PackageFrameworks -F /tmp/TasteBuddyHomeQuestionsQA/Build/Products/Debug-iphonesimulator/PackageFrameworks -F /tmp/TasteBuddyHomeQuestionsQA/Build/Products/Debug-iphonesimulator/PackageFrameworks -F /tmp/TasteBuddyHomeQuestionsQA/Build/Products/Debug-iphonesimulator/PackageFrameworks -F /tmp/TasteBuddyHomeQuestionsQA/Build/Products/Debug-iphonesimulator -c -j12 -enable-batch-mode -incremental -Xcc -ivfsstatcache -Xcc /tmp/TasteBuddyHomeQuestionsQA/SDKStatCaches.noindex/iphonesimulator26.5-23F81a-6cfe768891a92b912361537c460fe42b.sdkstatcache -output-file-map /tmp/TasteBuddyHomeQuestionsQA/Build/Intermediates.noindex/TasteBuddy.build/Debug-iphonesimulator/TasteBuddy.build/Objects-normal/x86_64/TasteBuddy-OutputFileMap.json -use-frontend-parseable-output -save-temps -no-color-diagnostics -explicit-module-build -module-cache-path /tmp/TasteBuddyHomeQuestionsQA/Build/Intermediates.noindex/SwiftExplicitPrecompiledModules -clang-scanner-module-cache-path /tmp/TasteBuddyHomeQuestionsQA/ModuleCache.noindex -sdk-module-cache-path /tmp/TasteBuddyHomeQuestionsQA/ModuleCache.noindex -serialize-diagnostics -emit-dependencies -emit-module -emit-module-path /tmp/TasteBuddyHomeQuestionsQA/Build/Intermediates.noindex/TasteBuddy.build/Debug-iphonesimulator/TasteBuddy.build/Objects-normal/x86_64/TasteBuddy.swiftmodule -validate-clang-modules-once -clang-build-session-file /tmp/TasteBuddyHomeQuestionsQA/ModuleCache.noindex/Session.modulevalidation -Xcc -I/tmp/TasteBuddyHomeQuestionsQA/Build/Intermediates.noindex/TasteBuddy.build/Debug-iphonesimulator/TasteBuddy.build/swift-overrides.hmap -emit-const-values -Xfrontend -const-gather-protocols-file -Xfrontend /tmp/TasteBuddyHomeQuestionsQA/Build/Intermediates.noindex/TasteBuddy.build/Debug-iphonesimulator/TasteBuddy.build/Objects-normal/x86_64/TasteBuddy_const_extract_protocols.json -Xcc -iquote -Xcc /tmp/TasteBuddyHomeQuestionsQA/Build/Intermediates.noindex/TasteBuddy.build/Debug-iphonesimulator/TasteBuddy.build/TasteBuddy-generated-files.hmap -Xcc -I/tmp/TasteBuddyHomeQuestionsQA/Build/Intermediates.noindex/TasteBuddy.build/Debug-iphonesimulator/TasteBuddy.build/TasteBuddy-own-target-headers.hmap -Xcc -I/tmp/TasteBuddyHomeQuestionsQA/Build/Intermediates.noindex/TasteBuddy.build/Debug-iphonesimulator/TasteBuddy.build/TasteBuddy-all-non-framework-target-headers.hmap -Xcc -ivfsoverlay -Xcc /tmp/TasteBuddyHomeQuestionsQA/Build/Intermediates.noindex/TasteBuddy.build/Debug-iphonesimulator/TasteBuddy-13299a83df260b797a46b4b5b88bf8d1-VFS-iphonesimulator/all-product-headers.yaml -Xcc -iquote -Xcc /tmp/TasteBuddyHomeQuestionsQA/Build/Intermediates.noindex/TasteBuddy.build/Debug-iphonesimulator/TasteBuddy.build/TasteBuddy-project-headers.hmap -Xcc -I/tmp/TasteBuddyHomeQuestionsQA/Build/Products/Debug-iphonesimulator/include -Xcc -I/tmp/TasteBuddyHomeQuestionsQA/Build/Intermediates.noindex/TasteBuddy.build/Debug-iphonesimulator/TasteBuddy.build/DerivedSources-normal/x86_64 -Xcc -I/tmp/TasteBuddyHomeQuestionsQA/Build/Intermediates.noindex/TasteBuddy.build/Debug-iphonesimulator/TasteBuddy.build/DerivedSources/x86_64 -Xcc -I/tmp/TasteBuddyHomeQuestionsQA/Build/Intermediates.noindex/TasteBuddy.build/Debug-iphonesimulator/TasteBuddy.build/DerivedSources -emit-objc-header -emit-objc-header-path /tmp/TasteBuddyHomeQuestionsQA/Build/Intermediates.noindex/TasteBuddy.build/Debug-iphonesimulator/TasteBuddy.build/Objects-normal/x86_64/TasteBuddy-Swift.h -working-directory /Users/sinjunho/Desktop/Taste\ Buddy/ios -experimental-emit-module-separately -disable-cmo

ProcessInfoPlistFile /tmp/TasteBuddyHomeQuestionsQA/Build/Products/Debug-iphonesimulator/TasteBuddy.app/Info.plist /Users/sinjunho/Desktop/Taste\ Buddy/ios/TasteBuddy/Resources/Info.plist (in target 'TasteBuddy' from project 'TasteBuddy')
    cd /Users/sinjunho/Desktop/Taste\ Buddy/ios
    builtin-infoPlistUtility /Users/sinjunho/Desktop/Taste\ Buddy/ios/TasteBuddy/Resources/Info.plist -producttype com.apple.product-type.application -genpkginfo /tmp/TasteBuddyHomeQuestionsQA/Build/Products/Debug-iphonesimulator/TasteBuddy.app/PkgInfo -expandbuildsettings -format binary -platform iphonesimulator -additionalcontentfile /tmp/TasteBuddyHomeQuestionsQA/Build/Intermediates.noindex/TasteBuddy.build/Debug-iphonesimulator/TasteBuddy.build/assetcatalog_generated_info.plist -scanforprivacyfile /tmp/TasteBuddyHomeQuestionsQA/Build/Products/Debug-iphonesimulator/TasteBuddy.app/swift-crypto_Crypto.bundle -o /tmp/TasteBuddyHomeQuestionsQA/Build/Products/Debug-iphonesimulator/TasteBuddy.app/Info.plist

SwiftEmitModule normal x86_64 Emitting\ module\ for\ TasteBuddy (in target 'TasteBuddy' from project 'TasteBuddy')

EmitSwiftModule normal x86_64 (in target 'TasteBuddy' from project 'TasteBuddy')
    cd /Users/sinjunho/Desktop/Taste\ Buddy/ios
    

SwiftCompile normal x86_64 Compiling\ AnalysisView.swift,\ AppChromeComponents.swift,\ AppModel.swift,\ AppNavigation.swift,\ AppPhase.swift,\ AppRouteDestinations.swift,\ AppShellView.swift /Users/sinjunho/Desktop/Taste\ Buddy/ios/TasteBuddy/Features/Analysis/AnalysisView.swift /Users/sinjunho/Desktop/Taste\ Buddy/ios/TasteBuddy/Components/Shell/AppChromeComponents.swift /Users/sinjunho/Desktop/Taste\ Buddy/ios/TasteBuddy/App/AppModel.swift /Users/sinjunho/Desktop/Taste\ Buddy/ios/TasteBuddy/App/AppNavigation.swift /Users/sinjunho/Desktop/Taste\ Buddy/ios/TasteBuddy/App/AppPhase.swift /Users/sinjunho/Desktop/Taste\ Buddy/ios/TasteBuddy/Components/Shell/AppRouteDestinations.swift /Users/sinjunho/Desktop/Taste\ Buddy/ios/TasteBuddy/Components/Shell/AppShellView.swift (in target 'TasteBuddy' from project 'TasteBuddy')
SwiftCompile normal x86_64 /Users/sinjunho/Desktop/Taste\ Buddy/ios/TasteBuddy/Features/Analysis/AnalysisView.swift (in target 'TasteBuddy' from project 'TasteBuddy')
    cd /Users/sinjunho/Desktop/Taste\ Buddy/ios
    

SwiftCompile normal x86_64 /Users/sinjunho/Desktop/Taste\ Buddy/ios/TasteBuddy/Components/Shell/AppChromeComponents.swift (in target 'TasteBuddy' from project 'TasteBuddy')
    cd /Users/sinjunho/Desktop/Taste\ Buddy/ios
    

SwiftCompile normal x86_64 /Users/sinjunho/Desktop/Taste\ Buddy/ios/TasteBuddy/App/AppModel.swift (in target 'TasteBuddy' from project 'TasteBuddy')
    cd /Users/sinjunho/Desktop/Taste\ Buddy/ios
    

SwiftCompile normal x86_64 /Users/sinjunho/Desktop/Taste\ Buddy/ios/TasteBuddy/App/AppNavigation.swift (in target 'TasteBuddy' from project 'TasteBuddy')
    cd /Users/sinjunho/Desktop/Taste\ Buddy/ios
    

SwiftCompile normal x86_64 /Users/sinjunho/Desktop/Taste\ Buddy/ios/TasteBuddy/App/AppPhase.swift (in target 'TasteBuddy' from project 'TasteBuddy')
    cd /Users/sinjunho/Desktop/Taste\ Buddy/ios
    

SwiftCompile normal x86_64 /Users/sinjunho/Desktop/Taste\ Buddy/ios/TasteBuddy/Components/Shell/AppRouteDestinations.swift (in target 'TasteBuddy' from project 'TasteBuddy')
    cd /Users/sinjunho/Desktop/Taste\ Buddy/ios
    

SwiftCompile normal x86_64 /Users/sinjunho/Desktop/Taste\ Buddy/ios/TasteBuddy/Components/Shell/AppShellView.swift (in target 'TasteBuddy' from project 'TasteBuddy')
    cd /Users/sinjunho/Desktop/Taste\ Buddy/ios
    

SwiftCompile normal x86_64 Compiling\ TasteGradientIndicator.swift,\ TasteIntensityLikingMatrix.swift,\ TasteIntensityLikingMatrixView.swift,\ TasteModels.swift,\ TasteMotionView.swift,\ TastePerception.swift /Users/sinjunho/Desktop/Taste\ Buddy/ios/TasteBuddy/DesignSystem/TasteGradientIndicator.swift /Users/sinjunho/Desktop/Taste\ Buddy/ios/TasteBuddy/Domain/Models/TasteIntensityLikingMatrix.swift /Users/sinjunho/Desktop/Taste\ Buddy/ios/TasteBuddy/Features/Analysis/TasteIntensityLikingMatrixView.swift /Users/sinjunho/Desktop/Taste\ Buddy/ios/TasteBuddy/Models/TasteModels.swift /Users/sinjunho/Desktop/Taste\ Buddy/ios/TasteBuddy/Components/TasteMotionView.swift /Users/sinjunho/Desktop/Taste\ Buddy/ios/TasteBuddy/Domain/Models/TastePerception.swift (in target 'TasteBuddy' from project 'TasteBuddy')

SwiftCompile normal x86_64 /Users/sinjunho/Desktop/Taste\ Buddy/ios/TasteBuddy/DesignSystem/TasteGradientIndicator.swift (in target 'TasteBuddy' from project 'TasteBuddy')
    cd /Users/sinjunho/Desktop/Taste\ Buddy/ios
    

SwiftCompile normal x86_64 /Users/sinjunho/Desktop/Taste\ Buddy/ios/TasteBuddy/Domain/Models/TasteIntensityLikingMatrix.swift (in target 'TasteBuddy' from project 'TasteBuddy')
    cd /Users/sinjunho/Desktop/Taste\ Buddy/ios
    

SwiftCompile normal x86_64 /Users/sinjunho/Desktop/Taste\ Buddy/ios/TasteBuddy/Features/Analysis/TasteIntensityLikingMatrixView.swift (in target 'TasteBuddy' from project 'TasteBuddy')
    cd /Users/sinjunho/Desktop/Taste\ Buddy/ios
    

SwiftCompile normal x86_64 /Users/sinjunho/Desktop/Taste\ Buddy/ios/TasteBuddy/Models/TasteModels.swift (in target 'TasteBuddy' from project 'TasteBuddy')
    cd /Users/sinjunho/Desktop/Taste\ Buddy/ios
    

SwiftCompile normal x86_64 /Users/sinjunho/Desktop/Taste\ Buddy/ios/TasteBuddy/Components/TasteMotionView.swift (in target 'TasteBuddy' from project 'TasteBuddy')
    cd /Users/sinjunho/Desktop/Taste\ Buddy/ios
    

SwiftCompile normal x86_64 /Users/sinjunho/Desktop/Taste\ Buddy/ios/TasteBuddy/Domain/Models/TastePerception.swift (in target 'TasteBuddy' from project 'TasteBuddy')
    cd /Users/sinjunho/Desktop/Taste\ Buddy/ios
    

SwiftCompile normal x86_64 Compiling\ OnboardingView.swift,\ PalateBloomAvatar.swift,\ PersonalTasteInsightCards.swift,\ PersonalTasteInsights.swift,\ PersonalTasteInsightsRuntimePreview.swift,\ PersonalTasteModel.swift,\ PersonalTasteQuestionInstance.swift /Users/sinjunho/Desktop/Taste\ Buddy/ios/TasteBuddy/Features/Onboarding/OnboardingView.swift /Users/sinjunho/Desktop/Taste\ Buddy/ios/TasteBuddy/Components/PalateBloomAvatar.swift /Users/sinjunho/Desktop/Taste\ Buddy/ios/TasteBuddy/Features/Analysis/PersonalTasteInsightCards.swift /Users/sinjunho/Desktop/Taste\ Buddy/ios/TasteBuddy/Domain/Models/PersonalTasteInsights.swift /Users/sinjunho/Desktop/Taste\ Buddy/ios/TasteBuddy/Features/Analysis/PersonalTasteInsightsRuntimePreview.swift /Users/sinjunho/Desktop/Taste\ Buddy/ios/TasteBuddy/Domain/Models/PersonalTasteModel.swift /Users/sinjunho/Desktop/Taste\ Buddy/ios/TasteBuddy/Domain/Models/PersonalTasteQuestionInstance.swift (in target 'TasteBuddy' from project 'TasteBuddy')

SwiftCompile normal x86_64 /Users/sinjunho/Desktop/Taste\ Buddy/ios/TasteBuddy/Features/Onboarding/OnboardingView.swift (in target 'TasteBuddy' from project 'TasteBuddy')
    cd /Users/sinjunho/Desktop/Taste\ Buddy/ios
    

SwiftCompile normal x86_64 /Users/sinjunho/Desktop/Taste\ Buddy/ios/TasteBuddy/Components/PalateBloomAvatar.swift (in target 'TasteBuddy' from project 'TasteBuddy')
    cd /Users/sinjunho/Desktop/Taste\ Buddy/ios
    

SwiftCompile normal x86_64 /Users/sinjunho/Desktop/Taste\ Buddy/ios/TasteBuddy/Features/Analysis/PersonalTasteInsightCards.swift (in target 'TasteBuddy' from project 'TasteBuddy')
    cd /Users/sinjunho/Desktop/Taste\ Buddy/ios
    

SwiftCompile normal x86_64 /Users/sinjunho/Desktop/Taste\ Buddy/ios/TasteBuddy/Domain/Models/PersonalTasteInsights.swift (in target 'TasteBuddy' from project 'TasteBuddy')
    cd /Users/sinjunho/Desktop/Taste\ Buddy/ios
    

SwiftCompile normal x86_64 /Users/sinjunho/Desktop/Taste\ Buddy/ios/TasteBuddy/Features/Analysis/PersonalTasteInsightsRuntimePreview.swift (in target 'TasteBuddy' from project 'TasteBuddy')
    cd /Users/sinjunho/Desktop/Taste\ Buddy/ios
    

SwiftCompile normal x86_64 /Users/sinjunho/Desktop/Taste\ Buddy/ios/TasteBuddy/Domain/Models/PersonalTasteModel.swift (in target 'TasteBuddy' from project 'TasteBuddy')
    cd /Users/sinjunho/Desktop/Taste\ Buddy/ios
    

SwiftCompile normal x86_64 /Users/sinjunho/Desktop/Taste\ Buddy/ios/TasteBuddy/Domain/Models/PersonalTasteQuestionInstance.swift (in target 'TasteBuddy' from project 'TasteBuddy')
    cd /Users/sinjunho/Desktop/Taste\ Buddy/ios
    

SwiftCompile normal x86_64 Compiling\ SystemCoreComponents.swift,\ SystemParityComponents.swift,\ TBComponents.swift,\ TBDesignColorTokens.swift,\ TBDesignFoundationTokens.swift,\ TBTheme.swift,\ TasteBloomMotion.swift /Users/sinjunho/Desktop/Taste\ Buddy/ios/TasteBuddy/Components/SystemCoreComponents.swift /Users/sinjunho/Desktop/Taste\ Buddy/ios/TasteBuddy/Components/SystemParityComponents.swift /Users/sinjunho/Desktop/Taste\ Buddy/ios/TasteBuddy/Components/TBComponents.swift /Users/sinjunho/Desktop/Taste\ Buddy/ios/TasteBuddy/DesignSystem/TBDesignColorTokens.swift /Users/sinjunho/Desktop/Taste\ Buddy/ios/TasteBuddy/DesignSystem/TBDesignFoundationTokens.swift /Users/sinjunho/Desktop/Taste\ Buddy/ios/TasteBuddy/DesignSystem/TBTheme.swift /Users/sinjunho/Desktop/Taste\ Buddy/ios/TasteBuddy/DesignSystem/TasteBloomMotion.swift (in target 'TasteBuddy' from project 'TasteBuddy')

SwiftCompile normal x86_64 /Users/sinjunho/Desktop/Taste\ Buddy/ios/TasteBuddy/Components/SystemCoreComponents.swift (in target 'TasteBuddy' from project 'TasteBuddy')
    cd /Users/sinjunho/Desktop/Taste\ Buddy/ios
    

SwiftCompile normal x86_64 /Users/sinjunho/Desktop/Taste\ Buddy/ios/TasteBuddy/Components/SystemParityComponents.swift (in target 'TasteBuddy' from project 'TasteBuddy')
    cd /Users/sinjunho/Desktop/Taste\ Buddy/ios
    

SwiftCompile normal x86_64 /Users/sinjunho/Desktop/Taste\ Buddy/ios/TasteBuddy/Components/TBComponents.swift (in target 'TasteBuddy' from project 'TasteBuddy')
    cd /Users/sinjunho/Desktop/Taste\ Buddy/ios
    

SwiftCompile normal x86_64 /Users/sinjunho/Desktop/Taste\ Buddy/ios/TasteBuddy/DesignSystem/TBDesignColorTokens.swift (in target 'TasteBuddy' from project 'TasteBuddy')
    cd /Users/sinjunho/Desktop/Taste\ Buddy/ios
    

SwiftCompile normal x86_64 /Users/sinjunho/Desktop/Taste\ Buddy/ios/TasteBuddy/DesignSystem/TBDesignFoundationTokens.swift (in target 'TasteBuddy' from project 'TasteBuddy')
    cd /Users/sinjunho/Desktop/Taste\ Buddy/ios
    

SwiftCompile normal x86_64 /Users/sinjunho/Desktop/Taste\ Buddy/ios/TasteBuddy/DesignSystem/TBTheme.swift (in target 'TasteBuddy' from project 'TasteBuddy')
    cd /Users/sinjunho/Desktop/Taste\ Buddy/ios
    

SwiftCompile normal x86_64 /Users/sinjunho/Desktop/Taste\ Buddy/ios/TasteBuddy/DesignSystem/TasteBloomMotion.swift (in target 'TasteBuddy' from project 'TasteBuddy')
    cd /Users/sinjunho/Desktop/Taste\ Buddy/ios
    

SwiftDriverJobDiscovery normal x86_64 Compiling OnboardingView.swift, PalateBloomAvatar.swift, PersonalTasteInsightCards.swift, PersonalTasteInsights.swift, PersonalTasteInsightsRuntimePreview.swift, PersonalTasteModel.swift, PersonalTasteQuestionInstance.swift (in target 'TasteBuddy' from project 'TasteBuddy')

SwiftCompile normal x86_64 Compiling\ BrandVideoRuntimePreview.swift /Users/sinjunho/Desktop/Taste\ Buddy/ios/TasteBuddy/App/BrandVideoRuntimePreview.swift (in target 'TasteBuddy' from project 'TasteBuddy')

SwiftCompile normal x86_64 /Users/sinjunho/Desktop/Taste\ Buddy/ios/TasteBuddy/App/BrandVideoRuntimePreview.swift (in target 'TasteBuddy' from project 'TasteBuddy')
    cd /Users/sinjunho/Desktop/Taste\ Buddy/ios
    

SwiftDriverJobDiscovery normal x86_64 Emitting module for TasteBuddy (in target 'TasteBuddy' from project 'TasteBuddy')

SwiftDriver\ Compilation\ Requirements TasteBuddy normal x86_64 com.apple.xcode.tools.swift.compiler (in target 'TasteBuddy' from project 'TasteBuddy')
    cd /Users/sinjunho/Desktop/Taste\ Buddy/ios
    builtin-Swift-Compilation-Requirements -- /Applications/Xcode.app/Contents/Developer/Toolchains/XcodeDefault.xctoolchain/usr/bin/swiftc -module-name TasteBuddy -Onone @/tmp/TasteBuddyHomeQuestionsQA/Build/Intermediates.noindex/TasteBuddy.build/Debug-iphonesimulator/TasteBuddy.build/Objects-normal/x86_64/TasteBuddy.SwiftFileList -DDEBUG -j4 -enable-bare-slash-regex -enable-experimental-feature DebugDescriptionMacro -sdk /Applications/Xcode.app/Contents/Developer/Platforms/iPhoneSimulator.platform/Developer/SDKs/iPhoneSimulator26.5.sdk -target x86_64-apple-ios17.0-simulator -g -module-cache-path /tmp/TasteBuddyHomeQuestionsQA/ModuleCache.noindex -Xfrontend -serialize-debugging-options -enable-testing -index-store-path /tmp/TasteBuddyHomeQuestionsQA/Index.noindex/DataStore -swift-version 5 -I /tmp/TasteBuddyHomeQuestionsQA/Build/Products/Debug-iphonesimulator -F /tmp/TasteBuddyHomeQuestionsQA/Build/Products/Debug-iphonesimulator/PackageFrameworks -F /tmp/TasteBuddyHomeQuestionsQA/Build/Products/Debug-iphonesimulator/PackageFrameworks -F /tmp/TasteBuddyHomeQuestionsQA/Build/Products/Debug-iphonesimulator/PackageFrameworks -F /tmp/TasteBuddyHomeQuestionsQA/Build/Products/Debug-iphonesimulator/PackageFrameworks -F /tmp/TasteBuddyHomeQuestionsQA/Build/Products/Debug-iphonesimulator/PackageFrameworks -F /tmp/TasteBuddyHomeQuestionsQA/Build/Products/Debug-iphonesimulator/PackageFrameworks -F /tmp/TasteBuddyHomeQuestionsQA/Build/Products/Debug-iphonesimulator/PackageFrameworks -F /tmp/TasteBuddyHomeQuestionsQA/Build/Products/Debug-iphonesimulator/PackageFrameworks -F /tmp/TasteBuddyHomeQuestionsQA/Build/Products/Debug-iphonesimulator/PackageFrameworks -F /tmp/TasteBuddyHomeQuestionsQA/Build/Products/Debug-iphonesimulator/PackageFrameworks -F /tmp/TasteBuddyHomeQuestionsQA/Build/Products/Debug-iphonesimulator/PackageFrameworks -F /tmp/TasteBuddyHomeQuestionsQA/Build/Products/Debug-iphonesimulator/PackageFrameworks -F /tmp/TasteBuddyHomeQuestionsQA/Build/Products/Debug-iphonesimulator/PackageFrameworks -F /tmp/TasteBuddyHomeQuestionsQA/Build/Products/Debug-iphonesimulator/PackageFrameworks -F /tmp/TasteBuddyHomeQuestionsQA/Build/Products/Debug-iphonesimulator/PackageFrameworks -F /tmp/TasteBuddyHomeQuestionsQA/Build/Products/Debug-iphonesimulator/PackageFrameworks -F /tmp/TasteBuddyHomeQuestionsQA/Build/Products/Debug-iphonesimulator -c -j12 -enable-batch-mode -incremental -Xcc -ivfsstatcache -Xcc /tmp/TasteBuddyHomeQuestionsQA/SDKStatCaches.noindex/iphonesimulator26.5-23F81a-6cfe768891a92b912361537c460fe42b.sdkstatcache -output-file-map /tmp/TasteBuddyHomeQuestionsQA/Build/Intermediates.noindex/TasteBuddy.build/Debug-iphonesimulator/TasteBuddy.build/Objects-normal/x86_64/TasteBuddy-OutputFileMap.json -use-frontend-parseable-output -save-temps -no-color-diagnostics -explicit-module-build -module-cache-path /tmp/TasteBuddyHomeQuestionsQA/Build/Intermediates.noindex/SwiftExplicitPrecompiledModules -clang-scanner-module-cache-path /tmp/TasteBuddyHomeQuestionsQA/ModuleCache.noindex -sdk-module-cache-path /tmp/TasteBuddyHomeQuestionsQA/ModuleCache.noindex -serialize-diagnostics -emit-dependencies -emit-module -emit-module-path /tmp/TasteBuddyHomeQuestionsQA/Build/Intermediates.noindex/TasteBuddy.build/Debug-iphonesimulator/TasteBuddy.build/Objects-normal/x86_64/TasteBuddy.swiftmodule -validate-clang-modules-once -clang-build-session-file /tmp/TasteBuddyHomeQuestionsQA/ModuleCache.noindex/Session.modulevalidation -Xcc -I/tmp/TasteBuddyHomeQuestionsQA/Build/Intermediates.noindex/TasteBuddy.build/Debug-iphonesimulator/TasteBuddy.build/swift-overrides.hmap -emit-const-values -Xfrontend -const-gather-protocols-file -Xfrontend /tmp/TasteBuddyHomeQuestionsQA/Build/Intermediates.noindex/TasteBuddy.build/Debug-iphonesimulator/TasteBuddy.build/Objects-normal/x86_64/TasteBuddy_const_extract_protocols.json -Xcc -iquote -Xcc /tmp/TasteBuddyHomeQuestionsQA/Build/Intermediates.noindex/TasteBuddy.build/Debug-iphonesimulator/TasteBuddy.build/TasteBuddy-generated-files.hmap -Xcc -I/tmp/TasteBuddyHomeQuestionsQA/Build/Intermediates.noindex/TasteBuddy.build/Debug-iphonesimulator/TasteBuddy.build/TasteBuddy-own-target-headers.hmap -Xcc -I/tmp/TasteBuddyHomeQuestionsQA/Build/Intermediates.noindex/TasteBuddy.build/Debug-iphonesimulator/TasteBuddy.build/TasteBuddy-all-non-framework-target-headers.hmap -Xcc -ivfsoverlay -Xcc /tmp/TasteBuddyHomeQuestionsQA/Build/Intermediates.noindex/TasteBuddy.build/Debug-iphonesimulator/TasteBuddy-13299a83df260b797a46b4b5b88bf8d1-VFS-iphonesimulator/all-product-headers.yaml -Xcc -iquote -Xcc /tmp/TasteBuddyHomeQuestionsQA/Build/Intermediates.noindex/TasteBuddy.build/Debug-iphonesimulator/TasteBuddy.build/TasteBuddy-project-headers.hmap -Xcc -I/tmp/TasteBuddyHomeQuestionsQA/Build/Products/Debug-iphonesimulator/include -Xcc -I/tmp/TasteBuddyHomeQuestionsQA/Build/Intermediates.noindex/TasteBuddy.build/Debug-iphonesimulator/TasteBuddy.build/DerivedSources-normal/x86_64 -Xcc -I/tmp/TasteBuddyHomeQuestionsQA/Build/Intermediates.noindex/TasteBuddy.build/Debug-iphonesimulator/TasteBuddy.build/DerivedSources/x86_64 -Xcc -I/tmp/TasteBuddyHomeQuestionsQA/Build/Intermediates.noindex/TasteBuddy.build/Debug-iphonesimulator/TasteBuddy.build/DerivedSources -emit-objc-header -emit-objc-header-path /tmp/TasteBuddyHomeQuestionsQA/Build/Intermediates.noindex/TasteBuddy.build/Debug-iphonesimulator/TasteBuddy.build/Objects-normal/x86_64/TasteBuddy-Swift.h -working-directory /Users/sinjunho/Desktop/Taste\ Buddy/ios -experimental-emit-module-separately -disable-cmo

SwiftDriverJobDiscovery normal x86_64 Compiling BrandVideoRuntimePreview.swift (in target 'TasteBuddy' from project 'TasteBuddy')

SwiftCompile normal x86_64 Compiling\ CalibrationFlowView.swift /Users/sinjunho/Desktop/Taste\ Buddy/ios/TasteBuddy/Features/Calibration/CalibrationFlowView.swift (in target 'TasteBuddy' from project 'TasteBuddy')

SwiftCompile normal x86_64 /Users/sinjunho/Desktop/Taste\ Buddy/ios/TasteBuddy/Features/Calibration/CalibrationFlowView.swift (in target 'TasteBuddy' from project 'TasteBuddy')
    cd /Users/sinjunho/Desktop/Taste\ Buddy/ios
    

Copy /tmp/TasteBuddyHomeQuestionsQA/Build/Products/Debug-iphonesimulator/TasteBuddy.swiftmodule/x86_64-apple-ios-simulator.swiftmodule /tmp/TasteBuddyHomeQuestionsQA/Build/Intermediates.noindex/TasteBuddy.build/Debug-iphonesimulator/TasteBuddy.build/Objects-normal/x86_64/TasteBuddy.swiftmodule (in target 'TasteBuddy' from project 'TasteBuddy')
    cd /Users/sinjunho/Desktop/Taste\ Buddy/ios
    builtin-copy -exclude .DS_Store -exclude CVS -exclude .svn -exclude .git -exclude .hg -strip-unsigned-binaries -strip-deterministic -strip-tool /Applications/Xcode.app/Contents/Developer/Toolchains/XcodeDefault.xctoolchain/usr/bin/strip -resolve-src-symlinks -rename /tmp/TasteBuddyHomeQuestionsQA/Build/Intermediates.noindex/TasteBuddy.build/Debug-iphonesimulator/TasteBuddy.build/Objects-normal/x86_64/TasteBuddy.swiftmodule /tmp/TasteBuddyHomeQuestionsQA/Build/Products/Debug-iphonesimulator/TasteBuddy.swiftmodule/x86_64-apple-ios-simulator.swiftmodule

SwiftDriverJobDiscovery normal x86_64 Compiling TasteGradientIndicator.swift, TasteIntensityLikingMatrix.swift, TasteIntensityLikingMatrixView.swift, TasteModels.swift, TasteMotionView.swift, TastePerception.swift (in target 'TasteBuddy' from project 'TasteBuddy')

Copy /tmp/TasteBuddyHomeQuestionsQA/Build/Products/Debug-iphonesimulator/TasteBuddy.swiftmodule/x86_64-apple-ios-simulator.swiftdoc /tmp/TasteBuddyHomeQuestionsQA/Build/Intermediates.noindex/TasteBuddy.build/Debug-iphonesimulator/TasteBuddy.build/Objects-normal/x86_64/TasteBuddy.swiftdoc (in target 'TasteBuddy' from project 'TasteBuddy')
    cd /Users/sinjunho/Desktop/Taste\ Buddy/ios
    builtin-copy -exclude .DS_Store -exclude CVS -exclude .svn -exclude .git -exclude .hg -strip-unsigned-binaries -strip-deterministic -strip-tool /Applications/Xcode.app/Contents/Developer/Toolchains/XcodeDefault.xctoolchain/usr/bin/strip -resolve-src-symlinks -rename /tmp/TasteBuddyHomeQuestionsQA/Build/Intermediates.noindex/TasteBuddy.build/Debug-iphonesimulator/TasteBuddy.build/Objects-normal/x86_64/TasteBuddy.swiftdoc /tmp/TasteBuddyHomeQuestionsQA/Build/Products/Debug-iphonesimulator/TasteBuddy.swiftmodule/x86_64-apple-ios-simulator.swiftdoc

Copy /tmp/TasteBuddyHomeQuestionsQA/Build/Products/Debug-iphonesimulator/TasteBuddy.swiftmodule/x86_64-apple-ios-simulator.abi.json /tmp/TasteBuddyHomeQuestionsQA/Build/Intermediates.noindex/TasteBuddy.build/Debug-iphonesimulator/TasteBuddy.build/Objects-normal/x86_64/TasteBuddy.abi.json (in target 'TasteBuddy' from project 'TasteBuddy')
    cd /Users/sinjunho/Desktop/Taste\ Buddy/ios
    builtin-copy -exclude .DS_Store -exclude CVS -exclude .svn -exclude .git -exclude .hg -strip-unsigned-binaries -strip-deterministic -strip-tool /Applications/Xcode.app/Contents/Developer/Toolchains/XcodeDefault.xctoolchain/usr/bin/strip -resolve-src-symlinks -rename /tmp/TasteBuddyHomeQuestionsQA/Build/Intermediates.noindex/TasteBuddy.build/Debug-iphonesimulator/TasteBuddy.build/Objects-normal/x86_64/TasteBuddy.abi.json /tmp/TasteBuddyHomeQuestionsQA/Build/Products/Debug-iphonesimulator/TasteBuddy.swiftmodule/x86_64-apple-ios-simulator.abi.json

Copy /tmp/TasteBuddyHomeQuestionsQA/Build/Products/Debug-iphonesimulator/TasteBuddy.swiftmodule/Project/x86_64-apple-ios-simulator.swiftsourceinfo /tmp/TasteBuddyHomeQuestionsQA/Build/Intermediates.noindex/TasteBuddy.build/Debug-iphonesimulator/TasteBuddy.build/Objects-normal/x86_64/TasteBuddy.swiftsourceinfo (in target 'TasteBuddy' from project 'TasteBuddy')
    cd /Users/sinjunho/Desktop/Taste\ Buddy/ios
    builtin-copy -exclude .DS_Store -exclude CVS -exclude .svn -exclude .git -exclude .hg -strip-unsigned-binaries -strip-deterministic -strip-tool /Applications/Xcode.app/Contents/Developer/Toolchains/XcodeDefault.xctoolchain/usr/bin/strip -resolve-src-symlinks -rename /tmp/TasteBuddyHomeQuestionsQA/Build/Intermediates.noindex/TasteBuddy.build/Debug-iphonesimulator/TasteBuddy.build/Objects-normal/x86_64/TasteBuddy.swiftsourceinfo /tmp/TasteBuddyHomeQuestionsQA/Build/Products/Debug-iphonesimulator/TasteBuddy.swiftmodule/Project/x86_64-apple-ios-simulator.swiftsourceinfo

SwiftCompile normal x86_64 Compiling\ DiningFeedbackContractModels.swift /Users/sinjunho/Desktop/Taste\ Buddy/ios/TasteBuddy/Domain/Models/DiningFeedbackContractModels.swift (in target 'TasteBuddy' from project 'TasteBuddy')

SwiftCompile normal x86_64 /Users/sinjunho/Desktop/Taste\ Buddy/ios/TasteBuddy/Domain/Models/DiningFeedbackContractModels.swift (in target 'TasteBuddy' from project 'TasteBuddy')
    cd /Users/sinjunho/Desktop/Taste\ Buddy/ios
    

SwiftCompile normal x86_64 Compiling\ CalibrationModels.swift /Users/sinjunho/Desktop/Taste\ Buddy/ios/TasteBuddy/Models/CalibrationModels.swift (in target 'TasteBuddy' from project 'TasteBuddy')

SwiftCompile normal x86_64 /Users/sinjunho/Desktop/Taste\ Buddy/ios/TasteBuddy/Models/CalibrationModels.swift (in target 'TasteBuddy' from project 'TasteBuddy')
    cd /Users/sinjunho/Desktop/Taste\ Buddy/ios
    

SwiftDriverJobDiscovery normal x86_64 Compiling CalibrationFlowView.swift (in target 'TasteBuddy' from project 'TasteBuddy')

SwiftDriverJobDiscovery normal x86_64 Compiling DiningFeedbackContractModels.swift (in target 'TasteBuddy' from project 'TasteBuddy')

SwiftCompile normal x86_64 Compiling\ TastePerceptionCards.swift,\ TasteRadarView.swift,\ TasteSurveyContractModels.swift,\ TasteSurveyEvidenceCard.swift,\ TasteSurveyScoringEngine.swift,\ GeneratedAssetSymbols.swift /Users/sinjunho/Desktop/Taste\ Buddy/ios/TasteBuddy/Features/Analysis/TastePerceptionCards.swift /Users/sinjunho/Desktop/Taste\ Buddy/ios/TasteBuddy/Components/TasteRadarView.swift /Users/sinjunho/Desktop/Taste\ Buddy/ios/TasteBuddy/Domain/Models/TasteSurveyContractModels.swift /Users/sinjunho/Desktop/Taste\ Buddy/ios/TasteBuddy/Features/Calibration/TasteSurveyEvidenceCard.swift /Users/sinjunho/Desktop/Taste\ Buddy/ios/TasteBuddy/Domain/UseCases/TasteSurveyScoringEngine.swift /tmp/TasteBuddyHomeQuestionsQA/Build/Intermediates.noindex/TasteBuddy.build/Debug-iphonesimulator/TasteBuddy.build/DerivedSources/GeneratedAssetSymbols.swift (in target 'TasteBuddy' from project 'TasteBuddy')

SwiftCompile normal x86_64 /Users/sinjunho/Desktop/Taste\ Buddy/ios/TasteBuddy/Features/Analysis/TastePerceptionCards.swift (in target 'TasteBuddy' from project 'TasteBuddy')
    cd /Users/sinjunho/Desktop/Taste\ Buddy/ios
    

SwiftCompile normal x86_64 /Users/sinjunho/Desktop/Taste\ Buddy/ios/TasteBuddy/Components/TasteRadarView.swift (in target 'TasteBuddy' from project 'TasteBuddy')
    cd /Users/sinjunho/Desktop/Taste\ Buddy/ios
    

SwiftCompile normal x86_64 /Users/sinjunho/Desktop/Taste\ Buddy/ios/TasteBuddy/Domain/Models/TasteSurveyContractModels.swift (in target 'TasteBuddy' from project 'TasteBuddy')
    cd /Users/sinjunho/Desktop/Taste\ Buddy/ios
    

SwiftCompile normal x86_64 /Users/sinjunho/Desktop/Taste\ Buddy/ios/TasteBuddy/Features/Calibration/TasteSurveyEvidenceCard.swift (in target 'TasteBuddy' from project 'TasteBuddy')
    cd /Users/sinjunho/Desktop/Taste\ Buddy/ios
    

SwiftCompile normal x86_64 /Users/sinjunho/Desktop/Taste\ Buddy/ios/TasteBuddy/Domain/UseCases/TasteSurveyScoringEngine.swift (in target 'TasteBuddy' from project 'TasteBuddy')
    cd /Users/sinjunho/Desktop/Taste\ Buddy/ios
    

SwiftCompile normal x86_64 /tmp/TasteBuddyHomeQuestionsQA/Build/Intermediates.noindex/TasteBuddy.build/Debug-iphonesimulator/TasteBuddy.build/DerivedSources/GeneratedAssetSymbols.swift (in target 'TasteBuddy' from project 'TasteBuddy')
    cd /Users/sinjunho/Desktop/Taste\ Buddy/ios
    

SwiftDriver TasteBuddyTests normal x86_64 com.apple.xcode.tools.swift.compiler (in target 'TasteBuddyTests' from project 'TasteBuddy')
    cd /Users/sinjunho/Desktop/Taste\ Buddy/ios
    builtin-SwiftDriver -- /Applications/Xcode.app/Contents/Developer/Toolchains/XcodeDefault.xctoolchain/usr/bin/swiftc -module-name TasteBuddyTests -Onone @/tmp/TasteBuddyHomeQuestionsQA/Build/Intermediates.noindex/TasteBuddy.build/Debug-iphonesimulator/TasteBuddyTests.build/Objects-normal/x86_64/TasteBuddyTests.SwiftFileList -DDEBUG -j4 -plugin-path /Applications/Xcode.app/Contents/Developer/Toolchains/XcodeDefault.xctoolchain/usr/lib/swift/host/plugins/testing -enable-bare-slash-regex -enable-experimental-feature DebugDescriptionMacro -sdk /Applications/Xcode.app/Contents/Developer/Platforms/iPhoneSimulator.platform/Developer/SDKs/iPhoneSimulator26.5.sdk -target x86_64-apple-ios17.0-simulator -g -module-cache-path /tmp/TasteBuddyHomeQuestionsQA/ModuleCache.noindex -Xfrontend -serialize-debugging-options -enable-testing -index-store-path /tmp/TasteBuddyHomeQuestionsQA/Index.noindex/DataStore -swift-version 5 -I /tmp/TasteBuddyHomeQuestionsQA/Build/Products/Debug-iphonesimulator -Isystem /Applications/Xcode.app/Contents/Developer/Platforms/iPhoneSimulator.platform/Developer/usr/lib -F /tmp/TasteBuddyHomeQuestionsQA/Build/Products/Debug-iphonesimulator/PackageFrameworks -F /tmp/TasteBuddyHomeQuestionsQA/Build/Products/Debug-iphonesimulator/PackageFrameworks -F /tmp/TasteBuddyHomeQuestionsQA/Build/Products/Debug-iphonesimulator/PackageFrameworks -F /tmp/TasteBuddyHomeQuestionsQA/Build/Products/Debug-iphonesimulator/PackageFrameworks -F /tmp/TasteBuddyHomeQuestionsQA/Build/Products/Debug-iphonesimulator/PackageFrameworks -F /tmp/TasteBuddyHomeQuestionsQA/Build/Products/Debug-iphonesimulator/PackageFrameworks -F /tmp/TasteBuddyHomeQuestionsQA/Build/Products/Debug-iphonesimulator/PackageFrameworks -F /tmp/TasteBuddyHomeQuestionsQA/Build/Products/Debug-iphonesimulator/PackageFrameworks -F /tmp/TasteBuddyHomeQuestionsQA/Build/Products/Debug-iphonesimulator/PackageFrameworks -F /tmp/TasteBuddyHomeQuestionsQA/Build/Products/Debug-iphonesimulator/PackageFrameworks -F /tmp/TasteBuddyHomeQuestionsQA/Build/Products/Debug-iphonesimulator/PackageFrameworks -F /tmp/TasteBuddyHomeQuestionsQA/Build/Products/Debug-iphonesimulator/PackageFrameworks -F /tmp/TasteBuddyHomeQuestionsQA/Build/Products/Debug-iphonesimulator/PackageFrameworks -F /tmp/TasteBuddyHomeQuestionsQA/Build/Products/Debug-iphonesimulator/PackageFrameworks -F /tmp/TasteBuddyHomeQuestionsQA/Build/Products/Debug-iphonesimulator/PackageFrameworks -F /tmp/TasteBuddyHomeQuestionsQA/Build/Products/Debug-iphonesimulator/PackageFrameworks -F /tmp/TasteBuddyHomeQuestionsQA/Build/Products/Debug-iphonesimulator -F /Applications/Xcode.app/Contents/Developer/Platforms/iPhoneSimulator.platform/Developer/Library/Frameworks -F /Applications/Xcode.app/Contents/Developer/Platforms/iPhoneSimulator.platform/Developer/SDKs/iPhoneSimulator26.5.sdk/Developer/Library/Frameworks -c -j12 -enable-batch-mode -incremental -Xcc -ivfsstatcache -Xcc /tmp/TasteBuddyHomeQuestionsQA/SDKStatCaches.noindex/iphonesimulator26.5-23F81a-6cfe768891a92b912361537c460fe42b.sdkstatcache -output-file-map /tmp/TasteBuddyHomeQuestionsQA/Build/Intermediates.noindex/TasteBuddy.build/Debug-iphonesimulator/TasteBuddyTests.build/Objects-normal/x86_64/TasteBuddyTests-OutputFileMap.json -use-frontend-parseable-output -save-temps -no-color-diagnostics -explicit-module-build -module-cache-path /tmp/TasteBuddyHomeQuestionsQA/Build/Intermediates.noindex/SwiftExplicitPrecompiledModules -clang-scanner-module-cache-path /tmp/TasteBuddyHomeQuestionsQA/ModuleCache.noindex -sdk-module-cache-path /tmp/TasteBuddyHomeQuestionsQA/ModuleCache.noindex -serialize-diagnostics -emit-dependencies -emit-module -emit-module-path /tmp/TasteBuddyHomeQuestionsQA/Build/Intermediates.noindex/TasteBuddy.build/Debug-iphonesimulator/TasteBuddyTests.build/Objects-normal/x86_64/TasteBuddyTests.swiftmodule -validate-clang-modules-once -clang-build-session-file /tmp/TasteBuddyHomeQuestionsQA/ModuleCache.noindex/Session.modulevalidation -Xcc -I/tmp/TasteBuddyHomeQuestionsQA/Build/Intermediates.noindex/TasteBuddy.build/Debug-iphonesimulator/TasteBuddyTests.build/swift-overrides.hmap -emit-const-values -Xfrontend -const-gather-protocols-file -Xfrontend /tmp/TasteBuddyHomeQuestionsQA/Build/Intermediates.noindex/TasteBuddy.build/Debug-iphonesimulator/TasteBuddyTests.build/Objects-normal/x86_64/TasteBuddyTests_const_extract_protocols.json -Xcc -iquote -Xcc /tmp/TasteBuddyHomeQuestionsQA/Build/Intermediates.noindex/TasteBuddy.build/Debug-iphonesimulator/TasteBuddyTests.build/TasteBuddyTests-generated-files.hmap -Xcc -I/tmp/TasteBuddyHomeQuestionsQA/Build/Intermediates.noindex/TasteBuddy.build/Debug-iphonesimulator/TasteBuddyTests.build/TasteBuddyTests-own-target-headers.hmap -Xcc -I/tmp/TasteBuddyHomeQuestionsQA/Build/Intermediates.noindex/TasteBuddy.build/Debug-iphonesimulator/TasteBuddyTests.build/TasteBuddyTests-all-non-framework-target-headers.hmap -Xcc -ivfsoverlay -Xcc /tmp/TasteBuddyHomeQuestionsQA/Build/Intermediates.noindex/TasteBuddy.build/Debug-iphonesimulator/TasteBuddy-13299a83df260b797a46b4b5b88bf8d1-VFS-iphonesimulator/all-product-headers.yaml -Xcc -iquote -Xcc /tmp/TasteBuddyHomeQuestionsQA/Build/Intermediates.noindex/TasteBuddy.build/Debug-iphonesimulator/TasteBuddyTests.build/TasteBuddyTests-project-headers.hmap -Xcc -I/tmp/TasteBuddyHomeQuestionsQA/Build/Products/Debug-iphonesimulator/include -Xcc -I/tmp/TasteBuddyHomeQuestionsQA/Build/Intermediates.noindex/TasteBuddy.build/Debug-iphonesimulator/TasteBuddyTests.build/DerivedSources-normal/x86_64 -Xcc -I/tmp/TasteBuddyHomeQuestionsQA/Build/Intermediates.noindex/TasteBuddy.build/Debug-iphonesimulator/TasteBuddyTests.build/DerivedSources/x86_64 -Xcc -I/tmp/TasteBuddyHomeQuestionsQA/Build/Intermediates.noindex/TasteBuddy.build/Debug-iphonesimulator/TasteBuddyTests.build/DerivedSources -emit-objc-header -emit-objc-header-path /tmp/TasteBuddyHomeQuestionsQA/Build/Intermediates.noindex/TasteBuddy.build/Debug-iphonesimulator/TasteBuddyTests.build/Objects-normal/x86_64/TasteBuddyTests-Swift.h -working-directory /Users/sinjunho/Desktop/Taste\ Buddy/ios -experimental-emit-module-separately -disable-cmo

SwiftDriverJobDiscovery normal x86_64 Compiling CalibrationModels.swift (in target 'TasteBuddy' from project 'TasteBuddy')

SwiftCompile normal x86_64 Compiling\ SearchSystemComponents.swift,\ SensoryAnalysisCards.swift,\ SensoryAnalysisEngine.swift,\ SensoryAnalysisModels.swift,\ SessionController.swift,\ SplashView.swift,\ SupabaseClientProvider.swift /Users/sinjunho/Desktop/Taste\ Buddy/ios/TasteBuddy/Components/SearchSystemComponents.swift /Users/sinjunho/Desktop/Taste\ Buddy/ios/TasteBuddy/Features/Analysis/SensoryAnalysisCards.swift /Users/sinjunho/Desktop/Taste\ Buddy/ios/TasteBuddy/Domain/UseCases/SensoryAnalysisEngine.swift /Users/sinjunho/Desktop/Taste\ Buddy/ios/TasteBuddy/Domain/Models/SensoryAnalysisModels.swift /Users/sinjunho/Desktop/Taste\ Buddy/ios/TasteBuddy/Data/Backend/SessionController.swift /Users/sinjunho/Desktop/Taste\ Buddy/ios/TasteBuddy/Features/Launch/SplashView.swift /Users/sinjunho/Desktop/Taste\ Buddy/ios/TasteBuddy/Data/Backend/SupabaseClientProvider.swift (in target 'TasteBuddy' from project 'TasteBuddy')

SwiftCompile normal x86_64 /Users/sinjunho/Desktop/Taste\ Buddy/ios/TasteBuddy/Components/SearchSystemComponents.swift (in target 'TasteBuddy' from project 'TasteBuddy')
    cd /Users/sinjunho/Desktop/Taste\ Buddy/ios
    

SwiftCompile normal x86_64 /Users/sinjunho/Desktop/Taste\ Buddy/ios/TasteBuddy/Features/Analysis/SensoryAnalysisCards.swift (in target 'TasteBuddy' from project 'TasteBuddy')
    cd /Users/sinjunho/Desktop/Taste\ Buddy/ios
    

SwiftCompile normal x86_64 /Users/sinjunho/Desktop/Taste\ Buddy/ios/TasteBuddy/Domain/UseCases/SensoryAnalysisEngine.swift (in target 'TasteBuddy' from project 'TasteBuddy')
    cd /Users/sinjunho/Desktop/Taste\ Buddy/ios
    

SwiftCompile normal x86_64 /Users/sinjunho/Desktop/Taste\ Buddy/ios/TasteBuddy/Domain/Models/SensoryAnalysisModels.swift (in target 'TasteBuddy' from project 'TasteBuddy')
    cd /Users/sinjunho/Desktop/Taste\ Buddy/ios
    

SwiftCompile normal x86_64 /Users/sinjunho/Desktop/Taste\ Buddy/ios/TasteBuddy/Data/Backend/SessionController.swift (in target 'TasteBuddy' from project 'TasteBuddy')
    cd /Users/sinjunho/Desktop/Taste\ Buddy/ios
    

SwiftCompile normal x86_64 /Users/sinjunho/Desktop/Taste\ Buddy/ios/TasteBuddy/Features/Launch/SplashView.swift (in target 'TasteBuddy' from project 'TasteBuddy')
    cd /Users/sinjunho/Desktop/Taste\ Buddy/ios
    

SwiftCompile normal x86_64 /Users/sinjunho/Desktop/Taste\ Buddy/ios/TasteBuddy/Data/Backend/SupabaseClientProvider.swift (in target 'TasteBuddy' from project 'TasteBuddy')
    cd /Users/sinjunho/Desktop/Taste\ Buddy/ios
    

SwiftExplicitDependencyCompileModuleFromInterface x86_64 /tmp/TasteBuddyHomeQuestionsQA/Build/Intermediates.noindex/SwiftExplicitPrecompiledModules/XCUIAutomation-1VE8MNQR1HN5D.swiftmodule

SwiftDriverJobDiscovery normal x86_64 Compiling TastePerceptionCards.swift, TasteRadarView.swift, TasteSurveyContractModels.swift, TasteSurveyEvidenceCard.swift, TasteSurveyScoringEngine.swift, GeneratedAssetSymbols.swift (in target 'TasteBuddy' from project 'TasteBuddy')

SwiftCompile normal x86_64 Compiling\ BackendConfiguration.swift /Users/sinjunho/Desktop/Taste\ Buddy/ios/TasteBuddy/Data/Backend/BackendConfiguration.swift (in target 'TasteBuddy' from project 'TasteBuddy')

SwiftCompile normal x86_64 /Users/sinjunho/Desktop/Taste\ Buddy/ios/TasteBuddy/Data/Backend/BackendConfiguration.swift (in target 'TasteBuddy' from project 'TasteBuddy')
    cd /Users/sinjunho/Desktop/Taste\ Buddy/ios
    

SwiftExplicitDependencyCompileModuleFromInterface x86_64 /tmp/TasteBuddyHomeQuestionsQA/Build/Intermediates.noindex/SwiftExplicitPrecompiledModules/XCTest-2ZYWE75AW3WSV.swiftmodule

SwiftDriverJobDiscovery normal x86_64 Compiling BackendConfiguration.swift (in target 'TasteBuddy' from project 'TasteBuddy')

SwiftCompile normal x86_64 Compiling\ DiningSensorySelection.swift /Users/sinjunho/Desktop/Taste\ Buddy/ios/TasteBuddy/Domain/Models/DiningSensorySelection.swift (in target 'TasteBuddy' from project 'TasteBuddy')

SwiftCompile normal x86_64 /Users/sinjunho/Desktop/Taste\ Buddy/ios/TasteBuddy/Domain/Models/DiningSensorySelection.swift (in target 'TasteBuddy' from project 'TasteBuddy')
    cd /Users/sinjunho/Desktop/Taste\ Buddy/ios
    

SwiftEmitModule normal x86_64 Emitting\ module\ for\ TasteBuddyTests (in target 'TasteBuddyTests' from project 'TasteBuddy')

EmitSwiftModule normal x86_64 (in target 'TasteBuddyTests' from project 'TasteBuddy')
    cd /Users/sinjunho/Desktop/Taste\ Buddy/ios
    

SwiftDriverJobDiscovery normal x86_64 Compiling DiningSensorySelection.swift (in target 'TasteBuddy' from project 'TasteBuddy')

SwiftCompile normal x86_64 Compiling\ SensoryAnalysisEngineTests.swift,\ SensoryOverallEvaluationTests.swift,\ SensoryStructuredSelectionTests.swift /Users/sinjunho/Desktop/Taste\ Buddy/ios/TasteBuddyTests/SensoryAnalysisEngineTests.swift /Users/sinjunho/Desktop/Taste\ Buddy/ios/TasteBuddyTests/SensoryOverallEvaluationTests.swift /Users/sinjunho/Desktop/Taste\ Buddy/ios/TasteBuddyTests/SensoryStructuredSelectionTests.swift (in target 'TasteBuddyTests' from project 'TasteBuddy')

SwiftCompile normal x86_64 /Users/sinjunho/Desktop/Taste\ Buddy/ios/TasteBuddyTests/SensoryAnalysisEngineTests.swift (in target 'TasteBuddyTests' from project 'TasteBuddy')
    cd /Users/sinjunho/Desktop/Taste\ Buddy/ios
    

SwiftCompile normal x86_64 /Users/sinjunho/Desktop/Taste\ Buddy/ios/TasteBuddyTests/SensoryOverallEvaluationTests.swift (in target 'TasteBuddyTests' from project 'TasteBuddy')
    cd /Users/sinjunho/Desktop/Taste\ Buddy/ios
    

SwiftCompile normal x86_64 /Users/sinjunho/Desktop/Taste\ Buddy/ios/TasteBuddyTests/SensoryStructuredSelectionTests.swift (in target 'TasteBuddyTests' from project 'TasteBuddy')
    cd /Users/sinjunho/Desktop/Taste\ Buddy/ios
    

SwiftDriverJobDiscovery normal x86_64 Emitting module for TasteBuddyTests (in target 'TasteBuddyTests' from project 'TasteBuddy')

SwiftDriver\ Compilation\ Requirements TasteBuddyTests normal x86_64 com.apple.xcode.tools.swift.compiler (in target 'TasteBuddyTests' from project 'TasteBuddy')
    cd /Users/sinjunho/Desktop/Taste\ Buddy/ios
    builtin-Swift-Compilation-Requirements -- /Applications/Xcode.app/Contents/Developer/Toolchains/XcodeDefault.xctoolchain/usr/bin/swiftc -module-name TasteBuddyTests -Onone @/tmp/TasteBuddyHomeQuestionsQA/Build/Intermediates.noindex/TasteBuddy.build/Debug-iphonesimulator/TasteBuddyTests.build/Objects-normal/x86_64/TasteBuddyTests.SwiftFileList -DDEBUG -j4 -plugin-path /Applications/Xcode.app/Contents/Developer/Toolchains/XcodeDefault.xctoolchain/usr/lib/swift/host/plugins/testing -enable-bare-slash-regex -enable-experimental-feature DebugDescriptionMacro -sdk /Applications/Xcode.app/Contents/Developer/Platforms/iPhoneSimulator.platform/Developer/SDKs/iPhoneSimulator26.5.sdk -target x86_64-apple-ios17.0-simulator -g -module-cache-path /tmp/TasteBuddyHomeQuestionsQA/ModuleCache.noindex -Xfrontend -serialize-debugging-options -enable-testing -index-store-path /tmp/TasteBuddyHomeQuestionsQA/Index.noindex/DataStore -swift-version 5 -I /tmp/TasteBuddyHomeQuestionsQA/Build/Products/Debug-iphonesimulator -Isystem /Applications/Xcode.app/Contents/Developer/Platforms/iPhoneSimulator.platform/Developer/usr/lib -F /tmp/TasteBuddyHomeQuestionsQA/Build/Products/Debug-iphonesimulator/PackageFrameworks -F /tmp/TasteBuddyHomeQuestionsQA/Build/Products/Debug-iphonesimulator/PackageFrameworks -F /tmp/TasteBuddyHomeQuestionsQA/Build/Products/Debug-iphonesimulator/PackageFrameworks -F /tmp/TasteBuddyHomeQuestionsQA/Build/Products/Debug-iphonesimulator/PackageFrameworks -F /tmp/TasteBuddyHomeQuestionsQA/Build/Products/Debug-iphonesimulator/PackageFrameworks -F /tmp/TasteBuddyHomeQuestionsQA/Build/Products/Debug-iphonesimulator/PackageFrameworks -F /tmp/TasteBuddyHomeQuestionsQA/Build/Products/Debug-iphonesimulator/PackageFrameworks -F /tmp/TasteBuddyHomeQuestionsQA/Build/Products/Debug-iphonesimulator/PackageFrameworks -F /tmp/TasteBuddyHomeQuestionsQA/Build/Products/Debug-iphonesimulator/PackageFrameworks -F /tmp/TasteBuddyHomeQuestionsQA/Build/Products/Debug-iphonesimulator/PackageFrameworks -F /tmp/TasteBuddyHomeQuestionsQA/Build/Products/Debug-iphonesimulator/PackageFrameworks -F /tmp/TasteBuddyHomeQuestionsQA/Build/Products/Debug-iphonesimulator/PackageFrameworks -F /tmp/TasteBuddyHomeQuestionsQA/Build/Products/Debug-iphonesimulator/PackageFrameworks -F /tmp/TasteBuddyHomeQuestionsQA/Build/Products/Debug-iphonesimulator/PackageFrameworks -F /tmp/TasteBuddyHomeQuestionsQA/Build/Products/Debug-iphonesimulator/PackageFrameworks -F /tmp/TasteBuddyHomeQuestionsQA/Build/Products/Debug-iphonesimulator/PackageFrameworks -F /tmp/TasteBuddyHomeQuestionsQA/Build/Products/Debug-iphonesimulator -F /Applications/Xcode.app/Contents/Developer/Platforms/iPhoneSimulator.platform/Developer/Library/Frameworks -F /Applications/Xcode.app/Contents/Developer/Platforms/iPhoneSimulator.platform/Developer/SDKs/iPhoneSimulator26.5.sdk/Developer/Library/Frameworks -c -j12 -enable-batch-mode -incremental -Xcc -ivfsstatcache -Xcc /tmp/TasteBuddyHomeQuestionsQA/SDKStatCaches.noindex/iphonesimulator26.5-23F81a-6cfe768891a92b912361537c460fe42b.sdkstatcache -output-file-map /tmp/TasteBuddyHomeQuestionsQA/Build/Intermediates.noindex/TasteBuddy.build/Debug-iphonesimulator/TasteBuddyTests.build/Objects-normal/x86_64/TasteBuddyTests-OutputFileMap.json -use-frontend-parseable-output -save-temps -no-color-diagnostics -explicit-module-build -module-cache-path /tmp/TasteBuddyHomeQuestionsQA/Build/Intermediates.noindex/SwiftExplicitPrecompiledModules -clang-scanner-module-cache-path /tmp/TasteBuddyHomeQuestionsQA/ModuleCache.noindex -sdk-module-cache-path /tmp/TasteBuddyHomeQuestionsQA/ModuleCache.noindex -serialize-diagnostics -emit-dependencies -emit-module -emit-module-path /tmp/TasteBuddyHomeQuestionsQA/Build/Intermediates.noindex/TasteBuddy.build/Debug-iphonesimulator/TasteBuddyTests.build/Objects-normal/x86_64/TasteBuddyTests.swiftmodule -validate-clang-modules-once -clang-build-session-file /tmp/TasteBuddyHomeQuestionsQA/ModuleCache.noindex/Session.modulevalidation -Xcc -I/tmp/TasteBuddyHomeQuestionsQA/Build/Intermediates.noindex/TasteBuddy.build/Debug-iphonesimulator/TasteBuddyTests.build/swift-overrides.hmap -emit-const-values -Xfrontend -const-gather-protocols-file -Xfrontend /tmp/TasteBuddyHomeQuestionsQA/Build/Intermediates.noindex/TasteBuddy.build/Debug-iphonesimulator/TasteBuddyTests.build/Objects-normal/x86_64/TasteBuddyTests_const_extract_protocols.json -Xcc -iquote -Xcc /tmp/TasteBuddyHomeQuestionsQA/Build/Intermediates.noindex/TasteBuddy.build/Debug-iphonesimulator/TasteBuddyTests.build/TasteBuddyTests-generated-files.hmap -Xcc -I/tmp/TasteBuddyHomeQuestionsQA/Build/Intermediates.noindex/TasteBuddy.build/Debug-iphonesimulator/TasteBuddyTests.build/TasteBuddyTests-own-target-headers.hmap -Xcc -I/tmp/TasteBuddyHomeQuestionsQA/Build/Intermediates.noindex/TasteBuddy.build/Debug-iphonesimulator/TasteBuddyTests.build/TasteBuddyTests-all-non-framework-target-headers.hmap -Xcc -ivfsoverlay -Xcc /tmp/TasteBuddyHomeQuestionsQA/Build/Intermediates.noindex/TasteBuddy.build/Debug-iphonesimulator/TasteBuddy-13299a83df260b797a46b4b5b88bf8d1-VFS-iphonesimulator/all-product-headers.yaml -Xcc -iquote -Xcc /tmp/TasteBuddyHomeQuestionsQA/Build/Intermediates.noindex/TasteBuddy.build/Debug-iphonesimulator/TasteBuddyTests.build/TasteBuddyTests-project-headers.hmap -Xcc -I/tmp/TasteBuddyHomeQuestionsQA/Build/Products/Debug-iphonesimulator/include -Xcc -I/tmp/TasteBuddyHomeQuestionsQA/Build/Intermediates.noindex/TasteBuddy.build/Debug-iphonesimulator/TasteBuddyTests.build/DerivedSources-normal/x86_64 -Xcc -I/tmp/TasteBuddyHomeQuestionsQA/Build/Intermediates.noindex/TasteBuddy.build/Debug-iphonesimulator/TasteBuddyTests.build/DerivedSources/x86_64 -Xcc -I/tmp/TasteBuddyHomeQuestionsQA/Build/Intermediates.noindex/TasteBuddy.build/Debug-iphonesimulator/TasteBuddyTests.build/DerivedSources -emit-objc-header -emit-objc-header-path /tmp/TasteBuddyHomeQuestionsQA/Build/Intermediates.noindex/TasteBuddy.build/Debug-iphonesimulator/TasteBuddyTests.build/Objects-normal/x86_64/TasteBuddyTests-Swift.h -working-directory /Users/sinjunho/Desktop/Taste\ Buddy/ios -experimental-emit-module-separately -disable-cmo

SwiftDriverJobDiscovery normal x86_64 Compiling SystemCoreComponents.swift, SystemParityComponents.swift, TBComponents.swift, TBDesignColorTokens.swift, TBDesignFoundationTokens.swift, TBTheme.swift, TasteBloomMotion.swift (in target 'TasteBuddy' from project 'TasteBuddy')

SwiftCompile normal x86_64 Compiling\ HomeSearchEngineTests.swift,\ HomeSummaryEngineTests.swift,\ HomeTasteQuestionsIntegrationTests.swift /Users/sinjunho/Desktop/Taste\ Buddy/ios/TasteBuddyTests/HomeSearchEngineTests.swift /Users/sinjunho/Desktop/Taste\ Buddy/ios/TasteBuddyTests/HomeSummaryEngineTests.swift /Users/sinjunho/Desktop/Taste\ Buddy/ios/TasteBuddyTests/HomeTasteQuestionsIntegrationTests.swift (in target 'TasteBuddyTests' from project 'TasteBuddy')

SwiftCompile normal x86_64 /Users/sinjunho/Desktop/Taste\ Buddy/ios/TasteBuddyTests/HomeSearchEngineTests.swift (in target 'TasteBuddyTests' from project 'TasteBuddy')
    cd /Users/sinjunho/Desktop/Taste\ Buddy/ios
    

SwiftCompile normal x86_64 /Users/sinjunho/Desktop/Taste\ Buddy/ios/TasteBuddyTests/HomeSummaryEngineTests.swift (in target 'TasteBuddyTests' from project 'TasteBuddy')
    cd /Users/sinjunho/Desktop/Taste\ Buddy/ios
    

SwiftCompile normal x86_64 /Users/sinjunho/Desktop/Taste\ Buddy/ios/TasteBuddyTests/HomeTasteQuestionsIntegrationTests.swift (in target 'TasteBuddyTests' from project 'TasteBuddy')
    cd /Users/sinjunho/Desktop/Taste\ Buddy/ios
    

Copy /tmp/TasteBuddyHomeQuestionsQA/Build/Products/Debug-iphonesimulator/TasteBuddyTests.swiftmodule/x86_64-apple-ios-simulator.swiftmodule /tmp/TasteBuddyHomeQuestionsQA/Build/Intermediates.noindex/TasteBuddy.build/Debug-iphonesimulator/TasteBuddyTests.build/Objects-normal/x86_64/TasteBuddyTests.swiftmodule (in target 'TasteBuddyTests' from project 'TasteBuddy')
    cd /Users/sinjunho/Desktop/Taste\ Buddy/ios
    builtin-copy -exclude .DS_Store -exclude CVS -exclude .svn -exclude .git -exclude .hg -strip-unsigned-binaries -strip-deterministic -strip-tool /Applications/Xcode.app/Contents/Developer/Toolchains/XcodeDefault.xctoolchain/usr/bin/strip -resolve-src-symlinks -rename /tmp/TasteBuddyHomeQuestionsQA/Build/Intermediates.noindex/TasteBuddy.build/Debug-iphonesimulator/TasteBuddyTests.build/Objects-normal/x86_64/TasteBuddyTests.swiftmodule /tmp/TasteBuddyHomeQuestionsQA/Build/Products/Debug-iphonesimulator/TasteBuddyTests.swiftmodule/x86_64-apple-ios-simulator.swiftmodule

SwiftDriverJobDiscovery normal x86_64 Compiling SensoryAnalysisEngineTests.swift, SensoryOverallEvaluationTests.swift, SensoryStructuredSelectionTests.swift (in target 'TasteBuddyTests' from project 'TasteBuddy')

Copy /tmp/TasteBuddyHomeQuestionsQA/Build/Products/Debug-iphonesimulator/TasteBuddyTests.swiftmodule/x86_64-apple-ios-simulator.swiftdoc /tmp/TasteBuddyHomeQuestionsQA/Build/Intermediates.noindex/TasteBuddy.build/Debug-iphonesimulator/TasteBuddyTests.build/Objects-normal/x86_64/TasteBuddyTests.swiftdoc (in target 'TasteBuddyTests' from project 'TasteBuddy')
    cd /Users/sinjunho/Desktop/Taste\ Buddy/ios
    builtin-copy -exclude .DS_Store -exclude CVS -exclude .svn -exclude .git -exclude .hg -strip-unsigned-binaries -strip-deterministic -strip-tool /Applications/Xcode.app/Contents/Developer/Toolchains/XcodeDefault.xctoolchain/usr/bin/strip -resolve-src-symlinks -rename /tmp/TasteBuddyHomeQuestionsQA/Build/Intermediates.noindex/TasteBuddy.build/Debug-iphonesimulator/TasteBuddyTests.build/Objects-normal/x86_64/TasteBuddyTests.swiftdoc /tmp/TasteBuddyHomeQuestionsQA/Build/Products/Debug-iphonesimulator/TasteBuddyTests.swiftmodule/x86_64-apple-ios-simulator.swiftdoc

Copy /tmp/TasteBuddyHomeQuestionsQA/Build/Products/Debug-iphonesimulator/TasteBuddyTests.swiftmodule/x86_64-apple-ios-simulator.abi.json /tmp/TasteBuddyHomeQuestionsQA/Build/Intermediates.noindex/TasteBuddy.build/Debug-iphonesimulator/TasteBuddyTests.build/Objects-normal/x86_64/TasteBuddyTests.abi.json (in target 'TasteBuddyTests' from project 'TasteBuddy')
    cd /Users/sinjunho/Desktop/Taste\ Buddy/ios
    builtin-copy -exclude .DS_Store -exclude CVS -exclude .svn -exclude .git -exclude .hg -strip-unsigned-binaries -strip-deterministic -strip-tool /Applications/Xcode.app/Contents/Developer/Toolchains/XcodeDefault.xctoolchain/usr/bin/strip -resolve-src-symlinks -rename /tmp/TasteBuddyHomeQuestionsQA/Build/Intermediates.noindex/TasteBuddy.build/Debug-iphonesimulator/TasteBuddyTests.build/Objects-normal/x86_64/TasteBuddyTests.abi.json /tmp/TasteBuddyHomeQuestionsQA/Build/Products/Debug-iphonesimulator/TasteBuddyTests.swiftmodule/x86_64-apple-ios-simulator.abi.json

Copy /tmp/TasteBuddyHomeQuestionsQA/Build/Products/Debug-iphonesimulator/TasteBuddyTests.swiftmodule/Project/x86_64-apple-ios-simulator.swiftsourceinfo /tmp/TasteBuddyHomeQuestionsQA/Build/Intermediates.noindex/TasteBuddy.build/Debug-iphonesimulator/TasteBuddyTests.build/Objects-normal/x86_64/TasteBuddyTests.swiftsourceinfo (in target 'TasteBuddyTests' from project 'TasteBuddy')
    cd /Users/sinjunho/Desktop/Taste\ Buddy/ios
    builtin-copy -exclude .DS_Store -exclude CVS -exclude .svn -exclude .git -exclude .hg -strip-unsigned-binaries -strip-deterministic -strip-tool /Applications/Xcode.app/Contents/Developer/Toolchains/XcodeDefault.xctoolchain/usr/bin/strip -resolve-src-symlinks -rename /tmp/TasteBuddyHomeQuestionsQA/Build/Intermediates.noindex/TasteBuddy.build/Debug-iphonesimulator/TasteBuddyTests.build/Objects-normal/x86_64/TasteBuddyTests.swiftsourceinfo /tmp/TasteBuddyHomeQuestionsQA/Build/Products/Debug-iphonesimulator/TasteBuddyTests.swiftmodule/Project/x86_64-apple-ios-simulator.swiftsourceinfo

SwiftCompile normal x86_64 Compiling\ DiningOverallEvaluationFlowTests.swift,\ DiningPhotoPaletteTests.swift,\ DiningPhotoPerformanceTests.swift /Users/sinjunho/Desktop/Taste\ Buddy/ios/TasteBuddyTests/DiningOverallEvaluationFlowTests.swift /Users/sinjunho/Desktop/Taste\ Buddy/ios/TasteBuddyTests/DiningPhotoPaletteTests.swift /Users/sinjunho/Desktop/Taste\ Buddy/ios/TasteBuddyTests/DiningPhotoPerformanceTests.swift (in target 'TasteBuddyTests' from project 'TasteBuddy')

SwiftCompile normal x86_64 /Users/sinjunho/Desktop/Taste\ Buddy/ios/TasteBuddyTests/DiningOverallEvaluationFlowTests.swift (in target 'TasteBuddyTests' from project 'TasteBuddy')
    cd /Users/sinjunho/Desktop/Taste\ Buddy/ios
    

SwiftCompile normal x86_64 /Users/sinjunho/Desktop/Taste\ Buddy/ios/TasteBuddyTests/DiningPhotoPaletteTests.swift (in target 'TasteBuddyTests' from project 'TasteBuddy')
    cd /Users/sinjunho/Desktop/Taste\ Buddy/ios
    

SwiftCompile normal x86_64 /Users/sinjunho/Desktop/Taste\ Buddy/ios/TasteBuddyTests/DiningPhotoPerformanceTests.swift (in target 'TasteBuddyTests' from project 'TasteBuddy')
    cd /Users/sinjunho/Desktop/Taste\ Buddy/ios
    

SwiftCompile normal x86_64 Compiling\ LongitudinalFoodMemoryTests.swift,\ NativeAccountDataTests.swift,\ NativeAccountPhotoRepositoryTests.swift /Users/sinjunho/Desktop/Taste\ Buddy/ios/TasteBuddyTests/LongitudinalFoodMemoryTests.swift /Users/sinjunho/Desktop/Taste\ Buddy/ios/TasteBuddyTests/NativeAccountDataTests.swift /Users/sinjunho/Desktop/Taste\ Buddy/ios/TasteBuddyTests/NativeAccountPhotoRepositoryTests.swift (in target 'TasteBuddyTests' from project 'TasteBuddy')
SwiftCompile normal x86_64 /Users/sinjunho/Desktop/Taste\ Buddy/ios/TasteBuddyTests/LongitudinalFoodMemoryTests.swift (in target 'TasteBuddyTests' from project 'TasteBuddy')
    cd /Users/sinjunho/Desktop/Taste\ Buddy/ios
    

SwiftCompile normal x86_64 /Users/sinjunho/Desktop/Taste\ Buddy/ios/TasteBuddyTests/NativeAccountDataTests.swift (in target 'TasteBuddyTests' from project 'TasteBuddy')
    cd /Users/sinjunho/Desktop/Taste\ Buddy/ios
    

SwiftCompile normal x86_64 /Users/sinjunho/Desktop/Taste\ Buddy/ios/TasteBuddyTests/NativeAccountPhotoRepositoryTests.swift (in target 'TasteBuddyTests' from project 'TasteBuddy')
    cd /Users/sinjunho/Desktop/Taste\ Buddy/ios
    

SwiftDriverJobDiscovery normal x86_64 Compiling SearchSystemComponents.swift, SensoryAnalysisCards.swift, SensoryAnalysisEngine.swift, SensoryAnalysisModels.swift, SessionController.swift, SplashView.swift, SupabaseClientProvider.swift (in target 'TasteBuddy' from project 'TasteBuddy')

SwiftCompile normal x86_64 Compiling\ DiningSensoryPresentationTests.swift,\ DiningSensorySelectionBoundaryTests.swift,\ DiningSensorySelectionEditingTests.swift /Users/sinjunho/Desktop/Taste\ Buddy/ios/TasteBuddyTests/DiningSensoryPresentationTests.swift /Users/sinjunho/Desktop/Taste\ Buddy/ios/TasteBuddyTests/DiningSensorySelectionBoundaryTests.swift /Users/sinjunho/Desktop/Taste\ Buddy/ios/TasteBuddyTests/DiningSensorySelectionEditingTests.swift (in target 'TasteBuddyTests' from project 'TasteBuddy')

SwiftCompile normal x86_64 /Users/sinjunho/Desktop/Taste\ Buddy/ios/TasteBuddyTests/DiningSensoryPresentationTests.swift (in target 'TasteBuddyTests' from project 'TasteBuddy')
    cd /Users/sinjunho/Desktop/Taste\ Buddy/ios
    

SwiftCompile normal x86_64 /Users/sinjunho/Desktop/Taste\ Buddy/ios/TasteBuddyTests/DiningSensorySelectionBoundaryTests.swift (in target 'TasteBuddyTests' from project 'TasteBuddy')
    cd /Users/sinjunho/Desktop/Taste\ Buddy/ios
    

SwiftCompile normal x86_64 /Users/sinjunho/Desktop/Taste\ Buddy/ios/TasteBuddyTests/DiningSensorySelectionEditingTests.swift (in target 'TasteBuddyTests' from project 'TasteBuddy')
    cd /Users/sinjunho/Desktop/Taste\ Buddy/ios
    

SwiftDriverJobDiscovery normal x86_64 Compiling DiningOverallEvaluationFlowTests.swift, DiningPhotoPaletteTests.swift, DiningPhotoPerformanceTests.swift (in target 'TasteBuddyTests' from project 'TasteBuddy')

SwiftDriverJobDiscovery normal x86_64 Compiling DiningSensoryPresentationTests.swift, DiningSensorySelectionBoundaryTests.swift, DiningSensorySelectionEditingTests.swift (in target 'TasteBuddyTests' from project 'TasteBuddy')

SwiftCompile normal x86_64 Compiling\ AdvancedPersonalTasteModelTests.swift,\ AppModelAdvancedModelTests.swift,\ AppModelPersistenceTests.swift,\ AppModelStructuredSelectionPersistenceTests.swift /Users/sinjunho/Desktop/Taste\ Buddy/ios/TasteBuddyTests/AdvancedPersonalTasteModelTests.swift /Users/sinjunho/Desktop/Taste\ Buddy/ios/TasteBuddyTests/AppModelAdvancedModelTests.swift /Users/sinjunho/Desktop/Taste\ Buddy/ios/TasteBuddyTests/AppModelPersistenceTests.swift /Users/sinjunho/Desktop/Taste\ Buddy/ios/TasteBuddyTests/AppModelStructuredSelectionPersistenceTests.swift (in target 'TasteBuddyTests' from project 'TasteBuddy')
SwiftCompile normal x86_64 /Users/sinjunho/Desktop/Taste\ Buddy/ios/TasteBuddyTests/AdvancedPersonalTasteModelTests.swift (in target 'TasteBuddyTests' from project 'TasteBuddy')
    cd /Users/sinjunho/Desktop/Taste\ Buddy/ios
    

SwiftCompile normal x86_64 /Users/sinjunho/Desktop/Taste\ Buddy/ios/TasteBuddyTests/AppModelAdvancedModelTests.swift (in target 'TasteBuddyTests' from project 'TasteBuddy')
    cd /Users/sinjunho/Desktop/Taste\ Buddy/ios
    

SwiftCompile normal x86_64 /Users/sinjunho/Desktop/Taste\ Buddy/ios/TasteBuddyTests/AppModelPersistenceTests.swift (in target 'TasteBuddyTests' from project 'TasteBuddy')
    cd /Users/sinjunho/Desktop/Taste\ Buddy/ios
    

SwiftCompile normal x86_64 /Users/sinjunho/Desktop/Taste\ Buddy/ios/TasteBuddyTests/AppModelStructuredSelectionPersistenceTests.swift (in target 'TasteBuddyTests' from project 'TasteBuddy')
    cd /Users/sinjunho/Desktop/Taste\ Buddy/ios
    

SwiftCompile normal x86_64 Compiling\ TasteContractGoldenTests.swift,\ TastePerceptionTests.swift,\ TasteSurveyEvidenceTests.swift /Users/sinjunho/Desktop/Taste\ Buddy/ios/TasteBuddyTests/TasteContractGoldenTests.swift /Users/sinjunho/Desktop/Taste\ Buddy/ios/TasteBuddyTests/TastePerceptionTests.swift /Users/sinjunho/Desktop/Taste\ Buddy/ios/TasteBuddyTests/TasteSurveyEvidenceTests.swift (in target 'TasteBuddyTests' from project 'TasteBuddy')

SwiftCompile normal x86_64 /Users/sinjunho/Desktop/Taste\ Buddy/ios/TasteBuddyTests/TasteContractGoldenTests.swift (in target 'TasteBuddyTests' from project 'TasteBuddy')
    cd /Users/sinjunho/Desktop/Taste\ Buddy/ios
    

SwiftCompile normal x86_64 /Users/sinjunho/Desktop/Taste\ Buddy/ios/TasteBuddyTests/TastePerceptionTests.swift (in target 'TasteBuddyTests' from project 'TasteBuddy')
    cd /Users/sinjunho/Desktop/Taste\ Buddy/ios
    

SwiftCompile normal x86_64 /Users/sinjunho/Desktop/Taste\ Buddy/ios/TasteBuddyTests/TasteSurveyEvidenceTests.swift (in target 'TasteBuddyTests' from project 'TasteBuddy')
    cd /Users/sinjunho/Desktop/Taste\ Buddy/ios
    

SwiftDriverJobDiscovery normal x86_64 Compiling HomeSearchEngineTests.swift, HomeSummaryEngineTests.swift, HomeTasteQuestionsIntegrationTests.swift (in target 'TasteBuddyTests' from project 'TasteBuddy')

SwiftCompile normal x86_64 Compiling\ SystemParityComponentTests.swift,\ TasteBloomMotionTests.swift,\ TasteBuddyAgentFullEngineTests.swift /Users/sinjunho/Desktop/Taste\ Buddy/ios/TasteBuddyTests/SystemParityComponentTests.swift /Users/sinjunho/Desktop/Taste\ Buddy/ios/TasteBuddyTests/TasteBloomMotionTests.swift /Users/sinjunho/Desktop/Taste\ Buddy/ios/TasteBuddyTests/TasteBuddyAgentFullEngineTests.swift (in target 'TasteBuddyTests' from project 'TasteBuddy')
SwiftCompile normal x86_64 /Users/sinjunho/Desktop/Taste\ Buddy/ios/TasteBuddyTests/SystemParityComponentTests.swift (in target 'TasteBuddyTests' from project 'TasteBuddy')
    cd /Users/sinjunho/Desktop/Taste\ Buddy/ios
    

SwiftCompile normal x86_64 /Users/sinjunho/Desktop/Taste\ Buddy/ios/TasteBuddyTests/TasteBloomMotionTests.swift (in target 'TasteBuddyTests' from project 'TasteBuddy')
    cd /Users/sinjunho/Desktop/Taste\ Buddy/ios
    

SwiftCompile normal x86_64 /Users/sinjunho/Desktop/Taste\ Buddy/ios/TasteBuddyTests/TasteBuddyAgentFullEngineTests.swift (in target 'TasteBuddyTests' from project 'TasteBuddy')
    cd /Users/sinjunho/Desktop/Taste\ Buddy/ios
    

SwiftDriverJobDiscovery normal x86_64 Compiling AnalysisView.swift, AppChromeComponents.swift, AppModel.swift, AppNavigation.swift, AppPhase.swift, AppRouteDestinations.swift, AppShellView.swift (in target 'TasteBuddy' from project 'TasteBuddy')

SwiftCompile normal x86_64 Compiling\ NativeLayoutComponentsTests.swift,\ NativeToastPresenterTests.swift,\ PalateBloomAvatarTests.swift /Users/sinjunho/Desktop/Taste\ Buddy/ios/TasteBuddyTests/NativeLayoutComponentsTests.swift /Users/sinjunho/Desktop/Taste\ Buddy/ios/TasteBuddyTests/NativeToastPresenterTests.swift /Users/sinjunho/Desktop/Taste\ Buddy/ios/TasteBuddyTests/PalateBloomAvatarTests.swift (in target 'TasteBuddyTests' from project 'TasteBuddy')

SwiftCompile normal x86_64 /Users/sinjunho/Desktop/Taste\ Buddy/ios/TasteBuddyTests/NativeLayoutComponentsTests.swift (in target 'TasteBuddyTests' from project 'TasteBuddy')
    cd /Users/sinjunho/Desktop/Taste\ Buddy/ios
    

SwiftCompile normal x86_64 /Users/sinjunho/Desktop/Taste\ Buddy/ios/TasteBuddyTests/NativeToastPresenterTests.swift (in target 'TasteBuddyTests' from project 'TasteBuddy')
    cd /Users/sinjunho/Desktop/Taste\ Buddy/ios
    

SwiftCompile normal x86_64 /Users/sinjunho/Desktop/Taste\ Buddy/ios/TasteBuddyTests/PalateBloomAvatarTests.swift (in target 'TasteBuddyTests' from project 'TasteBuddy')
    cd /Users/sinjunho/Desktop/Taste\ Buddy/ios
    

SwiftDriverJobDiscovery normal x86_64 Compiling LongitudinalFoodMemoryTests.swift, NativeAccountDataTests.swift, NativeAccountPhotoRepositoryTests.swift (in target 'TasteBuddyTests' from project 'TasteBuddy')

SwiftCompile normal x86_64 Compiling\ ChatGPTAnalysisConnectionTests.swift,\ DiningAdvancedStorageTests.swift,\ DiningFeedRenderingTests.swift /Users/sinjunho/Desktop/Taste\ Buddy/ios/TasteBuddyTests/ChatGPTAnalysisConnectionTests.swift /Users/sinjunho/Desktop/Taste\ Buddy/ios/TasteBuddyTests/DiningAdvancedStorageTests.swift /Users/sinjunho/Desktop/Taste\ Buddy/ios/TasteBuddyTests/DiningFeedRenderingTests.swift (in target 'TasteBuddyTests' from project 'TasteBuddy')

SwiftCompile normal x86_64 /Users/sinjunho/Desktop/Taste\ Buddy/ios/TasteBuddyTests/ChatGPTAnalysisConnectionTests.swift (in target 'TasteBuddyTests' from project 'TasteBuddy')
    cd /Users/sinjunho/Desktop/Taste\ Buddy/ios
    

SwiftCompile normal x86_64 /Users/sinjunho/Desktop/Taste\ Buddy/ios/TasteBuddyTests/DiningAdvancedStorageTests.swift (in target 'TasteBuddyTests' from project 'TasteBuddy')
    cd /Users/sinjunho/Desktop/Taste\ Buddy/ios
    

SwiftCompile normal x86_64 /Users/sinjunho/Desktop/Taste\ Buddy/ios/TasteBuddyTests/DiningFeedRenderingTests.swift (in target 'TasteBuddyTests' from project 'TasteBuddy')
    cd /Users/sinjunho/Desktop/Taste\ Buddy/ios
    

SwiftDriverJobDiscovery normal x86_64 Compiling NativeLayoutComponentsTests.swift, NativeToastPresenterTests.swift, PalateBloomAvatarTests.swift (in target 'TasteBuddyTests' from project 'TasteBuddy')

SwiftCompile normal x86_64 Compiling\ AppPhaseTests.swift,\ BackendIntegrationTests.swift,\ CalibrationEngineTests.swift /Users/sinjunho/Desktop/Taste\ Buddy/ios/TasteBuddyTests/AppPhaseTests.swift /Users/sinjunho/Desktop/Taste\ Buddy/ios/TasteBuddyTests/BackendIntegrationTests.swift /Users/sinjunho/Desktop/Taste\ Buddy/ios/TasteBuddyTests/CalibrationEngineTests.swift (in target 'TasteBuddyTests' from project 'TasteBuddy')

SwiftCompile normal x86_64 /Users/sinjunho/Desktop/Taste\ Buddy/ios/TasteBuddyTests/AppPhaseTests.swift (in target 'TasteBuddyTests' from project 'TasteBuddy')
    cd /Users/sinjunho/Desktop/Taste\ Buddy/ios
    

SwiftCompile normal x86_64 /Users/sinjunho/Desktop/Taste\ Buddy/ios/TasteBuddyTests/BackendIntegrationTests.swift (in target 'TasteBuddyTests' from project 'TasteBuddy')
    cd /Users/sinjunho/Desktop/Taste\ Buddy/ios
    

SwiftCompile normal x86_64 /Users/sinjunho/Desktop/Taste\ Buddy/ios/TasteBuddyTests/CalibrationEngineTests.swift (in target 'TasteBuddyTests' from project 'TasteBuddy')
    cd /Users/sinjunho/Desktop/Taste\ Buddy/ios
    

SwiftDriverJobDiscovery normal x86_64 Compiling TasteContractGoldenTests.swift, TastePerceptionTests.swift, TasteSurveyEvidenceTests.swift (in target 'TasteBuddyTests' from project 'TasteBuddy')

SwiftCompile normal x86_64 Compiling\ PersonalTasteInsightTests.swift,\ PersonalTasteModelTests.swift,\ PersonalTasteQuestionResolutionTests.swift /Users/sinjunho/Desktop/Taste\ Buddy/ios/TasteBuddyTests/PersonalTasteInsightTests.swift /Users/sinjunho/Desktop/Taste\ Buddy/ios/TasteBuddyTests/PersonalTasteModelTests.swift /Users/sinjunho/Desktop/Taste\ Buddy/ios/TasteBuddyTests/PersonalTasteQuestionResolutionTests.swift (in target 'TasteBuddyTests' from project 'TasteBuddy')

SwiftCompile normal x86_64 /Users/sinjunho/Desktop/Taste\ Buddy/ios/TasteBuddyTests/PersonalTasteInsightTests.swift (in target 'TasteBuddyTests' from project 'TasteBuddy')
    cd /Users/sinjunho/Desktop/Taste\ Buddy/ios
    

SwiftCompile normal x86_64 /Users/sinjunho/Desktop/Taste\ Buddy/ios/TasteBuddyTests/PersonalTasteModelTests.swift (in target 'TasteBuddyTests' from project 'TasteBuddy')
    cd /Users/sinjunho/Desktop/Taste\ Buddy/ios
    

SwiftCompile normal x86_64 /Users/sinjunho/Desktop/Taste\ Buddy/ios/TasteBuddyTests/PersonalTasteQuestionResolutionTests.swift (in target 'TasteBuddyTests' from project 'TasteBuddy')
    cd /Users/sinjunho/Desktop/Taste\ Buddy/ios
    

SwiftDriverJobDiscovery normal x86_64 Compiling AdvancedPersonalTasteModelTests.swift, AppModelAdvancedModelTests.swift, AppModelPersistenceTests.swift, AppModelStructuredSelectionPersistenceTests.swift (in target 'TasteBuddyTests' from project 'TasteBuddy')

SwiftCompile normal x86_64 Compiling\ DiningOverallEvaluation.swift /Users/sinjunho/Desktop/Taste\ Buddy/ios/TasteBuddy/Domain/Models/DiningOverallEvaluation.swift (in target 'TasteBuddy' from project 'TasteBuddy')

SwiftCompile normal x86_64 /Users/sinjunho/Desktop/Taste\ Buddy/ios/TasteBuddy/Domain/Models/DiningOverallEvaluation.swift (in target 'TasteBuddy' from project 'TasteBuddy')
    cd /Users/sinjunho/Desktop/Taste\ Buddy/ios
    

SwiftDriverJobDiscovery normal x86_64 Compiling ChatGPTAnalysisConnectionTests.swift, DiningAdvancedStorageTests.swift, DiningFeedRenderingTests.swift (in target 'TasteBuddyTests' from project 'TasteBuddy')

SwiftCompile normal x86_64 Compiling\ BottomTabCenterButton.swift /Users/sinjunho/Desktop/Taste\ Buddy/ios/TasteBuddy/Components/Shell/BottomTabCenterButton.swift (in target 'TasteBuddy' from project 'TasteBuddy')

SwiftCompile normal x86_64 /Users/sinjunho/Desktop/Taste\ Buddy/ios/TasteBuddy/Components/Shell/BottomTabCenterButton.swift (in target 'TasteBuddy' from project 'TasteBuddy')
    cd /Users/sinjunho/Desktop/Taste\ Buddy/ios
    

SwiftDriverJobDiscovery normal x86_64 Compiling AppPhaseTests.swift, BackendIntegrationTests.swift, CalibrationEngineTests.swift (in target 'TasteBuddyTests' from project 'TasteBuddy')

SwiftCompile normal x86_64 Compiling\ AuthEntryView.swift,\ BackendAuthRepository.swift,\ DiningSensorySelectionEditor.swift,\ DiningSensorySelectionParser.swift,\ DiningView.swift,\ FoodMemory.swift,\ FoodMemoryViews.swift /Users/sinjunho/Desktop/Taste\ Buddy/ios/TasteBuddy/Features/Auth/AuthEntryView.swift /Users/sinjunho/Desktop/Taste\ Buddy/ios/TasteBuddy/Data/Backend/BackendAuthRepository.swift /Users/sinjunho/Desktop/Taste\ Buddy/ios/TasteBuddy/Features/Dining/DiningSensorySelectionEditor.swift /Users/sinjunho/Desktop/Taste\ Buddy/ios/TasteBuddy/Domain/UseCases/DiningSensorySelectionParser.swift /Users/sinjunho/Desktop/Taste\ Buddy/ios/TasteBuddy/Features/Dining/DiningView.swift /Users/sinjunho/Desktop/Taste\ Buddy/ios/TasteBuddy/Domain/Models/FoodMemory.swift /Users/sinjunho/Desktop/Taste\ Buddy/ios/TasteBuddy/Features/Home/FoodMemoryViews.swift (in target 'TasteBuddy' from project 'TasteBuddy')
SwiftCompile normal x86_64 /Users/sinjunho/Desktop/Taste\ Buddy/ios/TasteBuddy/Features/Auth/AuthEntryView.swift (in target 'TasteBuddy' from project 'TasteBuddy')
    cd /Users/sinjunho/Desktop/Taste\ Buddy/ios
    

SwiftCompile normal x86_64 /Users/sinjunho/Desktop/Taste\ Buddy/ios/TasteBuddy/Data/Backend/BackendAuthRepository.swift (in target 'TasteBuddy' from project 'TasteBuddy')
    cd /Users/sinjunho/Desktop/Taste\ Buddy/ios
    

SwiftCompile normal x86_64 /Users/sinjunho/Desktop/Taste\ Buddy/ios/TasteBuddy/Features/Dining/DiningSensorySelectionEditor.swift (in target 'TasteBuddy' from project 'TasteBuddy')
    cd /Users/sinjunho/Desktop/Taste\ Buddy/ios
    

SwiftCompile normal x86_64 /Users/sinjunho/Desktop/Taste\ Buddy/ios/TasteBuddy/Domain/UseCases/DiningSensorySelectionParser.swift (in target 'TasteBuddy' from project 'TasteBuddy')
    cd /Users/sinjunho/Desktop/Taste\ Buddy/ios
    

SwiftCompile normal x86_64 /Users/sinjunho/Desktop/Taste\ Buddy/ios/TasteBuddy/Features/Dining/DiningView.swift (in target 'TasteBuddy' from project 'TasteBuddy')
    cd /Users/sinjunho/Desktop/Taste\ Buddy/ios
    

SwiftCompile normal x86_64 /Users/sinjunho/Desktop/Taste\ Buddy/ios/TasteBuddy/Domain/Models/FoodMemory.swift (in target 'TasteBuddy' from project 'TasteBuddy')
    cd /Users/sinjunho/Desktop/Taste\ Buddy/ios
    

SwiftCompile normal x86_64 /Users/sinjunho/Desktop/Taste\ Buddy/ios/TasteBuddy/Features/Home/FoodMemoryViews.swift (in target 'TasteBuddy' from project 'TasteBuddy')
    cd /Users/sinjunho/Desktop/Taste\ Buddy/ios
    

SwiftDriverJobDiscovery normal x86_64 Compiling DiningOverallEvaluation.swift (in target 'TasteBuddy' from project 'TasteBuddy')

SwiftCompile normal x86_64 Compiling\ DesignSystemPreviewView.swift /Users/sinjunho/Desktop/Taste\ Buddy/ios/TasteBuddy/Features/DesignSystem/DesignSystemPreviewView.swift (in target 'TasteBuddy' from project 'TasteBuddy')

SwiftCompile normal x86_64 /Users/sinjunho/Desktop/Taste\ Buddy/ios/TasteBuddy/Features/DesignSystem/DesignSystemPreviewView.swift (in target 'TasteBuddy' from project 'TasteBuddy')
    cd /Users/sinjunho/Desktop/Taste\ Buddy/ios
    

SwiftDriverJobDiscovery normal x86_64 Compiling PersonalTasteInsightTests.swift, PersonalTasteModelTests.swift, PersonalTasteQuestionResolutionTests.swift (in target 'TasteBuddyTests' from project 'TasteBuddy')

SwiftCompile normal x86_64 Compiling\ PersonalTasteQuestions.swift,\ PersonalTasteSourceReviewQuestions.swift,\ PreferenceIntakeContractEngine.swift,\ PreferenceIntakeContractModels.swift,\ PreferenceIntakeFlowView.swift,\ ProfileHeroCard.swift,\ ProfileResultView.swift /Users/sinjunho/Desktop/Taste\ Buddy/ios/TasteBuddy/Domain/Models/PersonalTasteQuestions.swift /Users/sinjunho/Desktop/Taste\ Buddy/ios/TasteBuddy/Domain/Models/PersonalTasteSourceReviewQuestions.swift /Users/sinjunho/Desktop/Taste\ Buddy/ios/TasteBuddy/Domain/UseCases/PreferenceIntakeContractEngine.swift /Users/sinjunho/Desktop/Taste\ Buddy/ios/TasteBuddy/Domain/Models/PreferenceIntakeContractModels.swift /Users/sinjunho/Desktop/Taste\ Buddy/ios/TasteBuddy/Features/Intake/PreferenceIntakeFlowView.swift /Users/sinjunho/Desktop/Taste\ Buddy/ios/TasteBuddy/Components/ProfileHeroCard.swift /Users/sinjunho/Desktop/Taste\ Buddy/ios/TasteBuddy/Features/Profile/ProfileResultView.swift (in target 'TasteBuddy' from project 'TasteBuddy')

SwiftCompile normal x86_64 /Users/sinjunho/Desktop/Taste\ Buddy/ios/TasteBuddy/Domain/Models/PersonalTasteQuestions.swift (in target 'TasteBuddy' from project 'TasteBuddy')
    cd /Users/sinjunho/Desktop/Taste\ Buddy/ios
    

SwiftCompile normal x86_64 /Users/sinjunho/Desktop/Taste\ Buddy/ios/TasteBuddy/Domain/Models/PersonalTasteSourceReviewQuestions.swift (in target 'TasteBuddy' from project 'TasteBuddy')
    cd /Users/sinjunho/Desktop/Taste\ Buddy/ios
    

SwiftCompile normal x86_64 /Users/sinjunho/Desktop/Taste\ Buddy/ios/TasteBuddy/Domain/UseCases/PreferenceIntakeContractEngine.swift (in target 'TasteBuddy' from project 'TasteBuddy')
    cd /Users/sinjunho/Desktop/Taste\ Buddy/ios
    

SwiftCompile normal x86_64 /Users/sinjunho/Desktop/Taste\ Buddy/ios/TasteBuddy/Domain/Models/PreferenceIntakeContractModels.swift (in target 'TasteBuddy' from project 'TasteBuddy')
    cd /Users/sinjunho/Desktop/Taste\ Buddy/ios
    

SwiftCompile normal x86_64 /Users/sinjunho/Desktop/Taste\ Buddy/ios/TasteBuddy/Features/Intake/PreferenceIntakeFlowView.swift (in target 'TasteBuddy' from project 'TasteBuddy')
    cd /Users/sinjunho/Desktop/Taste\ Buddy/ios
    

SwiftCompile normal x86_64 /Users/sinjunho/Desktop/Taste\ Buddy/ios/TasteBuddy/Components/ProfileHeroCard.swift (in target 'TasteBuddy' from project 'TasteBuddy')
    cd /Users/sinjunho/Desktop/Taste\ Buddy/ios
    

SwiftCompile normal x86_64 /Users/sinjunho/Desktop/Taste\ Buddy/ios/TasteBuddy/Features/Profile/ProfileResultView.swift (in target 'TasteBuddy' from project 'TasteBuddy')
    cd /Users/sinjunho/Desktop/Taste\ Buddy/ios
    

SwiftDriverJobDiscovery normal x86_64 Compiling BottomTabCenterButton.swift (in target 'TasteBuddy' from project 'TasteBuddy')

SwiftCompile normal x86_64 Compiling\ ChatGPTAnalysisCard.swift /Users/sinjunho/Desktop/Taste\ Buddy/ios/TasteBuddy/Features/Analysis/ChatGPTAnalysisCard.swift (in target 'TasteBuddy' from project 'TasteBuddy')

SwiftCompile normal x86_64 /Users/sinjunho/Desktop/Taste\ Buddy/ios/TasteBuddy/Features/Analysis/ChatGPTAnalysisCard.swift (in target 'TasteBuddy' from project 'TasteBuddy')
    cd /Users/sinjunho/Desktop/Taste\ Buddy/ios
    

SwiftDriverJobDiscovery normal x86_64 Compiling DesignSystemPreviewView.swift (in target 'TasteBuddy' from project 'TasteBuddy')

SwiftCompile normal x86_64 Compiling\ DiningOverallEvaluationStepView.swift /Users/sinjunho/Desktop/Taste\ Buddy/ios/TasteBuddy/Features/Dining/DiningOverallEvaluationStepView.swift (in target 'TasteBuddy' from project 'TasteBuddy')

SwiftCompile normal x86_64 /Users/sinjunho/Desktop/Taste\ Buddy/ios/TasteBuddy/Features/Dining/DiningOverallEvaluationStepView.swift (in target 'TasteBuddy' from project 'TasteBuddy')
    cd /Users/sinjunho/Desktop/Taste\ Buddy/ios
    

SwiftDriverJobDiscovery normal x86_64 Compiling ChatGPTAnalysisCard.swift (in target 'TasteBuddy' from project 'TasteBuddy')

SwiftCompile normal x86_64 Compiling\ TasteBuddyAgentContractModels.swift,\ TasteBuddyAgentEngine.swift,\ TasteBuddyAgentFullEngine.swift,\ TasteBuddyAgentFullModels.swift,\ TasteBuddyAgentKnowledgeRuntime.swift,\ TasteBuddyApp.swift,\ TasteContractModels.swift /Users/sinjunho/Desktop/Taste\ Buddy/ios/TasteBuddy/Domain/Models/TasteBuddyAgentContractModels.swift /Users/sinjunho/Desktop/Taste\ Buddy/ios/TasteBuddy/Domain/UseCases/TasteBuddyAgentEngine.swift /Users/sinjunho/Desktop/Taste\ Buddy/ios/TasteBuddy/Domain/UseCases/TasteBuddyAgentFullEngine.swift /Users/sinjunho/Desktop/Taste\ Buddy/ios/TasteBuddy/Domain/Models/TasteBuddyAgentFullModels.swift /Users/sinjunho/Desktop/Taste\ Buddy/ios/TasteBuddy/Domain/UseCases/TasteBuddyAgentKnowledgeRuntime.swift /Users/sinjunho/Desktop/Taste\ Buddy/ios/TasteBuddy/App/TasteBuddyApp.swift /Users/sinjunho/Desktop/Taste\ Buddy/ios/TasteBuddy/Domain/Models/TasteContractModels.swift (in target 'TasteBuddy' from project 'TasteBuddy')

SwiftCompile normal x86_64 /Users/sinjunho/Desktop/Taste\ Buddy/ios/TasteBuddy/Domain/Models/TasteBuddyAgentContractModels.swift (in target 'TasteBuddy' from project 'TasteBuddy')
    cd /Users/sinjunho/Desktop/Taste\ Buddy/ios
    

SwiftCompile normal x86_64 /Users/sinjunho/Desktop/Taste\ Buddy/ios/TasteBuddy/Domain/UseCases/TasteBuddyAgentEngine.swift (in target 'TasteBuddy' from project 'TasteBuddy')
    cd /Users/sinjunho/Desktop/Taste\ Buddy/ios
    

SwiftCompile normal x86_64 /Users/sinjunho/Desktop/Taste\ Buddy/ios/TasteBuddy/Domain/UseCases/TasteBuddyAgentFullEngine.swift (in target 'TasteBuddy' from project 'TasteBuddy')
    cd /Users/sinjunho/Desktop/Taste\ Buddy/ios
    

SwiftCompile normal x86_64 /Users/sinjunho/Desktop/Taste\ Buddy/ios/TasteBuddy/Domain/Models/TasteBuddyAgentFullModels.swift (in target 'TasteBuddy' from project 'TasteBuddy')
    cd /Users/sinjunho/Desktop/Taste\ Buddy/ios
    

SwiftCompile normal x86_64 /Users/sinjunho/Desktop/Taste\ Buddy/ios/TasteBuddy/Domain/UseCases/TasteBuddyAgentKnowledgeRuntime.swift (in target 'TasteBuddy' from project 'TasteBuddy')
    cd /Users/sinjunho/Desktop/Taste\ Buddy/ios
    

SwiftCompile normal x86_64 /Users/sinjunho/Desktop/Taste\ Buddy/ios/TasteBuddy/App/TasteBuddyApp.swift (in target 'TasteBuddy' from project 'TasteBuddy')
    cd /Users/sinjunho/Desktop/Taste\ Buddy/ios
    

SwiftCompile normal x86_64 /Users/sinjunho/Desktop/Taste\ Buddy/ios/TasteBuddy/Domain/Models/TasteContractModels.swift (in target 'TasteBuddy' from project 'TasteBuddy')
    cd /Users/sinjunho/Desktop/Taste\ Buddy/ios
    

SwiftDriverJobDiscovery normal x86_64 Compiling PersonalTasteQuestions.swift, PersonalTasteSourceReviewQuestions.swift, PreferenceIntakeContractEngine.swift, PreferenceIntakeContractModels.swift, PreferenceIntakeFlowView.swift, ProfileHeroCard.swift, ProfileResultView.swift (in target 'TasteBuddy' from project 'TasteBuddy')

SwiftCompile normal x86_64 Compiling\ DiningPhotoPalette.swift /Users/sinjunho/Desktop/Taste\ Buddy/ios/TasteBuddy/Features/Dining/DiningPhotoPalette.swift (in target 'TasteBuddy' from project 'TasteBuddy')

SwiftCompile normal x86_64 /Users/sinjunho/Desktop/Taste\ Buddy/ios/TasteBuddy/Features/Dining/DiningPhotoPalette.swift (in target 'TasteBuddy' from project 'TasteBuddy')
    cd /Users/sinjunho/Desktop/Taste\ Buddy/ios
    

SwiftDriverJobDiscovery normal x86_64 Compiling DiningOverallEvaluationStepView.swift (in target 'TasteBuddy' from project 'TasteBuddy')

SwiftCompile normal x86_64 Compiling\ ChatGPTAnalysisConnection.swift /Users/sinjunho/Desktop/Taste\ Buddy/ios/TasteBuddy/Features/Analysis/ChatGPTAnalysisConnection.swift (in target 'TasteBuddy' from project 'TasteBuddy')

SwiftCompile normal x86_64 /Users/sinjunho/Desktop/Taste\ Buddy/ios/TasteBuddy/Features/Analysis/ChatGPTAnalysisConnection.swift (in target 'TasteBuddy' from project 'TasteBuddy')
    cd /Users/sinjunho/Desktop/Taste\ Buddy/ios
    

SwiftDriverJobDiscovery normal x86_64 Compiling DiningPhotoPalette.swift (in target 'TasteBuddy' from project 'TasteBuddy')

SwiftCompile normal x86_64 Compiling\ DiningMemoryContext.swift /Users/sinjunho/Desktop/Taste\ Buddy/ios/TasteBuddy/Domain/Models/DiningMemoryContext.swift (in target 'TasteBuddy' from project 'TasteBuddy')

SwiftCompile normal x86_64 /Users/sinjunho/Desktop/Taste\ Buddy/ios/TasteBuddy/Domain/Models/DiningMemoryContext.swift (in target 'TasteBuddy' from project 'TasteBuddy')
    cd /Users/sinjunho/Desktop/Taste\ Buddy/ios
    

SwiftDriverJobDiscovery normal x86_64 Compiling ChatGPTAnalysisConnection.swift (in target 'TasteBuddy' from project 'TasteBuddy')

SwiftCompile normal x86_64 Compiling\ DiningSensoryRecommendationPolicy.swift /Users/sinjunho/Desktop/Taste\ Buddy/ios/TasteBuddy/Features/Dining/DiningSensoryRecommendationPolicy.swift (in target 'TasteBuddy' from project 'TasteBuddy')

SwiftCompile normal x86_64 /Users/sinjunho/Desktop/Taste\ Buddy/ios/TasteBuddy/Features/Dining/DiningSensoryRecommendationPolicy.swift (in target 'TasteBuddy' from project 'TasteBuddy')
    cd /Users/sinjunho/Desktop/Taste\ Buddy/ios
    

SwiftDriverJobDiscovery normal x86_64 Compiling DiningMemoryContext.swift (in target 'TasteBuddy' from project 'TasteBuddy')

SwiftCompile normal x86_64 Compiling\ LucideIcon.swift,\ MainTabView.swift,\ NativeAccountDataRepository.swift,\ NativeAccountPhotoRepository.swift,\ NativeFeedbackComponents.swift,\ NativeInputComponents.swift,\ NativeLayoutComponents.swift /Users/sinjunho/Desktop/Taste\ Buddy/ios/TasteBuddy/Components/LucideIcon.swift /Users/sinjunho/Desktop/Taste\ Buddy/ios/TasteBuddy/Features/Main/MainTabView.swift /Users/sinjunho/Desktop/Taste\ Buddy/ios/TasteBuddy/Data/Backend/NativeAccountDataRepository.swift /Users/sinjunho/Desktop/Taste\ Buddy/ios/TasteBuddy/Data/Backend/NativeAccountPhotoRepository.swift /Users/sinjunho/Desktop/Taste\ Buddy/ios/TasteBuddy/Components/NativeFeedbackComponents.swift /Users/sinjunho/Desktop/Taste\ Buddy/ios/TasteBuddy/Components/NativeInputComponents.swift /Users/sinjunho/Desktop/Taste\ Buddy/ios/TasteBuddy/Components/NativeLayoutComponents.swift (in target 'TasteBuddy' from project 'TasteBuddy')

SwiftCompile normal x86_64 /Users/sinjunho/Desktop/Taste\ Buddy/ios/TasteBuddy/Components/LucideIcon.swift (in target 'TasteBuddy' from project 'TasteBuddy')
    cd /Users/sinjunho/Desktop/Taste\ Buddy/ios
    

SwiftCompile normal x86_64 /Users/sinjunho/Desktop/Taste\ Buddy/ios/TasteBuddy/Features/Main/MainTabView.swift (in target 'TasteBuddy' from project 'TasteBuddy')
    cd /Users/sinjunho/Desktop/Taste\ Buddy/ios
    

SwiftCompile normal x86_64 /Users/sinjunho/Desktop/Taste\ Buddy/ios/TasteBuddy/Data/Backend/NativeAccountDataRepository.swift (in target 'TasteBuddy' from project 'TasteBuddy')
    cd /Users/sinjunho/Desktop/Taste\ Buddy/ios
    

SwiftCompile normal x86_64 /Users/sinjunho/Desktop/Taste\ Buddy/ios/TasteBuddy/Data/Backend/NativeAccountPhotoRepository.swift (in target 'TasteBuddy' from project 'TasteBuddy')
    cd /Users/sinjunho/Desktop/Taste\ Buddy/ios
    

SwiftCompile normal x86_64 /Users/sinjunho/Desktop/Taste\ Buddy/ios/TasteBuddy/Components/NativeFeedbackComponents.swift (in target 'TasteBuddy' from project 'TasteBuddy')
    cd /Users/sinjunho/Desktop/Taste\ Buddy/ios
    

SwiftCompile normal x86_64 /Users/sinjunho/Desktop/Taste\ Buddy/ios/TasteBuddy/Components/NativeInputComponents.swift (in target 'TasteBuddy' from project 'TasteBuddy')
    cd /Users/sinjunho/Desktop/Taste\ Buddy/ios
    

SwiftCompile normal x86_64 /Users/sinjunho/Desktop/Taste\ Buddy/ios/TasteBuddy/Components/NativeLayoutComponents.swift (in target 'TasteBuddy' from project 'TasteBuddy')
    cd /Users/sinjunho/Desktop/Taste\ Buddy/ios
    

SwiftDriverJobDiscovery normal x86_64 Compiling DiningSensoryRecommendationPolicy.swift (in target 'TasteBuddy' from project 'TasteBuddy')

SwiftCompile normal x86_64 Compiling\ DesignSystemFullComponents.swift /Users/sinjunho/Desktop/Taste\ Buddy/ios/TasteBuddy/Components/DesignSystemFullComponents.swift (in target 'TasteBuddy' from project 'TasteBuddy')

SwiftCompile normal x86_64 /Users/sinjunho/Desktop/Taste\ Buddy/ios/TasteBuddy/Components/DesignSystemFullComponents.swift (in target 'TasteBuddy' from project 'TasteBuddy')
    cd /Users/sinjunho/Desktop/Taste\ Buddy/ios
    

SwiftDriverJobDiscovery normal x86_64 Compiling LucideIcon.swift, MainTabView.swift, NativeAccountDataRepository.swift, NativeAccountPhotoRepository.swift, NativeFeedbackComponents.swift, NativeInputComponents.swift, NativeLayoutComponents.swift (in target 'TasteBuddy' from project 'TasteBuddy')

SwiftCompile normal x86_64 Compiling\ HomeArchiveVisualizationModels.swift,\ HomeArchiveVisualizationViews.swift,\ HomePeriodInsightComponents.swift,\ HomeSearchModels.swift,\ HomeSummaryComponents.swift,\ HomeSummaryModels.swift,\ HomeView.swift /Users/sinjunho/Desktop/Taste\ Buddy/ios/TasteBuddy/Features/Home/HomeArchiveVisualizationModels.swift /Users/sinjunho/Desktop/Taste\ Buddy/ios/TasteBuddy/Features/Home/HomeArchiveVisualizationViews.swift /Users/sinjunho/Desktop/Taste\ Buddy/ios/TasteBuddy/Features/Home/HomePeriodInsightComponents.swift /Users/sinjunho/Desktop/Taste\ Buddy/ios/TasteBuddy/Features/Home/HomeSearchModels.swift /Users/sinjunho/Desktop/Taste\ Buddy/ios/TasteBuddy/Features/Home/HomeSummaryComponents.swift /Users/sinjunho/Desktop/Taste\ Buddy/ios/TasteBuddy/Features/Home/HomeSummaryModels.swift /Users/sinjunho/Desktop/Taste\ Buddy/ios/TasteBuddy/Features/Home/HomeView.swift (in target 'TasteBuddy' from project 'TasteBuddy')
SwiftCompile normal x86_64 /Users/sinjunho/Desktop/Taste\ Buddy/ios/TasteBuddy/Features/Home/HomeArchiveVisualizationModels.swift (in target 'TasteBuddy' from project 'TasteBuddy')
    cd /Users/sinjunho/Desktop/Taste\ Buddy/ios
    

SwiftCompile normal x86_64 /Users/sinjunho/Desktop/Taste\ Buddy/ios/TasteBuddy/Features/Home/HomeArchiveVisualizationViews.swift (in target 'TasteBuddy' from project 'TasteBuddy')
    cd /Users/sinjunho/Desktop/Taste\ Buddy/ios
    

SwiftCompile normal x86_64 /Users/sinjunho/Desktop/Taste\ Buddy/ios/TasteBuddy/Features/Home/HomePeriodInsightComponents.swift (in target 'TasteBuddy' from project 'TasteBuddy')
    cd /Users/sinjunho/Desktop/Taste\ Buddy/ios
    

SwiftCompile normal x86_64 /Users/sinjunho/Desktop/Taste\ Buddy/ios/TasteBuddy/Features/Home/HomeSearchModels.swift (in target 'TasteBuddy' from project 'TasteBuddy')
    cd /Users/sinjunho/Desktop/Taste\ Buddy/ios
    

SwiftCompile normal x86_64 /Users/sinjunho/Desktop/Taste\ Buddy/ios/TasteBuddy/Features/Home/HomeSummaryComponents.swift (in target 'TasteBuddy' from project 'TasteBuddy')
    cd /Users/sinjunho/Desktop/Taste\ Buddy/ios
    

SwiftCompile normal x86_64 /Users/sinjunho/Desktop/Taste\ Buddy/ios/TasteBuddy/Features/Home/HomeSummaryModels.swift (in target 'TasteBuddy' from project 'TasteBuddy')
    cd /Users/sinjunho/Desktop/Taste\ Buddy/ios
    

SwiftCompile normal x86_64 /Users/sinjunho/Desktop/Taste\ Buddy/ios/TasteBuddy/Features/Home/HomeView.swift (in target 'TasteBuddy' from project 'TasteBuddy')
    cd /Users/sinjunho/Desktop/Taste\ Buddy/ios
    

SwiftDriverJobDiscovery normal x86_64 Compiling SystemParityComponentTests.swift, TasteBloomMotionTests.swift, TasteBuddyAgentFullEngineTests.swift (in target 'TasteBuddyTests' from project 'TasteBuddy')

SwiftDriverJobDiscovery normal x86_64 Compiling DesignSystemFullComponents.swift (in target 'TasteBuddy' from project 'TasteBuddy')

SwiftDriver\ Compilation TasteBuddyTests normal x86_64 com.apple.xcode.tools.swift.compiler (in target 'TasteBuddyTests' from project 'TasteBuddy')
    cd /Users/sinjunho/Desktop/Taste\ Buddy/ios
    builtin-Swift-Compilation -- /Applications/Xcode.app/Contents/Developer/Toolchains/XcodeDefault.xctoolchain/usr/bin/swiftc -module-name TasteBuddyTests -Onone @/tmp/TasteBuddyHomeQuestionsQA/Build/Intermediates.noindex/TasteBuddy.build/Debug-iphonesimulator/TasteBuddyTests.build/Objects-normal/x86_64/TasteBuddyTests.SwiftFileList -DDEBUG -j4 -plugin-path /Applications/Xcode.app/Contents/Developer/Toolchains/XcodeDefault.xctoolchain/usr/lib/swift/host/plugins/testing -enable-bare-slash-regex -enable-experimental-feature DebugDescriptionMacro -sdk /Applications/Xcode.app/Contents/Developer/Platforms/iPhoneSimulator.platform/Developer/SDKs/iPhoneSimulator26.5.sdk -target x86_64-apple-ios17.0-simulator -g -module-cache-path /tmp/TasteBuddyHomeQuestionsQA/ModuleCache.noindex -Xfrontend -serialize-debugging-options -enable-testing -index-store-path /tmp/TasteBuddyHomeQuestionsQA/Index.noindex/DataStore -swift-version 5 -I /tmp/TasteBuddyHomeQuestionsQA/Build/Products/Debug-iphonesimulator -Isystem /Applications/Xcode.app/Contents/Developer/Platforms/iPhoneSimulator.platform/Developer/usr/lib -F /tmp/TasteBuddyHomeQuestionsQA/Build/Products/Debug-iphonesimulator/PackageFrameworks -F /tmp/TasteBuddyHomeQuestionsQA/Build/Products/Debug-iphonesimulator/PackageFrameworks -F /tmp/TasteBuddyHomeQuestionsQA/Build/Products/Debug-iphonesimulator/PackageFrameworks -F /tmp/TasteBuddyHomeQuestionsQA/Build/Products/Debug-iphonesimulator/PackageFrameworks -F /tmp/TasteBuddyHomeQuestionsQA/Build/Products/Debug-iphonesimulator/PackageFrameworks -F /tmp/TasteBuddyHomeQuestionsQA/Build/Products/Debug-iphonesimulator/PackageFrameworks -F /tmp/TasteBuddyHomeQuestionsQA/Build/Products/Debug-iphonesimulator/PackageFrameworks -F /tmp/TasteBuddyHomeQuestionsQA/Build/Products/Debug-iphonesimulator/PackageFrameworks -F /tmp/TasteBuddyHomeQuestionsQA/Build/Products/Debug-iphonesimulator/PackageFrameworks -F /tmp/TasteBuddyHomeQuestionsQA/Build/Products/Debug-iphonesimulator/PackageFrameworks -F /tmp/TasteBuddyHomeQuestionsQA/Build/Products/Debug-iphonesimulator/PackageFrameworks -F /tmp/TasteBuddyHomeQuestionsQA/Build/Products/Debug-iphonesimulator/PackageFrameworks -F /tmp/TasteBuddyHomeQuestionsQA/Build/Products/Debug-iphonesimulator/PackageFrameworks -F /tmp/TasteBuddyHomeQuestionsQA/Build/Products/Debug-iphonesimulator/PackageFrameworks -F /tmp/TasteBuddyHomeQuestionsQA/Build/Products/Debug-iphonesimulator/PackageFrameworks -F /tmp/TasteBuddyHomeQuestionsQA/Build/Products/Debug-iphonesimulator/PackageFrameworks -F /tmp/TasteBuddyHomeQuestionsQA/Build/Products/Debug-iphonesimulator -F /Applications/Xcode.app/Contents/Developer/Platforms/iPhoneSimulator.platform/Developer/Library/Frameworks -F /Applications/Xcode.app/Contents/Developer/Platforms/iPhoneSimulator.platform/Developer/SDKs/iPhoneSimulator26.5.sdk/Developer/Library/Frameworks -c -j12 -enable-batch-mode -incremental -Xcc -ivfsstatcache -Xcc /tmp/TasteBuddyHomeQuestionsQA/SDKStatCaches.noindex/iphonesimulator26.5-23F81a-6cfe768891a92b912361537c460fe42b.sdkstatcache -output-file-map /tmp/TasteBuddyHomeQuestionsQA/Build/Intermediates.noindex/TasteBuddy.build/Debug-iphonesimulator/TasteBuddyTests.build/Objects-normal/x86_64/TasteBuddyTests-OutputFileMap.json -use-frontend-parseable-output -save-temps -no-color-diagnostics -explicit-module-build -module-cache-path /tmp/TasteBuddyHomeQuestionsQA/Build/Intermediates.noindex/SwiftExplicitPrecompiledModules -clang-scanner-module-cache-path /tmp/TasteBuddyHomeQuestionsQA/ModuleCache.noindex -sdk-module-cache-path /tmp/TasteBuddyHomeQuestionsQA/ModuleCache.noindex -serialize-diagnostics -emit-dependencies -emit-module -emit-module-path /tmp/TasteBuddyHomeQuestionsQA/Build/Intermediates.noindex/TasteBuddy.build/Debug-iphonesimulator/TasteBuddyTests.build/Objects-normal/x86_64/TasteBuddyTests.swiftmodule -validate-clang-modules-once -clang-build-session-file /tmp/TasteBuddyHomeQuestionsQA/ModuleCache.noindex/Session.modulevalidation -Xcc -I/tmp/TasteBuddyHomeQuestionsQA/Build/Intermediates.noindex/TasteBuddy.build/Debug-iphonesimulator/TasteBuddyTests.build/swift-overrides.hmap -emit-const-values -Xfrontend -const-gather-protocols-file -Xfrontend /tmp/TasteBuddyHomeQuestionsQA/Build/Intermediates.noindex/TasteBuddy.build/Debug-iphonesimulator/TasteBuddyTests.build/Objects-normal/x86_64/TasteBuddyTests_const_extract_protocols.json -Xcc -iquote -Xcc /tmp/TasteBuddyHomeQuestionsQA/Build/Intermediates.noindex/TasteBuddy.build/Debug-iphonesimulator/TasteBuddyTests.build/TasteBuddyTests-generated-files.hmap -Xcc -I/tmp/TasteBuddyHomeQuestionsQA/Build/Intermediates.noindex/TasteBuddy.build/Debug-iphonesimulator/TasteBuddyTests.build/TasteBuddyTests-own-target-headers.hmap -Xcc -I/tmp/TasteBuddyHomeQuestionsQA/Build/Intermediates.noindex/TasteBuddy.build/Debug-iphonesimulator/TasteBuddyTests.build/TasteBuddyTests-all-non-framework-target-headers.hmap -Xcc -ivfsoverlay -Xcc /tmp/TasteBuddyHomeQuestionsQA/Build/Intermediates.noindex/TasteBuddy.build/Debug-iphonesimulator/TasteBuddy-13299a83df260b797a46b4b5b88bf8d1-VFS-iphonesimulator/all-product-headers.yaml -Xcc -iquote -Xcc /tmp/TasteBuddyHomeQuestionsQA/Build/Intermediates.noindex/TasteBuddy.build/Debug-iphonesimulator/TasteBuddyTests.build/TasteBuddyTests-project-headers.hmap -Xcc -I/tmp/TasteBuddyHomeQuestionsQA/Build/Products/Debug-iphonesimulator/include -Xcc -I/tmp/TasteBuddyHomeQuestionsQA/Build/Intermediates.noindex/TasteBuddy.build/Debug-iphonesimulator/TasteBuddyTests.build/DerivedSources-normal/x86_64 -Xcc -I/tmp/TasteBuddyHomeQuestionsQA/Build/Intermediates.noindex/TasteBuddy.build/Debug-iphonesimulator/TasteBuddyTests.build/DerivedSources/x86_64 -Xcc -I/tmp/TasteBuddyHomeQuestionsQA/Build/Intermediates.noindex/TasteBuddy.build/Debug-iphonesimulator/TasteBuddyTests.build/DerivedSources -emit-objc-header -emit-objc-header-path /tmp/TasteBuddyHomeQuestionsQA/Build/Intermediates.noindex/TasteBuddy.build/Debug-iphonesimulator/TasteBuddyTests.build/Objects-normal/x86_64/TasteBuddyTests-Swift.h -working-directory /Users/sinjunho/Desktop/Taste\ Buddy/ios -experimental-emit-module-separately -disable-cmo

SwiftCompile normal x86_64 Compiling\ ProfileSummarySheet.swift,\ ProfileView.swift,\ QuickCalibrationContractEngine.swift,\ RestaurantDetailModels.swift,\ RestaurantDetailRouteView.swift,\ RestaurantModels.swift,\ RestaurantPlaceAPIClient.swift /Users/sinjunho/Desktop/Taste\ Buddy/ios/TasteBuddy/Features/Profile/ProfileSummarySheet.swift /Users/sinjunho/Desktop/Taste\ Buddy/ios/TasteBuddy/Features/Profile/ProfileView.swift /Users/sinjunho/Desktop/Taste\ Buddy/ios/TasteBuddy/Domain/UseCases/QuickCalibrationContractEngine.swift /Users/sinjunho/Desktop/Taste\ Buddy/ios/TasteBuddy/Models/RestaurantDetailModels.swift /Users/sinjunho/Desktop/Taste\ Buddy/ios/TasteBuddy/Features/Restaurant/RestaurantDetailRouteView.swift /Users/sinjunho/Desktop/Taste\ Buddy/ios/TasteBuddy/Models/RestaurantModels.swift /Users/sinjunho/Desktop/Taste\ Buddy/ios/TasteBuddy/Data/Places/RestaurantPlaceAPIClient.swift (in target 'TasteBuddy' from project 'TasteBuddy')

SwiftCompile normal x86_64 /Users/sinjunho/Desktop/Taste\ Buddy/ios/TasteBuddy/Features/Profile/ProfileSummarySheet.swift (in target 'TasteBuddy' from project 'TasteBuddy')
    cd /Users/sinjunho/Desktop/Taste\ Buddy/ios
    

SwiftCompile normal x86_64 /Users/sinjunho/Desktop/Taste\ Buddy/ios/TasteBuddy/Features/Profile/ProfileView.swift (in target 'TasteBuddy' from project 'TasteBuddy')
    cd /Users/sinjunho/Desktop/Taste\ Buddy/ios
    

SwiftCompile normal x86_64 /Users/sinjunho/Desktop/Taste\ Buddy/ios/TasteBuddy/Domain/UseCases/QuickCalibrationContractEngine.swift (in target 'TasteBuddy' from project 'TasteBuddy')
    cd /Users/sinjunho/Desktop/Taste\ Buddy/ios
    

SwiftCompile normal x86_64 /Users/sinjunho/Desktop/Taste\ Buddy/ios/TasteBuddy/Models/RestaurantDetailModels.swift (in target 'TasteBuddy' from project 'TasteBuddy')
    cd /Users/sinjunho/Desktop/Taste\ Buddy/ios
    

SwiftCompile normal x86_64 /Users/sinjunho/Desktop/Taste\ Buddy/ios/TasteBuddy/Features/Restaurant/RestaurantDetailRouteView.swift (in target 'TasteBuddy' from project 'TasteBuddy')
    cd /Users/sinjunho/Desktop/Taste\ Buddy/ios
    

SwiftCompile normal x86_64 /Users/sinjunho/Desktop/Taste\ Buddy/ios/TasteBuddy/Models/RestaurantModels.swift (in target 'TasteBuddy' from project 'TasteBuddy')
    cd /Users/sinjunho/Desktop/Taste\ Buddy/ios
    

SwiftCompile normal x86_64 /Users/sinjunho/Desktop/Taste\ Buddy/ios/TasteBuddy/Data/Places/RestaurantPlaceAPIClient.swift (in target 'TasteBuddy' from project 'TasteBuddy')
    cd /Users/sinjunho/Desktop/Taste\ Buddy/ios
    

SwiftDriverJobDiscovery normal x86_64 Compiling TasteBuddyAgentContractModels.swift, TasteBuddyAgentEngine.swift, TasteBuddyAgentFullEngine.swift, TasteBuddyAgentFullModels.swift, TasteBuddyAgentKnowledgeRuntime.swift, TasteBuddyApp.swift, TasteContractModels.swift (in target 'TasteBuddy' from project 'TasteBuddy')

SwiftDriverJobDiscovery normal x86_64 Compiling ProfileSummarySheet.swift, ProfileView.swift, QuickCalibrationContractEngine.swift, RestaurantDetailModels.swift, RestaurantDetailRouteView.swift, RestaurantModels.swift, RestaurantPlaceAPIClient.swift (in target 'TasteBuddy' from project 'TasteBuddy')

SwiftDriverJobDiscovery normal x86_64 Compiling AuthEntryView.swift, BackendAuthRepository.swift, DiningSensorySelectionEditor.swift, DiningSensorySelectionParser.swift, DiningView.swift, FoodMemory.swift, FoodMemoryViews.swift (in target 'TasteBuddy' from project 'TasteBuddy')

SwiftDriverJobDiscovery normal x86_64 Compiling HomeArchiveVisualizationModels.swift, HomeArchiveVisualizationViews.swift, HomePeriodInsightComponents.swift, HomeSearchModels.swift, HomeSummaryComponents.swift, HomeSummaryModels.swift, HomeView.swift (in target 'TasteBuddy' from project 'TasteBuddy')

SwiftDriver\ Compilation TasteBuddy normal x86_64 com.apple.xcode.tools.swift.compiler (in target 'TasteBuddy' from project 'TasteBuddy')
    cd /Users/sinjunho/Desktop/Taste\ Buddy/ios
    builtin-Swift-Compilation -- /Applications/Xcode.app/Contents/Developer/Toolchains/XcodeDefault.xctoolchain/usr/bin/swiftc -module-name TasteBuddy -Onone @/tmp/TasteBuddyHomeQuestionsQA/Build/Intermediates.noindex/TasteBuddy.build/Debug-iphonesimulator/TasteBuddy.build/Objects-normal/x86_64/TasteBuddy.SwiftFileList -DDEBUG -j4 -enable-bare-slash-regex -enable-experimental-feature DebugDescriptionMacro -sdk /Applications/Xcode.app/Contents/Developer/Platforms/iPhoneSimulator.platform/Developer/SDKs/iPhoneSimulator26.5.sdk -target x86_64-apple-ios17.0-simulator -g -module-cache-path /tmp/TasteBuddyHomeQuestionsQA/ModuleCache.noindex -Xfrontend -serialize-debugging-options -enable-testing -index-store-path /tmp/TasteBuddyHomeQuestionsQA/Index.noindex/DataStore -swift-version 5 -I /tmp/TasteBuddyHomeQuestionsQA/Build/Products/Debug-iphonesimulator -F /tmp/TasteBuddyHomeQuestionsQA/Build/Products/Debug-iphonesimulator/PackageFrameworks -F /tmp/TasteBuddyHomeQuestionsQA/Build/Products/Debug-iphonesimulator/PackageFrameworks -F /tmp/TasteBuddyHomeQuestionsQA/Build/Products/Debug-iphonesimulator/PackageFrameworks -F /tmp/TasteBuddyHomeQuestionsQA/Build/Products/Debug-iphonesimulator/PackageFrameworks -F /tmp/TasteBuddyHomeQuestionsQA/Build/Products/Debug-iphonesimulator/PackageFrameworks -F /tmp/TasteBuddyHomeQuestionsQA/Build/Products/Debug-iphonesimulator/PackageFrameworks -F /tmp/TasteBuddyHomeQuestionsQA/Build/Products/Debug-iphonesimulator/PackageFrameworks -F /tmp/TasteBuddyHomeQuestionsQA/Build/Products/Debug-iphonesimulator/PackageFrameworks -F /tmp/TasteBuddyHomeQuestionsQA/Build/Products/Debug-iphonesimulator/PackageFrameworks -F /tmp/TasteBuddyHomeQuestionsQA/Build/Products/Debug-iphonesimulator/PackageFrameworks -F /tmp/TasteBuddyHomeQuestionsQA/Build/Products/Debug-iphonesimulator/PackageFrameworks -F /tmp/TasteBuddyHomeQuestionsQA/Build/Products/Debug-iphonesimulator/PackageFrameworks -F /tmp/TasteBuddyHomeQuestionsQA/Build/Products/Debug-iphonesimulator/PackageFrameworks -F /tmp/TasteBuddyHomeQuestionsQA/Build/Products/Debug-iphonesimulator/PackageFrameworks -F /tmp/TasteBuddyHomeQuestionsQA/Build/Products/Debug-iphonesimulator/PackageFrameworks -F /tmp/TasteBuddyHomeQuestionsQA/Build/Products/Debug-iphonesimulator/PackageFrameworks -F /tmp/TasteBuddyHomeQuestionsQA/Build/Products/Debug-iphonesimulator -c -j12 -enable-batch-mode -incremental -Xcc -ivfsstatcache -Xcc /tmp/TasteBuddyHomeQuestionsQA/SDKStatCaches.noindex/iphonesimulator26.5-23F81a-6cfe768891a92b912361537c460fe42b.sdkstatcache -output-file-map /tmp/TasteBuddyHomeQuestionsQA/Build/Intermediates.noindex/TasteBuddy.build/Debug-iphonesimulator/TasteBuddy.build/Objects-normal/x86_64/TasteBuddy-OutputFileMap.json -use-frontend-parseable-output -save-temps -no-color-diagnostics -explicit-module-build -module-cache-path /tmp/TasteBuddyHomeQuestionsQA/Build/Intermediates.noindex/SwiftExplicitPrecompiledModules -clang-scanner-module-cache-path /tmp/TasteBuddyHomeQuestionsQA/ModuleCache.noindex -sdk-module-cache-path /tmp/TasteBuddyHomeQuestionsQA/ModuleCache.noindex -serialize-diagnostics -emit-dependencies -emit-module -emit-module-path /tmp/TasteBuddyHomeQuestionsQA/Build/Intermediates.noindex/TasteBuddy.build/Debug-iphonesimulator/TasteBuddy.build/Objects-normal/x86_64/TasteBuddy.swiftmodule -validate-clang-modules-once -clang-build-session-file /tmp/TasteBuddyHomeQuestionsQA/ModuleCache.noindex/Session.modulevalidation -Xcc -I/tmp/TasteBuddyHomeQuestionsQA/Build/Intermediates.noindex/TasteBuddy.build/Debug-iphonesimulator/TasteBuddy.build/swift-overrides.hmap -emit-const-values -Xfrontend -const-gather-protocols-file -Xfrontend /tmp/TasteBuddyHomeQuestionsQA/Build/Intermediates.noindex/TasteBuddy.build/Debug-iphonesimulator/TasteBuddy.build/Objects-normal/x86_64/TasteBuddy_const_extract_protocols.json -Xcc -iquote -Xcc /tmp/TasteBuddyHomeQuestionsQA/Build/Intermediates.noindex/TasteBuddy.build/Debug-iphonesimulator/TasteBuddy.build/TasteBuddy-generated-files.hmap -Xcc -I/tmp/TasteBuddyHomeQuestionsQA/Build/Intermediates.noindex/TasteBuddy.build/Debug-iphonesimulator/TasteBuddy.build/TasteBuddy-own-target-headers.hmap -Xcc -I/tmp/TasteBuddyHomeQuestionsQA/Build/Intermediates.noindex/TasteBuddy.build/Debug-iphonesimulator/TasteBuddy.build/TasteBuddy-all-non-framework-target-headers.hmap -Xcc -ivfsoverlay -Xcc /tmp/TasteBuddyHomeQuestionsQA/Build/Intermediates.noindex/TasteBuddy.build/Debug-iphonesimulator/TasteBuddy-13299a83df260b797a46b4b5b88bf8d1-VFS-iphonesimulator/all-product-headers.yaml -Xcc -iquote -Xcc /tmp/TasteBuddyHomeQuestionsQA/Build/Intermediates.noindex/TasteBuddy.build/Debug-iphonesimulator/TasteBuddy.build/TasteBuddy-project-headers.hmap -Xcc -I/tmp/TasteBuddyHomeQuestionsQA/Build/Products/Debug-iphonesimulator/include -Xcc -I/tmp/TasteBuddyHomeQuestionsQA/Build/Intermediates.noindex/TasteBuddy.build/Debug-iphonesimulator/TasteBuddy.build/DerivedSources-normal/x86_64 -Xcc -I/tmp/TasteBuddyHomeQuestionsQA/Build/Intermediates.noindex/TasteBuddy.build/Debug-iphonesimulator/TasteBuddy.build/DerivedSources/x86_64 -Xcc -I/tmp/TasteBuddyHomeQuestionsQA/Build/Intermediates.noindex/TasteBuddy.build/Debug-iphonesimulator/TasteBuddy.build/DerivedSources -emit-objc-header -emit-objc-header-path /tmp/TasteBuddyHomeQuestionsQA/Build/Intermediates.noindex/TasteBuddy.build/Debug-iphonesimulator/TasteBuddy.build/Objects-normal/x86_64/TasteBuddy-Swift.h -working-directory /Users/sinjunho/Desktop/Taste\ Buddy/ios -experimental-emit-module-separately -disable-cmo

Ld /tmp/TasteBuddyHomeQuestionsQA/Build/Products/Debug-iphonesimulator/TasteBuddy.app/TasteBuddy.debug.dylib normal (in target 'TasteBuddy' from project 'TasteBuddy')
    cd /Users/sinjunho/Desktop/Taste\ Buddy/ios
    /Applications/Xcode.app/Contents/Developer/Toolchains/XcodeDefault.xctoolchain/usr/bin/clang -Xlinker -reproducible -target x86_64-apple-ios17.0-simulator -dynamiclib -isysroot /Applications/Xcode.app/Contents/Developer/Platforms/iPhoneSimulator.platform/Developer/SDKs/iPhoneSimulator26.5.sdk -Os -L/tmp/TasteBuddyHomeQuestionsQA/Build/Intermediates.noindex/EagerLinkingTBDs/Debug-iphonesimulator -L/tmp/TasteBuddyHomeQuestionsQA/Build/Products/Debug-iphonesimulator -F/tmp/TasteBuddyHomeQuestionsQA/Build/Intermediates.noindex/EagerLinkingTBDs/Debug-iphonesimulator -F/tmp/TasteBuddyHomeQuestionsQA/Build/Products/Debug-iphonesimulator/PackageFrameworks -F/tmp/TasteBuddyHomeQuestionsQA/Build/Products/Debug-iphonesimulator/PackageFrameworks -F/tmp/TasteBuddyHomeQuestionsQA/Build/Products/Debug-iphonesimulator/PackageFrameworks -F/tmp/TasteBuddyHomeQuestionsQA/Build/Products/Debug-iphonesimulator/PackageFrameworks -F/tmp/TasteBuddyHomeQuestionsQA/Build/Products/Debug-iphonesimulator/PackageFrameworks -F/tmp/TasteBuddyHomeQuestionsQA/Build/Products/Debug-iphonesimulator/PackageFrameworks -F/tmp/TasteBuddyHomeQuestionsQA/Build/Products/Debug-iphonesimulator/PackageFrameworks -F/tmp/TasteBuddyHomeQuestionsQA/Build/Products/Debug-iphonesimulator/PackageFrameworks -F/tmp/TasteBuddyHomeQuestionsQA/Build/Products/Debug-iphonesimulator/PackageFrameworks -F/tmp/TasteBuddyHomeQuestionsQA/Build/Products/Debug-iphonesimulator/PackageFrameworks -F/tmp/TasteBuddyHomeQuestionsQA/Build/Products/Debug-iphonesimulator/PackageFrameworks -F/tmp/TasteBuddyHomeQuestionsQA/Build/Products/Debug-iphonesimulator/PackageFrameworks -F/tmp/TasteBuddyHomeQuestionsQA/Build/Products/Debug-iphonesimulator/PackageFrameworks -F/tmp/TasteBuddyHomeQuestionsQA/Build/Products/Debug-iphonesimulator/PackageFrameworks -F/tmp/TasteBuddyHomeQuestionsQA/Build/Products/Debug-iphonesimulator/PackageFrameworks -F/tmp/TasteBuddyHomeQuestionsQA/Build/Products/Debug-iphonesimulator/PackageFrameworks -F/tmp/TasteBuddyHomeQuestionsQA/Build/Products/Debug-iphonesimulator -filelist /tmp/TasteBuddyHomeQuestionsQA/Build/Intermediates.noindex/TasteBuddy.build/Debug-iphonesimulator/TasteBuddy.build/Objects-normal/x86_64/TasteBuddy.LinkFileList -install_name @rpath/TasteBuddy.debug.dylib -Xlinker -rpath -Xlinker /usr/lib/swift -Xlinker -rpath -Xlinker /tmp/TasteBuddyHomeQuestionsQA/Build/Products/Debug-iphonesimulator/PackageFrameworks -Xlinker -dead_strip -Xlinker -object_path_lto -Xlinker /tmp/TasteBuddyHomeQuestionsQA/Build/Intermediates.noindex/TasteBuddy.build/Debug-iphonesimulator/TasteBuddy.build/Objects-normal/x86_64/TasteBuddy_lto.o -rdynamic -Xlinker -objc_abi_version -Xlinker 2 -Xlinker -dependency_info -Xlinker /tmp/TasteBuddyHomeQuestionsQA/Build/Intermediates.noindex/TasteBuddy.build/Debug-iphonesimulator/TasteBuddy.build/Objects-normal/x86_64/TasteBuddy_dependency_info.dat -fobjc-link-runtime -L/Applications/Xcode.app/Contents/Developer/Toolchains/XcodeDefault.xctoolchain/usr/lib/swift/iphonesimulator -L/usr/lib/swift -Xlinker -add_ast_path -Xlinker /tmp/TasteBuddyHomeQuestionsQA/Build/Intermediates.noindex/TasteBuddy.build/Debug-iphonesimulator/TasteBuddy.build/Objects-normal/x86_64/TasteBuddy.swiftmodule @/tmp/TasteBuddyHomeQuestionsQA/Build/Intermediates.noindex/TasteBuddy.build/Debug-iphonesimulator/TasteBuddy.build/Objects-normal/x86_64/TasteBuddy-linker-args.resp -Wl,-no_warn_duplicate_libraries -Wl,-no_warn_duplicate_libraries -Wl,-no_warn_duplicate_libraries -Wl,-no_warn_duplicate_libraries -Wl,-no_warn_duplicate_libraries -Wl,-no_warn_duplicate_libraries -Wl,-no_warn_duplicate_libraries -Wl,-no_warn_duplicate_libraries -Wl,-no_warn_duplicate_libraries -Wl,-no_warn_duplicate_libraries -Wl,-no_warn_duplicate_libraries -Wl,-no_warn_duplicate_libraries -Wl,-no_warn_duplicate_libraries -Wl,-no_warn_duplicate_libraries -Wl,-no_warn_duplicate_libraries -Wl,-no_warn_duplicate_libraries -Xlinker -alias -Xlinker _main -Xlinker ___debug_main_executable_dylib_entry_point -o /tmp/TasteBuddyHomeQuestionsQA/Build/Products/Debug-iphonesimulator/TasteBuddy.app/TasteBuddy.debug.dylib -Xlinker -add_ast_path -Xlinker /tmp/TasteBuddyHomeQuestionsQA/Build/Intermediates.noindex/ProgressiveBlurHeader.build/Debug-iphonesimulator/ProgressiveBlurHeader.build/Objects-normal/x86_64/ProgressiveBlurHeader.swiftmodule @/tmp/TasteBuddyHomeQuestionsQA/Build/Intermediates.noindex/ProgressiveBlurHeader.build/Debug-iphonesimulator/ProgressiveBlurHeader.build/Objects-normal/x86_64/ProgressiveBlurHeader-linker-args.resp -Xlinker -add_ast_path -Xlinker /tmp/TasteBuddyHomeQuestionsQA/Build/Intermediates.noindex/VariableBlur.build/Debug-iphonesimulator/VariableBlur.build/Objects-normal/x86_64/VariableBlur.swiftmodule @/tmp/TasteBuddyHomeQuestionsQA/Build/Intermediates.noindex/VariableBlur.build/Debug-iphonesimulator/VariableBlur.build/Objects-normal/x86_64/VariableBlur-linker-args.resp -Xlinker -add_ast_path -Xlinker /tmp/TasteBuddyHomeQuestionsQA/Build/Intermediates.noindex/Supabase.build/Debug-iphonesimulator/Supabase.build/Objects-normal/x86_64/Supabase.swiftmodule @/tmp/TasteBuddyHomeQuestionsQA/Build/Intermediates.noindex/Supabase.build/Debug-iphonesimulator/Supabase.build/Objects-normal/x86_64/Supabase-linker-args.resp -Xlinker -add_ast_path -Xlinker /tmp/TasteBuddyHomeQuestionsQA/Build/Intermediates.noindex/swift-concurrency-extras.build/Debug-iphonesimulator/ConcurrencyExtras.build/Objects-normal/x86_64/ConcurrencyExtras.swiftmodule @/tmp/TasteBuddyHomeQuestionsQA/Build/Intermediates.noindex/swift-concurrency-extras.build/Debug-iphonesimulator/ConcurrencyExtras.build/Objects-normal/x86_64/ConcurrencyExtras-linker-args.resp -Xlinker -add_ast_path -Xlinker /tmp/TasteBuddyHomeQuestionsQA/Build/Intermediates.noindex/swift-http-types.build/Debug-iphonesimulator/HTTPTypes.build/Objects-normal/x86_64/HTTPTypes.swiftmodule @/tmp/TasteBuddyHomeQuestionsQA/Build/Intermediates.noindex/swift-http-types.build/Debug-iphonesimulator/HTTPTypes.build/Objects-normal/x86_64/HTTPTypes-linker-args.resp -Xlinker -add_ast_path -Xlinker /tmp/TasteBuddyHomeQuestionsQA/Build/Intermediates.noindex/swift-clocks.build/Debug-iphonesimulator/Clocks.build/Objects-normal/x86_64/Clocks.swiftmodule @/tmp/TasteBuddyHomeQuestionsQA/Build/Intermediates.noindex/swift-clocks.build/Debug-iphonesimulator/Clocks.build/Objects-normal/x86_64/Clocks-linker-args.resp -Xlinker -add_ast_path -Xlinker /tmp/TasteBuddyHomeQuestionsQA/Build/Intermediates.noindex/xctest-dynamic-overlay.build/Debug-iphonesimulator/IssueReporting.build/Objects-normal/x86_64/IssueReporting.swiftmodule @/tmp/TasteBuddyHomeQuestionsQA/Build/Intermediates.noindex/xctest-dynamic-overlay.build/Debug-iphonesimulator/IssueReporting.build/Objects-normal/x86_64/IssueReporting-linker-args.resp -Xlinker -add_ast_path -Xlinker /tmp/TasteBuddyHomeQuestionsQA/Build/Intermediates.noindex/xctest-dynamic-overlay.build/Debug-iphonesimulator/IssueReportingPackageSupport.build/Objects-normal/x86_64/IssueReportingPackageSupport.swiftmodule @/tmp/TasteBuddyHomeQuestionsQA/Build/Intermediates.noindex/xctest-dynamic-overlay.build/Debug-iphonesimulator/IssueReportingPackageSupport.build/Objects-normal/x86_64/IssueReportingPackageSupport-linker-args.resp -Xlinker -add_ast_path -Xlinker /tmp/TasteBuddyHomeQuestionsQA/Build/Intermediates.noindex/xctest-dynamic-overlay.build/Debug-iphonesimulator/XCTestDynamicOverlay.build/Objects-normal/x86_64/XCTestDynamicOverlay.swiftmodule @/tmp/TasteBuddyHomeQuestionsQA/Build/Intermediates.noindex/xctest-dynamic-overlay.build/Debug-iphonesimulator/XCTestDynamicOverlay.build/Objects-normal/x86_64/XCTestDynamicOverlay-linker-args.resp -Xlinker -add_ast_path -Xlinker /tmp/TasteBuddyHomeQuestionsQA/Build/Intermediates.noindex/Supabase.build/Debug-iphonesimulator/Helpers.build/Objects-normal/x86_64/Helpers.swiftmodule @/tmp/TasteBuddyHomeQuestionsQA/Build/Intermediates.noindex/Supabase.build/Debug-iphonesimulator/Helpers.build/Objects-normal/x86_64/Helpers-linker-args.resp -Xlinker -add_ast_path -Xlinker /tmp/TasteBuddyHomeQuestionsQA/Build/Intermediates.noindex/swift-crypto.build/Debug-iphonesimulator/Crypto.build/Objects-normal/x86_64/Crypto.swiftmodule @/tmp/TasteBuddyHomeQuestionsQA/Build/Intermediates.noindex/swift-crypto.build/Debug-iphonesimulator/Crypto.build/Objects-normal/x86_64/Crypto-linker-args.resp -Xlinker -add_ast_path -Xlinker /tmp/TasteBuddyHomeQuestionsQA/Build/Intermediates.noindex/Supabase.build/Debug-iphonesimulator/Auth.build/Objects-normal/x86_64/Auth.swiftmodule @/tmp/TasteBuddyHomeQuestionsQA/Build/Intermediates.noindex/Supabase.build/Debug-iphonesimulator/Auth.build/Objects-normal/x86_64/Auth-linker-args.resp -Xlinker -add_ast_path -Xlinker /tmp/TasteBuddyHomeQuestionsQA/Build/Intermediates.noindex/Supabase.build/Debug-iphonesimulator/Functions.build/Objects-normal/x86_64/Functions.swiftmodule @/tmp/TasteBuddyHomeQuestionsQA/Build/Intermediates.noindex/Supabase.build/Debug-iphonesimulator/Functions.build/Objects-normal/x86_64/Functions-linker-args.resp -Xlinker -add_ast_path -Xlinker /tmp/TasteBuddyHomeQuestionsQA/Build/Intermediates.noindex/Supabase.build/Debug-iphonesimulator/PostgREST.build/Objects-normal/x86_64/PostgREST.swiftmodule @/tmp/TasteBuddyHomeQuestionsQA/Build/Intermediates.noindex/Supabase.build/Debug-iphonesimulator/PostgREST.build/Objects-normal/x86_64/PostgREST-linker-args.resp -Xlinker -add_ast_path -Xlinker /tmp/TasteBuddyHomeQuestionsQA/Build/Intermediates.noindex/Supabase.build/Debug-iphonesimulator/Realtime.build/Objects-normal/x86_64/Realtime.swiftmodule @/tmp/TasteBuddyHomeQuestionsQA/Build/Intermediates.noindex/Supabase.build/Debug-iphonesimulator/Realtime.build/Objects-normal/x86_64/Realtime-linker-args.resp -Xlinker -add_ast_path -Xlinker /tmp/TasteBuddyHomeQuestionsQA/Build/Intermediates.noindex/Supabase.build/Debug-iphonesimulator/Storage.build/Objects-normal/x86_64/Storage.swiftmodule @/tmp/TasteBuddyHomeQuestionsQA/Build/Intermediates.noindex/Supabase.build/Debug-iphonesimulator/Storage.build/Objects-normal/x86_64/Storage-linker-args.resp

GenerateDSYMFile /tmp/TasteBuddyHomeQuestionsQA/Build/Products/Debug-iphonesimulator/TasteBuddy.app.dSYM /tmp/TasteBuddyHomeQuestionsQA/Build/Products/Debug-iphonesimulator/TasteBuddy.app/TasteBuddy.debug.dylib (in target 'TasteBuddy' from project 'TasteBuddy')
    cd /Users/sinjunho/Desktop/Taste\ Buddy/ios
    /Applications/Xcode.app/Contents/Developer/Toolchains/XcodeDefault.xctoolchain/usr/bin/dsymutil /tmp/TasteBuddyHomeQuestionsQA/Build/Products/Debug-iphonesimulator/TasteBuddy.app/TasteBuddy.debug.dylib -o /tmp/TasteBuddyHomeQuestionsQA/Build/Products/Debug-iphonesimulator/TasteBuddy.app.dSYM

ConstructStubExecutorLinkFileList /tmp/TasteBuddyHomeQuestionsQA/Build/Intermediates.noindex/TasteBuddy.build/Debug-iphonesimulator/TasteBuddy.build/TasteBuddy-ExecutorLinkFileList-normal-x86_64.txt (in target 'TasteBuddy' from project 'TasteBuddy')
    cd /Users/sinjunho/Desktop/Taste\ Buddy/ios
    construct-stub-executor-link-file-list /tmp/TasteBuddyHomeQuestionsQA/Build/Products/Debug-iphonesimulator/TasteBuddy.app/TasteBuddy.debug.dylib /Applications/Xcode.app/Contents/Developer/Platforms/iPhoneSimulator.platform/Developer/usr/lib/libPreviewsJITStubExecutor_no_swift_entry_point.a /Applications/Xcode.app/Contents/Developer/Platforms/iPhoneSimulator.platform/Developer/usr/lib/libPreviewsJITStubExecutor.a --output /tmp/TasteBuddyHomeQuestionsQA/Build/Intermediates.noindex/TasteBuddy.build/Debug-iphonesimulator/TasteBuddy.build/TasteBuddy-ExecutorLinkFileList-normal-x86_64.txt
note: Using stub executor library with Swift entry point. (in target 'TasteBuddy' from project 'TasteBuddy')

Ld /tmp/TasteBuddyHomeQuestionsQA/Build/Products/Debug-iphonesimulator/TasteBuddy.app/TasteBuddy normal (in target 'TasteBuddy' from project 'TasteBuddy')
    cd /Users/sinjunho/Desktop/Taste\ Buddy/ios
    /Applications/Xcode.app/Contents/Developer/Toolchains/XcodeDefault.xctoolchain/usr/bin/clang -Xlinker -reproducible -target x86_64-apple-ios17.0-simulator -isysroot /Applications/Xcode.app/Contents/Developer/Platforms/iPhoneSimulator.platform/Developer/SDKs/iPhoneSimulator26.5.sdk -Os -L/tmp/TasteBuddyHomeQuestionsQA/Build/Products/Debug-iphonesimulator -F/tmp/TasteBuddyHomeQuestionsQA/Build/Products/Debug-iphonesimulator/PackageFrameworks -F/tmp/TasteBuddyHomeQuestionsQA/Build/Products/Debug-iphonesimulator/PackageFrameworks -F/tmp/TasteBuddyHomeQuestionsQA/Build/Products/Debug-iphonesimulator/PackageFrameworks -F/tmp/TasteBuddyHomeQuestionsQA/Build/Products/Debug-iphonesimulator/PackageFrameworks -F/tmp/TasteBuddyHomeQuestionsQA/Build/Products/Debug-iphonesimulator/PackageFrameworks -F/tmp/TasteBuddyHomeQuestionsQA/Build/Products/Debug-iphonesimulator/PackageFrameworks -F/tmp/TasteBuddyHomeQuestionsQA/Build/Products/Debug-iphonesimulator/PackageFrameworks -F/tmp/TasteBuddyHomeQuestionsQA/Build/Products/Debug-iphonesimulator/PackageFrameworks -F/tmp/TasteBuddyHomeQuestionsQA/Build/Products/Debug-iphonesimulator/PackageFrameworks -F/tmp/TasteBuddyHomeQuestionsQA/Build/Products/Debug-iphonesimulator/PackageFrameworks -F/tmp/TasteBuddyHomeQuestionsQA/Build/Products/Debug-iphonesimulator/PackageFrameworks -F/tmp/TasteBuddyHomeQuestionsQA/Build/Products/Debug-iphonesimulator/PackageFrameworks -F/tmp/TasteBuddyHomeQuestionsQA/Build/Products/Debug-iphonesimulator/PackageFrameworks -F/tmp/TasteBuddyHomeQuestionsQA/Build/Products/Debug-iphonesimulator/PackageFrameworks -F/tmp/TasteBuddyHomeQuestionsQA/Build/Products/Debug-iphonesimulator/PackageFrameworks -F/tmp/TasteBuddyHomeQuestionsQA/Build/Products/Debug-iphonesimulator/PackageFrameworks -F/tmp/TasteBuddyHomeQuestionsQA/Build/Products/Debug-iphonesimulator -Xlinker -rpath -Xlinker @executable_path -Xlinker -rpath -Xlinker /tmp/TasteBuddyHomeQuestionsQA/Build/Products/Debug-iphonesimulator/PackageFrameworks -rdynamic -Xlinker -objc_abi_version -Xlinker 2 -e ___debug_blank_executor_main -Xlinker -sectcreate -Xlinker __TEXT -Xlinker __debug_dylib -Xlinker /tmp/TasteBuddyHomeQuestionsQA/Build/Intermediates.noindex/TasteBuddy.build/Debug-iphonesimulator/TasteBuddy.build/TasteBuddy-DebugDylibPath-normal-x86_64.txt -Xlinker -sectcreate -Xlinker __TEXT -Xlinker __debug_instlnm -Xlinker /tmp/TasteBuddyHomeQuestionsQA/Build/Intermediates.noindex/TasteBuddy.build/Debug-iphonesimulator/TasteBuddy.build/TasteBuddy-DebugDylibInstallName-normal-x86_64.txt -Xlinker -filelist -Xlinker /tmp/TasteBuddyHomeQuestionsQA/Build/Intermediates.noindex/TasteBuddy.build/Debug-iphonesimulator/TasteBuddy.build/TasteBuddy-ExecutorLinkFileList-normal-x86_64.txt /tmp/TasteBuddyHomeQuestionsQA/Build/Products/Debug-iphonesimulator/TasteBuddy.app/TasteBuddy.debug.dylib -o /tmp/TasteBuddyHomeQuestionsQA/Build/Products/Debug-iphonesimulator/TasteBuddy.app/TasteBuddy

GenerateDSYMFile /tmp/TasteBuddyHomeQuestionsQA/Build/Products/Debug-iphonesimulator/TasteBuddy.app.dSYM /tmp/TasteBuddyHomeQuestionsQA/Build/Products/Debug-iphonesimulator/TasteBuddy.app/TasteBuddy (in target 'TasteBuddy' from project 'TasteBuddy')
    cd /Users/sinjunho/Desktop/Taste\ Buddy/ios
    /Applications/Xcode.app/Contents/Developer/Toolchains/XcodeDefault.xctoolchain/usr/bin/dsymutil -q /tmp/TasteBuddyHomeQuestionsQA/Build/Products/Debug-iphonesimulator/TasteBuddy.app/TasteBuddy -o /tmp/TasteBuddyHomeQuestionsQA/Build/Products/Debug-iphonesimulator/TasteBuddy.app.dSYM

CopySwiftLibs /tmp/TasteBuddyHomeQuestionsQA/Build/Products/Debug-iphonesimulator/TasteBuddy.app (in target 'TasteBuddy' from project 'TasteBuddy')
    cd /Users/sinjunho/Desktop/Taste\ Buddy/ios
    builtin-swiftStdLibTool --copy --verbose --scan-executable /tmp/TasteBuddyHomeQuestionsQA/Build/Products/Debug-iphonesimulator/TasteBuddy.app/TasteBuddy.debug.dylib --scan-folder /tmp/TasteBuddyHomeQuestionsQA/Build/Products/Debug-iphonesimulator/TasteBuddy.app/Frameworks --scan-folder /tmp/TasteBuddyHomeQuestionsQA/Build/Products/Debug-iphonesimulator/TasteBuddy.app/PlugIns --scan-folder /tmp/TasteBuddyHomeQuestionsQA/Build/Products/Debug-iphonesimulator/TasteBuddy.app/SystemExtensions --scan-folder /tmp/TasteBuddyHomeQuestionsQA/Build/Products/Debug-iphonesimulator/TasteBuddy.app/Extensions --platform iphonesimulator --toolchain /Applications/Xcode.app/Contents/Developer/Toolchains/XcodeDefault.xctoolchain --destination /tmp/TasteBuddyHomeQuestionsQA/Build/Products/Debug-iphonesimulator/TasteBuddy.app/Frameworks --strip-bitcode --strip-bitcode-tool /Applications/Xcode.app/Contents/Developer/Toolchains/XcodeDefault.xctoolchain/usr/bin/bitcode_strip --emit-dependency-info /tmp/TasteBuddyHomeQuestionsQA/Build/Intermediates.noindex/TasteBuddy.build/Debug-iphonesimulator/TasteBuddy.build/SwiftStdLibToolInputDependencies.dep --filter-for-swift-os
Ignoring --strip-bitcode because --sign was not passed

ExtractAppIntentsMetadata (in target 'TasteBuddy' from project 'TasteBuddy')
    cd /Users/sinjunho/Desktop/Taste\ Buddy/ios
    /Applications/Xcode.app/Contents/Developer/Toolchains/XcodeDefault.xctoolchain/usr/bin/appintentsmetadataprocessor --toolchain-dir /Applications/Xcode.app/Contents/Developer/Toolchains/XcodeDefault.xctoolchain --module-name TasteBuddy --sdk-root /Applications/Xcode.app/Contents/Developer/Platforms/iPhoneSimulator.platform/Developer/SDKs/iPhoneSimulator26.5.sdk --xcode-version 17F113 --platform-family iOS --deployment-target 17.0 --bundle-identifier com.juneh96.tastebuddy.ios --output /tmp/TasteBuddyHomeQuestionsQA/Build/Products/Debug-iphonesimulator/TasteBuddy.app --target-triple x86_64-apple-ios17.0-simulator --binary-file /tmp/TasteBuddyHomeQuestionsQA/Build/Products/Debug-iphonesimulator/TasteBuddy.app/TasteBuddy --dependency-file /tmp/TasteBuddyHomeQuestionsQA/Build/Intermediates.noindex/TasteBuddy.build/Debug-iphonesimulator/TasteBuddy.build/Objects-normal/x86_64/TasteBuddy_dependency_info.dat --stringsdata-file /tmp/TasteBuddyHomeQuestionsQA/Build/Intermediates.noindex/TasteBuddy.build/Debug-iphonesimulator/TasteBuddy.build/Objects-normal/x86_64/ExtractedAppShortcutsMetadata.stringsdata --source-file-list /tmp/TasteBuddyHomeQuestionsQA/Build/Intermediates.noindex/TasteBuddy.build/Debug-iphonesimulator/TasteBuddy.build/Objects-normal/x86_64/TasteBuddy.SwiftFileList --metadata-file-list /tmp/TasteBuddyHomeQuestionsQA/Build/Intermediates.noindex/TasteBuddy.build/Debug-iphonesimulator/TasteBuddy.build/TasteBuddy.DependencyMetadataFileList --static-metadata-file-list /tmp/TasteBuddyHomeQuestionsQA/Build/Intermediates.noindex/TasteBuddy.build/Debug-iphonesimulator/TasteBuddy.build/TasteBuddy.DependencyStaticMetadataFileList --swift-const-vals-list /tmp/TasteBuddyHomeQuestionsQA/Build/Intermediates.noindex/TasteBuddy.build/Debug-iphonesimulator/TasteBuddy.build/Objects-normal/x86_64/TasteBuddy.SwiftConstValuesFileList --compile-time-extraction --deployment-aware-processing --validate-assistant-intents --no-app-shortcuts-localization
2026-09-13 17:14:59.054 appintentsmetadataprocessor[89948:4153337] Starting appintentsmetadataprocessor export
2026-09-13 17:14:59.083 appintentsmetadataprocessor[89948:4153337] warning: Metadata extraction skipped. No AppIntents.framework dependency found.

Copy /tmp/TasteBuddyHomeQuestionsQA/Build/Products/Debug-iphonesimulator/TasteBuddy.app/PlugIns/TasteBuddyTests.xctest/swift-crypto_Crypto.bundle /tmp/TasteBuddyHomeQuestionsQA/Build/Products/Debug-iphonesimulator/swift-crypto_Crypto.bundle (in target 'TasteBuddyTests' from project 'TasteBuddy')
    cd /Users/sinjunho/Desktop/Taste\ Buddy/ios
    builtin-copy -exclude .DS_Store -exclude CVS -exclude .svn -exclude .git -exclude .hg -strip-unsigned-binaries -strip-deterministic -strip-tool /Applications/Xcode.app/Contents/Developer/Toolchains/XcodeDefault.xctoolchain/usr/bin/strip -resolve-src-symlinks /tmp/TasteBuddyHomeQuestionsQA/Build/Products/Debug-iphonesimulator/swift-crypto_Crypto.bundle /tmp/TasteBuddyHomeQuestionsQA/Build/Products/Debug-iphonesimulator/TasteBuddy.app/PlugIns/TasteBuddyTests.xctest

Ld /tmp/TasteBuddyHomeQuestionsQA/Build/Products/Debug-iphonesimulator/TasteBuddy.app/PlugIns/TasteBuddyTests.xctest/TasteBuddyTests normal (in target 'TasteBuddyTests' from project 'TasteBuddy')
    cd /Users/sinjunho/Desktop/Taste\ Buddy/ios
    /Applications/Xcode.app/Contents/Developer/Toolchains/XcodeDefault.xctoolchain/usr/bin/clang -Xlinker -reproducible -target x86_64-apple-ios17.0-simulator -bundle -isysroot /Applications/Xcode.app/Contents/Developer/Platforms/iPhoneSimulator.platform/Developer/SDKs/iPhoneSimulator26.5.sdk -Os -L/tmp/TasteBuddyHomeQuestionsQA/Build/Intermediates.noindex/EagerLinkingTBDs/Debug-iphonesimulator -L/tmp/TasteBuddyHomeQuestionsQA/Build/Products/Debug-iphonesimulator -L/Applications/Xcode.app/Contents/Developer/Platforms/iPhoneSimulator.platform/Developer/usr/lib -F/tmp/TasteBuddyHomeQuestionsQA/Build/Intermediates.noindex/EagerLinkingTBDs/Debug-iphonesimulator -F/tmp/TasteBuddyHomeQuestionsQA/Build/Products/Debug-iphonesimulator/PackageFrameworks -F/tmp/TasteBuddyHomeQuestionsQA/Build/Products/Debug-iphonesimulator/PackageFrameworks -F/tmp/TasteBuddyHomeQuestionsQA/Build/Products/Debug-iphonesimulator/PackageFrameworks -F/tmp/TasteBuddyHomeQuestionsQA/Build/Products/Debug-iphonesimulator/PackageFrameworks -F/tmp/TasteBuddyHomeQuestionsQA/Build/Products/Debug-iphonesimulator/PackageFrameworks -F/tmp/TasteBuddyHomeQuestionsQA/Build/Products/Debug-iphonesimulator/PackageFrameworks -F/tmp/TasteBuddyHomeQuestionsQA/Build/Products/Debug-iphonesimulator/PackageFrameworks -F/tmp/TasteBuddyHomeQuestionsQA/Build/Products/Debug-iphonesimulator/PackageFrameworks -F/tmp/TasteBuddyHomeQuestionsQA/Build/Products/Debug-iphonesimulator/PackageFrameworks -F/tmp/TasteBuddyHomeQuestionsQA/Build/Products/Debug-iphonesimulator/PackageFrameworks -F/tmp/TasteBuddyHomeQuestionsQA/Build/Products/Debug-iphonesimulator/PackageFrameworks -F/tmp/TasteBuddyHomeQuestionsQA/Build/Products/Debug-iphonesimulator/PackageFrameworks -F/tmp/TasteBuddyHomeQuestionsQA/Build/Products/Debug-iphonesimulator/PackageFrameworks -F/tmp/TasteBuddyHomeQuestionsQA/Build/Products/Debug-iphonesimulator/PackageFrameworks -F/tmp/TasteBuddyHomeQuestionsQA/Build/Products/Debug-iphonesimulator/PackageFrameworks -F/tmp/TasteBuddyHomeQuestionsQA/Build/Products/Debug-iphonesimulator/PackageFrameworks -F/tmp/TasteBuddyHomeQuestionsQA/Build/Products/Debug-iphonesimulator -iframework /Applications/Xcode.app/Contents/Developer/Platforms/iPhoneSimulator.platform/Developer/Library/Frameworks -iframework /Applications/Xcode.app/Contents/Developer/Platforms/iPhoneSimulator.platform/Developer/SDKs/iPhoneSimulator26.5.sdk/Developer/Library/Frameworks -filelist /tmp/TasteBuddyHomeQuestionsQA/Build/Intermediates.noindex/TasteBuddy.build/Debug-iphonesimulator/TasteBuddyTests.build/Objects-normal/x86_64/TasteBuddyTests.LinkFileList -Xlinker -rpath -Xlinker /usr/lib/swift -Xlinker -rpath -Xlinker /tmp/TasteBuddyHomeQuestionsQA/Build/Products/Debug-iphonesimulator/PackageFrameworks -Xlinker -rpath -Xlinker @loader_path/Frameworks -Xlinker -rpath -Xlinker @executable_path/Frameworks -Xlinker -dead_strip -bundle_loader /tmp/TasteBuddyHomeQuestionsQA/Build/Products/Debug-iphonesimulator/TasteBuddy.app/TasteBuddy -Xlinker -object_path_lto -Xlinker /tmp/TasteBuddyHomeQuestionsQA/Build/Intermediates.noindex/TasteBuddy.build/Debug-iphonesimulator/TasteBuddyTests.build/Objects-normal/x86_64/TasteBuddyTests_lto.o -rdynamic -Xlinker -objc_abi_version -Xlinker 2 -Xlinker -dependency_info -Xlinker /tmp/TasteBuddyHomeQuestionsQA/Build/Intermediates.noindex/TasteBuddy.build/Debug-iphonesimulator/TasteBuddyTests.build/Objects-normal/x86_64/TasteBuddyTests_dependency_info.dat -fobjc-link-runtime -L/Applications/Xcode.app/Contents/Developer/Toolchains/XcodeDefault.xctoolchain/usr/lib/swift/iphonesimulator -L/usr/lib/swift -Xlinker -add_ast_path -Xlinker /tmp/TasteBuddyHomeQuestionsQA/Build/Intermediates.noindex/TasteBuddy.build/Debug-iphonesimulator/TasteBuddyTests.build/Objects-normal/x86_64/TasteBuddyTests.swiftmodule @/tmp/TasteBuddyHomeQuestionsQA/Build/Intermediates.noindex/TasteBuddy.build/Debug-iphonesimulator/TasteBuddyTests.build/Objects-normal/x86_64/TasteBuddyTests-linker-args.resp -Wl,-no_warn_duplicate_libraries -Wl,-no_warn_duplicate_libraries -Wl,-no_warn_duplicate_libraries -Wl,-no_warn_duplicate_libraries -Wl,-no_warn_duplicate_libraries -Wl,-no_warn_duplicate_libraries -Wl,-no_warn_duplicate_libraries -Wl,-no_warn_duplicate_libraries -Wl,-no_warn_duplicate_libraries -Wl,-no_warn_duplicate_libraries -Wl,-no_warn_duplicate_libraries -Wl,-no_warn_duplicate_libraries -Wl,-no_warn_duplicate_libraries -Wl,-no_warn_duplicate_libraries -Wl,-no_warn_duplicate_libraries -Wl,-no_warn_duplicate_libraries -Xlinker -needed_framework -Xlinker XCTest -framework XCTest -Xlinker -needed-lXCTestSwiftSupport -lXCTestSwiftSupport /tmp/TasteBuddyHomeQuestionsQA/Build/Products/Debug-iphonesimulator/TasteBuddy.app/TasteBuddy.debug.dylib -o /tmp/TasteBuddyHomeQuestionsQA/Build/Products/Debug-iphonesimulator/TasteBuddy.app/PlugIns/TasteBuddyTests.xctest/TasteBuddyTests

ProcessInfoPlistFile /tmp/TasteBuddyHomeQuestionsQA/Build/Products/Debug-iphonesimulator/TasteBuddy.app/PlugIns/TasteBuddyTests.xctest/Info.plist /tmp/TasteBuddyHomeQuestionsQA/Build/Intermediates.noindex/TasteBuddy.build/Debug-iphonesimulator/TasteBuddyTests.build/empty-TasteBuddyTests.plist (in target 'TasteBuddyTests' from project 'TasteBuddy')
    cd /Users/sinjunho/Desktop/Taste\ Buddy/ios
    builtin-infoPlistUtility /tmp/TasteBuddyHomeQuestionsQA/Build/Intermediates.noindex/TasteBuddy.build/Debug-iphonesimulator/TasteBuddyTests.build/empty-TasteBuddyTests.plist -producttype com.apple.product-type.bundle.unit-test -expandbuildsettings -format binary -platform iphonesimulator -scanforprivacyfile /tmp/TasteBuddyHomeQuestionsQA/Build/Products/Debug-iphonesimulator/TasteBuddy.app/PlugIns/TasteBuddyTests.xctest/swift-crypto_Crypto.bundle -o /tmp/TasteBuddyHomeQuestionsQA/Build/Products/Debug-iphonesimulator/TasteBuddy.app/PlugIns/TasteBuddyTests.xctest/Info.plist

GenerateDSYMFile /tmp/TasteBuddyHomeQuestionsQA/Build/Products/Debug-iphonesimulator/TasteBuddy.app/PlugIns/TasteBuddyTests.xctest.dSYM /tmp/TasteBuddyHomeQuestionsQA/Build/Products/Debug-iphonesimulator/TasteBuddy.app/PlugIns/TasteBuddyTests.xctest/TasteBuddyTests (in target 'TasteBuddyTests' from project 'TasteBuddy')
    cd /Users/sinjunho/Desktop/Taste\ Buddy/ios
    /Applications/Xcode.app/Contents/Developer/Toolchains/XcodeDefault.xctoolchain/usr/bin/dsymutil /tmp/TasteBuddyHomeQuestionsQA/Build/Products/Debug-iphonesimulator/TasteBuddy.app/PlugIns/TasteBuddyTests.xctest/TasteBuddyTests -o /tmp/TasteBuddyHomeQuestionsQA/Build/Products/Debug-iphonesimulator/TasteBuddy.app/PlugIns/TasteBuddyTests.xctest.dSYM

CopySwiftLibs /tmp/TasteBuddyHomeQuestionsQA/Build/Products/Debug-iphonesimulator/TasteBuddy.app/PlugIns/TasteBuddyTests.xctest (in target 'TasteBuddyTests' from project 'TasteBuddy')
    cd /Users/sinjunho/Desktop/Taste\ Buddy/ios
    builtin-swiftStdLibTool --copy --verbose --scan-executable /tmp/TasteBuddyHomeQuestionsQA/Build/Products/Debug-iphonesimulator/TasteBuddy.app/PlugIns/TasteBuddyTests.xctest/TasteBuddyTests --scan-folder /tmp/TasteBuddyHomeQuestionsQA/Build/Products/Debug-iphonesimulator/TasteBuddy.app/PlugIns/TasteBuddyTests.xctest/Frameworks --scan-folder /tmp/TasteBuddyHomeQuestionsQA/Build/Products/Debug-iphonesimulator/TasteBuddy.app/PlugIns/TasteBuddyTests.xctest/PlugIns --scan-folder /tmp/TasteBuddyHomeQuestionsQA/Build/Products/Debug-iphonesimulator/TasteBuddy.app/PlugIns/TasteBuddyTests.xctest/SystemExtensions --scan-folder /tmp/TasteBuddyHomeQuestionsQA/Build/Products/Debug-iphonesimulator/TasteBuddy.app/PlugIns/TasteBuddyTests.xctest/Extensions --platform iphonesimulator --toolchain /Applications/Xcode.app/Contents/Developer/Toolchains/XcodeDefault.xctoolchain --destination /tmp/TasteBuddyHomeQuestionsQA/Build/Products/Debug-iphonesimulator/TasteBuddy.app/PlugIns/TasteBuddyTests.xctest/Frameworks --strip-bitcode --scan-executable /Applications/Xcode.app/Contents/Developer/Platforms/iPhoneSimulator.platform/Developer/usr/lib/libXCTestSwiftSupport.dylib --strip-bitcode-tool /Applications/Xcode.app/Contents/Developer/Toolchains/XcodeDefault.xctoolchain/usr/bin/bitcode_strip --emit-dependency-info /tmp/TasteBuddyHomeQuestionsQA/Build/Intermediates.noindex/TasteBuddy.build/Debug-iphonesimulator/TasteBuddyTests.build/SwiftStdLibToolInputDependencies.dep --filter-for-swift-os
Ignoring --strip-bitcode because --sign was not passed

ExtractAppIntentsMetadata (in target 'TasteBuddyTests' from project 'TasteBuddy')
    cd /Users/sinjunho/Desktop/Taste\ Buddy/ios
    /Applications/Xcode.app/Contents/Developer/Toolchains/XcodeDefault.xctoolchain/usr/bin/appintentsmetadataprocessor --toolchain-dir /Applications/Xcode.app/Contents/Developer/Toolchains/XcodeDefault.xctoolchain --module-name TasteBuddyTests --sdk-root /Applications/Xcode.app/Contents/Developer/Platforms/iPhoneSimulator.platform/Developer/SDKs/iPhoneSimulator26.5.sdk --xcode-version 17F113 --platform-family iOS --deployment-target 17.0 --bundle-identifier com.tastebuddy.ios.tests --output /tmp/TasteBuddyHomeQuestionsQA/Build/Products/Debug-iphonesimulator/TasteBuddy.app/PlugIns/TasteBuddyTests.xctest --target-triple x86_64-apple-ios17.0-simulator --binary-file /tmp/TasteBuddyHomeQuestionsQA/Build/Products/Debug-iphonesimulator/TasteBuddy.app/PlugIns/TasteBuddyTests.xctest/TasteBuddyTests --dependency-file /tmp/TasteBuddyHomeQuestionsQA/Build/Intermediates.noindex/TasteBuddy.build/Debug-iphonesimulator/TasteBuddyTests.build/Objects-normal/x86_64/TasteBuddyTests_dependency_info.dat --stringsdata-file /tmp/TasteBuddyHomeQuestionsQA/Build/Intermediates.noindex/TasteBuddy.build/Debug-iphonesimulator/TasteBuddyTests.build/Objects-normal/x86_64/ExtractedAppShortcutsMetadata.stringsdata --source-file-list /tmp/TasteBuddyHomeQuestionsQA/Build/Intermediates.noindex/TasteBuddy.build/Debug-iphonesimulator/TasteBuddyTests.build/Objects-normal/x86_64/TasteBuddyTests.SwiftFileList --metadata-file-list /tmp/TasteBuddyHomeQuestionsQA/Build/Intermediates.noindex/TasteBuddy.build/Debug-iphonesimulator/TasteBuddyTests.build/TasteBuddyTests.DependencyMetadataFileList --static-metadata-file-list /tmp/TasteBuddyHomeQuestionsQA/Build/Intermediates.noindex/TasteBuddy.build/Debug-iphonesimulator/TasteBuddyTests.build/TasteBuddyTests.DependencyStaticMetadataFileList --swift-const-vals-list /tmp/TasteBuddyHomeQuestionsQA/Build/Intermediates.noindex/TasteBuddy.build/Debug-iphonesimulator/TasteBuddyTests.build/Objects-normal/x86_64/TasteBuddyTests.SwiftConstValuesFileList --compile-time-extraction --deployment-aware-processing --validate-assistant-intents --no-app-shortcuts-localization
2026-09-13 17:15:07.083 appintentsmetadataprocessor[89965:4153639] Starting appintentsmetadataprocessor export
2026-09-13 17:15:07.096 appintentsmetadataprocessor[89965:4153639] warning: Metadata extraction skipped. No AppIntents.framework dependency found.

Validate /tmp/TasteBuddyHomeQuestionsQA/Build/Products/Debug-iphonesimulator/TasteBuddy.app (in target 'TasteBuddy' from project 'TasteBuddy')
    cd /Users/sinjunho/Desktop/Taste\ Buddy/ios
    builtin-validationUtility /tmp/TasteBuddyHomeQuestionsQA/Build/Products/Debug-iphonesimulator/TasteBuddy.app -shallow-bundle -infoplist-subpath Info.plist

** TEST BUILD SUCCEEDED **

