Command line invocation:
    /Applications/Xcode.app/Contents/Developer/usr/bin/xcodebuild build-for-testing -project ios/TasteBuddy.xcodeproj -scheme TasteBuddy -destination "platform=iOS Simulator,id=54C3F98C-6BD5-47E0-98E5-DC9C1FCC40C4" -derivedDataPath /tmp/TasteBuddyHomeQuestionsQA -jobs 4 SWIFT_OPTIMIZATION_LEVEL=-Onone "OTHER_SWIFT_FLAGS=$(inherited) -j4" CODE_SIGNING_ALLOWED=NO

Build settings from command line:
    CODE_SIGNING_ALLOWED = NO
    OTHER_SWIFT_FLAGS = $(inherited) -j4
    SWIFT_OPTIMIZATION_LEVEL = -Onone

Resolve Package Graph


Resolved source packages:
  swift-concurrency-extras: https://github.com/pointfreeco/swift-concurrency-extras @ 1.4.0
  swift-http-types: https://github.com/apple/swift-http-types.git @ 1.6.0
  VariableBlur: https://github.com/nikstar/VariableBlur @ main (5073a0d)
  xctest-dynamic-overlay: https://github.com/pointfreeco/xctest-dynamic-overlay @ 1.9.0
  swift-crypto: https://github.com/apple/swift-crypto.git @ 4.5.0
  ProgressiveBlurHeader: https://github.com/dominikmartn/ProgressiveBlurHeader @ main (0e8c29b)
  swift-asn1: https://github.com/apple/swift-asn1.git @ 1.7.1
  swift-clocks: https://github.com/pointfreeco/swift-clocks @ 1.0.6
  Supabase: https://github.com/supabase/supabase-swift.git @ 2.46.0

Build Preparation
Build task concurrency set to 4 via user default IDEBuildOperationMaxNumberOfConcurrentCompileTasks

ComputePackagePrebuildTargetDependencyGraph

Prepare packages

CreateBuildRequest

SendProjectDescription

CreateBuildOperation

ComputeTargetDependencyGraph
note: Building targets in dependency order
note: Target dependency graph (28 targets)
    Target 'TasteBuddyTests' in project 'TasteBuddy'
        ➜ Explicit dependency on target 'TasteBuddy' in project 'TasteBuddy'
    Target 'TasteBuddy' in project 'TasteBuddy'
        ➜ Explicit dependency on target 'ProgressiveBlurHeader' in project 'ProgressiveBlurHeader'
        ➜ Explicit dependency on target 'VariableBlur' in project 'VariableBlur'
        ➜ Explicit dependency on target 'Supabase' in project 'Supabase'
    Target 'Supabase' in project 'Supabase'
        ➜ Explicit dependency on target 'Supabase' in project 'Supabase'
        ➜ Explicit dependency on target 'Helpers' in project 'Supabase'
        ➜ Explicit dependency on target 'Auth' in project 'Supabase'
        ➜ Explicit dependency on target 'Functions' in project 'Supabase'
        ➜ Explicit dependency on target 'PostgREST' in project 'Supabase'
        ➜ Explicit dependency on target 'Realtime' in project 'Supabase'
        ➜ Explicit dependency on target 'Storage' in project 'Supabase'
        ➜ Explicit dependency on target 'ConcurrencyExtras' in project 'swift-concurrency-extras'
        ➜ Explicit dependency on target 'HTTPTypes' in project 'swift-http-types'
        ➜ Explicit dependency on target 'Clocks' in project 'swift-clocks'
        ➜ Explicit dependency on target 'XCTestDynamicOverlay' in project 'xctest-dynamic-overlay'
        ➜ Explicit dependency on target 'Crypto' in project 'swift-crypto'
        ➜ Explicit dependency on target 'IssueReporting' in project 'xctest-dynamic-overlay'
    Target 'Supabase' in project 'Supabase'
        ➜ Explicit dependency on target 'Helpers' in project 'Supabase'
        ➜ Explicit dependency on target 'Auth' in project 'Supabase'
        ➜ Explicit dependency on target 'Functions' in project 'Supabase'
        ➜ Explicit dependency on target 'PostgREST' in project 'Supabase'
        ➜ Explicit dependency on target 'Realtime' in project 'Supabase'
        ➜ Explicit dependency on target 'Storage' in project 'Supabase'
        ➜ Explicit dependency on target 'ConcurrencyExtras' in project 'swift-concurrency-extras'
        ➜ Explicit dependency on target 'HTTPTypes' in project 'swift-http-types'
        ➜ Explicit dependency on target 'Clocks' in project 'swift-clocks'
        ➜ Explicit dependency on target 'XCTestDynamicOverlay' in project 'xctest-dynamic-overlay'
        ➜ Explicit dependency on target 'Crypto' in project 'swift-crypto'
        ➜ Explicit dependency on target 'IssueReporting' in project 'xctest-dynamic-overlay'
    Target 'Storage' in project 'Supabase'
        ➜ Explicit dependency on target 'Helpers' in project 'Supabase'
        ➜ Explicit dependency on target 'ConcurrencyExtras' in project 'swift-concurrency-extras'
        ➜ Explicit dependency on target 'HTTPTypes' in project 'swift-http-types'
        ➜ Explicit dependency on target 'Clocks' in project 'swift-clocks'
        ➜ Explicit dependency on target 'XCTestDynamicOverlay' in project 'xctest-dynamic-overlay'
    Target 'Realtime' in project 'Supabase'
        ➜ Explicit dependency on target 'Helpers' in project 'Supabase'
        ➜ Explicit dependency on target 'ConcurrencyExtras' in project 'swift-concurrency-extras'
        ➜ Explicit dependency on target 'HTTPTypes' in project 'swift-http-types'
        ➜ Explicit dependency on target 'Clocks' in project 'swift-clocks'
        ➜ Explicit dependency on target 'XCTestDynamicOverlay' in project 'xctest-dynamic-overlay'
        ➜ Explicit dependency on target 'IssueReporting' in project 'xctest-dynamic-overlay'
    Target 'PostgREST' in project 'Supabase'
        ➜ Explicit dependency on target 'Helpers' in project 'Supabase'
        ➜ Explicit dependency on target 'ConcurrencyExtras' in project 'swift-concurrency-extras'
        ➜ Explicit dependency on target 'HTTPTypes' in project 'swift-http-types'
        ➜ Explicit dependency on target 'Clocks' in project 'swift-clocks'
        ➜ Explicit dependency on target 'XCTestDynamicOverlay' in project 'xctest-dynamic-overlay'
    Target 'Functions' in project 'Supabase'
        ➜ Explicit dependency on target 'Helpers' in project 'Supabase'
        ➜ Explicit dependency on target 'ConcurrencyExtras' in project 'swift-concurrency-extras'
        ➜ Explicit dependency on target 'HTTPTypes' in project 'swift-http-types'
        ➜ Explicit dependency on target 'Clocks' in project 'swift-clocks'
        ➜ Explicit dependency on target 'XCTestDynamicOverlay' in project 'xctest-dynamic-overlay'
    Target 'Auth' in project 'Supabase'
        ➜ Explicit dependency on target 'Helpers' in project 'Supabase'
        ➜ Explicit dependency on target 'ConcurrencyExtras' in project 'swift-concurrency-extras'
        ➜ Explicit dependency on target 'HTTPTypes' in project 'swift-http-types'
        ➜ Explicit dependency on target 'Clocks' in project 'swift-clocks'
        ➜ Explicit dependency on target 'XCTestDynamicOverlay' in project 'xctest-dynamic-overlay'
        ➜ Explicit dependency on target 'Crypto' in project 'swift-crypto'
    Target 'Crypto' in project 'swift-crypto'
        ➜ Explicit dependency on target 'Crypto' in project 'swift-crypto'
        ➜ Explicit dependency on target 'swift-crypto_Crypto' in project 'swift-crypto'
    Target 'Crypto' in project 'swift-crypto'
        ➜ Explicit dependency on target 'swift-crypto_Crypto' in project 'swift-crypto'
    Target 'swift-crypto_Crypto' in project 'swift-crypto' (no dependencies)
    Target 'Helpers' in project 'Supabase'
        ➜ Explicit dependency on target 'ConcurrencyExtras' in project 'swift-concurrency-extras'
        ➜ Explicit dependency on target 'HTTPTypes' in project 'swift-http-types'
        ➜ Explicit dependency on target 'Clocks' in project 'swift-clocks'
        ➜ Explicit dependency on target 'XCTestDynamicOverlay' in project 'xctest-dynamic-overlay'
    Target 'XCTestDynamicOverlay' in project 'xctest-dynamic-overlay'
        ➜ Explicit dependency on target 'XCTestDynamicOverlay' in project 'xctest-dynamic-overlay'
        ➜ Explicit dependency on target 'IssueReportingPackageSupport' in project 'xctest-dynamic-overlay'
        ➜ Explicit dependency on target 'IssueReporting' in project 'xctest-dynamic-overlay'
    Target 'XCTestDynamicOverlay' in project 'xctest-dynamic-overlay'
        ➜ Explicit dependency on target 'IssueReportingPackageSupport' in project 'xctest-dynamic-overlay'
        ➜ Explicit dependency on target 'IssueReporting' in project 'xctest-dynamic-overlay'
    Target 'Clocks' in project 'swift-clocks'
        ➜ Explicit dependency on target 'Clocks' in project 'swift-clocks'
        ➜ Explicit dependency on target 'ConcurrencyExtras' in project 'swift-concurrency-extras'
        ➜ Explicit dependency on target 'IssueReporting' in project 'xctest-dynamic-overlay'
    Target 'Clocks' in project 'swift-clocks'
        ➜ Explicit dependency on target 'ConcurrencyExtras' in project 'swift-concurrency-extras'
        ➜ Explicit dependency on target 'IssueReporting' in project 'xctest-dynamic-overlay'
    Target 'IssueReporting' in project 'xctest-dynamic-overlay'
        ➜ Explicit dependency on target 'IssueReporting' in project 'xctest-dynamic-overlay'
        ➜ Explicit dependency on target 'IssueReportingPackageSupport' in project 'xctest-dynamic-overlay'
    Target 'IssueReporting' in project 'xctest-dynamic-overlay'
        ➜ Explicit dependency on target 'IssueReportingPackageSupport' in project 'xctest-dynamic-overlay'
    Target 'IssueReportingPackageSupport' in project 'xctest-dynamic-overlay' (no dependencies)
    Target 'HTTPTypes' in project 'swift-http-types'
        ➜ Explicit dependency on target 'HTTPTypes' in project 'swift-http-types'
    Target 'HTTPTypes' in project 'swift-http-types' (no dependencies)
    Target 'ConcurrencyExtras' in project 'swift-concurrency-extras'
        ➜ Explicit dependency on target 'ConcurrencyExtras' in project 'swift-concurrency-extras'
    Target 'ConcurrencyExtras' in project 'swift-concurrency-extras' (no dependencies)
    Target 'ProgressiveBlurHeader' in project 'ProgressiveBlurHeader'
        ➜ Explicit dependency on target 'ProgressiveBlurHeader' in project 'ProgressiveBlurHeader'
        ➜ Explicit dependency on target 'VariableBlur' in project 'VariableBlur'
    Target 'ProgressiveBlurHeader' in project 'ProgressiveBlurHeader'
        ➜ Explicit dependency on target 'VariableBlur' in project 'VariableBlur'
    Target 'VariableBlur' in project 'VariableBlur'
        ➜ Explicit dependency on target 'VariableBlur' in project 'VariableBlur'
    Target 'VariableBlur' in project 'VariableBlur' (no dependencies)

GatherProvisioningInputs

CreateBuildDescription

ExecuteExternalTool /Applications/Xcode.app/Contents/Developer/Toolchains/XcodeDefault.xctoolchain/usr/bin/swiftc --version

ExecuteExternalTool /Applications/Xcode.app/Contents/Developer/Toolchains/XcodeDefault.xctoolchain/usr/bin/clang -v -E -dM -isysroot /Applications/Xcode.app/Contents/Developer/Platforms/iPhoneSimulator.platform/Developer/SDKs/iPhoneSimulator26.5.sdk -x c -c /dev/null

ExecuteExternalTool /Applications/Xcode.app/Contents/Developer/usr/bin/actool --print-asset-tag-combinations --output-format xml1 /Users/sinjunho/Desktop/Taste Buddy/ios/TasteBuddy/Resources/Assets.xcassets

ExecuteExternalTool /Applications/Xcode.app/Contents/Developer/Toolchains/XcodeDefault.xctoolchain/usr/bin/ld -version_details

ReadFileContents /Applications/Xcode.app/Contents/Developer/Toolchains/XcodeDefault.xctoolchain/usr/share/docc/features.json

ExecuteExternalTool /Applications/Xcode.app/Contents/Developer/usr/bin/actool --version --output-format xml1

Build description signature: 48527c7ba0bdb42ee5a6fc59ef206028
Build description path: /tmp/TasteBuddyHomeQuestionsQA/Build/Intermediates.noindex/XCBuildData/48527c7ba0bdb42ee5a6fc59ef206028.xcbuilddata
ClangStatCache /Applications/Xcode.app/Contents/Developer/Toolchains/XcodeDefault.xctoolchain/usr/bin/clang-stat-cache /Applications/Xcode.app/Contents/Developer/Platforms/iPhoneSimulator.platform/Developer/SDKs/iPhoneSimulator26.5.sdk /tmp/TasteBuddyHomeQuestionsQA/SDKStatCaches.noindex/iphonesimulator26.5-23F81a-6cfe768891a92b912361537c460fe42b.sdkstatcache
    cd /Users/sinjunho/Desktop/Taste\ Buddy/ios/TasteBuddy.xcodeproj
    /Applications/Xcode.app/Contents/Developer/Toolchains/XcodeDefault.xctoolchain/usr/bin/clang-stat-cache /Applications/Xcode.app/Contents/Developer/Platforms/iPhoneSimulator.platform/Developer/SDKs/iPhoneSimulator26.5.sdk -o /tmp/TasteBuddyHomeQuestionsQA/SDKStatCaches.noindex/iphonesimulator26.5-23F81a-6cfe768891a92b912361537c460fe42b.sdkstatcache

ProcessInfoPlistFile /tmp/TasteBuddyHomeQuestionsQA/Build/Products/Debug-iphonesimulator/swift-crypto_Crypto.bundle/Info.plist /tmp/TasteBuddyHomeQuestionsQA/Build/Intermediates.noindex/swift-crypto.build/Debug-iphonesimulator/swift-crypto_Crypto.build/empty-swift-crypto_Crypto.plist (in target 'swift-crypto_Crypto' from project 'swift-crypto')
    cd /tmp/TasteBuddyHomeQuestionsQA/SourcePackages/checkouts/swift-crypto
    builtin-infoPlistUtility /tmp/TasteBuddyHomeQuestionsQA/Build/Intermediates.noindex/swift-crypto.build/Debug-iphonesimulator/swift-crypto_Crypto.build/empty-swift-crypto_Crypto.plist -producttype com.apple.product-type.bundle -expandbuildsettings -format binary -platform iphonesimulator -o /tmp/TasteBuddyHomeQuestionsQA/Build/Products/Debug-iphonesimulator/swift-crypto_Crypto.bundle/Info.plist

WriteAuxiliaryFile /tmp/TasteBuddyHomeQuestionsQA/Build/Intermediates.noindex/TasteBuddy.build/Debug-iphonesimulator/TasteBuddyTests.build/Objects-normal/x86_64/TasteBuddyTests.SwiftFileList (in target 'TasteBuddyTests' from project 'TasteBuddy')
    cd /Users/sinjunho/Desktop/Taste\ Buddy/ios
    write-file /tmp/TasteBuddyHomeQuestionsQA/Build/Intermediates.noindex/TasteBuddy.build/Debug-iphonesimulator/TasteBuddyTests.build/Objects-normal/x86_64/TasteBuddyTests.SwiftFileList

WriteAuxiliaryFile /tmp/TasteBuddyHomeQuestionsQA/Build/Intermediates.noindex/TasteBuddy.build/Debug-iphonesimulator/TasteBuddyTests.build/Objects-normal/x86_64/TasteBuddyTests.SwiftConstValuesFileList (in target 'TasteBuddyTests' from project 'TasteBuddy')
    cd /Users/sinjunho/Desktop/Taste\ Buddy/ios
    write-file /tmp/TasteBuddyHomeQuestionsQA/Build/Intermediates.noindex/TasteBuddy.build/Debug-iphonesimulator/TasteBuddyTests.build/Objects-normal/x86_64/TasteBuddyTests.SwiftConstValuesFileList

WriteAuxiliaryFile /tmp/TasteBuddyHomeQuestionsQA/Build/Intermediates.noindex/TasteBuddy.build/Debug-iphonesimulator/TasteBuddyTests.build/Objects-normal/x86_64/TasteBuddyTests.LinkFileList (in target 'TasteBuddyTests' from project 'TasteBuddy')
    cd /Users/sinjunho/Desktop/Taste\ Buddy/ios
    write-file /tmp/TasteBuddyHomeQuestionsQA/Build/Intermediates.noindex/TasteBuddy.build/Debug-iphonesimulator/TasteBuddyTests.build/Objects-normal/x86_64/TasteBuddyTests.LinkFileList

WriteAuxiliaryFile /tmp/TasteBuddyHomeQuestionsQA/Build/Intermediates.noindex/TasteBuddy.build/Debug-iphonesimulator/TasteBuddyTests.build/Objects-normal/x86_64/TasteBuddyTests-OutputFileMap.json (in target 'TasteBuddyTests' from project 'TasteBuddy')
    cd /Users/sinjunho/Desktop/Taste\ Buddy/ios
    write-file /tmp/TasteBuddyHomeQuestionsQA/Build/Intermediates.noindex/TasteBuddy.build/Debug-iphonesimulator/TasteBuddyTests.build/Objects-normal/x86_64/TasteBuddyTests-OutputFileMap.json

WriteAuxiliaryFile /tmp/TasteBuddyHomeQuestionsQA/Build/Intermediates.noindex/TasteBuddy.build/Debug-iphonesimulator/TasteBuddy.build/TasteBuddy-DebugDylibPath-normal-x86_64.txt (in target 'TasteBuddy' from project 'TasteBuddy')
    cd /Users/sinjunho/Desktop/Taste\ Buddy/ios
    write-file /tmp/TasteBuddyHomeQuestionsQA/Build/Intermediates.noindex/TasteBuddy.build/Debug-iphonesimulator/TasteBuddy.build/TasteBuddy-DebugDylibPath-normal-x86_64.txt

WriteAuxiliaryFile /tmp/TasteBuddyHomeQuestionsQA/Build/Intermediates.noindex/TasteBuddy.build/Debug-iphonesimulator/TasteBuddy.build/TasteBuddy-DebugDylibInstallName-normal-x86_64.txt (in target 'TasteBuddy' from project 'TasteBuddy')
    cd /Users/sinjunho/Desktop/Taste\ Buddy/ios
    write-file /tmp/TasteBuddyHomeQuestionsQA/Build/Intermediates.noindex/TasteBuddy.build/Debug-iphonesimulator/TasteBuddy.build/TasteBuddy-DebugDylibInstallName-normal-x86_64.txt

SwiftDriver VariableBlur normal x86_64 com.apple.xcode.tools.swift.compiler (in target 'VariableBlur' from project 'VariableBlur')
    cd /Users/sinjunho/Desktop/Taste\ Buddy/ios/TasteBuddy.xcodeproj
    builtin-SwiftDriver -- /Applications/Xcode.app/Contents/Developer/Toolchains/XcodeDefault.xctoolchain/usr/bin/swiftc -module-name VariableBlur -Onone @/tmp/TasteBuddyHomeQuestionsQA/Build/Intermediates.noindex/VariableBlur.build/Debug-iphonesimulator/VariableBlur.build/Objects-normal/x86_64/VariableBlur.SwiftFileList -DSWIFT_PACKAGE -DDEBUG -DSWIFT_MODULE_RESOURCE_BUNDLE_UNAVAILABLE -DXcode -j4 -plugin-path /Applications/Xcode.app/Contents/Developer/Toolchains/XcodeDefault.xctoolchain/usr/lib/swift/host/plugins/testing -enable-experimental-feature DebugDescriptionMacro -sdk /Applications/Xcode.app/Contents/Developer/Platforms/iPhoneSimulator.platform/Developer/SDKs/iPhoneSimulator26.5.sdk -target x86_64-apple-ios13.0-simulator -g -module-cache-path /tmp/TasteBuddyHomeQuestionsQA/ModuleCache.noindex -Xfrontend -serialize-debugging-options -enable-testing -suppress-warnings -index-store-path /tmp/TasteBuddyHomeQuestionsQA/Index.noindex/DataStore -Xcc -D_LIBCPP_HARDENING_MODE\=_LIBCPP_HARDENING_MODE_DEBUG -swift-version 5 -I /tmp/TasteBuddyHomeQuestionsQA/Build/Products/Debug-iphonesimulator -Isystem /Applications/Xcode.app/Contents/Developer/Platforms/iPhoneSimulator.platform/Developer/usr/lib -F /tmp/TasteBuddyHomeQuestionsQA/Build/Products/Debug-iphonesimulator -F /Applications/Xcode.app/Contents/Developer/Platforms/iPhoneSimulator.platform/Developer/Library/Frameworks -F /Applications/Xcode.app/Contents/Developer/Platforms/iPhoneSimulator.platform/Developer/SDKs/iPhoneSimulator26.5.sdk/Developer/Library/Frameworks -c -j12 -enable-batch-mode -incremental -Xcc -ivfsstatcache -Xcc /tmp/TasteBuddyHomeQuestionsQA/SDKStatCaches.noindex/iphonesimulator26.5-23F81a-6cfe768891a92b912361537c460fe42b.sdkstatcache -output-file-map /tmp/TasteBuddyHomeQuestionsQA/Build/Intermediates.noindex/VariableBlur.build/Debug-iphonesimulator/VariableBlur.build/Objects-normal/x86_64/VariableBlur-OutputFileMap.json -use-frontend-parseable-output -save-temps -no-color-diagnostics -explicit-module-build -module-cache-path /tmp/TasteBuddyHomeQuestionsQA/Build/Intermediates.noindex/SwiftExplicitPrecompiledModules -clang-scanner-module-cache-path /tmp/TasteBuddyHomeQuestionsQA/ModuleCache.noindex -sdk-module-cache-path /tmp/TasteBuddyHomeQuestionsQA/ModuleCache.noindex -serialize-diagnostics -emit-dependencies -emit-module -emit-module-path /tmp/TasteBuddyHomeQuestionsQA/Build/Intermediates.noindex/VariableBlur.build/Debug-iphonesimulator/VariableBlur.build/Objects-normal/x86_64/VariableBlur.swiftmodule -validate-clang-modules-once -clang-build-session-file /tmp/TasteBuddyHomeQuestionsQA/ModuleCache.noindex/Session.modulevalidation -package-name variableblur -Xcc -I/tmp/TasteBuddyHomeQuestionsQA/Build/Intermediates.noindex/VariableBlur.build/Debug-iphonesimulator/VariableBlur.build/swift-overrides.hmap -emit-const-values -Xfrontend -const-gather-protocols-file -Xfrontend /tmp/TasteBuddyHomeQuestionsQA/Build/Intermediates.noindex/VariableBlur.build/Debug-iphonesimulator/VariableBlur.build/Objects-normal/x86_64/VariableBlur_const_extract_protocols.json -Xcc -I/tmp/TasteBuddyHomeQuestionsQA/Build/Products/Debug-iphonesimulator/include -Xcc -I/tmp/TasteBuddyHomeQuestionsQA/Build/Intermediates.noindex/VariableBlur.build/Debug-iphonesimulator/VariableBlur.build/DerivedSources-normal/x86_64 -Xcc -I/tmp/TasteBuddyHomeQuestionsQA/Build/Intermediates.noindex/VariableBlur.build/Debug-iphonesimulator/VariableBlur.build/DerivedSources/x86_64 -Xcc -I/tmp/TasteBuddyHomeQuestionsQA/Build/Intermediates.noindex/VariableBlur.build/Debug-iphonesimulator/VariableBlur.build/DerivedSources -Xcc -DSWIFT_PACKAGE -Xcc -DDEBUG\=1 -emit-objc-header -emit-objc-header-path /tmp/TasteBuddyHomeQuestionsQA/Build/Intermediates.noindex/VariableBlur.build/Debug-iphonesimulator/VariableBlur.build/Objects-normal/x86_64/VariableBlur-Swift.h -working-directory /Users/sinjunho/Desktop/Taste\ Buddy/ios/TasteBuddy.xcodeproj -experimental-emit-module-separately -disable-cmo

SwiftDriver IssueReportingPackageSupport normal x86_64 com.apple.xcode.tools.swift.compiler (in target 'IssueReportingPackageSupport' from project 'xctest-dynamic-overlay')
    cd /Users/sinjunho/Desktop/Taste\ Buddy/ios/TasteBuddy.xcodeproj
    builtin-SwiftDriver -- /Applications/Xcode.app/Contents/Developer/Toolchains/XcodeDefault.xctoolchain/usr/bin/swiftc -module-name IssueReportingPackageSupport -Onone @/tmp/TasteBuddyHomeQuestionsQA/Build/Intermediates.noindex/xctest-dynamic-overlay.build/Debug-iphonesimulator/IssueReportingPackageSupport.build/Objects-normal/x86_64/IssueReportingPackageSupport.SwiftFileList -DSWIFT_PACKAGE -DDEBUG -DSWIFT_MODULE_RESOURCE_BUNDLE_UNAVAILABLE -DXcode -j4 -plugin-path /Applications/Xcode.app/Contents/Developer/Toolchains/XcodeDefault.xctoolchain/usr/lib/swift/host/plugins/testing -enable-experimental-feature DebugDescriptionMacro -sdk /Applications/Xcode.app/Contents/Developer/Platforms/iPhoneSimulator.platform/Developer/SDKs/iPhoneSimulator26.5.sdk -target x86_64-apple-ios13.0-simulator -g -module-cache-path /tmp/TasteBuddyHomeQuestionsQA/ModuleCache.noindex -Xfrontend -serialize-debugging-options -enable-testing -suppress-warnings -index-store-path /tmp/TasteBuddyHomeQuestionsQA/Index.noindex/DataStore -Xcc -D_LIBCPP_HARDENING_MODE\=_LIBCPP_HARDENING_MODE_DEBUG -swift-version 6 -I /tmp/TasteBuddyHomeQuestionsQA/Build/Products/Debug-iphonesimulator -Isystem /Applications/Xcode.app/Contents/Developer/Platforms/iPhoneSimulator.platform/Developer/usr/lib -F /tmp/TasteBuddyHomeQuestionsQA/Build/Products/Debug-iphonesimulator -F /Applications/Xcode.app/Contents/Developer/Platforms/iPhoneSimulator.platform/Developer/Library/Frameworks -F /Applications/Xcode.app/Contents/Developer/Platforms/iPhoneSimulator.platform/Developer/SDKs/iPhoneSimulator26.5.sdk/Developer/Library/Frameworks -parse-as-library -c -j12 -enable-batch-mode -incremental -Xcc -ivfsstatcache -Xcc /tmp/TasteBuddyHomeQuestionsQA/SDKStatCaches.noindex/iphonesimulator26.5-23F81a-6cfe768891a92b912361537c460fe42b.sdkstatcache -output-file-map /tmp/TasteBuddyHomeQuestionsQA/Build/Intermediates.noindex/xctest-dynamic-overlay.build/Debug-iphonesimulator/IssueReportingPackageSupport.build/Objects-normal/x86_64/IssueReportingPackageSupport-OutputFileMap.json -use-frontend-parseable-output -save-temps -no-color-diagnostics -explicit-module-build -module-cache-path /tmp/TasteBuddyHomeQuestionsQA/Build/Intermediates.noindex/SwiftExplicitPrecompiledModules -clang-scanner-module-cache-path /tmp/TasteBuddyHomeQuestionsQA/ModuleCache.noindex -sdk-module-cache-path /tmp/TasteBuddyHomeQuestionsQA/ModuleCache.noindex -serialize-diagnostics -emit-dependencies -emit-module -emit-module-path /tmp/TasteBuddyHomeQuestionsQA/Build/Intermediates.noindex/xctest-dynamic-overlay.build/Debug-iphonesimulator/IssueReportingPackageSupport.build/Objects-normal/x86_64/IssueReportingPackageSupport.swiftmodule -user-module-version 1.9.0 -validate-clang-modules-once -clang-build-session-file /tmp/TasteBuddyHomeQuestionsQA/ModuleCache.noindex/Session.modulevalidation -package-name xctest_dynamic_overlay -Xcc -I/tmp/TasteBuddyHomeQuestionsQA/Build/Intermediates.noindex/xctest-dynamic-overlay.build/Debug-iphonesimulator/IssueReportingPackageSupport.build/swift-overrides.hmap -emit-const-values -Xfrontend -const-gather-protocols-file -Xfrontend /tmp/TasteBuddyHomeQuestionsQA/Build/Intermediates.noindex/xctest-dynamic-overlay.build/Debug-iphonesimulator/IssueReportingPackageSupport.build/Objects-normal/x86_64/IssueReportingPackageSupport_const_extract_protocols.json -Xcc -I/tmp/TasteBuddyHomeQuestionsQA/Build/Products/Debug-iphonesimulator/include -Xcc -I/tmp/TasteBuddyHomeQuestionsQA/Build/Intermediates.noindex/xctest-dynamic-overlay.build/Debug-iphonesimulator/IssueReportingPackageSupport.build/DerivedSources-normal/x86_64 -Xcc -I/tmp/TasteBuddyHomeQuestionsQA/Build/Intermediates.noindex/xctest-dynamic-overlay.build/Debug-iphonesimulator/IssueReportingPackageSupport.build/DerivedSources/x86_64 -Xcc -I/tmp/TasteBuddyHomeQuestionsQA/Build/Intermediates.noindex/xctest-dynamic-overlay.build/Debug-iphonesimulator/IssueReportingPackageSupport.build/DerivedSources -Xcc -DSWIFT_PACKAGE -Xcc -DDEBUG\=1 -emit-objc-header -emit-objc-header-path /tmp/TasteBuddyHomeQuestionsQA/Build/Intermediates.noindex/xctest-dynamic-overlay.build/Debug-iphonesimulator/IssueReportingPackageSupport.build/Objects-normal/x86_64/IssueReportingPackageSupport-Swift.h -working-directory /Users/sinjunho/Desktop/Taste\ Buddy/ios/TasteBuddy.xcodeproj -experimental-emit-module-separately -disable-cmo

SwiftDriver HTTPTypes normal x86_64 com.apple.xcode.tools.swift.compiler (in target 'HTTPTypes' from project 'swift-http-types')
    cd /Users/sinjunho/Desktop/Taste\ Buddy/ios/TasteBuddy.xcodeproj
    builtin-SwiftDriver -- /Applications/Xcode.app/Contents/Developer/Toolchains/XcodeDefault.xctoolchain/usr/bin/swiftc -module-name HTTPTypes -Onone @/tmp/TasteBuddyHomeQuestionsQA/Build/Intermediates.noindex/swift-http-types.build/Debug-iphonesimulator/HTTPTypes.build/Objects-normal/x86_64/HTTPTypes.SwiftFileList -DSWIFT_PACKAGE -DDEBUG -DSWIFT_MODULE_RESOURCE_BUNDLE_UNAVAILABLE -DFoundationURL -DXcode -enable-upcoming-feature InternalImportsByDefault -enable-upcoming-feature MemberImportVisibility -j4 -plugin-path /Applications/Xcode.app/Contents/Developer/Toolchains/XcodeDefault.xctoolchain/usr/lib/swift/host/plugins/testing -enable-experimental-feature DebugDescriptionMacro -sdk /Applications/Xcode.app/Contents/Developer/Platforms/iPhoneSimulator.platform/Developer/SDKs/iPhoneSimulator26.5.sdk -target x86_64-apple-ios12.0-simulator -g -module-cache-path /tmp/TasteBuddyHomeQuestionsQA/ModuleCache.noindex -Xfrontend -serialize-debugging-options -enable-testing -suppress-warnings -index-store-path /tmp/TasteBuddyHomeQuestionsQA/Index.noindex/DataStore -Xcc -D_LIBCPP_HARDENING_MODE\=_LIBCPP_HARDENING_MODE_DEBUG -swift-version 6 -I /tmp/TasteBuddyHomeQuestionsQA/Build/Products/Debug-iphonesimulator -Isystem /Applications/Xcode.app/Contents/Developer/Platforms/iPhoneSimulator.platform/Developer/usr/lib -F /tmp/TasteBuddyHomeQuestionsQA/Build/Products/Debug-iphonesimulator -F /Applications/Xcode.app/Contents/Developer/Platforms/iPhoneSimulator.platform/Developer/Library/Frameworks -F /Applications/Xcode.app/Contents/Developer/Platforms/iPhoneSimulator.platform/Developer/SDKs/iPhoneSimulator26.5.sdk/Developer/Library/Frameworks -c -j12 -enable-batch-mode -incremental -Xcc -ivfsstatcache -Xcc /tmp/TasteBuddyHomeQuestionsQA/SDKStatCaches.noindex/iphonesimulator26.5-23F81a-6cfe768891a92b912361537c460fe42b.sdkstatcache -output-file-map /tmp/TasteBuddyHomeQuestionsQA/Build/Intermediates.noindex/swift-http-types.build/Debug-iphonesimulator/HTTPTypes.build/Objects-normal/x86_64/HTTPTypes-OutputFileMap.json -use-frontend-parseable-output -save-temps -no-color-diagnostics -explicit-module-build -module-cache-path /tmp/TasteBuddyHomeQuestionsQA/Build/Intermediates.noindex/SwiftExplicitPrecompiledModules -clang-scanner-module-cache-path /tmp/TasteBuddyHomeQuestionsQA/ModuleCache.noindex -sdk-module-cache-path /tmp/TasteBuddyHomeQuestionsQA/ModuleCache.noindex -serialize-diagnostics -emit-dependencies -emit-module -emit-module-path /tmp/TasteBuddyHomeQuestionsQA/Build/Intermediates.noindex/swift-http-types.build/Debug-iphonesimulator/HTTPTypes.build/Objects-normal/x86_64/HTTPTypes.swiftmodule -user-module-version 1.6.0 -validate-clang-modules-once -clang-build-session-file /tmp/TasteBuddyHomeQuestionsQA/ModuleCache.noindex/Session.modulevalidation -package-name swift_http_types -Xcc -I/tmp/TasteBuddyHomeQuestionsQA/Build/Intermediates.noindex/swift-http-types.build/Debug-iphonesimulator/HTTPTypes.build/swift-overrides.hmap -emit-const-values -Xfrontend -const-gather-protocols-file -Xfrontend /tmp/TasteBuddyHomeQuestionsQA/Build/Intermediates.noindex/swift-http-types.build/Debug-iphonesimulator/HTTPTypes.build/Objects-normal/x86_64/HTTPTypes_const_extract_protocols.json -Xcc -I/tmp/TasteBuddyHomeQuestionsQA/Build/Products/Debug-iphonesimulator/include -Xcc -I/tmp/TasteBuddyHomeQuestionsQA/Build/Intermediates.noindex/swift-http-types.build/Debug-iphonesimulator/HTTPTypes.build/DerivedSources-normal/x86_64 -Xcc -I/tmp/TasteBuddyHomeQuestionsQA/Build/Intermediates.noindex/swift-http-types.build/Debug-iphonesimulator/HTTPTypes.build/DerivedSources/x86_64 -Xcc -I/tmp/TasteBuddyHomeQuestionsQA/Build/Intermediates.noindex/swift-http-types.build/Debug-iphonesimulator/HTTPTypes.build/DerivedSources -Xcc -DSWIFT_PACKAGE -Xcc -DDEBUG\=1 -emit-objc-header -emit-objc-header-path /tmp/TasteBuddyHomeQuestionsQA/Build/Intermediates.noindex/swift-http-types.build/Debug-iphonesimulator/HTTPTypes.build/Objects-normal/x86_64/HTTPTypes-Swift.h -working-directory /Users/sinjunho/Desktop/Taste\ Buddy/ios/TasteBuddy.xcodeproj -experimental-emit-module-separately -disable-cmo

SwiftDriver Crypto normal x86_64 com.apple.xcode.tools.swift.compiler (in target 'Crypto' from project 'swift-crypto')
    cd /Users/sinjunho/Desktop/Taste\ Buddy/ios/TasteBuddy.xcodeproj
    builtin-SwiftDriver -- /Applications/Xcode.app/Contents/Developer/Toolchains/XcodeDefault.xctoolchain/usr/bin/swiftc -module-name Crypto -Onone @/tmp/TasteBuddyHomeQuestionsQA/Build/Intermediates.noindex/swift-crypto.build/Debug-iphonesimulator/Crypto.build/Objects-normal/x86_64/Crypto.SwiftFileList -DSWIFT_PACKAGE -DDEBUG -DSWIFT_MODULE_RESOURCE_BUNDLE_AVAILABLE -DCRYPTO_IN_SWIFTPM -DXcode -enable-upcoming-feature MemberImportVisibility -j4 -plugin-path /Applications/Xcode.app/Contents/Developer/Toolchains/XcodeDefault.xctoolchain/usr/lib/swift/host/plugins/testing -enable-experimental-feature DebugDescriptionMacro -sdk /Applications/Xcode.app/Contents/Developer/Platforms/iPhoneSimulator.platform/Developer/SDKs/iPhoneSimulator26.5.sdk -target x86_64-apple-ios12.0-simulator -g -module-cache-path /tmp/TasteBuddyHomeQuestionsQA/ModuleCache.noindex -Xfrontend -serialize-debugging-options -enable-testing -suppress-warnings -index-store-path /tmp/TasteBuddyHomeQuestionsQA/Index.noindex/DataStore -Xcc -D_LIBCPP_HARDENING_MODE\=_LIBCPP_HARDENING_MODE_DEBUG -swift-version 6 -I /tmp/TasteBuddyHomeQuestionsQA/Build/Products/Debug-iphonesimulator -Isystem /Applications/Xcode.app/Contents/Developer/Platforms/iPhoneSimulator.platform/Developer/usr/lib -F /tmp/TasteBuddyHomeQuestionsQA/Build/Products/Debug-iphonesimulator -F /Applications/Xcode.app/Contents/Developer/Platforms/iPhoneSimulator.platform/Developer/Library/Frameworks -F /Applications/Xcode.app/Contents/Developer/Platforms/iPhoneSimulator.platform/Developer/SDKs/iPhoneSimulator26.5.sdk/Developer/Library/Frameworks -c -j12 -enable-batch-mode -incremental -Xcc -ivfsstatcache -Xcc /tmp/TasteBuddyHomeQuestionsQA/SDKStatCaches.noindex/iphonesimulator26.5-23F81a-6cfe768891a92b912361537c460fe42b.sdkstatcache -output-file-map /tmp/TasteBuddyHomeQuestionsQA/Build/Intermediates.noindex/swift-crypto.build/Debug-iphonesimulator/Crypto.build/Objects-normal/x86_64/Crypto-OutputFileMap.json -use-frontend-parseable-output -save-temps -no-color-diagnostics -explicit-module-build -module-cache-path /tmp/TasteBuddyHomeQuestionsQA/Build/Intermediates.noindex/SwiftExplicitPrecompiledModules -clang-scanner-module-cache-path /tmp/TasteBuddyHomeQuestionsQA/ModuleCache.noindex -sdk-module-cache-path /tmp/TasteBuddyHomeQuestionsQA/ModuleCache.noindex -serialize-diagnostics -emit-dependencies -emit-module -emit-module-path /tmp/TasteBuddyHomeQuestionsQA/Build/Intermediates.noindex/swift-crypto.build/Debug-iphonesimulator/Crypto.build/Objects-normal/x86_64/Crypto.swiftmodule -user-module-version 4.5.0 -validate-clang-modules-once -clang-build-session-file /tmp/TasteBuddyHomeQuestionsQA/ModuleCache.noindex/Session.modulevalidation -package-name swift_crypto -Xcc -I/tmp/TasteBuddyHomeQuestionsQA/Build/Intermediates.noindex/swift-crypto.build/Debug-iphonesimulator/Crypto.build/swift-overrides.hmap -emit-const-values -Xfrontend -const-gather-protocols-file -Xfrontend /tmp/TasteBuddyHomeQuestionsQA/Build/Intermediates.noindex/swift-crypto.build/Debug-iphonesimulator/Crypto.build/Objects-normal/x86_64/Crypto_const_extract_protocols.json -Xcc -I/tmp/TasteBuddyHomeQuestionsQA/Build/Products/Debug-iphonesimulator/include -Xcc -I/tmp/TasteBuddyHomeQuestionsQA/Build/Intermediates.noindex/swift-crypto.build/Debug-iphonesimulator/Crypto.build/DerivedSources-normal/x86_64 -Xcc -I/tmp/TasteBuddyHomeQuestionsQA/Build/Intermediates.noindex/swift-crypto.build/Debug-iphonesimulator/Crypto.build/DerivedSources/x86_64 -Xcc -I/tmp/TasteBuddyHomeQuestionsQA/Build/Intermediates.noindex/swift-crypto.build/Debug-iphonesimulator/Crypto.build/DerivedSources -Xcc -DSWIFT_PACKAGE -Xcc -DDEBUG\=1 -emit-objc-header -emit-objc-header-path /tmp/TasteBuddyHomeQuestionsQA/Build/Intermediates.noindex/swift-crypto.build/Debug-iphonesimulator/Crypto.build/Objects-normal/x86_64/Crypto-Swift.h -working-directory /Users/sinjunho/Desktop/Taste\ Buddy/ios/TasteBuddy.xcodeproj -experimental-emit-module-separately -disable-cmo

SwiftDriver ConcurrencyExtras normal x86_64 com.apple.xcode.tools.swift.compiler (in target 'ConcurrencyExtras' from project 'swift-concurrency-extras')
    cd /Users/sinjunho/Desktop/Taste\ Buddy/ios/TasteBuddy.xcodeproj
    builtin-SwiftDriver -- /Applications/Xcode.app/Contents/Developer/Toolchains/XcodeDefault.xctoolchain/usr/bin/swiftc -module-name ConcurrencyExtras -Onone @/tmp/TasteBuddyHomeQuestionsQA/Build/Intermediates.noindex/swift-concurrency-extras.build/Debug-iphonesimulator/ConcurrencyExtras.build/Objects-normal/x86_64/ConcurrencyExtras.SwiftFileList -DSWIFT_PACKAGE -DDEBUG -DSWIFT_MODULE_RESOURCE_BUNDLE_UNAVAILABLE -DXcode -enable-upcoming-feature NonisolatedNonsendingByDefault -j4 -plugin-path /Applications/Xcode.app/Contents/Developer/Toolchains/XcodeDefault.xctoolchain/usr/lib/swift/host/plugins/testing -enable-experimental-feature DebugDescriptionMacro -sdk /Applications/Xcode.app/Contents/Developer/Platforms/iPhoneSimulator.platform/Developer/SDKs/iPhoneSimulator26.5.sdk -target x86_64-apple-ios13.0-simulator -g -module-cache-path /tmp/TasteBuddyHomeQuestionsQA/ModuleCache.noindex -Xfrontend -serialize-debugging-options -enable-testing -suppress-warnings -index-store-path /tmp/TasteBuddyHomeQuestionsQA/Index.noindex/DataStore -Xcc -D_LIBCPP_HARDENING_MODE\=_LIBCPP_HARDENING_MODE_DEBUG -swift-version 6 -I /tmp/TasteBuddyHomeQuestionsQA/Build/Products/Debug-iphonesimulator -Isystem /Applications/Xcode.app/Contents/Developer/Platforms/iPhoneSimulator.platform/Developer/usr/lib -F /tmp/TasteBuddyHomeQuestionsQA/Build/Products/Debug-iphonesimulator -F /Applications/Xcode.app/Contents/Developer/Platforms/iPhoneSimulator.platform/Developer/Library/Frameworks -F /Applications/Xcode.app/Contents/Developer/Platforms/iPhoneSimulator.platform/Developer/SDKs/iPhoneSimulator26.5.sdk/Developer/Library/Frameworks -c -j12 -enable-batch-mode -incremental -Xcc -ivfsstatcache -Xcc /tmp/TasteBuddyHomeQuestionsQA/SDKStatCaches.noindex/iphonesimulator26.5-23F81a-6cfe768891a92b912361537c460fe42b.sdkstatcache -output-file-map /tmp/TasteBuddyHomeQuestionsQA/Build/Intermediates.noindex/swift-concurrency-extras.build/Debug-iphonesimulator/ConcurrencyExtras.build/Objects-normal/x86_64/ConcurrencyExtras-OutputFileMap.json -use-frontend-parseable-output -save-temps -no-color-diagnostics -explicit-module-build -module-cache-path /tmp/TasteBuddyHomeQuestionsQA/Build/Intermediates.noindex/SwiftExplicitPrecompiledModules -clang-scanner-module-cache-path /tmp/TasteBuddyHomeQuestionsQA/ModuleCache.noindex -sdk-module-cache-path /tmp/TasteBuddyHomeQuestionsQA/ModuleCache.noindex -serialize-diagnostics -emit-dependencies -emit-module -emit-module-path /tmp/TasteBuddyHomeQuestionsQA/Build/Intermediates.noindex/swift-concurrency-extras.build/Debug-iphonesimulator/ConcurrencyExtras.build/Objects-normal/x86_64/ConcurrencyExtras.swiftmodule -user-module-version 1.4.0 -validate-clang-modules-once -clang-build-session-file /tmp/TasteBuddyHomeQuestionsQA/ModuleCache.noindex/Session.modulevalidation -package-name swift_concurrency_extras -Xcc -I/tmp/TasteBuddyHomeQuestionsQA/Build/Intermediates.noindex/swift-concurrency-extras.build/Debug-iphonesimulator/ConcurrencyExtras.build/swift-overrides.hmap -emit-const-values -Xfrontend -const-gather-protocols-file -Xfrontend /tmp/TasteBuddyHomeQuestionsQA/Build/Intermediates.noindex/swift-concurrency-extras.build/Debug-iphonesimulator/ConcurrencyExtras.build/Objects-normal/x86_64/ConcurrencyExtras_const_extract_protocols.json -Xcc -I/tmp/TasteBuddyHomeQuestionsQA/Build/Products/Debug-iphonesimulator/include -Xcc -I/tmp/TasteBuddyHomeQuestionsQA/Build/Intermediates.noindex/swift-concurrency-extras.build/Debug-iphonesimulator/ConcurrencyExtras.build/DerivedSources-normal/x86_64 -Xcc -I/tmp/TasteBuddyHomeQuestionsQA/Build/Intermediates.noindex/swift-concurrency-extras.build/Debug-iphonesimulator/ConcurrencyExtras.build/DerivedSources/x86_64 -Xcc -I/tmp/TasteBuddyHomeQuestionsQA/Build/Intermediates.noindex/swift-concurrency-extras.build/Debug-iphonesimulator/ConcurrencyExtras.build/DerivedSources -Xcc -DSWIFT_PACKAGE -Xcc -DDEBUG\=1 -emit-objc-header -emit-objc-header-path /tmp/TasteBuddyHomeQuestionsQA/Build/Intermediates.noindex/swift-concurrency-extras.build/Debug-iphonesimulator/ConcurrencyExtras.build/Objects-normal/x86_64/ConcurrencyExtras-Swift.h -working-directory /Users/sinjunho/Desktop/Taste\ Buddy/ios/TasteBuddy.xcodeproj -experimental-emit-module-separately -disable-cmo

SwiftDriver\ Compilation\ Requirements IssueReportingPackageSupport normal x86_64 com.apple.xcode.tools.swift.compiler (in target 'IssueReportingPackageSupport' from project 'xctest-dynamic-overlay')
    cd /Users/sinjunho/Desktop/Taste\ Buddy/ios/TasteBuddy.xcodeproj
    builtin-Swift-Compilation-Requirements -- /Applications/Xcode.app/Contents/Developer/Toolchains/XcodeDefault.xctoolchain/usr/bin/swiftc -module-name IssueReportingPackageSupport -Onone @/tmp/TasteBuddyHomeQuestionsQA/Build/Intermediates.noindex/xctest-dynamic-overlay.build/Debug-iphonesimulator/IssueReportingPackageSupport.build/Objects-normal/x86_64/IssueReportingPackageSupport.SwiftFileList -DSWIFT_PACKAGE -DDEBUG -DSWIFT_MODULE_RESOURCE_BUNDLE_UNAVAILABLE -DXcode -j4 -plugin-path /Applications/Xcode.app/Contents/Developer/Toolchains/XcodeDefault.xctoolchain/usr/lib/swift/host/plugins/testing -enable-experimental-feature DebugDescriptionMacro -sdk /Applications/Xcode.app/Contents/Developer/Platforms/iPhoneSimulator.platform/Developer/SDKs/iPhoneSimulator26.5.sdk -target x86_64-apple-ios13.0-simulator -g -module-cache-path /tmp/TasteBuddyHomeQuestionsQA/ModuleCache.noindex -Xfrontend -serialize-debugging-options -enable-testing -suppress-warnings -index-store-path /tmp/TasteBuddyHomeQuestionsQA/Index.noindex/DataStore -Xcc -D_LIBCPP_HARDENING_MODE\=_LIBCPP_HARDENING_MODE_DEBUG -swift-version 6 -I /tmp/TasteBuddyHomeQuestionsQA/Build/Products/Debug-iphonesimulator -Isystem /Applications/Xcode.app/Contents/Developer/Platforms/iPhoneSimulator.platform/Developer/usr/lib -F /tmp/TasteBuddyHomeQuestionsQA/Build/Products/Debug-iphonesimulator -F /Applications/Xcode.app/Contents/Developer/Platforms/iPhoneSimulator.platform/Developer/Library/Frameworks -F /Applications/Xcode.app/Contents/Developer/Platforms/iPhoneSimulator.platform/Developer/SDKs/iPhoneSimulator26.5.sdk/Developer/Library/Frameworks -parse-as-library -c -j12 -enable-batch-mode -incremental -Xcc -ivfsstatcache -Xcc /tmp/TasteBuddyHomeQuestionsQA/SDKStatCaches.noindex/iphonesimulator26.5-23F81a-6cfe768891a92b912361537c460fe42b.sdkstatcache -output-file-map /tmp/TasteBuddyHomeQuestionsQA/Build/Intermediates.noindex/xctest-dynamic-overlay.build/Debug-iphonesimulator/IssueReportingPackageSupport.build/Objects-normal/x86_64/IssueReportingPackageSupport-OutputFileMap.json -use-frontend-parseable-output -save-temps -no-color-diagnostics -explicit-module-build -module-cache-path /tmp/TasteBuddyHomeQuestionsQA/Build/Intermediates.noindex/SwiftExplicitPrecompiledModules -clang-scanner-module-cache-path /tmp/TasteBuddyHomeQuestionsQA/ModuleCache.noindex -sdk-module-cache-path /tmp/TasteBuddyHomeQuestionsQA/ModuleCache.noindex -serialize-diagnostics -emit-dependencies -emit-module -emit-module-path /tmp/TasteBuddyHomeQuestionsQA/Build/Intermediates.noindex/xctest-dynamic-overlay.build/Debug-iphonesimulator/IssueReportingPackageSupport.build/Objects-normal/x86_64/IssueReportingPackageSupport.swiftmodule -user-module-version 1.9.0 -validate-clang-modules-once -clang-build-session-file /tmp/TasteBuddyHomeQuestionsQA/ModuleCache.noindex/Session.modulevalidation -package-name xctest_dynamic_overlay -Xcc -I/tmp/TasteBuddyHomeQuestionsQA/Build/Intermediates.noindex/xctest-dynamic-overlay.build/Debug-iphonesimulator/IssueReportingPackageSupport.build/swift-overrides.hmap -emit-const-values -Xfrontend -const-gather-protocols-file -Xfrontend /tmp/TasteBuddyHomeQuestionsQA/Build/Intermediates.noindex/xctest-dynamic-overlay.build/Debug-iphonesimulator/IssueReportingPackageSupport.build/Objects-normal/x86_64/IssueReportingPackageSupport_const_extract_protocols.json -Xcc -I/tmp/TasteBuddyHomeQuestionsQA/Build/Products/Debug-iphonesimulator/include -Xcc -I/tmp/TasteBuddyHomeQuestionsQA/Build/Intermediates.noindex/xctest-dynamic-overlay.build/Debug-iphonesimulator/IssueReportingPackageSupport.build/DerivedSources-normal/x86_64 -Xcc -I/tmp/TasteBuddyHomeQuestionsQA/Build/Intermediates.noindex/xctest-dynamic-overlay.build/Debug-iphonesimulator/IssueReportingPackageSupport.build/DerivedSources/x86_64 -Xcc -I/tmp/TasteBuddyHomeQuestionsQA/Build/Intermediates.noindex/xctest-dynamic-overlay.build/Debug-iphonesimulator/IssueReportingPackageSupport.build/DerivedSources -Xcc -DSWIFT_PACKAGE -Xcc -DDEBUG\=1 -emit-objc-header -emit-objc-header-path /tmp/TasteBuddyHomeQuestionsQA/Build/Intermediates.noindex/xctest-dynamic-overlay.build/Debug-iphonesimulator/IssueReportingPackageSupport.build/Objects-normal/x86_64/IssueReportingPackageSupport-Swift.h -working-directory /Users/sinjunho/Desktop/Taste\ Buddy/ios/TasteBuddy.xcodeproj -experimental-emit-module-separately -disable-cmo

SwiftDriver\ Compilation\ Requirements ConcurrencyExtras normal x86_64 com.apple.xcode.tools.swift.compiler (in target 'ConcurrencyExtras' from project 'swift-concurrency-extras')
    cd /Users/sinjunho/Desktop/Taste\ Buddy/ios/TasteBuddy.xcodeproj
    builtin-Swift-Compilation-Requirements -- /Applications/Xcode.app/Contents/Developer/Toolchains/XcodeDefault.xctoolchain/usr/bin/swiftc -module-name ConcurrencyExtras -Onone @/tmp/TasteBuddyHomeQuestionsQA/Build/Intermediates.noindex/swift-concurrency-extras.build/Debug-iphonesimulator/ConcurrencyExtras.build/Objects-normal/x86_64/ConcurrencyExtras.SwiftFileList -DSWIFT_PACKAGE -DDEBUG -DSWIFT_MODULE_RESOURCE_BUNDLE_UNAVAILABLE -DXcode -enable-upcoming-feature NonisolatedNonsendingByDefault -j4 -plugin-path /Applications/Xcode.app/Contents/Developer/Toolchains/XcodeDefault.xctoolchain/usr/lib/swift/host/plugins/testing -enable-experimental-feature DebugDescriptionMacro -sdk /Applications/Xcode.app/Contents/Developer/Platforms/iPhoneSimulator.platform/Developer/SDKs/iPhoneSimulator26.5.sdk -target x86_64-apple-ios13.0-simulator -g -module-cache-path /tmp/TasteBuddyHomeQuestionsQA/ModuleCache.noindex -Xfrontend -serialize-debugging-options -enable-testing -suppress-warnings -index-store-path /tmp/TasteBuddyHomeQuestionsQA/Index.noindex/DataStore -Xcc -D_LIBCPP_HARDENING_MODE\=_LIBCPP_HARDENING_MODE_DEBUG -swift-version 6 -I /tmp/TasteBuddyHomeQuestionsQA/Build/Products/Debug-iphonesimulator -Isystem /Applications/Xcode.app/Contents/Developer/Platforms/iPhoneSimulator.platform/Developer/usr/lib -F /tmp/TasteBuddyHomeQuestionsQA/Build/Products/Debug-iphonesimulator -F /Applications/Xcode.app/Contents/Developer/Platforms/iPhoneSimulator.platform/Developer/Library/Frameworks -F /Applications/Xcode.app/Contents/Developer/Platforms/iPhoneSimulator.platform/Developer/SDKs/iPhoneSimulator26.5.sdk/Developer/Library/Frameworks -c -j12 -enable-batch-mode -incremental -Xcc -ivfsstatcache -Xcc /tmp/TasteBuddyHomeQuestionsQA/SDKStatCaches.noindex/iphonesimulator26.5-23F81a-6cfe768891a92b912361537c460fe42b.sdkstatcache -output-file-map /tmp/TasteBuddyHomeQuestionsQA/Build/Intermediates.noindex/swift-concurrency-extras.build/Debug-iphonesimulator/ConcurrencyExtras.build/Objects-normal/x86_64/ConcurrencyExtras-OutputFileMap.json -use-frontend-parseable-output -save-temps -no-color-diagnostics -explicit-module-build -module-cache-path /tmp/TasteBuddyHomeQuestionsQA/Build/Intermediates.noindex/SwiftExplicitPrecompiledModules -clang-scanner-module-cache-path /tmp/TasteBuddyHomeQuestionsQA/ModuleCache.noindex -sdk-module-cache-path /tmp/TasteBuddyHomeQuestionsQA/ModuleCache.noindex -serialize-diagnostics -emit-dependencies -emit-module -emit-module-path /tmp/TasteBuddyHomeQuestionsQA/Build/Intermediates.noindex/swift-concurrency-extras.build/Debug-iphonesimulator/ConcurrencyExtras.build/Objects-normal/x86_64/ConcurrencyExtras.swiftmodule -user-module-version 1.4.0 -validate-clang-modules-once -clang-build-session-file /tmp/TasteBuddyHomeQuestionsQA/ModuleCache.noindex/Session.modulevalidation -package-name swift_concurrency_extras -Xcc -I/tmp/TasteBuddyHomeQuestionsQA/Build/Intermediates.noindex/swift-concurrency-extras.build/Debug-iphonesimulator/ConcurrencyExtras.build/swift-overrides.hmap -emit-const-values -Xfrontend -const-gather-protocols-file -Xfrontend /tmp/TasteBuddyHomeQuestionsQA/Build/Intermediates.noindex/swift-concurrency-extras.build/Debug-iphonesimulator/ConcurrencyExtras.build/Objects-normal/x86_64/ConcurrencyExtras_const_extract_protocols.json -Xcc -I/tmp/TasteBuddyHomeQuestionsQA/Build/Products/Debug-iphonesimulator/include -Xcc -I/tmp/TasteBuddyHomeQuestionsQA/Build/Intermediates.noindex/swift-concurrency-extras.build/Debug-iphonesimulator/ConcurrencyExtras.build/DerivedSources-normal/x86_64 -Xcc -I/tmp/TasteBuddyHomeQuestionsQA/Build/Intermediates.noindex/swift-concurrency-extras.build/Debug-iphonesimulator/ConcurrencyExtras.build/DerivedSources/x86_64 -Xcc -I/tmp/TasteBuddyHomeQuestionsQA/Build/Intermediates.noindex/swift-concurrency-extras.build/Debug-iphonesimulator/ConcurrencyExtras.build/DerivedSources -Xcc -DSWIFT_PACKAGE -Xcc -DDEBUG\=1 -emit-objc-header -emit-objc-header-path /tmp/TasteBuddyHomeQuestionsQA/Build/Intermediates.noindex/swift-concurrency-extras.build/Debug-iphonesimulator/ConcurrencyExtras.build/Objects-normal/x86_64/ConcurrencyExtras-Swift.h -working-directory /Users/sinjunho/Desktop/Taste\ Buddy/ios/TasteBuddy.xcodeproj -experimental-emit-module-separately -disable-cmo

SwiftDriver\ Compilation IssueReportingPackageSupport normal x86_64 com.apple.xcode.tools.swift.compiler (in target 'IssueReportingPackageSupport' from project 'xctest-dynamic-overlay')
    cd /Users/sinjunho/Desktop/Taste\ Buddy/ios/TasteBuddy.xcodeproj
    builtin-Swift-Compilation -- /Applications/Xcode.app/Contents/Developer/Toolchains/XcodeDefault.xctoolchain/usr/bin/swiftc -module-name IssueReportingPackageSupport -Onone @/tmp/TasteBuddyHomeQuestionsQA/Build/Intermediates.noindex/xctest-dynamic-overlay.build/Debug-iphonesimulator/IssueReportingPackageSupport.build/Objects-normal/x86_64/IssueReportingPackageSupport.SwiftFileList -DSWIFT_PACKAGE -DDEBUG -DSWIFT_MODULE_RESOURCE_BUNDLE_UNAVAILABLE -DXcode -j4 -plugin-path /Applications/Xcode.app/Contents/Developer/Toolchains/XcodeDefault.xctoolchain/usr/lib/swift/host/plugins/testing -enable-experimental-feature DebugDescriptionMacro -sdk /Applications/Xcode.app/Contents/Developer/Platforms/iPhoneSimulator.platform/Developer/SDKs/iPhoneSimulator26.5.sdk -target x86_64-apple-ios13.0-simulator -g -module-cache-path /tmp/TasteBuddyHomeQuestionsQA/ModuleCache.noindex -Xfrontend -serialize-debugging-options -enable-testing -suppress-warnings -index-store-path /tmp/TasteBuddyHomeQuestionsQA/Index.noindex/DataStore -Xcc -D_LIBCPP_HARDENING_MODE\=_LIBCPP_HARDENING_MODE_DEBUG -swift-version 6 -I /tmp/TasteBuddyHomeQuestionsQA/Build/Products/Debug-iphonesimulator -Isystem /Applications/Xcode.app/Contents/Developer/Platforms/iPhoneSimulator.platform/Developer/usr/lib -F /tmp/TasteBuddyHomeQuestionsQA/Build/Products/Debug-iphonesimulator -F /Applications/Xcode.app/Contents/Developer/Platforms/iPhoneSimulator.platform/Developer/Library/Frameworks -F /Applications/Xcode.app/Contents/Developer/Platforms/iPhoneSimulator.platform/Developer/SDKs/iPhoneSimulator26.5.sdk/Developer/Library/Frameworks -parse-as-library -c -j12 -enable-batch-mode -incremental -Xcc -ivfsstatcache -Xcc /tmp/TasteBuddyHomeQuestionsQA/SDKStatCaches.noindex/iphonesimulator26.5-23F81a-6cfe768891a92b912361537c460fe42b.sdkstatcache -output-file-map /tmp/TasteBuddyHomeQuestionsQA/Build/Intermediates.noindex/xctest-dynamic-overlay.build/Debug-iphonesimulator/IssueReportingPackageSupport.build/Objects-normal/x86_64/IssueReportingPackageSupport-OutputFileMap.json -use-frontend-parseable-output -save-temps -no-color-diagnostics -explicit-module-build -module-cache-path /tmp/TasteBuddyHomeQuestionsQA/Build/Intermediates.noindex/SwiftExplicitPrecompiledModules -clang-scanner-module-cache-path /tmp/TasteBuddyHomeQuestionsQA/ModuleCache.noindex -sdk-module-cache-path /tmp/TasteBuddyHomeQuestionsQA/ModuleCache.noindex -serialize-diagnostics -emit-dependencies -emit-module -emit-module-path /tmp/TasteBuddyHomeQuestionsQA/Build/Intermediates.noindex/xctest-dynamic-overlay.build/Debug-iphonesimulator/IssueReportingPackageSupport.build/Objects-normal/x86_64/IssueReportingPackageSupport.swiftmodule -user-module-version 1.9.0 -validate-clang-modules-once -clang-build-session-file /tmp/TasteBuddyHomeQuestionsQA/ModuleCache.noindex/Session.modulevalidation -package-name xctest_dynamic_overlay -Xcc -I/tmp/TasteBuddyHomeQuestionsQA/Build/Intermediates.noindex/xctest-dynamic-overlay.build/Debug-iphonesimulator/IssueReportingPackageSupport.build/swift-overrides.hmap -emit-const-values -Xfrontend -const-gather-protocols-file -Xfrontend /tmp/TasteBuddyHomeQuestionsQA/Build/Intermediates.noindex/xctest-dynamic-overlay.build/Debug-iphonesimulator/IssueReportingPackageSupport.build/Objects-normal/x86_64/IssueReportingPackageSupport_const_extract_protocols.json -Xcc -I/tmp/TasteBuddyHomeQuestionsQA/Build/Products/Debug-iphonesimulator/include -Xcc -I/tmp/TasteBuddyHomeQuestionsQA/Build/Intermediates.noindex/xctest-dynamic-overlay.build/Debug-iphonesimulator/IssueReportingPackageSupport.build/DerivedSources-normal/x86_64 -Xcc -I/tmp/TasteBuddyHomeQuestionsQA/Build/Intermediates.noindex/xctest-dynamic-overlay.build/Debug-iphonesimulator/IssueReportingPackageSupport.build/DerivedSources/x86_64 -Xcc -I/tmp/TasteBuddyHomeQuestionsQA/Build/Intermediates.noindex/xctest-dynamic-overlay.build/Debug-iphonesimulator/IssueReportingPackageSupport.build/DerivedSources -Xcc -DSWIFT_PACKAGE -Xcc -DDEBUG\=1 -emit-objc-header -emit-objc-header-path /tmp/TasteBuddyHomeQuestionsQA/Build/Intermediates.noindex/xctest-dynamic-overlay.build/Debug-iphonesimulator/IssueReportingPackageSupport.build/Objects-normal/x86_64/IssueReportingPackageSupport-Swift.h -working-directory /Users/sinjunho/Desktop/Taste\ Buddy/ios/TasteBuddy.xcodeproj -experimental-emit-module-separately -disable-cmo

SwiftDriver\ Compilation ConcurrencyExtras normal x86_64 com.apple.xcode.tools.swift.compiler (in target 'ConcurrencyExtras' from project 'swift-concurrency-extras')
    cd /Users/sinjunho/Desktop/Taste\ Buddy/ios/TasteBuddy.xcodeproj
    builtin-Swift-Compilation -- /Applications/Xcode.app/Contents/Developer/Toolchains/XcodeDefault.xctoolchain/usr/bin/swiftc -module-name ConcurrencyExtras -Onone @/tmp/TasteBuddyHomeQuestionsQA/Build/Intermediates.noindex/swift-concurrency-extras.build/Debug-iphonesimulator/ConcurrencyExtras.build/Objects-normal/x86_64/ConcurrencyExtras.SwiftFileList -DSWIFT_PACKAGE -DDEBUG -DSWIFT_MODULE_RESOURCE_BUNDLE_UNAVAILABLE -DXcode -enable-upcoming-feature NonisolatedNonsendingByDefault -j4 -plugin-path /Applications/Xcode.app/Contents/Developer/Toolchains/XcodeDefault.xctoolchain/usr/lib/swift/host/plugins/testing -enable-experimental-feature DebugDescriptionMacro -sdk /Applications/Xcode.app/Contents/Developer/Platforms/iPhoneSimulator.platform/Developer/SDKs/iPhoneSimulator26.5.sdk -target x86_64-apple-ios13.0-simulator -g -module-cache-path /tmp/TasteBuddyHomeQuestionsQA/ModuleCache.noindex -Xfrontend -serialize-debugging-options -enable-testing -suppress-warnings -index-store-path /tmp/TasteBuddyHomeQuestionsQA/Index.noindex/DataStore -Xcc -D_LIBCPP_HARDENING_MODE\=_LIBCPP_HARDENING_MODE_DEBUG -swift-version 6 -I /tmp/TasteBuddyHomeQuestionsQA/Build/Products/Debug-iphonesimulator -Isystem /Applications/Xcode.app/Contents/Developer/Platforms/iPhoneSimulator.platform/Developer/usr/lib -F /tmp/TasteBuddyHomeQuestionsQA/Build/Products/Debug-iphonesimulator -F /Applications/Xcode.app/Contents/Developer/Platforms/iPhoneSimulator.platform/Developer/Library/Frameworks -F /Applications/Xcode.app/Contents/Developer/Platforms/iPhoneSimulator.platform/Developer/SDKs/iPhoneSimulator26.5.sdk/Developer/Library/Frameworks -c -j12 -enable-batch-mode -incremental -Xcc -ivfsstatcache -Xcc /tmp/TasteBuddyHomeQuestionsQA/SDKStatCaches.noindex/iphonesimulator26.5-23F81a-6cfe768891a92b912361537c460fe42b.sdkstatcache -output-file-map /tmp/TasteBuddyHomeQuestionsQA/Build/Intermediates.noindex/swift-concurrency-extras.build/Debug-iphonesimulator/ConcurrencyExtras.build/Objects-normal/x86_64/ConcurrencyExtras-OutputFileMap.json -use-frontend-parseable-output -save-temps -no-color-diagnostics -explicit-module-build -module-cache-path /tmp/TasteBuddyHomeQuestionsQA/Build/Intermediates.noindex/SwiftExplicitPrecompiledModules -clang-scanner-module-cache-path /tmp/TasteBuddyHomeQuestionsQA/ModuleCache.noindex -sdk-module-cache-path /tmp/TasteBuddyHomeQuestionsQA/ModuleCache.noindex -serialize-diagnostics -emit-dependencies -emit-module -emit-module-path /tmp/TasteBuddyHomeQuestionsQA/Build/Intermediates.noindex/swift-concurrency-extras.build/Debug-iphonesimulator/ConcurrencyExtras.build/Objects-normal/x86_64/ConcurrencyExtras.swiftmodule -user-module-version 1.4.0 -validate-clang-modules-once -clang-build-session-file /tmp/TasteBuddyHomeQuestionsQA/ModuleCache.noindex/Session.modulevalidation -package-name swift_concurrency_extras -Xcc -I/tmp/TasteBuddyHomeQuestionsQA/Build/Intermediates.noindex/swift-concurrency-extras.build/Debug-iphonesimulator/ConcurrencyExtras.build/swift-overrides.hmap -emit-const-values -Xfrontend -const-gather-protocols-file -Xfrontend /tmp/TasteBuddyHomeQuestionsQA/Build/Intermediates.noindex/swift-concurrency-extras.build/Debug-iphonesimulator/ConcurrencyExtras.build/Objects-normal/x86_64/ConcurrencyExtras_const_extract_protocols.json -Xcc -I/tmp/TasteBuddyHomeQuestionsQA/Build/Products/Debug-iphonesimulator/include -Xcc -I/tmp/TasteBuddyHomeQuestionsQA/Build/Intermediates.noindex/swift-concurrency-extras.build/Debug-iphonesimulator/ConcurrencyExtras.build/DerivedSources-normal/x86_64 -Xcc -I/tmp/TasteBuddyHomeQuestionsQA/Build/Intermediates.noindex/swift-concurrency-extras.build/Debug-iphonesimulator/ConcurrencyExtras.build/DerivedSources/x86_64 -Xcc -I/tmp/TasteBuddyHomeQuestionsQA/Build/Intermediates.noindex/swift-concurrency-extras.build/Debug-iphonesimulator/ConcurrencyExtras.build/DerivedSources -Xcc -DSWIFT_PACKAGE -Xcc -DDEBUG\=1 -emit-objc-header -emit-objc-header-path /tmp/TasteBuddyHomeQuestionsQA/Build/Intermediates.noindex/swift-concurrency-extras.build/Debug-iphonesimulator/ConcurrencyExtras.build/Objects-normal/x86_64/ConcurrencyExtras-Swift.h -working-directory /Users/sinjunho/Desktop/Taste\ Buddy/ios/TasteBuddy.xcodeproj -experimental-emit-module-separately -disable-cmo

SwiftDriver IssueReporting normal x86_64 com.apple.xcode.tools.swift.compiler (in target 'IssueReporting' from project 'xctest-dynamic-overlay')
    cd /Users/sinjunho/Desktop/Taste\ Buddy/ios/TasteBuddy.xcodeproj
    builtin-SwiftDriver -- /Applications/Xcode.app/Contents/Developer/Toolchains/XcodeDefault.xctoolchain/usr/bin/swiftc -module-name IssueReporting -Onone @/tmp/TasteBuddyHomeQuestionsQA/Build/Intermediates.noindex/xctest-dynamic-overlay.build/Debug-iphonesimulator/IssueReporting.build/Objects-normal/x86_64/IssueReporting.SwiftFileList -DSWIFT_PACKAGE -DDEBUG -DSWIFT_MODULE_RESOURCE_BUNDLE_UNAVAILABLE -DXcode -j4 -plugin-path /Applications/Xcode.app/Contents/Developer/Toolchains/XcodeDefault.xctoolchain/usr/lib/swift/host/plugins/testing -enable-experimental-feature DebugDescriptionMacro -sdk /Applications/Xcode.app/Contents/Developer/Platforms/iPhoneSimulator.platform/Developer/SDKs/iPhoneSimulator26.5.sdk -target x86_64-apple-ios13.0-simulator -g -module-cache-path /tmp/TasteBuddyHomeQuestionsQA/ModuleCache.noindex -Xfrontend -serialize-debugging-options -enable-testing -suppress-warnings -index-store-path /tmp/TasteBuddyHomeQuestionsQA/Index.noindex/DataStore -Xcc -D_LIBCPP_HARDENING_MODE\=_LIBCPP_HARDENING_MODE_DEBUG -swift-version 6 -I /tmp/TasteBuddyHomeQuestionsQA/Build/Products/Debug-iphonesimulator -Isystem /Applications/Xcode.app/Contents/Developer/Platforms/iPhoneSimulator.platform/Developer/usr/lib -F /tmp/TasteBuddyHomeQuestionsQA/Build/Products/Debug-iphonesimulator/PackageFrameworks -F /tmp/TasteBuddyHomeQuestionsQA/Build/Products/Debug-iphonesimulator -F /Applications/Xcode.app/Contents/Developer/Platforms/iPhoneSimulator.platform/Developer/Library/Frameworks -F /Applications/Xcode.app/Contents/Developer/Platforms/iPhoneSimulator.platform/Developer/SDKs/iPhoneSimulator26.5.sdk/Developer/Library/Frameworks -c -j12 -enable-batch-mode -incremental -Xcc -ivfsstatcache -Xcc /tmp/TasteBuddyHomeQuestionsQA/SDKStatCaches.noindex/iphonesimulator26.5-23F81a-6cfe768891a92b912361537c460fe42b.sdkstatcache -output-file-map /tmp/TasteBuddyHomeQuestionsQA/Build/Intermediates.noindex/xctest-dynamic-overlay.build/Debug-iphonesimulator/IssueReporting.build/Objects-normal/x86_64/IssueReporting-OutputFileMap.json -use-frontend-parseable-output -save-temps -no-color-diagnostics -explicit-module-build -module-cache-path /tmp/TasteBuddyHomeQuestionsQA/Build/Intermediates.noindex/SwiftExplicitPrecompiledModules -clang-scanner-module-cache-path /tmp/TasteBuddyHomeQuestionsQA/ModuleCache.noindex -sdk-module-cache-path /tmp/TasteBuddyHomeQuestionsQA/ModuleCache.noindex -serialize-diagnostics -emit-dependencies -emit-module -emit-module-path /tmp/TasteBuddyHomeQuestionsQA/Build/Intermediates.noindex/xctest-dynamic-overlay.build/Debug-iphonesimulator/IssueReporting.build/Objects-normal/x86_64/IssueReporting.swiftmodule -user-module-version 1.9.0 -validate-clang-modules-once -clang-build-session-file /tmp/TasteBuddyHomeQuestionsQA/ModuleCache.noindex/Session.modulevalidation -package-name xctest_dynamic_overlay -Xcc -I/tmp/TasteBuddyHomeQuestionsQA/Build/Intermediates.noindex/xctest-dynamic-overlay.build/Debug-iphonesimulator/IssueReporting.build/swift-overrides.hmap -emit-const-values -Xfrontend -const-gather-protocols-file -Xfrontend /tmp/TasteBuddyHomeQuestionsQA/Build/Intermediates.noindex/xctest-dynamic-overlay.build/Debug-iphonesimulator/IssueReporting.build/Objects-normal/x86_64/IssueReporting_const_extract_protocols.json -Xcc -I/tmp/TasteBuddyHomeQuestionsQA/Build/Products/Debug-iphonesimulator/include -Xcc -I/tmp/TasteBuddyHomeQuestionsQA/Build/Intermediates.noindex/xctest-dynamic-overlay.build/Debug-iphonesimulator/IssueReporting.build/DerivedSources-normal/x86_64 -Xcc -I/tmp/TasteBuddyHomeQuestionsQA/Build/Intermediates.noindex/xctest-dynamic-overlay.build/Debug-iphonesimulator/IssueReporting.build/DerivedSources/x86_64 -Xcc -I/tmp/TasteBuddyHomeQuestionsQA/Build/Intermediates.noindex/xctest-dynamic-overlay.build/Debug-iphonesimulator/IssueReporting.build/DerivedSources -Xcc -DSWIFT_PACKAGE -Xcc -DDEBUG\=1 -emit-objc-header -emit-objc-header-path /tmp/TasteBuddyHomeQuestionsQA/Build/Intermediates.noindex/xctest-dynamic-overlay.build/Debug-iphonesimulator/IssueReporting.build/Objects-normal/x86_64/IssueReporting-Swift.h -working-directory /Users/sinjunho/Desktop/Taste\ Buddy/ios/TasteBuddy.xcodeproj -experimental-emit-module-separately -disable-cmo

SwiftDriver\ Compilation\ Requirements HTTPTypes normal x86_64 com.apple.xcode.tools.swift.compiler (in target 'HTTPTypes' from project 'swift-http-types')
    cd /Users/sinjunho/Desktop/Taste\ Buddy/ios/TasteBuddy.xcodeproj
    builtin-Swift-Compilation-Requirements -- /Applications/Xcode.app/Contents/Developer/Toolchains/XcodeDefault.xctoolchain/usr/bin/swiftc -module-name HTTPTypes -Onone @/tmp/TasteBuddyHomeQuestionsQA/Build/Intermediates.noindex/swift-http-types.build/Debug-iphonesimulator/HTTPTypes.build/Objects-normal/x86_64/HTTPTypes.SwiftFileList -DSWIFT_PACKAGE -DDEBUG -DSWIFT_MODULE_RESOURCE_BUNDLE_UNAVAILABLE -DFoundationURL -DXcode -enable-upcoming-feature InternalImportsByDefault -enable-upcoming-feature MemberImportVisibility -j4 -plugin-path /Applications/Xcode.app/Contents/Developer/Toolchains/XcodeDefault.xctoolchain/usr/lib/swift/host/plugins/testing -enable-experimental-feature DebugDescriptionMacro -sdk /Applications/Xcode.app/Contents/Developer/Platforms/iPhoneSimulator.platform/Developer/SDKs/iPhoneSimulator26.5.sdk -target x86_64-apple-ios12.0-simulator -g -module-cache-path /tmp/TasteBuddyHomeQuestionsQA/ModuleCache.noindex -Xfrontend -serialize-debugging-options -enable-testing -suppress-warnings -index-store-path /tmp/TasteBuddyHomeQuestionsQA/Index.noindex/DataStore -Xcc -D_LIBCPP_HARDENING_MODE\=_LIBCPP_HARDENING_MODE_DEBUG -swift-version 6 -I /tmp/TasteBuddyHomeQuestionsQA/Build/Products/Debug-iphonesimulator -Isystem /Applications/Xcode.app/Contents/Developer/Platforms/iPhoneSimulator.platform/Developer/usr/lib -F /tmp/TasteBuddyHomeQuestionsQA/Build/Products/Debug-iphonesimulator -F /Applications/Xcode.app/Contents/Developer/Platforms/iPhoneSimulator.platform/Developer/Library/Frameworks -F /Applications/Xcode.app/Contents/Developer/Platforms/iPhoneSimulator.platform/Developer/SDKs/iPhoneSimulator26.5.sdk/Developer/Library/Frameworks -c -j12 -enable-batch-mode -incremental -Xcc -ivfsstatcache -Xcc /tmp/TasteBuddyHomeQuestionsQA/SDKStatCaches.noindex/iphonesimulator26.5-23F81a-6cfe768891a92b912361537c460fe42b.sdkstatcache -output-file-map /tmp/TasteBuddyHomeQuestionsQA/Build/Intermediates.noindex/swift-http-types.build/Debug-iphonesimulator/HTTPTypes.build/Objects-normal/x86_64/HTTPTypes-OutputFileMap.json -use-frontend-parseable-output -save-temps -no-color-diagnostics -explicit-module-build -module-cache-path /tmp/TasteBuddyHomeQuestionsQA/Build/Intermediates.noindex/SwiftExplicitPrecompiledModules -clang-scanner-module-cache-path /tmp/TasteBuddyHomeQuestionsQA/ModuleCache.noindex -sdk-module-cache-path /tmp/TasteBuddyHomeQuestionsQA/ModuleCache.noindex -serialize-diagnostics -emit-dependencies -emit-module -emit-module-path /tmp/TasteBuddyHomeQuestionsQA/Build/Intermediates.noindex/swift-http-types.build/Debug-iphonesimulator/HTTPTypes.build/Objects-normal/x86_64/HTTPTypes.swiftmodule -user-module-version 1.6.0 -validate-clang-modules-once -clang-build-session-file /tmp/TasteBuddyHomeQuestionsQA/ModuleCache.noindex/Session.modulevalidation -package-name swift_http_types -Xcc -I/tmp/TasteBuddyHomeQuestionsQA/Build/Intermediates.noindex/swift-http-types.build/Debug-iphonesimulator/HTTPTypes.build/swift-overrides.hmap -emit-const-values -Xfrontend -const-gather-protocols-file -Xfrontend /tmp/TasteBuddyHomeQuestionsQA/Build/Intermediates.noindex/swift-http-types.build/Debug-iphonesimulator/HTTPTypes.build/Objects-normal/x86_64/HTTPTypes_const_extract_protocols.json -Xcc -I/tmp/TasteBuddyHomeQuestionsQA/Build/Products/Debug-iphonesimulator/include -Xcc -I/tmp/TasteBuddyHomeQuestionsQA/Build/Intermediates.noindex/swift-http-types.build/Debug-iphonesimulator/HTTPTypes.build/DerivedSources-normal/x86_64 -Xcc -I/tmp/TasteBuddyHomeQuestionsQA/Build/Intermediates.noindex/swift-http-types.build/Debug-iphonesimulator/HTTPTypes.build/DerivedSources/x86_64 -Xcc -I/tmp/TasteBuddyHomeQuestionsQA/Build/Intermediates.noindex/swift-http-types.build/Debug-iphonesimulator/HTTPTypes.build/DerivedSources -Xcc -DSWIFT_PACKAGE -Xcc -DDEBUG\=1 -emit-objc-header -emit-objc-header-path /tmp/TasteBuddyHomeQuestionsQA/Build/Intermediates.noindex/swift-http-types.build/Debug-iphonesimulator/HTTPTypes.build/Objects-normal/x86_64/HTTPTypes-Swift.h -working-directory /Users/sinjunho/Desktop/Taste\ Buddy/ios/TasteBuddy.xcodeproj -experimental-emit-module-separately -disable-cmo

SwiftDriver\ Compilation HTTPTypes normal x86_64 com.apple.xcode.tools.swift.compiler (in target 'HTTPTypes' from project 'swift-http-types')
    cd /Users/sinjunho/Desktop/Taste\ Buddy/ios/TasteBuddy.xcodeproj
    builtin-Swift-Compilation -- /Applications/Xcode.app/Contents/Developer/Toolchains/XcodeDefault.xctoolchain/usr/bin/swiftc -module-name HTTPTypes -Onone @/tmp/TasteBuddyHomeQuestionsQA/Build/Intermediates.noindex/swift-http-types.build/Debug-iphonesimulator/HTTPTypes.build/Objects-normal/x86_64/HTTPTypes.SwiftFileList -DSWIFT_PACKAGE -DDEBUG -DSWIFT_MODULE_RESOURCE_BUNDLE_UNAVAILABLE -DFoundationURL -DXcode -enable-upcoming-feature InternalImportsByDefault -enable-upcoming-feature MemberImportVisibility -j4 -plugin-path /Applications/Xcode.app/Contents/Developer/Toolchains/XcodeDefault.xctoolchain/usr/lib/swift/host/plugins/testing -enable-experimental-feature DebugDescriptionMacro -sdk /Applications/Xcode.app/Contents/Developer/Platforms/iPhoneSimulator.platform/Developer/SDKs/iPhoneSimulator26.5.sdk -target x86_64-apple-ios12.0-simulator -g -module-cache-path /tmp/TasteBuddyHomeQuestionsQA/ModuleCache.noindex -Xfrontend -serialize-debugging-options -enable-testing -suppress-warnings -index-store-path /tmp/TasteBuddyHomeQuestionsQA/Index.noindex/DataStore -Xcc -D_LIBCPP_HARDENING_MODE\=_LIBCPP_HARDENING_MODE_DEBUG -swift-version 6 -I /tmp/TasteBuddyHomeQuestionsQA/Build/Products/Debug-iphonesimulator -Isystem /Applications/Xcode.app/Contents/Developer/Platforms/iPhoneSimulator.platform/Developer/usr/lib -F /tmp/TasteBuddyHomeQuestionsQA/Build/Products/Debug-iphonesimulator -F /Applications/Xcode.app/Contents/Developer/Platforms/iPhoneSimulator.platform/Developer/Library/Frameworks -F /Applications/Xcode.app/Contents/Developer/Platforms/iPhoneSimulator.platform/Developer/SDKs/iPhoneSimulator26.5.sdk/Developer/Library/Frameworks -c -j12 -enable-batch-mode -incremental -Xcc -ivfsstatcache -Xcc /tmp/TasteBuddyHomeQuestionsQA/SDKStatCaches.noindex/iphonesimulator26.5-23F81a-6cfe768891a92b912361537c460fe42b.sdkstatcache -output-file-map /tmp/TasteBuddyHomeQuestionsQA/Build/Intermediates.noindex/swift-http-types.build/Debug-iphonesimulator/HTTPTypes.build/Objects-normal/x86_64/HTTPTypes-OutputFileMap.json -use-frontend-parseable-output -save-temps -no-color-diagnostics -explicit-module-build -module-cache-path /tmp/TasteBuddyHomeQuestionsQA/Build/Intermediates.noindex/SwiftExplicitPrecompiledModules -clang-scanner-module-cache-path /tmp/TasteBuddyHomeQuestionsQA/ModuleCache.noindex -sdk-module-cache-path /tmp/TasteBuddyHomeQuestionsQA/ModuleCache.noindex -serialize-diagnostics -emit-dependencies -emit-module -emit-module-path /tmp/TasteBuddyHomeQuestionsQA/Build/Intermediates.noindex/swift-http-types.build/Debug-iphonesimulator/HTTPTypes.build/Objects-normal/x86_64/HTTPTypes.swiftmodule -user-module-version 1.6.0 -validate-clang-modules-once -clang-build-session-file /tmp/TasteBuddyHomeQuestionsQA/ModuleCache.noindex/Session.modulevalidation -package-name swift_http_types -Xcc -I/tmp/TasteBuddyHomeQuestionsQA/Build/Intermediates.noindex/swift-http-types.build/Debug-iphonesimulator/HTTPTypes.build/swift-overrides.hmap -emit-const-values -Xfrontend -const-gather-protocols-file -Xfrontend /tmp/TasteBuddyHomeQuestionsQA/Build/Intermediates.noindex/swift-http-types.build/Debug-iphonesimulator/HTTPTypes.build/Objects-normal/x86_64/HTTPTypes_const_extract_protocols.json -Xcc -I/tmp/TasteBuddyHomeQuestionsQA/Build/Products/Debug-iphonesimulator/include -Xcc -I/tmp/TasteBuddyHomeQuestionsQA/Build/Intermediates.noindex/swift-http-types.build/Debug-iphonesimulator/HTTPTypes.build/DerivedSources-normal/x86_64 -Xcc -I/tmp/TasteBuddyHomeQuestionsQA/Build/Intermediates.noindex/swift-http-types.build/Debug-iphonesimulator/HTTPTypes.build/DerivedSources/x86_64 -Xcc -I/tmp/TasteBuddyHomeQuestionsQA/Build/Intermediates.noindex/swift-http-types.build/Debug-iphonesimulator/HTTPTypes.build/DerivedSources -Xcc -DSWIFT_PACKAGE -Xcc -DDEBUG\=1 -emit-objc-header -emit-objc-header-path /tmp/TasteBuddyHomeQuestionsQA/Build/Intermediates.noindex/swift-http-types.build/Debug-iphonesimulator/HTTPTypes.build/Objects-normal/x86_64/HTTPTypes-Swift.h -working-directory /Users/sinjunho/Desktop/Taste\ Buddy/ios/TasteBuddy.xcodeproj -experimental-emit-module-separately -disable-cmo

SwiftDriver\ Compilation VariableBlur normal x86_64 com.apple.xcode.tools.swift.compiler (in target 'VariableBlur' from project 'VariableBlur')
    cd /Users/sinjunho/Desktop/Taste\ Buddy/ios/TasteBuddy.xcodeproj
    builtin-Swift-Compilation -- /Applications/Xcode.app/Contents/Developer/Toolchains/XcodeDefault.xctoolchain/usr/bin/swiftc -module-name VariableBlur -Onone @/tmp/TasteBuddyHomeQuestionsQA/Build/Intermediates.noindex/VariableBlur.build/Debug-iphonesimulator/VariableBlur.build/Objects-normal/x86_64/VariableBlur.SwiftFileList -DSWIFT_PACKAGE -DDEBUG -DSWIFT_MODULE_RESOURCE_BUNDLE_UNAVAILABLE -DXcode -j4 -plugin-path /Applications/Xcode.app/Contents/Developer/Toolchains/XcodeDefault.xctoolchain/usr/lib/swift/host/plugins/testing -enable-experimental-feature DebugDescriptionMacro -sdk /Applications/Xcode.app/Contents/Developer/Platforms/iPhoneSimulator.platform/Developer/SDKs/iPhoneSimulator26.5.sdk -target x86_64-apple-ios13.0-simulator -g -module-cache-path /tmp/TasteBuddyHomeQuestionsQA/ModuleCache.noindex -Xfrontend -serialize-debugging-options -enable-testing -suppress-warnings -index-store-path /tmp/TasteBuddyHomeQuestionsQA/Index.noindex/DataStore -Xcc -D_LIBCPP_HARDENING_MODE\=_LIBCPP_HARDENING_MODE_DEBUG -swift-version 5 -I /tmp/TasteBuddyHomeQuestionsQA/Build/Products/Debug-iphonesimulator -Isystem /Applications/Xcode.app/Contents/Developer/Platforms/iPhoneSimulator.platform/Developer/usr/lib -F /tmp/TasteBuddyHomeQuestionsQA/Build/Products/Debug-iphonesimulator -F /Applications/Xcode.app/Contents/Developer/Platforms/iPhoneSimulator.platform/Developer/Library/Frameworks -F /Applications/Xcode.app/Contents/Developer/Platforms/iPhoneSimulator.platform/Developer/SDKs/iPhoneSimulator26.5.sdk/Developer/Library/Frameworks -c -j12 -enable-batch-mode -incremental -Xcc -ivfsstatcache -Xcc /tmp/TasteBuddyHomeQuestionsQA/SDKStatCaches.noindex/iphonesimulator26.5-23F81a-6cfe768891a92b912361537c460fe42b.sdkstatcache -output-file-map /tmp/TasteBuddyHomeQuestionsQA/Build/Intermediates.noindex/VariableBlur.build/Debug-iphonesimulator/VariableBlur.build/Objects-normal/x86_64/VariableBlur-OutputFileMap.json -use-frontend-parseable-output -save-temps -no-color-diagnostics -explicit-module-build -module-cache-path /tmp/TasteBuddyHomeQuestionsQA/Build/Intermediates.noindex/SwiftExplicitPrecompiledModules -clang-scanner-module-cache-path /tmp/TasteBuddyHomeQuestionsQA/ModuleCache.noindex -sdk-module-cache-path /tmp/TasteBuddyHomeQuestionsQA/ModuleCache.noindex -serialize-diagnostics -emit-dependencies -emit-module -emit-module-path /tmp/TasteBuddyHomeQuestionsQA/Build/Intermediates.noindex/VariableBlur.build/Debug-iphonesimulator/VariableBlur.build/Objects-normal/x86_64/VariableBlur.swiftmodule -validate-clang-modules-once -clang-build-session-file /tmp/TasteBuddyHomeQuestionsQA/ModuleCache.noindex/Session.modulevalidation -package-name variableblur -Xcc -I/tmp/TasteBuddyHomeQuestionsQA/Build/Intermediates.noindex/VariableBlur.build/Debug-iphonesimulator/VariableBlur.build/swift-overrides.hmap -emit-const-values -Xfrontend -const-gather-protocols-file -Xfrontend /tmp/TasteBuddyHomeQuestionsQA/Build/Intermediates.noindex/VariableBlur.build/Debug-iphonesimulator/VariableBlur.build/Objects-normal/x86_64/VariableBlur_const_extract_protocols.json -Xcc -I/tmp/TasteBuddyHomeQuestionsQA/Build/Products/Debug-iphonesimulator/include -Xcc -I/tmp/TasteBuddyHomeQuestionsQA/Build/Intermediates.noindex/VariableBlur.build/Debug-iphonesimulator/VariableBlur.build/DerivedSources-normal/x86_64 -Xcc -I/tmp/TasteBuddyHomeQuestionsQA/Build/Intermediates.noindex/VariableBlur.build/Debug-iphonesimulator/VariableBlur.build/DerivedSources/x86_64 -Xcc -I/tmp/TasteBuddyHomeQuestionsQA/Build/Intermediates.noindex/VariableBlur.build/Debug-iphonesimulator/VariableBlur.build/DerivedSources -Xcc -DSWIFT_PACKAGE -Xcc -DDEBUG\=1 -emit-objc-header -emit-objc-header-path /tmp/TasteBuddyHomeQuestionsQA/Build/Intermediates.noindex/VariableBlur.build/Debug-iphonesimulator/VariableBlur.build/Objects-normal/x86_64/VariableBlur-Swift.h -working-directory /Users/sinjunho/Desktop/Taste\ Buddy/ios/TasteBuddy.xcodeproj -experimental-emit-module-separately -disable-cmo

SwiftDriver\ Compilation\ Requirements VariableBlur normal x86_64 com.apple.xcode.tools.swift.compiler (in target 'VariableBlur' from project 'VariableBlur')
    cd /Users/sinjunho/Desktop/Taste\ Buddy/ios/TasteBuddy.xcodeproj
    builtin-Swift-Compilation-Requirements -- /Applications/Xcode.app/Contents/Developer/Toolchains/XcodeDefault.xctoolchain/usr/bin/swiftc -module-name VariableBlur -Onone @/tmp/TasteBuddyHomeQuestionsQA/Build/Intermediates.noindex/VariableBlur.build/Debug-iphonesimulator/VariableBlur.build/Objects-normal/x86_64/VariableBlur.SwiftFileList -DSWIFT_PACKAGE -DDEBUG -DSWIFT_MODULE_RESOURCE_BUNDLE_UNAVAILABLE -DXcode -j4 -plugin-path /Applications/Xcode.app/Contents/Developer/Toolchains/XcodeDefault.xctoolchain/usr/lib/swift/host/plugins/testing -enable-experimental-feature DebugDescriptionMacro -sdk /Applications/Xcode.app/Contents/Developer/Platforms/iPhoneSimulator.platform/Developer/SDKs/iPhoneSimulator26.5.sdk -target x86_64-apple-ios13.0-simulator -g -module-cache-path /tmp/TasteBuddyHomeQuestionsQA/ModuleCache.noindex -Xfrontend -serialize-debugging-options -enable-testing -suppress-warnings -index-store-path /tmp/TasteBuddyHomeQuestionsQA/Index.noindex/DataStore -Xcc -D_LIBCPP_HARDENING_MODE\=_LIBCPP_HARDENING_MODE_DEBUG -swift-version 5 -I /tmp/TasteBuddyHomeQuestionsQA/Build/Products/Debug-iphonesimulator -Isystem /Applications/Xcode.app/Contents/Developer/Platforms/iPhoneSimulator.platform/Developer/usr/lib -F /tmp/TasteBuddyHomeQuestionsQA/Build/Products/Debug-iphonesimulator -F /Applications/Xcode.app/Contents/Developer/Platforms/iPhoneSimulator.platform/Developer/Library/Frameworks -F /Applications/Xcode.app/Contents/Developer/Platforms/iPhoneSimulator.platform/Developer/SDKs/iPhoneSimulator26.5.sdk/Developer/Library/Frameworks -c -j12 -enable-batch-mode -incremental -Xcc -ivfsstatcache -Xcc /tmp/TasteBuddyHomeQuestionsQA/SDKStatCaches.noindex/iphonesimulator26.5-23F81a-6cfe768891a92b912361537c460fe42b.sdkstatcache -output-file-map /tmp/TasteBuddyHomeQuestionsQA/Build/Intermediates.noindex/VariableBlur.build/Debug-iphonesimulator/VariableBlur.build/Objects-normal/x86_64/VariableBlur-OutputFileMap.json -use-frontend-parseable-output -save-temps -no-color-diagnostics -explicit-module-build -module-cache-path /tmp/TasteBuddyHomeQuestionsQA/Build/Intermediates.noindex/SwiftExplicitPrecompiledModules -clang-scanner-module-cache-path /tmp/TasteBuddyHomeQuestionsQA/ModuleCache.noindex -sdk-module-cache-path /tmp/TasteBuddyHomeQuestionsQA/ModuleCache.noindex -serialize-diagnostics -emit-dependencies -emit-module -emit-module-path /tmp/TasteBuddyHomeQuestionsQA/Build/Intermediates.noindex/VariableBlur.build/Debug-iphonesimulator/VariableBlur.build/Objects-normal/x86_64/VariableBlur.swiftmodule -validate-clang-modules-once -clang-build-session-file /tmp/TasteBuddyHomeQuestionsQA/ModuleCache.noindex/Session.modulevalidation -package-name variableblur -Xcc -I/tmp/TasteBuddyHomeQuestionsQA/Build/Intermediates.noindex/VariableBlur.build/Debug-iphonesimulator/VariableBlur.build/swift-overrides.hmap -emit-const-values -Xfrontend -const-gather-protocols-file -Xfrontend /tmp/TasteBuddyHomeQuestionsQA/Build/Intermediates.noindex/VariableBlur.build/Debug-iphonesimulator/VariableBlur.build/Objects-normal/x86_64/VariableBlur_const_extract_protocols.json -Xcc -I/tmp/TasteBuddyHomeQuestionsQA/Build/Products/Debug-iphonesimulator/include -Xcc -I/tmp/TasteBuddyHomeQuestionsQA/Build/Intermediates.noindex/VariableBlur.build/Debug-iphonesimulator/VariableBlur.build/DerivedSources-normal/x86_64 -Xcc -I/tmp/TasteBuddyHomeQuestionsQA/Build/Intermediates.noindex/VariableBlur.build/Debug-iphonesimulator/VariableBlur.build/DerivedSources/x86_64 -Xcc -I/tmp/TasteBuddyHomeQuestionsQA/Build/Intermediates.noindex/VariableBlur.build/Debug-iphonesimulator/VariableBlur.build/DerivedSources -Xcc -DSWIFT_PACKAGE -Xcc -DDEBUG\=1 -emit-objc-header -emit-objc-header-path /tmp/TasteBuddyHomeQuestionsQA/Build/Intermediates.noindex/VariableBlur.build/Debug-iphonesimulator/VariableBlur.build/Objects-normal/x86_64/VariableBlur-Swift.h -working-directory /Users/sinjunho/Desktop/Taste\ Buddy/ios/TasteBuddy.xcodeproj -experimental-emit-module-separately -disable-cmo

SwiftDriver ProgressiveBlurHeader normal x86_64 com.apple.xcode.tools.swift.compiler (in target 'ProgressiveBlurHeader' from project 'ProgressiveBlurHeader')
    cd /Users/sinjunho/Desktop/Taste\ Buddy/ios/TasteBuddy.xcodeproj
    builtin-SwiftDriver -- /Applications/Xcode.app/Contents/Developer/Toolchains/XcodeDefault.xctoolchain/usr/bin/swiftc -module-name ProgressiveBlurHeader -Onone @/tmp/TasteBuddyHomeQuestionsQA/Build/Intermediates.noindex/ProgressiveBlurHeader.build/Debug-iphonesimulator/ProgressiveBlurHeader.build/Objects-normal/x86_64/ProgressiveBlurHeader.SwiftFileList -DSWIFT_PACKAGE -DDEBUG -DSWIFT_MODULE_RESOURCE_BUNDLE_UNAVAILABLE -DXcode -j4 -plugin-path /Applications/Xcode.app/Contents/Developer/Toolchains/XcodeDefault.xctoolchain/usr/lib/swift/host/plugins/testing -enable-experimental-feature DebugDescriptionMacro -sdk /Applications/Xcode.app/Contents/Developer/Platforms/iPhoneSimulator.platform/Developer/SDKs/iPhoneSimulator26.5.sdk -target x86_64-apple-ios16.0-simulator -g -module-cache-path /tmp/TasteBuddyHomeQuestionsQA/ModuleCache.noindex -Xfrontend -serialize-debugging-options -enable-testing -suppress-warnings -index-store-path /tmp/TasteBuddyHomeQuestionsQA/Index.noindex/DataStore -Xcc -D_LIBCPP_HARDENING_MODE\=_LIBCPP_HARDENING_MODE_DEBUG -swift-version 5 -I /tmp/TasteBuddyHomeQuestionsQA/Build/Products/Debug-iphonesimulator -Isystem /Applications/Xcode.app/Contents/Developer/Platforms/iPhoneSimulator.platform/Developer/usr/lib -F /tmp/TasteBuddyHomeQuestionsQA/Build/Products/Debug-iphonesimulator/PackageFrameworks -F /tmp/TasteBuddyHomeQuestionsQA/Build/Products/Debug-iphonesimulator -F /Applications/Xcode.app/Contents/Developer/Platforms/iPhoneSimulator.platform/Developer/Library/Frameworks -F /Applications/Xcode.app/Contents/Developer/Platforms/iPhoneSimulator.platform/Developer/SDKs/iPhoneSimulator26.5.sdk/Developer/Library/Frameworks -parse-as-library -c -j12 -enable-batch-mode -incremental -Xcc -ivfsstatcache -Xcc /tmp/TasteBuddyHomeQuestionsQA/SDKStatCaches.noindex/iphonesimulator26.5-23F81a-6cfe768891a92b912361537c460fe42b.sdkstatcache -output-file-map /tmp/TasteBuddyHomeQuestionsQA/Build/Intermediates.noindex/ProgressiveBlurHeader.build/Debug-iphonesimulator/ProgressiveBlurHeader.build/Objects-normal/x86_64/ProgressiveBlurHeader-OutputFileMap.json -use-frontend-parseable-output -save-temps -no-color-diagnostics -explicit-module-build -module-cache-path /tmp/TasteBuddyHomeQuestionsQA/Build/Intermediates.noindex/SwiftExplicitPrecompiledModules -clang-scanner-module-cache-path /tmp/TasteBuddyHomeQuestionsQA/ModuleCache.noindex -sdk-module-cache-path /tmp/TasteBuddyHomeQuestionsQA/ModuleCache.noindex -serialize-diagnostics -emit-dependencies -emit-module -emit-module-path /tmp/TasteBuddyHomeQuestionsQA/Build/Intermediates.noindex/ProgressiveBlurHeader.build/Debug-iphonesimulator/ProgressiveBlurHeader.build/Objects-normal/x86_64/ProgressiveBlurHeader.swiftmodule -validate-clang-modules-once -clang-build-session-file /tmp/TasteBuddyHomeQuestionsQA/ModuleCache.noindex/Session.modulevalidation -package-name progressiveblurheader -Xcc -I/tmp/TasteBuddyHomeQuestionsQA/Build/Intermediates.noindex/ProgressiveBlurHeader.build/Debug-iphonesimulator/ProgressiveBlurHeader.build/swift-overrides.hmap -emit-const-values -Xfrontend -const-gather-protocols-file -Xfrontend /tmp/TasteBuddyHomeQuestionsQA/Build/Intermediates.noindex/ProgressiveBlurHeader.build/Debug-iphonesimulator/ProgressiveBlurHeader.build/Objects-normal/x86_64/ProgressiveBlurHeader_const_extract_protocols.json -Xcc -I/tmp/TasteBuddyHomeQuestionsQA/Build/Products/Debug-iphonesimulator/include -Xcc -I/tmp/TasteBuddyHomeQuestionsQA/Build/Intermediates.noindex/ProgressiveBlurHeader.build/Debug-iphonesimulator/ProgressiveBlurHeader.build/DerivedSources-normal/x86_64 -Xcc -I/tmp/TasteBuddyHomeQuestionsQA/Build/Intermediates.noindex/ProgressiveBlurHeader.build/Debug-iphonesimulator/ProgressiveBlurHeader.build/DerivedSources/x86_64 -Xcc -I/tmp/TasteBuddyHomeQuestionsQA/Build/Intermediates.noindex/ProgressiveBlurHeader.build/Debug-iphonesimulator/ProgressiveBlurHeader.build/DerivedSources -Xcc -DSWIFT_PACKAGE -Xcc -DDEBUG\=1 -emit-objc-header -emit-objc-header-path /tmp/TasteBuddyHomeQuestionsQA/Build/Intermediates.noindex/ProgressiveBlurHeader.build/Debug-iphonesimulator/ProgressiveBlurHeader.build/Objects-normal/x86_64/ProgressiveBlurHeader-Swift.h -working-directory /Users/sinjunho/Desktop/Taste\ Buddy/ios/TasteBuddy.xcodeproj -experimental-emit-module-separately -disable-cmo

SwiftDriver\ Compilation\ Requirements Crypto normal x86_64 com.apple.xcode.tools.swift.compiler (in target 'Crypto' from project 'swift-crypto')
    cd /Users/sinjunho/Desktop/Taste\ Buddy/ios/TasteBuddy.xcodeproj
    builtin-Swift-Compilation-Requirements -- /Applications/Xcode.app/Contents/Developer/Toolchains/XcodeDefault.xctoolchain/usr/bin/swiftc -module-name Crypto -Onone @/tmp/TasteBuddyHomeQuestionsQA/Build/Intermediates.noindex/swift-crypto.build/Debug-iphonesimulator/Crypto.build/Objects-normal/x86_64/Crypto.SwiftFileList -DSWIFT_PACKAGE -DDEBUG -DSWIFT_MODULE_RESOURCE_BUNDLE_AVAILABLE -DCRYPTO_IN_SWIFTPM -DXcode -enable-upcoming-feature MemberImportVisibility -j4 -plugin-path /Applications/Xcode.app/Contents/Developer/Toolchains/XcodeDefault.xctoolchain/usr/lib/swift/host/plugins/testing -enable-experimental-feature DebugDescriptionMacro -sdk /Applications/Xcode.app/Contents/Developer/Platforms/iPhoneSimulator.platform/Developer/SDKs/iPhoneSimulator26.5.sdk -target x86_64-apple-ios12.0-simulator -g -module-cache-path /tmp/TasteBuddyHomeQuestionsQA/ModuleCache.noindex -Xfrontend -serialize-debugging-options -enable-testing -suppress-warnings -index-store-path /tmp/TasteBuddyHomeQuestionsQA/Index.noindex/DataStore -Xcc -D_LIBCPP_HARDENING_MODE\=_LIBCPP_HARDENING_MODE_DEBUG -swift-version 6 -I /tmp/TasteBuddyHomeQuestionsQA/Build/Products/Debug-iphonesimulator -Isystem /Applications/Xcode.app/Contents/Developer/Platforms/iPhoneSimulator.platform/Developer/usr/lib -F /tmp/TasteBuddyHomeQuestionsQA/Build/Products/Debug-iphonesimulator -F /Applications/Xcode.app/Contents/Developer/Platforms/iPhoneSimulator.platform/Developer/Library/Frameworks -F /Applications/Xcode.app/Contents/Developer/Platforms/iPhoneSimulator.platform/Developer/SDKs/iPhoneSimulator26.5.sdk/Developer/Library/Frameworks -c -j12 -enable-batch-mode -incremental -Xcc -ivfsstatcache -Xcc /tmp/TasteBuddyHomeQuestionsQA/SDKStatCaches.noindex/iphonesimulator26.5-23F81a-6cfe768891a92b912361537c460fe42b.sdkstatcache -output-file-map /tmp/TasteBuddyHomeQuestionsQA/Build/Intermediates.noindex/swift-crypto.build/Debug-iphonesimulator/Crypto.build/Objects-normal/x86_64/Crypto-OutputFileMap.json -use-frontend-parseable-output -save-temps -no-color-diagnostics -explicit-module-build -module-cache-path /tmp/TasteBuddyHomeQuestionsQA/Build/Intermediates.noindex/SwiftExplicitPrecompiledModules -clang-scanner-module-cache-path /tmp/TasteBuddyHomeQuestionsQA/ModuleCache.noindex -sdk-module-cache-path /tmp/TasteBuddyHomeQuestionsQA/ModuleCache.noindex -serialize-diagnostics -emit-dependencies -emit-module -emit-module-path /tmp/TasteBuddyHomeQuestionsQA/Build/Intermediates.noindex/swift-crypto.build/Debug-iphonesimulator/Crypto.build/Objects-normal/x86_64/Crypto.swiftmodule -user-module-version 4.5.0 -validate-clang-modules-once -clang-build-session-file /tmp/TasteBuddyHomeQuestionsQA/ModuleCache.noindex/Session.modulevalidation -package-name swift_crypto -Xcc -I/tmp/TasteBuddyHomeQuestionsQA/Build/Intermediates.noindex/swift-crypto.build/Debug-iphonesimulator/Crypto.build/swift-overrides.hmap -emit-const-values -Xfrontend -const-gather-protocols-file -Xfrontend /tmp/TasteBuddyHomeQuestionsQA/Build/Intermediates.noindex/swift-crypto.build/Debug-iphonesimulator/Crypto.build/Objects-normal/x86_64/Crypto_const_extract_protocols.json -Xcc -I/tmp/TasteBuddyHomeQuestionsQA/Build/Products/Debug-iphonesimulator/include -Xcc -I/tmp/TasteBuddyHomeQuestionsQA/Build/Intermediates.noindex/swift-crypto.build/Debug-iphonesimulator/Crypto.build/DerivedSources-normal/x86_64 -Xcc -I/tmp/TasteBuddyHomeQuestionsQA/Build/Intermediates.noindex/swift-crypto.build/Debug-iphonesimulator/Crypto.build/DerivedSources/x86_64 -Xcc -I/tmp/TasteBuddyHomeQuestionsQA/Build/Intermediates.noindex/swift-crypto.build/Debug-iphonesimulator/Crypto.build/DerivedSources -Xcc -DSWIFT_PACKAGE -Xcc -DDEBUG\=1 -emit-objc-header -emit-objc-header-path /tmp/TasteBuddyHomeQuestionsQA/Build/Intermediates.noindex/swift-crypto.build/Debug-iphonesimulator/Crypto.build/Objects-normal/x86_64/Crypto-Swift.h -working-directory /Users/sinjunho/Desktop/Taste\ Buddy/ios/TasteBuddy.xcodeproj -experimental-emit-module-separately -disable-cmo

SwiftDriver\ Compilation Crypto normal x86_64 com.apple.xcode.tools.swift.compiler (in target 'Crypto' from project 'swift-crypto')
    cd /Users/sinjunho/Desktop/Taste\ Buddy/ios/TasteBuddy.xcodeproj
    builtin-Swift-Compilation -- /Applications/Xcode.app/Contents/Developer/Toolchains/XcodeDefault.xctoolchain/usr/bin/swiftc -module-name Crypto -Onone @/tmp/TasteBuddyHomeQuestionsQA/Build/Intermediates.noindex/swift-crypto.build/Debug-iphonesimulator/Crypto.build/Objects-normal/x86_64/Crypto.SwiftFileList -DSWIFT_PACKAGE -DDEBUG -DSWIFT_MODULE_RESOURCE_BUNDLE_AVAILABLE -DCRYPTO_IN_SWIFTPM -DXcode -enable-upcoming-feature MemberImportVisibility -j4 -plugin-path /Applications/Xcode.app/Contents/Developer/Toolchains/XcodeDefault.xctoolchain/usr/lib/swift/host/plugins/testing -enable-experimental-feature DebugDescriptionMacro -sdk /Applications/Xcode.app/Contents/Developer/Platforms/iPhoneSimulator.platform/Developer/SDKs/iPhoneSimulator26.5.sdk -target x86_64-apple-ios12.0-simulator -g -module-cache-path /tmp/TasteBuddyHomeQuestionsQA/ModuleCache.noindex -Xfrontend -serialize-debugging-options -enable-testing -suppress-warnings -index-store-path /tmp/TasteBuddyHomeQuestionsQA/Index.noindex/DataStore -Xcc -D_LIBCPP_HARDENING_MODE\=_LIBCPP_HARDENING_MODE_DEBUG -swift-version 6 -I /tmp/TasteBuddyHomeQuestionsQA/Build/Products/Debug-iphonesimulator -Isystem /Applications/Xcode.app/Contents/Developer/Platforms/iPhoneSimulator.platform/Developer/usr/lib -F /tmp/TasteBuddyHomeQuestionsQA/Build/Products/Debug-iphonesimulator -F /Applications/Xcode.app/Contents/Developer/Platforms/iPhoneSimulator.platform/Developer/Library/Frameworks -F /Applications/Xcode.app/Contents/Developer/Platforms/iPhoneSimulator.platform/Developer/SDKs/iPhoneSimulator26.5.sdk/Developer/Library/Frameworks -c -j12 -enable-batch-mode -incremental -Xcc -ivfsstatcache -Xcc /tmp/TasteBuddyHomeQuestionsQA/SDKStatCaches.noindex/iphonesimulator26.5-23F81a-6cfe768891a92b912361537c460fe42b.sdkstatcache -output-file-map /tmp/TasteBuddyHomeQuestionsQA/Build/Intermediates.noindex/swift-crypto.build/Debug-iphonesimulator/Crypto.build/Objects-normal/x86_64/Crypto-OutputFileMap.json -use-frontend-parseable-output -save-temps -no-color-diagnostics -explicit-module-build -module-cache-path /tmp/TasteBuddyHomeQuestionsQA/Build/Intermediates.noindex/SwiftExplicitPrecompiledModules -clang-scanner-module-cache-path /tmp/TasteBuddyHomeQuestionsQA/ModuleCache.noindex -sdk-module-cache-path /tmp/TasteBuddyHomeQuestionsQA/ModuleCache.noindex -serialize-diagnostics -emit-dependencies -emit-module -emit-module-path /tmp/TasteBuddyHomeQuestionsQA/Build/Intermediates.noindex/swift-crypto.build/Debug-iphonesimulator/Crypto.build/Objects-normal/x86_64/Crypto.swiftmodule -user-module-version 4.5.0 -validate-clang-modules-once -clang-build-session-file /tmp/TasteBuddyHomeQuestionsQA/ModuleCache.noindex/Session.modulevalidation -package-name swift_crypto -Xcc -I/tmp/TasteBuddyHomeQuestionsQA/Build/Intermediates.noindex/swift-crypto.build/Debug-iphonesimulator/Crypto.build/swift-overrides.hmap -emit-const-values -Xfrontend -const-gather-protocols-file -Xfrontend /tmp/TasteBuddyHomeQuestionsQA/Build/Intermediates.noindex/swift-crypto.build/Debug-iphonesimulator/Crypto.build/Objects-normal/x86_64/Crypto_const_extract_protocols.json -Xcc -I/tmp/TasteBuddyHomeQuestionsQA/Build/Products/Debug-iphonesimulator/include -Xcc -I/tmp/TasteBuddyHomeQuestionsQA/Build/Intermediates.noindex/swift-crypto.build/Debug-iphonesimulator/Crypto.build/DerivedSources-normal/x86_64 -Xcc -I/tmp/TasteBuddyHomeQuestionsQA/Build/Intermediates.noindex/swift-crypto.build/Debug-iphonesimulator/Crypto.build/DerivedSources/x86_64 -Xcc -I/tmp/TasteBuddyHomeQuestionsQA/Build/Intermediates.noindex/swift-crypto.build/Debug-iphonesimulator/Crypto.build/DerivedSources -Xcc -DSWIFT_PACKAGE -Xcc -DDEBUG\=1 -emit-objc-header -emit-objc-header-path /tmp/TasteBuddyHomeQuestionsQA/Build/Intermediates.noindex/swift-crypto.build/Debug-iphonesimulator/Crypto.build/Objects-normal/x86_64/Crypto-Swift.h -working-directory /Users/sinjunho/Desktop/Taste\ Buddy/ios/TasteBuddy.xcodeproj -experimental-emit-module-separately -disable-cmo

SwiftDriver\ Compilation\ Requirements IssueReporting normal x86_64 com.apple.xcode.tools.swift.compiler (in target 'IssueReporting' from project 'xctest-dynamic-overlay')
    cd /Users/sinjunho/Desktop/Taste\ Buddy/ios/TasteBuddy.xcodeproj
    builtin-Swift-Compilation-Requirements -- /Applications/Xcode.app/Contents/Developer/Toolchains/XcodeDefault.xctoolchain/usr/bin/swiftc -module-name IssueReporting -Onone @/tmp/TasteBuddyHomeQuestionsQA/Build/Intermediates.noindex/xctest-dynamic-overlay.build/Debug-iphonesimulator/IssueReporting.build/Objects-normal/x86_64/IssueReporting.SwiftFileList -DSWIFT_PACKAGE -DDEBUG -DSWIFT_MODULE_RESOURCE_BUNDLE_UNAVAILABLE -DXcode -j4 -plugin-path /Applications/Xcode.app/Contents/Developer/Toolchains/XcodeDefault.xctoolchain/usr/lib/swift/host/plugins/testing -enable-experimental-feature DebugDescriptionMacro -sdk /Applications/Xcode.app/Contents/Developer/Platforms/iPhoneSimulator.platform/Developer/SDKs/iPhoneSimulator26.5.sdk -target x86_64-apple-ios13.0-simulator -g -module-cache-path /tmp/TasteBuddyHomeQuestionsQA/ModuleCache.noindex -Xfrontend -serialize-debugging-options -enable-testing -suppress-warnings -index-store-path /tmp/TasteBuddyHomeQuestionsQA/Index.noindex/DataStore -Xcc -D_LIBCPP_HARDENING_MODE\=_LIBCPP_HARDENING_MODE_DEBUG -swift-version 6 -I /tmp/TasteBuddyHomeQuestionsQA/Build/Products/Debug-iphonesimulator -Isystem /Applications/Xcode.app/Contents/Developer/Platforms/iPhoneSimulator.platform/Developer/usr/lib -F /tmp/TasteBuddyHomeQuestionsQA/Build/Products/Debug-iphonesimulator/PackageFrameworks -F /tmp/TasteBuddyHomeQuestionsQA/Build/Products/Debug-iphonesimulator -F /Applications/Xcode.app/Contents/Developer/Platforms/iPhoneSimulator.platform/Developer/Library/Frameworks -F /Applications/Xcode.app/Contents/Developer/Platforms/iPhoneSimulator.platform/Developer/SDKs/iPhoneSimulator26.5.sdk/Developer/Library/Frameworks -c -j12 -enable-batch-mode -incremental -Xcc -ivfsstatcache -Xcc /tmp/TasteBuddyHomeQuestionsQA/SDKStatCaches.noindex/iphonesimulator26.5-23F81a-6cfe768891a92b912361537c460fe42b.sdkstatcache -output-file-map /tmp/TasteBuddyHomeQuestionsQA/Build/Intermediates.noindex/xctest-dynamic-overlay.build/Debug-iphonesimulator/IssueReporting.build/Objects-normal/x86_64/IssueReporting-OutputFileMap.json -use-frontend-parseable-output -save-temps -no-color-diagnostics -explicit-module-build -module-cache-path /tmp/TasteBuddyHomeQuestionsQA/Build/Intermediates.noindex/SwiftExplicitPrecompiledModules -clang-scanner-module-cache-path /tmp/TasteBuddyHomeQuestionsQA/ModuleCache.noindex -sdk-module-cache-path /tmp/TasteBuddyHomeQuestionsQA/ModuleCache.noindex -serialize-diagnostics -emit-dependencies -emit-module -emit-module-path /tmp/TasteBuddyHomeQuestionsQA/Build/Intermediates.noindex/xctest-dynamic-overlay.build/Debug-iphonesimulator/IssueReporting.build/Objects-normal/x86_64/IssueReporting.swiftmodule -user-module-version 1.9.0 -validate-clang-modules-once -clang-build-session-file /tmp/TasteBuddyHomeQuestionsQA/ModuleCache.noindex/Session.modulevalidation -package-name xctest_dynamic_overlay -Xcc -I/tmp/TasteBuddyHomeQuestionsQA/Build/Intermediates.noindex/xctest-dynamic-overlay.build/Debug-iphonesimulator/IssueReporting.build/swift-overrides.hmap -emit-const-values -Xfrontend -const-gather-protocols-file -Xfrontend /tmp/TasteBuddyHomeQuestionsQA/Build/Intermediates.noindex/xctest-dynamic-overlay.build/Debug-iphonesimulator/IssueReporting.build/Objects-normal/x86_64/IssueReporting_const_extract_protocols.json -Xcc -I/tmp/TasteBuddyHomeQuestionsQA/Build/Products/Debug-iphonesimulator/include -Xcc -I/tmp/TasteBuddyHomeQuestionsQA/Build/Intermediates.noindex/xctest-dynamic-overlay.build/Debug-iphonesimulator/IssueReporting.build/DerivedSources-normal/x86_64 -Xcc -I/tmp/TasteBuddyHomeQuestionsQA/Build/Intermediates.noindex/xctest-dynamic-overlay.build/Debug-iphonesimulator/IssueReporting.build/DerivedSources/x86_64 -Xcc -I/tmp/TasteBuddyHomeQuestionsQA/Build/Intermediates.noindex/xctest-dynamic-overlay.build/Debug-iphonesimulator/IssueReporting.build/DerivedSources -Xcc -DSWIFT_PACKAGE -Xcc -DDEBUG\=1 -emit-objc-header -emit-objc-header-path /tmp/TasteBuddyHomeQuestionsQA/Build/Intermediates.noindex/xctest-dynamic-overlay.build/Debug-iphonesimulator/IssueReporting.build/Objects-normal/x86_64/IssueReporting-Swift.h -working-directory /Users/sinjunho/Desktop/Taste\ Buddy/ios/TasteBuddy.xcodeproj -experimental-emit-module-separately -disable-cmo

SwiftDriver\ Compilation IssueReporting normal x86_64 com.apple.xcode.tools.swift.compiler (in target 'IssueReporting' from project 'xctest-dynamic-overlay')
    cd /Users/sinjunho/Desktop/Taste\ Buddy/ios/TasteBuddy.xcodeproj
    builtin-Swift-Compilation -- /Applications/Xcode.app/Contents/Developer/Toolchains/XcodeDefault.xctoolchain/usr/bin/swiftc -module-name IssueReporting -Onone @/tmp/TasteBuddyHomeQuestionsQA/Build/Intermediates.noindex/xctest-dynamic-overlay.build/Debug-iphonesimulator/IssueReporting.build/Objects-normal/x86_64/IssueReporting.SwiftFileList -DSWIFT_PACKAGE -DDEBUG -DSWIFT_MODULE_RESOURCE_BUNDLE_UNAVAILABLE -DXcode -j4 -plugin-path /Applications/Xcode.app/Contents/Developer/Toolchains/XcodeDefault.xctoolchain/usr/lib/swift/host/plugins/testing -enable-experimental-feature DebugDescriptionMacro -sdk /Applications/Xcode.app/Contents/Developer/Platforms/iPhoneSimulator.platform/Developer/SDKs/iPhoneSimulator26.5.sdk -target x86_64-apple-ios13.0-simulator -g -module-cache-path /tmp/TasteBuddyHomeQuestionsQA/ModuleCache.noindex -Xfrontend -serialize-debugging-options -enable-testing -suppress-warnings -index-store-path /tmp/TasteBuddyHomeQuestionsQA/Index.noindex/DataStore -Xcc -D_LIBCPP_HARDENING_MODE\=_LIBCPP_HARDENING_MODE_DEBUG -swift-version 6 -I /tmp/TasteBuddyHomeQuestionsQA/Build/Products/Debug-iphonesimulator -Isystem /Applications/Xcode.app/Contents/Developer/Platforms/iPhoneSimulator.platform/Developer/usr/lib -F /tmp/TasteBuddyHomeQuestionsQA/Build/Products/Debug-iphonesimulator/PackageFrameworks -F /tmp/TasteBuddyHomeQuestionsQA/Build/Products/Debug-iphonesimulator -F /Applications/Xcode.app/Contents/Developer/Platforms/iPhoneSimulator.platform/Developer/Library/Frameworks -F /Applications/Xcode.app/Contents/Developer/Platforms/iPhoneSimulator.platform/Developer/SDKs/iPhoneSimulator26.5.sdk/Developer/Library/Frameworks -c -j12 -enable-batch-mode -incremental -Xcc -ivfsstatcache -Xcc /tmp/TasteBuddyHomeQuestionsQA/SDKStatCaches.noindex/iphonesimulator26.5-23F81a-6cfe768891a92b912361537c460fe42b.sdkstatcache -output-file-map /tmp/TasteBuddyHomeQuestionsQA/Build/Intermediates.noindex/xctest-dynamic-overlay.build/Debug-iphonesimulator/IssueReporting.build/Objects-normal/x86_64/IssueReporting-OutputFileMap.json -use-frontend-parseable-output -save-temps -no-color-diagnostics -explicit-module-build -module-cache-path /tmp/TasteBuddyHomeQuestionsQA/Build/Intermediates.noindex/SwiftExplicitPrecompiledModules -clang-scanner-module-cache-path /tmp/TasteBuddyHomeQuestionsQA/ModuleCache.noindex -sdk-module-cache-path /tmp/TasteBuddyHomeQuestionsQA/ModuleCache.noindex -serialize-diagnostics -emit-dependencies -emit-module -emit-module-path /tmp/TasteBuddyHomeQuestionsQA/Build/Intermediates.noindex/xctest-dynamic-overlay.build/Debug-iphonesimulator/IssueReporting.build/Objects-normal/x86_64/IssueReporting.swiftmodule -user-module-version 1.9.0 -validate-clang-modules-once -clang-build-session-file /tmp/TasteBuddyHomeQuestionsQA/ModuleCache.noindex/Session.modulevalidation -package-name xctest_dynamic_overlay -Xcc -I/tmp/TasteBuddyHomeQuestionsQA/Build/Intermediates.noindex/xctest-dynamic-overlay.build/Debug-iphonesimulator/IssueReporting.build/swift-overrides.hmap -emit-const-values -Xfrontend -const-gather-protocols-file -Xfrontend /tmp/TasteBuddyHomeQuestionsQA/Build/Intermediates.noindex/xctest-dynamic-overlay.build/Debug-iphonesimulator/IssueReporting.build/Objects-normal/x86_64/IssueReporting_const_extract_protocols.json -Xcc -I/tmp/TasteBuddyHomeQuestionsQA/Build/Products/Debug-iphonesimulator/include -Xcc -I/tmp/TasteBuddyHomeQuestionsQA/Build/Intermediates.noindex/xctest-dynamic-overlay.build/Debug-iphonesimulator/IssueReporting.build/DerivedSources-normal/x86_64 -Xcc -I/tmp/TasteBuddyHomeQuestionsQA/Build/Intermediates.noindex/xctest-dynamic-overlay.build/Debug-iphonesimulator/IssueReporting.build/DerivedSources/x86_64 -Xcc -I/tmp/TasteBuddyHomeQuestionsQA/Build/Intermediates.noindex/xctest-dynamic-overlay.build/Debug-iphonesimulator/IssueReporting.build/DerivedSources -Xcc -DSWIFT_PACKAGE -Xcc -DDEBUG\=1 -emit-objc-header -emit-objc-header-path /tmp/TasteBuddyHomeQuestionsQA/Build/Intermediates.noindex/xctest-dynamic-overlay.build/Debug-iphonesimulator/IssueReporting.build/Objects-normal/x86_64/IssueReporting-Swift.h -working-directory /Users/sinjunho/Desktop/Taste\ Buddy/ios/TasteBuddy.xcodeproj -experimental-emit-module-separately -disable-cmo

SwiftDriver XCTestDynamicOverlay normal x86_64 com.apple.xcode.tools.swift.compiler (in target 'XCTestDynamicOverlay' from project 'xctest-dynamic-overlay')
    cd /Users/sinjunho/Desktop/Taste\ Buddy/ios/TasteBuddy.xcodeproj
    builtin-SwiftDriver -- /Applications/Xcode.app/Contents/Developer/Toolchains/XcodeDefault.xctoolchain/usr/bin/swiftc -module-name XCTestDynamicOverlay -Onone @/tmp/TasteBuddyHomeQuestionsQA/Build/Intermediates.noindex/xctest-dynamic-overlay.build/Debug-iphonesimulator/XCTestDynamicOverlay.build/Objects-normal/x86_64/XCTestDynamicOverlay.SwiftFileList -DSWIFT_PACKAGE -DDEBUG -DSWIFT_MODULE_RESOURCE_BUNDLE_UNAVAILABLE -DXcode -j4 -plugin-path /Applications/Xcode.app/Contents/Developer/Toolchains/XcodeDefault.xctoolchain/usr/lib/swift/host/plugins/testing -enable-experimental-feature DebugDescriptionMacro -sdk /Applications/Xcode.app/Contents/Developer/Platforms/iPhoneSimulator.platform/Developer/SDKs/iPhoneSimulator26.5.sdk -target x86_64-apple-ios13.0-simulator -g -module-cache-path /tmp/TasteBuddyHomeQuestionsQA/ModuleCache.noindex -Xfrontend -serialize-debugging-options -enable-testing -suppress-warnings -index-store-path /tmp/TasteBuddyHomeQuestionsQA/Index.noindex/DataStore -Xcc -D_LIBCPP_HARDENING_MODE\=_LIBCPP_HARDENING_MODE_DEBUG -swift-version 6 -I /tmp/TasteBuddyHomeQuestionsQA/Build/Products/Debug-iphonesimulator -Isystem /Applications/Xcode.app/Contents/Developer/Platforms/iPhoneSimulator.platform/Developer/usr/lib -F /tmp/TasteBuddyHomeQuestionsQA/Build/Products/Debug-iphonesimulator/PackageFrameworks -F /tmp/TasteBuddyHomeQuestionsQA/Build/Products/Debug-iphonesimulator/PackageFrameworks -F /tmp/TasteBuddyHomeQuestionsQA/Build/Products/Debug-iphonesimulator -F /Applications/Xcode.app/Contents/Developer/Platforms/iPhoneSimulator.platform/Developer/Library/Frameworks -F /Applications/Xcode.app/Contents/Developer/Platforms/iPhoneSimulator.platform/Developer/SDKs/iPhoneSimulator26.5.sdk/Developer/Library/Frameworks -c -j12 -enable-batch-mode -incremental -Xcc -ivfsstatcache -Xcc /tmp/TasteBuddyHomeQuestionsQA/SDKStatCaches.noindex/iphonesimulator26.5-23F81a-6cfe768891a92b912361537c460fe42b.sdkstatcache -output-file-map /tmp/TasteBuddyHomeQuestionsQA/Build/Intermediates.noindex/xctest-dynamic-overlay.build/Debug-iphonesimulator/XCTestDynamicOverlay.build/Objects-normal/x86_64/XCTestDynamicOverlay-OutputFileMap.json -use-frontend-parseable-output -save-temps -no-color-diagnostics -explicit-module-build -module-cache-path /tmp/TasteBuddyHomeQuestionsQA/Build/Intermediates.noindex/SwiftExplicitPrecompiledModules -clang-scanner-module-cache-path /tmp/TasteBuddyHomeQuestionsQA/ModuleCache.noindex -sdk-module-cache-path /tmp/TasteBuddyHomeQuestionsQA/ModuleCache.noindex -serialize-diagnostics -emit-dependencies -emit-module -emit-module-path /tmp/TasteBuddyHomeQuestionsQA/Build/Intermediates.noindex/xctest-dynamic-overlay.build/Debug-iphonesimulator/XCTestDynamicOverlay.build/Objects-normal/x86_64/XCTestDynamicOverlay.swiftmodule -user-module-version 1.9.0 -validate-clang-modules-once -clang-build-session-file /tmp/TasteBuddyHomeQuestionsQA/ModuleCache.noindex/Session.modulevalidation -package-name xctest_dynamic_overlay -Xcc -I/tmp/TasteBuddyHomeQuestionsQA/Build/Intermediates.noindex/xctest-dynamic-overlay.build/Debug-iphonesimulator/XCTestDynamicOverlay.build/swift-overrides.hmap -emit-const-values -Xfrontend -const-gather-protocols-file -Xfrontend /tmp/TasteBuddyHomeQuestionsQA/Build/Intermediates.noindex/xctest-dynamic-overlay.build/Debug-iphonesimulator/XCTestDynamicOverlay.build/Objects-normal/x86_64/XCTestDynamicOverlay_const_extract_protocols.json -Xcc -I/tmp/TasteBuddyHomeQuestionsQA/Build/Products/Debug-iphonesimulator/include -Xcc -I/tmp/TasteBuddyHomeQuestionsQA/Build/Intermediates.noindex/xctest-dynamic-overlay.build/Debug-iphonesimulator/XCTestDynamicOverlay.build/DerivedSources-normal/x86_64 -Xcc -I/tmp/TasteBuddyHomeQuestionsQA/Build/Intermediates.noindex/xctest-dynamic-overlay.build/Debug-iphonesimulator/XCTestDynamicOverlay.build/DerivedSources/x86_64 -Xcc -I/tmp/TasteBuddyHomeQuestionsQA/Build/Intermediates.noindex/xctest-dynamic-overlay.build/Debug-iphonesimulator/XCTestDynamicOverlay.build/DerivedSources -Xcc -DSWIFT_PACKAGE -Xcc -DDEBUG\=1 -emit-objc-header -emit-objc-header-path /tmp/TasteBuddyHomeQuestionsQA/Build/Intermediates.noindex/xctest-dynamic-overlay.build/Debug-iphonesimulator/XCTestDynamicOverlay.build/Objects-normal/x86_64/XCTestDynamicOverlay-Swift.h -working-directory /Users/sinjunho/Desktop/Taste\ Buddy/ios/TasteBuddy.xcodeproj -experimental-emit-module-separately -disable-cmo

SwiftDriver Clocks normal x86_64 com.apple.xcode.tools.swift.compiler (in target 'Clocks' from project 'swift-clocks')
    cd /Users/sinjunho/Desktop/Taste\ Buddy/ios/TasteBuddy.xcodeproj
    builtin-SwiftDriver -- /Applications/Xcode.app/Contents/Developer/Toolchains/XcodeDefault.xctoolchain/usr/bin/swiftc -module-name Clocks -Onone @/tmp/TasteBuddyHomeQuestionsQA/Build/Intermediates.noindex/swift-clocks.build/Debug-iphonesimulator/Clocks.build/Objects-normal/x86_64/Clocks.SwiftFileList -DSWIFT_PACKAGE -DDEBUG -DSWIFT_MODULE_RESOURCE_BUNDLE_UNAVAILABLE -DXcode -j4 -plugin-path /Applications/Xcode.app/Contents/Developer/Toolchains/XcodeDefault.xctoolchain/usr/lib/swift/host/plugins/testing -enable-experimental-feature DebugDescriptionMacro -sdk /Applications/Xcode.app/Contents/Developer/Platforms/iPhoneSimulator.platform/Developer/SDKs/iPhoneSimulator26.5.sdk -target x86_64-apple-ios13.0-simulator -g -module-cache-path /tmp/TasteBuddyHomeQuestionsQA/ModuleCache.noindex -Xfrontend -serialize-debugging-options -enable-testing -suppress-warnings -index-store-path /tmp/TasteBuddyHomeQuestionsQA/Index.noindex/DataStore -Xcc -D_LIBCPP_HARDENING_MODE\=_LIBCPP_HARDENING_MODE_DEBUG -swift-version 6 -I /tmp/TasteBuddyHomeQuestionsQA/Build/Products/Debug-iphonesimulator -Isystem /Applications/Xcode.app/Contents/Developer/Platforms/iPhoneSimulator.platform/Developer/usr/lib -F /tmp/TasteBuddyHomeQuestionsQA/Build/Products/Debug-iphonesimulator/PackageFrameworks -F /tmp/TasteBuddyHomeQuestionsQA/Build/Products/Debug-iphonesimulator/PackageFrameworks -F /tmp/TasteBuddyHomeQuestionsQA/Build/Products/Debug-iphonesimulator/PackageFrameworks -F /tmp/TasteBuddyHomeQuestionsQA/Build/Products/Debug-iphonesimulator -F /Applications/Xcode.app/Contents/Developer/Platforms/iPhoneSimulator.platform/Developer/Library/Frameworks -F /Applications/Xcode.app/Contents/Developer/Platforms/iPhoneSimulator.platform/Developer/SDKs/iPhoneSimulator26.5.sdk/Developer/Library/Frameworks -c -j12 -enable-batch-mode -incremental -Xcc -ivfsstatcache -Xcc /tmp/TasteBuddyHomeQuestionsQA/SDKStatCaches.noindex/iphonesimulator26.5-23F81a-6cfe768891a92b912361537c460fe42b.sdkstatcache -output-file-map /tmp/TasteBuddyHomeQuestionsQA/Build/Intermediates.noindex/swift-clocks.build/Debug-iphonesimulator/Clocks.build/Objects-normal/x86_64/Clocks-OutputFileMap.json -use-frontend-parseable-output -save-temps -no-color-diagnostics -explicit-module-build -module-cache-path /tmp/TasteBuddyHomeQuestionsQA/Build/Intermediates.noindex/SwiftExplicitPrecompiledModules -clang-scanner-module-cache-path /tmp/TasteBuddyHomeQuestionsQA/ModuleCache.noindex -sdk-module-cache-path /tmp/TasteBuddyHomeQuestionsQA/ModuleCache.noindex -serialize-diagnostics -emit-dependencies -emit-module -emit-module-path /tmp/TasteBuddyHomeQuestionsQA/Build/Intermediates.noindex/swift-clocks.build/Debug-iphonesimulator/Clocks.build/Objects-normal/x86_64/Clocks.swiftmodule -user-module-version 1.0.6 -validate-clang-modules-once -clang-build-session-file /tmp/TasteBuddyHomeQuestionsQA/ModuleCache.noindex/Session.modulevalidation -package-name swift_clocks -Xcc -I/tmp/TasteBuddyHomeQuestionsQA/Build/Intermediates.noindex/swift-clocks.build/Debug-iphonesimulator/Clocks.build/swift-overrides.hmap -emit-const-values -Xfrontend -const-gather-protocols-file -Xfrontend /tmp/TasteBuddyHomeQuestionsQA/Build/Intermediates.noindex/swift-clocks.build/Debug-iphonesimulator/Clocks.build/Objects-normal/x86_64/Clocks_const_extract_protocols.json -Xcc -I/tmp/TasteBuddyHomeQuestionsQA/Build/Products/Debug-iphonesimulator/include -Xcc -I/tmp/TasteBuddyHomeQuestionsQA/Build/Intermediates.noindex/swift-clocks.build/Debug-iphonesimulator/Clocks.build/DerivedSources-normal/x86_64 -Xcc -I/tmp/TasteBuddyHomeQuestionsQA/Build/Intermediates.noindex/swift-clocks.build/Debug-iphonesimulator/Clocks.build/DerivedSources/x86_64 -Xcc -I/tmp/TasteBuddyHomeQuestionsQA/Build/Intermediates.noindex/swift-clocks.build/Debug-iphonesimulator/Clocks.build/DerivedSources -Xcc -DSWIFT_PACKAGE -Xcc -DDEBUG\=1 -emit-objc-header -emit-objc-header-path /tmp/TasteBuddyHomeQuestionsQA/Build/Intermediates.noindex/swift-clocks.build/Debug-iphonesimulator/Clocks.build/Objects-normal/x86_64/Clocks-Swift.h -working-directory /Users/sinjunho/Desktop/Taste\ Buddy/ios/TasteBuddy.xcodeproj -experimental-emit-module-separately -disable-cmo

SwiftDriver\ Compilation\ Requirements XCTestDynamicOverlay normal x86_64 com.apple.xcode.tools.swift.compiler (in target 'XCTestDynamicOverlay' from project 'xctest-dynamic-overlay')
    cd /Users/sinjunho/Desktop/Taste\ Buddy/ios/TasteBuddy.xcodeproj
    builtin-Swift-Compilation-Requirements -- /Applications/Xcode.app/Contents/Developer/Toolchains/XcodeDefault.xctoolchain/usr/bin/swiftc -module-name XCTestDynamicOverlay -Onone @/tmp/TasteBuddyHomeQuestionsQA/Build/Intermediates.noindex/xctest-dynamic-overlay.build/Debug-iphonesimulator/XCTestDynamicOverlay.build/Objects-normal/x86_64/XCTestDynamicOverlay.SwiftFileList -DSWIFT_PACKAGE -DDEBUG -DSWIFT_MODULE_RESOURCE_BUNDLE_UNAVAILABLE -DXcode -j4 -plugin-path /Applications/Xcode.app/Contents/Developer/Toolchains/XcodeDefault.xctoolchain/usr/lib/swift/host/plugins/testing -enable-experimental-feature DebugDescriptionMacro -sdk /Applications/Xcode.app/Contents/Developer/Platforms/iPhoneSimulator.platform/Developer/SDKs/iPhoneSimulator26.5.sdk -target x86_64-apple-ios13.0-simulator -g -module-cache-path /tmp/TasteBuddyHomeQuestionsQA/ModuleCache.noindex -Xfrontend -serialize-debugging-options -enable-testing -suppress-warnings -index-store-path /tmp/TasteBuddyHomeQuestionsQA/Index.noindex/DataStore -Xcc -D_LIBCPP_HARDENING_MODE\=_LIBCPP_HARDENING_MODE_DEBUG -swift-version 6 -I /tmp/TasteBuddyHomeQuestionsQA/Build/Products/Debug-iphonesimulator -Isystem /Applications/Xcode.app/Contents/Developer/Platforms/iPhoneSimulator.platform/Developer/usr/lib -F /tmp/TasteBuddyHomeQuestionsQA/Build/Products/Debug-iphonesimulator/PackageFrameworks -F /tmp/TasteBuddyHomeQuestionsQA/Build/Products/Debug-iphonesimulator/PackageFrameworks -F /tmp/TasteBuddyHomeQuestionsQA/Build/Products/Debug-iphonesimulator -F /Applications/Xcode.app/Contents/Developer/Platforms/iPhoneSimulator.platform/Developer/Library/Frameworks -F /Applications/Xcode.app/Contents/Developer/Platforms/iPhoneSimulator.platform/Developer/SDKs/iPhoneSimulator26.5.sdk/Developer/Library/Frameworks -c -j12 -enable-batch-mode -incremental -Xcc -ivfsstatcache -Xcc /tmp/TasteBuddyHomeQuestionsQA/SDKStatCaches.noindex/iphonesimulator26.5-23F81a-6cfe768891a92b912361537c460fe42b.sdkstatcache -output-file-map /tmp/TasteBuddyHomeQuestionsQA/Build/Intermediates.noindex/xctest-dynamic-overlay.build/Debug-iphonesimulator/XCTestDynamicOverlay.build/Objects-normal/x86_64/XCTestDynamicOverlay-OutputFileMap.json -use-frontend-parseable-output -save-temps -no-color-diagnostics -explicit-module-build -module-cache-path /tmp/TasteBuddyHomeQuestionsQA/Build/Intermediates.noindex/SwiftExplicitPrecompiledModules -clang-scanner-module-cache-path /tmp/TasteBuddyHomeQuestionsQA/ModuleCache.noindex -sdk-module-cache-path /tmp/TasteBuddyHomeQuestionsQA/ModuleCache.noindex -serialize-diagnostics -emit-dependencies -emit-module -emit-module-path /tmp/TasteBuddyHomeQuestionsQA/Build/Intermediates.noindex/xctest-dynamic-overlay.build/Debug-iphonesimulator/XCTestDynamicOverlay.build/Objects-normal/x86_64/XCTestDynamicOverlay.swiftmodule -user-module-version 1.9.0 -validate-clang-modules-once -clang-build-session-file /tmp/TasteBuddyHomeQuestionsQA/ModuleCache.noindex/Session.modulevalidation -package-name xctest_dynamic_overlay -Xcc -I/tmp/TasteBuddyHomeQuestionsQA/Build/Intermediates.noindex/xctest-dynamic-overlay.build/Debug-iphonesimulator/XCTestDynamicOverlay.build/swift-overrides.hmap -emit-const-values -Xfrontend -const-gather-protocols-file -Xfrontend /tmp/TasteBuddyHomeQuestionsQA/Build/Intermediates.noindex/xctest-dynamic-overlay.build/Debug-iphonesimulator/XCTestDynamicOverlay.build/Objects-normal/x86_64/XCTestDynamicOverlay_const_extract_protocols.json -Xcc -I/tmp/TasteBuddyHomeQuestionsQA/Build/Products/Debug-iphonesimulator/include -Xcc -I/tmp/TasteBuddyHomeQuestionsQA/Build/Intermediates.noindex/xctest-dynamic-overlay.build/Debug-iphonesimulator/XCTestDynamicOverlay.build/DerivedSources-normal/x86_64 -Xcc -I/tmp/TasteBuddyHomeQuestionsQA/Build/Intermediates.noindex/xctest-dynamic-overlay.build/Debug-iphonesimulator/XCTestDynamicOverlay.build/DerivedSources/x86_64 -Xcc -I/tmp/TasteBuddyHomeQuestionsQA/Build/Intermediates.noindex/xctest-dynamic-overlay.build/Debug-iphonesimulator/XCTestDynamicOverlay.build/DerivedSources -Xcc -DSWIFT_PACKAGE -Xcc -DDEBUG\=1 -emit-objc-header -emit-objc-header-path /tmp/TasteBuddyHomeQuestionsQA/Build/Intermediates.noindex/xctest-dynamic-overlay.build/Debug-iphonesimulator/XCTestDynamicOverlay.build/Objects-normal/x86_64/XCTestDynamicOverlay-Swift.h -working-directory /Users/sinjunho/Desktop/Taste\ Buddy/ios/TasteBuddy.xcodeproj -experimental-emit-module-separately -disable-cmo

SwiftDriver\ Compilation XCTestDynamicOverlay normal x86_64 com.apple.xcode.tools.swift.compiler (in target 'XCTestDynamicOverlay' from project 'xctest-dynamic-overlay')
    cd /Users/sinjunho/Desktop/Taste\ Buddy/ios/TasteBuddy.xcodeproj
    builtin-Swift-Compilation -- /Applications/Xcode.app/Contents/Developer/Toolchains/XcodeDefault.xctoolchain/usr/bin/swiftc -module-name XCTestDynamicOverlay -Onone @/tmp/TasteBuddyHomeQuestionsQA/Build/Intermediates.noindex/xctest-dynamic-overlay.build/Debug-iphonesimulator/XCTestDynamicOverlay.build/Objects-normal/x86_64/XCTestDynamicOverlay.SwiftFileList -DSWIFT_PACKAGE -DDEBUG -DSWIFT_MODULE_RESOURCE_BUNDLE_UNAVAILABLE -DXcode -j4 -plugin-path /Applications/Xcode.app/Contents/Developer/Toolchains/XcodeDefault.xctoolchain/usr/lib/swift/host/plugins/testing -enable-experimental-feature DebugDescriptionMacro -sdk /Applications/Xcode.app/Contents/Developer/Platforms/iPhoneSimulator.platform/Developer/SDKs/iPhoneSimulator26.5.sdk -target x86_64-apple-ios13.0-simulator -g -module-cache-path /tmp/TasteBuddyHomeQuestionsQA/ModuleCache.noindex -Xfrontend -serialize-debugging-options -enable-testing -suppress-warnings -index-store-path /tmp/TasteBuddyHomeQuestionsQA/Index.noindex/DataStore -Xcc -D_LIBCPP_HARDENING_MODE\=_LIBCPP_HARDENING_MODE_DEBUG -swift-version 6 -I /tmp/TasteBuddyHomeQuestionsQA/Build/Products/Debug-iphonesimulator -Isystem /Applications/Xcode.app/Contents/Developer/Platforms/iPhoneSimulator.platform/Developer/usr/lib -F /tmp/TasteBuddyHomeQuestionsQA/Build/Products/Debug-iphonesimulator/PackageFrameworks -F /tmp/TasteBuddyHomeQuestionsQA/Build/Products/Debug-iphonesimulator/PackageFrameworks -F /tmp/TasteBuddyHomeQuestionsQA/Build/Products/Debug-iphonesimulator -F /Applications/Xcode.app/Contents/Developer/Platforms/iPhoneSimulator.platform/Developer/Library/Frameworks -F /Applications/Xcode.app/Contents/Developer/Platforms/iPhoneSimulator.platform/Developer/SDKs/iPhoneSimulator26.5.sdk/Developer/Library/Frameworks -c -j12 -enable-batch-mode -incremental -Xcc -ivfsstatcache -Xcc /tmp/TasteBuddyHomeQuestionsQA/SDKStatCaches.noindex/iphonesimulator26.5-23F81a-6cfe768891a92b912361537c460fe42b.sdkstatcache -output-file-map /tmp/TasteBuddyHomeQuestionsQA/Build/Intermediates.noindex/xctest-dynamic-overlay.build/Debug-iphonesimulator/XCTestDynamicOverlay.build/Objects-normal/x86_64/XCTestDynamicOverlay-OutputFileMap.json -use-frontend-parseable-output -save-temps -no-color-diagnostics -explicit-module-build -module-cache-path /tmp/TasteBuddyHomeQuestionsQA/Build/Intermediates.noindex/SwiftExplicitPrecompiledModules -clang-scanner-module-cache-path /tmp/TasteBuddyHomeQuestionsQA/ModuleCache.noindex -sdk-module-cache-path /tmp/TasteBuddyHomeQuestionsQA/ModuleCache.noindex -serialize-diagnostics -emit-dependencies -emit-module -emit-module-path /tmp/TasteBuddyHomeQuestionsQA/Build/Intermediates.noindex/xctest-dynamic-overlay.build/Debug-iphonesimulator/XCTestDynamicOverlay.build/Objects-normal/x86_64/XCTestDynamicOverlay.swiftmodule -user-module-version 1.9.0 -validate-clang-modules-once -clang-build-session-file /tmp/TasteBuddyHomeQuestionsQA/ModuleCache.noindex/Session.modulevalidation -package-name xctest_dynamic_overlay -Xcc -I/tmp/TasteBuddyHomeQuestionsQA/Build/Intermediates.noindex/xctest-dynamic-overlay.build/Debug-iphonesimulator/XCTestDynamicOverlay.build/swift-overrides.hmap -emit-const-values -Xfrontend -const-gather-protocols-file -Xfrontend /tmp/TasteBuddyHomeQuestionsQA/Build/Intermediates.noindex/xctest-dynamic-overlay.build/Debug-iphonesimulator/XCTestDynamicOverlay.build/Objects-normal/x86_64/XCTestDynamicOverlay_const_extract_protocols.json -Xcc -I/tmp/TasteBuddyHomeQuestionsQA/Build/Products/Debug-iphonesimulator/include -Xcc -I/tmp/TasteBuddyHomeQuestionsQA/Build/Intermediates.noindex/xctest-dynamic-overlay.build/Debug-iphonesimulator/XCTestDynamicOverlay.build/DerivedSources-normal/x86_64 -Xcc -I/tmp/TasteBuddyHomeQuestionsQA/Build/Intermediates.noindex/xctest-dynamic-overlay.build/Debug-iphonesimulator/XCTestDynamicOverlay.build/DerivedSources/x86_64 -Xcc -I/tmp/TasteBuddyHomeQuestionsQA/Build/Intermediates.noindex/xctest-dynamic-overlay.build/Debug-iphonesimulator/XCTestDynamicOverlay.build/DerivedSources -Xcc -DSWIFT_PACKAGE -Xcc -DDEBUG\=1 -emit-objc-header -emit-objc-header-path /tmp/TasteBuddyHomeQuestionsQA/Build/Intermediates.noindex/xctest-dynamic-overlay.build/Debug-iphonesimulator/XCTestDynamicOverlay.build/Objects-normal/x86_64/XCTestDynamicOverlay-Swift.h -working-directory /Users/sinjunho/Desktop/Taste\ Buddy/ios/TasteBuddy.xcodeproj -experimental-emit-module-separately -disable-cmo

SwiftDriver\ Compilation\ Requirements ProgressiveBlurHeader normal x86_64 com.apple.xcode.tools.swift.compiler (in target 'ProgressiveBlurHeader' from project 'ProgressiveBlurHeader')
    cd /Users/sinjunho/Desktop/Taste\ Buddy/ios/TasteBuddy.xcodeproj
    builtin-Swift-Compilation-Requirements -- /Applications/Xcode.app/Contents/Developer/Toolchains/XcodeDefault.xctoolchain/usr/bin/swiftc -module-name ProgressiveBlurHeader -Onone @/tmp/TasteBuddyHomeQuestionsQA/Build/Intermediates.noindex/ProgressiveBlurHeader.build/Debug-iphonesimulator/ProgressiveBlurHeader.build/Objects-normal/x86_64/ProgressiveBlurHeader.SwiftFileList -DSWIFT_PACKAGE -DDEBUG -DSWIFT_MODULE_RESOURCE_BUNDLE_UNAVAILABLE -DXcode -j4 -plugin-path /Applications/Xcode.app/Contents/Developer/Toolchains/XcodeDefault.xctoolchain/usr/lib/swift/host/plugins/testing -enable-experimental-feature DebugDescriptionMacro -sdk /Applications/Xcode.app/Contents/Developer/Platforms/iPhoneSimulator.platform/Developer/SDKs/iPhoneSimulator26.5.sdk -target x86_64-apple-ios16.0-simulator -g -module-cache-path /tmp/TasteBuddyHomeQuestionsQA/ModuleCache.noindex -Xfrontend -serialize-debugging-options -enable-testing -suppress-warnings -index-store-path /tmp/TasteBuddyHomeQuestionsQA/Index.noindex/DataStore -Xcc -D_LIBCPP_HARDENING_MODE\=_LIBCPP_HARDENING_MODE_DEBUG -swift-version 5 -I /tmp/TasteBuddyHomeQuestionsQA/Build/Products/Debug-iphonesimulator -Isystem /Applications/Xcode.app/Contents/Developer/Platforms/iPhoneSimulator.platform/Developer/usr/lib -F /tmp/TasteBuddyHomeQuestionsQA/Build/Products/Debug-iphonesimulator/PackageFrameworks -F /tmp/TasteBuddyHomeQuestionsQA/Build/Products/Debug-iphonesimulator -F /Applications/Xcode.app/Contents/Developer/Platforms/iPhoneSimulator.platform/Developer/Library/Frameworks -F /Applications/Xcode.app/Contents/Developer/Platforms/iPhoneSimulator.platform/Developer/SDKs/iPhoneSimulator26.5.sdk/Developer/Library/Frameworks -parse-as-library -c -j12 -enable-batch-mode -incremental -Xcc -ivfsstatcache -Xcc /tmp/TasteBuddyHomeQuestionsQA/SDKStatCaches.noindex/iphonesimulator26.5-23F81a-6cfe768891a92b912361537c460fe42b.sdkstatcache -output-file-map /tmp/TasteBuddyHomeQuestionsQA/Build/Intermediates.noindex/ProgressiveBlurHeader.build/Debug-iphonesimulator/ProgressiveBlurHeader.build/Objects-normal/x86_64/ProgressiveBlurHeader-OutputFileMap.json -use-frontend-parseable-output -save-temps -no-color-diagnostics -explicit-module-build -module-cache-path /tmp/TasteBuddyHomeQuestionsQA/Build/Intermediates.noindex/SwiftExplicitPrecompiledModules -clang-scanner-module-cache-path /tmp/TasteBuddyHomeQuestionsQA/ModuleCache.noindex -sdk-module-cache-path /tmp/TasteBuddyHomeQuestionsQA/ModuleCache.noindex -serialize-diagnostics -emit-dependencies -emit-module -emit-module-path /tmp/TasteBuddyHomeQuestionsQA/Build/Intermediates.noindex/ProgressiveBlurHeader.build/Debug-iphonesimulator/ProgressiveBlurHeader.build/Objects-normal/x86_64/ProgressiveBlurHeader.swiftmodule -validate-clang-modules-once -clang-build-session-file /tmp/TasteBuddyHomeQuestionsQA/ModuleCache.noindex/Session.modulevalidation -package-name progressiveblurheader -Xcc -I/tmp/TasteBuddyHomeQuestionsQA/Build/Intermediates.noindex/ProgressiveBlurHeader.build/Debug-iphonesimulator/ProgressiveBlurHeader.build/swift-overrides.hmap -emit-const-values -Xfrontend -const-gather-protocols-file -Xfrontend /tmp/TasteBuddyHomeQuestionsQA/Build/Intermediates.noindex/ProgressiveBlurHeader.build/Debug-iphonesimulator/ProgressiveBlurHeader.build/Objects-normal/x86_64/ProgressiveBlurHeader_const_extract_protocols.json -Xcc -I/tmp/TasteBuddyHomeQuestionsQA/Build/Products/Debug-iphonesimulator/include -Xcc -I/tmp/TasteBuddyHomeQuestionsQA/Build/Intermediates.noindex/ProgressiveBlurHeader.build/Debug-iphonesimulator/ProgressiveBlurHeader.build/DerivedSources-normal/x86_64 -Xcc -I/tmp/TasteBuddyHomeQuestionsQA/Build/Intermediates.noindex/ProgressiveBlurHeader.build/Debug-iphonesimulator/ProgressiveBlurHeader.build/DerivedSources/x86_64 -Xcc -I/tmp/TasteBuddyHomeQuestionsQA/Build/Intermediates.noindex/ProgressiveBlurHeader.build/Debug-iphonesimulator/ProgressiveBlurHeader.build/DerivedSources -Xcc -DSWIFT_PACKAGE -Xcc -DDEBUG\=1 -emit-objc-header -emit-objc-header-path /tmp/TasteBuddyHomeQuestionsQA/Build/Intermediates.noindex/ProgressiveBlurHeader.build/Debug-iphonesimulator/ProgressiveBlurHeader.build/Objects-normal/x86_64/ProgressiveBlurHeader-Swift.h -working-directory /Users/sinjunho/Desktop/Taste\ Buddy/ios/TasteBuddy.xcodeproj -experimental-emit-module-separately -disable-cmo

SwiftDriver\ Compilation ProgressiveBlurHeader normal x86_64 com.apple.xcode.tools.swift.compiler (in target 'ProgressiveBlurHeader' from project 'ProgressiveBlurHeader')
    cd /Users/sinjunho/Desktop/Taste\ Buddy/ios/TasteBuddy.xcodeproj
    builtin-Swift-Compilation -- /Applications/Xcode.app/Contents/Developer/Toolchains/XcodeDefault.xctoolchain/usr/bin/swiftc -module-name ProgressiveBlurHeader -Onone @/tmp/TasteBuddyHomeQuestionsQA/Build/Intermediates.noindex/ProgressiveBlurHeader.build/Debug-iphonesimulator/ProgressiveBlurHeader.build/Objects-normal/x86_64/ProgressiveBlurHeader.SwiftFileList -DSWIFT_PACKAGE -DDEBUG -DSWIFT_MODULE_RESOURCE_BUNDLE_UNAVAILABLE -DXcode -j4 -plugin-path /Applications/Xcode.app/Contents/Developer/Toolchains/XcodeDefault.xctoolchain/usr/lib/swift/host/plugins/testing -enable-experimental-feature DebugDescriptionMacro -sdk /Applications/Xcode.app/Contents/Developer/Platforms/iPhoneSimulator.platform/Developer/SDKs/iPhoneSimulator26.5.sdk -target x86_64-apple-ios16.0-simulator -g -module-cache-path /tmp/TasteBuddyHomeQuestionsQA/ModuleCache.noindex -Xfrontend -serialize-debugging-options -enable-testing -suppress-warnings -index-store-path /tmp/TasteBuddyHomeQuestionsQA/Index.noindex/DataStore -Xcc -D_LIBCPP_HARDENING_MODE\=_LIBCPP_HARDENING_MODE_DEBUG -swift-version 5 -I /tmp/TasteBuddyHomeQuestionsQA/Build/Products/Debug-iphonesimulator -Isystem /Applications/Xcode.app/Contents/Developer/Platforms/iPhoneSimulator.platform/Developer/usr/lib -F /tmp/TasteBuddyHomeQuestionsQA/Build/Products/Debug-iphonesimulator/PackageFrameworks -F /tmp/TasteBuddyHomeQuestionsQA/Build/Products/Debug-iphonesimulator -F /Applications/Xcode.app/Contents/Developer/Platforms/iPhoneSimulator.platform/Developer/Library/Frameworks -F /Applications/Xcode.app/Contents/Developer/Platforms/iPhoneSimulator.platform/Developer/SDKs/iPhoneSimulator26.5.sdk/Developer/Library/Frameworks -parse-as-library -c -j12 -enable-batch-mode -incremental -Xcc -ivfsstatcache -Xcc /tmp/TasteBuddyHomeQuestionsQA/SDKStatCaches.noindex/iphonesimulator26.5-23F81a-6cfe768891a92b912361537c460fe42b.sdkstatcache -output-file-map /tmp/TasteBuddyHomeQuestionsQA/Build/Intermediates.noindex/ProgressiveBlurHeader.build/Debug-iphonesimulator/ProgressiveBlurHeader.build/Objects-normal/x86_64/ProgressiveBlurHeader-OutputFileMap.json -use-frontend-parseable-output -save-temps -no-color-diagnostics -explicit-module-build -module-cache-path /tmp/TasteBuddyHomeQuestionsQA/Build/Intermediates.noindex/SwiftExplicitPrecompiledModules -clang-scanner-module-cache-path /tmp/TasteBuddyHomeQuestionsQA/ModuleCache.noindex -sdk-module-cache-path /tmp/TasteBuddyHomeQuestionsQA/ModuleCache.noindex -serialize-diagnostics -emit-dependencies -emit-module -emit-module-path /tmp/TasteBuddyHomeQuestionsQA/Build/Intermediates.noindex/ProgressiveBlurHeader.build/Debug-iphonesimulator/ProgressiveBlurHeader.build/Objects-normal/x86_64/ProgressiveBlurHeader.swiftmodule -validate-clang-modules-once -clang-build-session-file /tmp/TasteBuddyHomeQuestionsQA/ModuleCache.noindex/Session.modulevalidation -package-name progressiveblurheader -Xcc -I/tmp/TasteBuddyHomeQuestionsQA/Build/Intermediates.noindex/ProgressiveBlurHeader.build/Debug-iphonesimulator/ProgressiveBlurHeader.build/swift-overrides.hmap -emit-const-values -Xfrontend -const-gather-protocols-file -Xfrontend /tmp/TasteBuddyHomeQuestionsQA/Build/Intermediates.noindex/ProgressiveBlurHeader.build/Debug-iphonesimulator/ProgressiveBlurHeader.build/Objects-normal/x86_64/ProgressiveBlurHeader_const_extract_protocols.json -Xcc -I/tmp/TasteBuddyHomeQuestionsQA/Build/Products/Debug-iphonesimulator/include -Xcc -I/tmp/TasteBuddyHomeQuestionsQA/Build/Intermediates.noindex/ProgressiveBlurHeader.build/Debug-iphonesimulator/ProgressiveBlurHeader.build/DerivedSources-normal/x86_64 -Xcc -I/tmp/TasteBuddyHomeQuestionsQA/Build/Intermediates.noindex/ProgressiveBlurHeader.build/Debug-iphonesimulator/ProgressiveBlurHeader.build/DerivedSources/x86_64 -Xcc -I/tmp/TasteBuddyHomeQuestionsQA/Build/Intermediates.noindex/ProgressiveBlurHeader.build/Debug-iphonesimulator/ProgressiveBlurHeader.build/DerivedSources -Xcc -DSWIFT_PACKAGE -Xcc -DDEBUG\=1 -emit-objc-header -emit-objc-header-path /tmp/TasteBuddyHomeQuestionsQA/Build/Intermediates.noindex/ProgressiveBlurHeader.build/Debug-iphonesimulator/ProgressiveBlurHeader.build/Objects-normal/x86_64/ProgressiveBlurHeader-Swift.h -working-directory /Users/sinjunho/Desktop/Taste\ Buddy/ios/TasteBuddy.xcodeproj -experimental-emit-module-separately -disable-cmo

SwiftDriver\ Compilation\ Requirements Clocks normal x86_64 com.apple.xcode.tools.swift.compiler (in target 'Clocks' from project 'swift-clocks')
    cd /Users/sinjunho/Desktop/Taste\ Buddy/ios/TasteBuddy.xcodeproj
    builtin-Swift-Compilation-Requirements -- /Applications/Xcode.app/Contents/Developer/Toolchains/XcodeDefault.xctoolchain/usr/bin/swiftc -module-name Clocks -Onone @/tmp/TasteBuddyHomeQuestionsQA/Build/Intermediates.noindex/swift-clocks.build/Debug-iphonesimulator/Clocks.build/Objects-normal/x86_64/Clocks.SwiftFileList -DSWIFT_PACKAGE -DDEBUG -DSWIFT_MODULE_RESOURCE_BUNDLE_UNAVAILABLE -DXcode -j4 -plugin-path /Applications/Xcode.app/Contents/Developer/Toolchains/XcodeDefault.xctoolchain/usr/lib/swift/host/plugins/testing -enable-experimental-feature DebugDescriptionMacro -sdk /Applications/Xcode.app/Contents/Developer/Platforms/iPhoneSimulator.platform/Developer/SDKs/iPhoneSimulator26.5.sdk -target x86_64-apple-ios13.0-simulator -g -module-cache-path /tmp/TasteBuddyHomeQuestionsQA/ModuleCache.noindex -Xfrontend -serialize-debugging-options -enable-testing -suppress-warnings -index-store-path /tmp/TasteBuddyHomeQuestionsQA/Index.noindex/DataStore -Xcc -D_LIBCPP_HARDENING_MODE\=_LIBCPP_HARDENING_MODE_DEBUG -swift-version 6 -I /tmp/TasteBuddyHomeQuestionsQA/Build/Products/Debug-iphonesimulator -Isystem /Applications/Xcode.app/Contents/Developer/Platforms/iPhoneSimulator.platform/Developer/usr/lib -F /tmp/TasteBuddyHomeQuestionsQA/Build/Products/Debug-iphonesimulator/PackageFrameworks -F /tmp/TasteBuddyHomeQuestionsQA/Build/Products/Debug-iphonesimulator/PackageFrameworks -F /tmp/TasteBuddyHomeQuestionsQA/Build/Products/Debug-iphonesimulator/PackageFrameworks -F /tmp/TasteBuddyHomeQuestionsQA/Build/Products/Debug-iphonesimulator -F /Applications/Xcode.app/Contents/Developer/Platforms/iPhoneSimulator.platform/Developer/Library/Frameworks -F /Applications/Xcode.app/Contents/Developer/Platforms/iPhoneSimulator.platform/Developer/SDKs/iPhoneSimulator26.5.sdk/Developer/Library/Frameworks -c -j12 -enable-batch-mode -incremental -Xcc -ivfsstatcache -Xcc /tmp/TasteBuddyHomeQuestionsQA/SDKStatCaches.noindex/iphonesimulator26.5-23F81a-6cfe768891a92b912361537c460fe42b.sdkstatcache -output-file-map /tmp/TasteBuddyHomeQuestionsQA/Build/Intermediates.noindex/swift-clocks.build/Debug-iphonesimulator/Clocks.build/Objects-normal/x86_64/Clocks-OutputFileMap.json -use-frontend-parseable-output -save-temps -no-color-diagnostics -explicit-module-build -module-cache-path /tmp/TasteBuddyHomeQuestionsQA/Build/Intermediates.noindex/SwiftExplicitPrecompiledModules -clang-scanner-module-cache-path /tmp/TasteBuddyHomeQuestionsQA/ModuleCache.noindex -sdk-module-cache-path /tmp/TasteBuddyHomeQuestionsQA/ModuleCache.noindex -serialize-diagnostics -emit-dependencies -emit-module -emit-module-path /tmp/TasteBuddyHomeQuestionsQA/Build/Intermediates.noindex/swift-clocks.build/Debug-iphonesimulator/Clocks.build/Objects-normal/x86_64/Clocks.swiftmodule -user-module-version 1.0.6 -validate-clang-modules-once -clang-build-session-file /tmp/TasteBuddyHomeQuestionsQA/ModuleCache.noindex/Session.modulevalidation -package-name swift_clocks -Xcc -I/tmp/TasteBuddyHomeQuestionsQA/Build/Intermediates.noindex/swift-clocks.build/Debug-iphonesimulator/Clocks.build/swift-overrides.hmap -emit-const-values -Xfrontend -const-gather-protocols-file -Xfrontend /tmp/TasteBuddyHomeQuestionsQA/Build/Intermediates.noindex/swift-clocks.build/Debug-iphonesimulator/Clocks.build/Objects-normal/x86_64/Clocks_const_extract_protocols.json -Xcc -I/tmp/TasteBuddyHomeQuestionsQA/Build/Products/Debug-iphonesimulator/include -Xcc -I/tmp/TasteBuddyHomeQuestionsQA/Build/Intermediates.noindex/swift-clocks.build/Debug-iphonesimulator/Clocks.build/DerivedSources-normal/x86_64 -Xcc -I/tmp/TasteBuddyHomeQuestionsQA/Build/Intermediates.noindex/swift-clocks.build/Debug-iphonesimulator/Clocks.build/DerivedSources/x86_64 -Xcc -I/tmp/TasteBuddyHomeQuestionsQA/Build/Intermediates.noindex/swift-clocks.build/Debug-iphonesimulator/Clocks.build/DerivedSources -Xcc -DSWIFT_PACKAGE -Xcc -DDEBUG\=1 -emit-objc-header -emit-objc-header-path /tmp/TasteBuddyHomeQuestionsQA/Build/Intermediates.noindex/swift-clocks.build/Debug-iphonesimulator/Clocks.build/Objects-normal/x86_64/Clocks-Swift.h -working-directory /Users/sinjunho/Desktop/Taste\ Buddy/ios/TasteBuddy.xcodeproj -experimental-emit-module-separately -disable-cmo

SwiftDriver\ Compilation Clocks normal x86_64 com.apple.xcode.tools.swift.compiler (in target 'Clocks' from project 'swift-clocks')
    cd /Users/sinjunho/Desktop/Taste\ Buddy/ios/TasteBuddy.xcodeproj
    builtin-Swift-Compilation -- /Applications/Xcode.app/Contents/Developer/Toolchains/XcodeDefault.xctoolchain/usr/bin/swiftc -module-name Clocks -Onone @/tmp/TasteBuddyHomeQuestionsQA/Build/Intermediates.noindex/swift-clocks.build/Debug-iphonesimulator/Clocks.build/Objects-normal/x86_64/Clocks.SwiftFileList -DSWIFT_PACKAGE -DDEBUG -DSWIFT_MODULE_RESOURCE_BUNDLE_UNAVAILABLE -DXcode -j4 -plugin-path /Applications/Xcode.app/Contents/Developer/Toolchains/XcodeDefault.xctoolchain/usr/lib/swift/host/plugins/testing -enable-experimental-feature DebugDescriptionMacro -sdk /Applications/Xcode.app/Contents/Developer/Platforms/iPhoneSimulator.platform/Developer/SDKs/iPhoneSimulator26.5.sdk -target x86_64-apple-ios13.0-simulator -g -module-cache-path /tmp/TasteBuddyHomeQuestionsQA/ModuleCache.noindex -Xfrontend -serialize-debugging-options -enable-testing -suppress-warnings -index-store-path /tmp/TasteBuddyHomeQuestionsQA/Index.noindex/DataStore -Xcc -D_LIBCPP_HARDENING_MODE\=_LIBCPP_HARDENING_MODE_DEBUG -swift-version 6 -I /tmp/TasteBuddyHomeQuestionsQA/Build/Products/Debug-iphonesimulator -Isystem /Applications/Xcode.app/Contents/Developer/Platforms/iPhoneSimulator.platform/Developer/usr/lib -F /tmp/TasteBuddyHomeQuestionsQA/Build/Products/Debug-iphonesimulator/PackageFrameworks -F /tmp/TasteBuddyHomeQuestionsQA/Build/Products/Debug-iphonesimulator/PackageFrameworks -F /tmp/TasteBuddyHomeQuestionsQA/Build/Products/Debug-iphonesimulator/PackageFrameworks -F /tmp/TasteBuddyHomeQuestionsQA/Build/Products/Debug-iphonesimulator -F /Applications/Xcode.app/Contents/Developer/Platforms/iPhoneSimulator.platform/Developer/Library/Frameworks -F /Applications/Xcode.app/Contents/Developer/Platforms/iPhoneSimulator.platform/Developer/SDKs/iPhoneSimulator26.5.sdk/Developer/Library/Frameworks -c -j12 -enable-batch-mode -incremental -Xcc -ivfsstatcache -Xcc /tmp/TasteBuddyHomeQuestionsQA/SDKStatCaches.noindex/iphonesimulator26.5-23F81a-6cfe768891a92b912361537c460fe42b.sdkstatcache -output-file-map /tmp/TasteBuddyHomeQuestionsQA/Build/Intermediates.noindex/swift-clocks.build/Debug-iphonesimulator/Clocks.build/Objects-normal/x86_64/Clocks-OutputFileMap.json -use-frontend-parseable-output -save-temps -no-color-diagnostics -explicit-module-build -module-cache-path /tmp/TasteBuddyHomeQuestionsQA/Build/Intermediates.noindex/SwiftExplicitPrecompiledModules -clang-scanner-module-cache-path /tmp/TasteBuddyHomeQuestionsQA/ModuleCache.noindex -sdk-module-cache-path /tmp/TasteBuddyHomeQuestionsQA/ModuleCache.noindex -serialize-diagnostics -emit-dependencies -emit-module -emit-module-path /tmp/TasteBuddyHomeQuestionsQA/Build/Intermediates.noindex/swift-clocks.build/Debug-iphonesimulator/Clocks.build/Objects-normal/x86_64/Clocks.swiftmodule -user-module-version 1.0.6 -validate-clang-modules-once -clang-build-session-file /tmp/TasteBuddyHomeQuestionsQA/ModuleCache.noindex/Session.modulevalidation -package-name swift_clocks -Xcc -I/tmp/TasteBuddyHomeQuestionsQA/Build/Intermediates.noindex/swift-clocks.build/Debug-iphonesimulator/Clocks.build/swift-overrides.hmap -emit-const-values -Xfrontend -const-gather-protocols-file -Xfrontend /tmp/TasteBuddyHomeQuestionsQA/Build/Intermediates.noindex/swift-clocks.build/Debug-iphonesimulator/Clocks.build/Objects-normal/x86_64/Clocks_const_extract_protocols.json -Xcc -I/tmp/TasteBuddyHomeQuestionsQA/Build/Products/Debug-iphonesimulator/include -Xcc -I/tmp/TasteBuddyHomeQuestionsQA/Build/Intermediates.noindex/swift-clocks.build/Debug-iphonesimulator/Clocks.build/DerivedSources-normal/x86_64 -Xcc -I/tmp/TasteBuddyHomeQuestionsQA/Build/Intermediates.noindex/swift-clocks.build/Debug-iphonesimulator/Clocks.build/DerivedSources/x86_64 -Xcc -I/tmp/TasteBuddyHomeQuestionsQA/Build/Intermediates.noindex/swift-clocks.build/Debug-iphonesimulator/Clocks.build/DerivedSources -Xcc -DSWIFT_PACKAGE -Xcc -DDEBUG\=1 -emit-objc-header -emit-objc-header-path /tmp/TasteBuddyHomeQuestionsQA/Build/Intermediates.noindex/swift-clocks.build/Debug-iphonesimulator/Clocks.build/Objects-normal/x86_64/Clocks-Swift.h -working-directory /Users/sinjunho/Desktop/Taste\ Buddy/ios/TasteBuddy.xcodeproj -experimental-emit-module-separately -disable-cmo

SwiftDriver Helpers normal x86_64 com.apple.xcode.tools.swift.compiler (in target 'Helpers' from project 'Supabase')
    cd /Users/sinjunho/Desktop/Taste\ Buddy/ios/TasteBuddy.xcodeproj
    builtin-SwiftDriver -- /Applications/Xcode.app/Contents/Developer/Toolchains/XcodeDefault.xctoolchain/usr/bin/swiftc -module-name Helpers -Onone @/tmp/TasteBuddyHomeQuestionsQA/Build/Intermediates.noindex/Supabase.build/Debug-iphonesimulator/Helpers.build/Objects-normal/x86_64/Helpers.SwiftFileList -DSWIFT_PACKAGE -DDEBUG -DSWIFT_MODULE_RESOURCE_BUNDLE_UNAVAILABLE -DXcode -enable-upcoming-feature ExistentialAny -enable-experimental-feature StrictConcurrency -j4 -plugin-path /Applications/Xcode.app/Contents/Developer/Toolchains/XcodeDefault.xctoolchain/usr/lib/swift/host/plugins/testing -enable-experimental-feature DebugDescriptionMacro -sdk /Applications/Xcode.app/Contents/Developer/Platforms/iPhoneSimulator.platform/Developer/SDKs/iPhoneSimulator26.5.sdk -target x86_64-apple-ios13.0-simulator -g -module-cache-path /tmp/TasteBuddyHomeQuestionsQA/ModuleCache.noindex -Xfrontend -serialize-debugging-options -enable-testing -suppress-warnings -index-store-path /tmp/TasteBuddyHomeQuestionsQA/Index.noindex/DataStore -Xcc -D_LIBCPP_HARDENING_MODE\=_LIBCPP_HARDENING_MODE_DEBUG -swift-version 5 -I /tmp/TasteBuddyHomeQuestionsQA/Build/Products/Debug-iphonesimulator -Isystem /Applications/Xcode.app/Contents/Developer/Platforms/iPhoneSimulator.platform/Developer/usr/lib -F /tmp/TasteBuddyHomeQuestionsQA/Build/Products/Debug-iphonesimulator/PackageFrameworks -F /tmp/TasteBuddyHomeQuestionsQA/Build/Products/Debug-iphonesimulator/PackageFrameworks -F /tmp/TasteBuddyHomeQuestionsQA/Build/Products/Debug-iphonesimulator/PackageFrameworks -F /tmp/TasteBuddyHomeQuestionsQA/Build/Products/Debug-iphonesimulator/PackageFrameworks -F /tmp/TasteBuddyHomeQuestionsQA/Build/Products/Debug-iphonesimulator/PackageFrameworks -F /tmp/TasteBuddyHomeQuestionsQA/Build/Products/Debug-iphonesimulator/PackageFrameworks -F /tmp/TasteBuddyHomeQuestionsQA/Build/Products/Debug-iphonesimulator -F /Applications/Xcode.app/Contents/Developer/Platforms/iPhoneSimulator.platform/Developer/Library/Frameworks -F /Applications/Xcode.app/Contents/Developer/Platforms/iPhoneSimulator.platform/Developer/SDKs/iPhoneSimulator26.5.sdk/Developer/Library/Frameworks -c -j12 -enable-batch-mode -incremental -Xcc -ivfsstatcache -Xcc /tmp/TasteBuddyHomeQuestionsQA/SDKStatCaches.noindex/iphonesimulator26.5-23F81a-6cfe768891a92b912361537c460fe42b.sdkstatcache -output-file-map /tmp/TasteBuddyHomeQuestionsQA/Build/Intermediates.noindex/Supabase.build/Debug-iphonesimulator/Helpers.build/Objects-normal/x86_64/Helpers-OutputFileMap.json -use-frontend-parseable-output -save-temps -no-color-diagnostics -explicit-module-build -module-cache-path /tmp/TasteBuddyHomeQuestionsQA/Build/Intermediates.noindex/SwiftExplicitPrecompiledModules -clang-scanner-module-cache-path /tmp/TasteBuddyHomeQuestionsQA/ModuleCache.noindex -sdk-module-cache-path /tmp/TasteBuddyHomeQuestionsQA/ModuleCache.noindex -serialize-diagnostics -emit-dependencies -emit-module -emit-module-path /tmp/TasteBuddyHomeQuestionsQA/Build/Intermediates.noindex/Supabase.build/Debug-iphonesimulator/Helpers.build/Objects-normal/x86_64/Helpers.swiftmodule -validate-clang-modules-once -clang-build-session-file /tmp/TasteBuddyHomeQuestionsQA/ModuleCache.noindex/Session.modulevalidation -package-name supabase_swift -Xcc -I/tmp/TasteBuddyHomeQuestionsQA/Build/Intermediates.noindex/Supabase.build/Debug-iphonesimulator/Helpers.build/swift-overrides.hmap -emit-const-values -Xfrontend -const-gather-protocols-file -Xfrontend /tmp/TasteBuddyHomeQuestionsQA/Build/Intermediates.noindex/Supabase.build/Debug-iphonesimulator/Helpers.build/Objects-normal/x86_64/Helpers_const_extract_protocols.json -Xcc -I/tmp/TasteBuddyHomeQuestionsQA/Build/Products/Debug-iphonesimulator/include -Xcc -I/tmp/TasteBuddyHomeQuestionsQA/Build/Intermediates.noindex/Supabase.build/Debug-iphonesimulator/Helpers.build/DerivedSources-normal/x86_64 -Xcc -I/tmp/TasteBuddyHomeQuestionsQA/Build/Intermediates.noindex/Supabase.build/Debug-iphonesimulator/Helpers.build/DerivedSources/x86_64 -Xcc -I/tmp/TasteBuddyHomeQuestionsQA/Build/Intermediates.noindex/Supabase.build/Debug-iphonesimulator/Helpers.build/DerivedSources -Xcc -DSWIFT_PACKAGE -Xcc -DDEBUG\=1 -emit-objc-header -emit-objc-header-path /tmp/TasteBuddyHomeQuestionsQA/Build/Intermediates.noindex/Supabase.build/Debug-iphonesimulator/Helpers.build/Objects-normal/x86_64/Helpers-Swift.h -working-directory /Users/sinjunho/Desktop/Taste\ Buddy/ios/TasteBuddy.xcodeproj -experimental-emit-module-separately -disable-cmo

SwiftDriver\ Compilation\ Requirements Helpers normal x86_64 com.apple.xcode.tools.swift.compiler (in target 'Helpers' from project 'Supabase')
    cd /Users/sinjunho/Desktop/Taste\ Buddy/ios/TasteBuddy.xcodeproj
    builtin-Swift-Compilation-Requirements -- /Applications/Xcode.app/Contents/Developer/Toolchains/XcodeDefault.xctoolchain/usr/bin/swiftc -module-name Helpers -Onone @/tmp/TasteBuddyHomeQuestionsQA/Build/Intermediates.noindex/Supabase.build/Debug-iphonesimulator/Helpers.build/Objects-normal/x86_64/Helpers.SwiftFileList -DSWIFT_PACKAGE -DDEBUG -DSWIFT_MODULE_RESOURCE_BUNDLE_UNAVAILABLE -DXcode -enable-upcoming-feature ExistentialAny -enable-experimental-feature StrictConcurrency -j4 -plugin-path /Applications/Xcode.app/Contents/Developer/Toolchains/XcodeDefault.xctoolchain/usr/lib/swift/host/plugins/testing -enable-experimental-feature DebugDescriptionMacro -sdk /Applications/Xcode.app/Contents/Developer/Platforms/iPhoneSimulator.platform/Developer/SDKs/iPhoneSimulator26.5.sdk -target x86_64-apple-ios13.0-simulator -g -module-cache-path /tmp/TasteBuddyHomeQuestionsQA/ModuleCache.noindex -Xfrontend -serialize-debugging-options -enable-testing -suppress-warnings -index-store-path /tmp/TasteBuddyHomeQuestionsQA/Index.noindex/DataStore -Xcc -D_LIBCPP_HARDENING_MODE\=_LIBCPP_HARDENING_MODE_DEBUG -swift-version 5 -I /tmp/TasteBuddyHomeQuestionsQA/Build/Products/Debug-iphonesimulator -Isystem /Applications/Xcode.app/Contents/Developer/Platforms/iPhoneSimulator.platform/Developer/usr/lib -F /tmp/TasteBuddyHomeQuestionsQA/Build/Products/Debug-iphonesimulator/PackageFrameworks -F /tmp/TasteBuddyHomeQuestionsQA/Build/Products/Debug-iphonesimulator/PackageFrameworks -F /tmp/TasteBuddyHomeQuestionsQA/Build/Products/Debug-iphonesimulator/PackageFrameworks -F /tmp/TasteBuddyHomeQuestionsQA/Build/Products/Debug-iphonesimulator/PackageFrameworks -F /tmp/TasteBuddyHomeQuestionsQA/Build/Products/Debug-iphonesimulator/PackageFrameworks -F /tmp/TasteBuddyHomeQuestionsQA/Build/Products/Debug-iphonesimulator/PackageFrameworks -F /tmp/TasteBuddyHomeQuestionsQA/Build/Products/Debug-iphonesimulator -F /Applications/Xcode.app/Contents/Developer/Platforms/iPhoneSimulator.platform/Developer/Library/Frameworks -F /Applications/Xcode.app/Contents/Developer/Platforms/iPhoneSimulator.platform/Developer/SDKs/iPhoneSimulator26.5.sdk/Developer/Library/Frameworks -c -j12 -enable-batch-mode -incremental -Xcc -ivfsstatcache -Xcc /tmp/TasteBuddyHomeQuestionsQA/SDKStatCaches.noindex/iphonesimulator26.5-23F81a-6cfe768891a92b912361537c460fe42b.sdkstatcache -output-file-map /tmp/TasteBuddyHomeQuestionsQA/Build/Intermediates.noindex/Supabase.build/Debug-iphonesimulator/Helpers.build/Objects-normal/x86_64/Helpers-OutputFileMap.json -use-frontend-parseable-output -save-temps -no-color-diagnostics -explicit-module-build -module-cache-path /tmp/TasteBuddyHomeQuestionsQA/Build/Intermediates.noindex/SwiftExplicitPrecompiledModules -clang-scanner-module-cache-path /tmp/TasteBuddyHomeQuestionsQA/ModuleCache.noindex -sdk-module-cache-path /tmp/TasteBuddyHomeQuestionsQA/ModuleCache.noindex -serialize-diagnostics -emit-dependencies -emit-module -emit-module-path /tmp/TasteBuddyHomeQuestionsQA/Build/Intermediates.noindex/Supabase.build/Debug-iphonesimulator/Helpers.build/Objects-normal/x86_64/Helpers.swiftmodule -validate-clang-modules-once -clang-build-session-file /tmp/TasteBuddyHomeQuestionsQA/ModuleCache.noindex/Session.modulevalidation -package-name supabase_swift -Xcc -I/tmp/TasteBuddyHomeQuestionsQA/Build/Intermediates.noindex/Supabase.build/Debug-iphonesimulator/Helpers.build/swift-overrides.hmap -emit-const-values -Xfrontend -const-gather-protocols-file -Xfrontend /tmp/TasteBuddyHomeQuestionsQA/Build/Intermediates.noindex/Supabase.build/Debug-iphonesimulator/Helpers.build/Objects-normal/x86_64/Helpers_const_extract_protocols.json -Xcc -I/tmp/TasteBuddyHomeQuestionsQA/Build/Products/Debug-iphonesimulator/include -Xcc -I/tmp/TasteBuddyHomeQuestionsQA/Build/Intermediates.noindex/Supabase.build/Debug-iphonesimulator/Helpers.build/DerivedSources-normal/x86_64 -Xcc -I/tmp/TasteBuddyHomeQuestionsQA/Build/Intermediates.noindex/Supabase.build/Debug-iphonesimulator/Helpers.build/DerivedSources/x86_64 -Xcc -I/tmp/TasteBuddyHomeQuestionsQA/Build/Intermediates.noindex/Supabase.build/Debug-iphonesimulator/Helpers.build/DerivedSources -Xcc -DSWIFT_PACKAGE -Xcc -DDEBUG\=1 -emit-objc-header -emit-objc-header-path /tmp/TasteBuddyHomeQuestionsQA/Build/Intermediates.noindex/Supabase.build/Debug-iphonesimulator/Helpers.build/Objects-normal/x86_64/Helpers-Swift.h -working-directory /Users/sinjunho/Desktop/Taste\ Buddy/ios/TasteBuddy.xcodeproj -experimental-emit-module-separately -disable-cmo

SwiftDriver\ Compilation Helpers normal x86_64 com.apple.xcode.tools.swift.compiler (in target 'Helpers' from project 'Supabase')
    cd /Users/sinjunho/Desktop/Taste\ Buddy/ios/TasteBuddy.xcodeproj
    builtin-Swift-Compilation -- /Applications/Xcode.app/Contents/Developer/Toolchains/XcodeDefault.xctoolchain/usr/bin/swiftc -module-name Helpers -Onone @/tmp/TasteBuddyHomeQuestionsQA/Build/Intermediates.noindex/Supabase.build/Debug-iphonesimulator/Helpers.build/Objects-normal/x86_64/Helpers.SwiftFileList -DSWIFT_PACKAGE -DDEBUG -DSWIFT_MODULE_RESOURCE_BUNDLE_UNAVAILABLE -DXcode -enable-upcoming-feature ExistentialAny -enable-experimental-feature StrictConcurrency -j4 -plugin-path /Applications/Xcode.app/Contents/Developer/Toolchains/XcodeDefault.xctoolchain/usr/lib/swift/host/plugins/testing -enable-experimental-feature DebugDescriptionMacro -sdk /Applications/Xcode.app/Contents/Developer/Platforms/iPhoneSimulator.platform/Developer/SDKs/iPhoneSimulator26.5.sdk -target x86_64-apple-ios13.0-simulator -g -module-cache-path /tmp/TasteBuddyHomeQuestionsQA/ModuleCache.noindex -Xfrontend -serialize-debugging-options -enable-testing -suppress-warnings -index-store-path /tmp/TasteBuddyHomeQuestionsQA/Index.noindex/DataStore -Xcc -D_LIBCPP_HARDENING_MODE\=_LIBCPP_HARDENING_MODE_DEBUG -swift-version 5 -I /tmp/TasteBuddyHomeQuestionsQA/Build/Products/Debug-iphonesimulator -Isystem /Applications/Xcode.app/Contents/Developer/Platforms/iPhoneSimulator.platform/Developer/usr/lib -F /tmp/TasteBuddyHomeQuestionsQA/Build/Products/Debug-iphonesimulator/PackageFrameworks -F /tmp/TasteBuddyHomeQuestionsQA/Build/Products/Debug-iphonesimulator/PackageFrameworks -F /tmp/TasteBuddyHomeQuestionsQA/Build/Products/Debug-iphonesimulator/PackageFrameworks -F /tmp/TasteBuddyHomeQuestionsQA/Build/Products/Debug-iphonesimulator/PackageFrameworks -F /tmp/TasteBuddyHomeQuestionsQA/Build/Products/Debug-iphonesimulator/PackageFrameworks -F /tmp/TasteBuddyHomeQuestionsQA/Build/Products/Debug-iphonesimulator/PackageFrameworks -F /tmp/TasteBuddyHomeQuestionsQA/Build/Products/Debug-iphonesimulator -F /Applications/Xcode.app/Contents/Developer/Platforms/iPhoneSimulator.platform/Developer/Library/Frameworks -F /Applications/Xcode.app/Contents/Developer/Platforms/iPhoneSimulator.platform/Developer/SDKs/iPhoneSimulator26.5.sdk/Developer/Library/Frameworks -c -j12 -enable-batch-mode -incremental -Xcc -ivfsstatcache -Xcc /tmp/TasteBuddyHomeQuestionsQA/SDKStatCaches.noindex/iphonesimulator26.5-23F81a-6cfe768891a92b912361537c460fe42b.sdkstatcache -output-file-map /tmp/TasteBuddyHomeQuestionsQA/Build/Intermediates.noindex/Supabase.build/Debug-iphonesimulator/Helpers.build/Objects-normal/x86_64/Helpers-OutputFileMap.json -use-frontend-parseable-output -save-temps -no-color-diagnostics -explicit-module-build -module-cache-path /tmp/TasteBuddyHomeQuestionsQA/Build/Intermediates.noindex/SwiftExplicitPrecompiledModules -clang-scanner-module-cache-path /tmp/TasteBuddyHomeQuestionsQA/ModuleCache.noindex -sdk-module-cache-path /tmp/TasteBuddyHomeQuestionsQA/ModuleCache.noindex -serialize-diagnostics -emit-dependencies -emit-module -emit-module-path /tmp/TasteBuddyHomeQuestionsQA/Build/Intermediates.noindex/Supabase.build/Debug-iphonesimulator/Helpers.build/Objects-normal/x86_64/Helpers.swiftmodule -validate-clang-modules-once -clang-build-session-file /tmp/TasteBuddyHomeQuestionsQA/ModuleCache.noindex/Session.modulevalidation -package-name supabase_swift -Xcc -I/tmp/TasteBuddyHomeQuestionsQA/Build/Intermediates.noindex/Supabase.build/Debug-iphonesimulator/Helpers.build/swift-overrides.hmap -emit-const-values -Xfrontend -const-gather-protocols-file -Xfrontend /tmp/TasteBuddyHomeQuestionsQA/Build/Intermediates.noindex/Supabase.build/Debug-iphonesimulator/Helpers.build/Objects-normal/x86_64/Helpers_const_extract_protocols.json -Xcc -I/tmp/TasteBuddyHomeQuestionsQA/Build/Products/Debug-iphonesimulator/include -Xcc -I/tmp/TasteBuddyHomeQuestionsQA/Build/Intermediates.noindex/Supabase.build/Debug-iphonesimulator/Helpers.build/DerivedSources-normal/x86_64 -Xcc -I/tmp/TasteBuddyHomeQuestionsQA/Build/Intermediates.noindex/Supabase.build/Debug-iphonesimulator/Helpers.build/DerivedSources/x86_64 -Xcc -I/tmp/TasteBuddyHomeQuestionsQA/Build/Intermediates.noindex/Supabase.build/Debug-iphonesimulator/Helpers.build/DerivedSources -Xcc -DSWIFT_PACKAGE -Xcc -DDEBUG\=1 -emit-objc-header -emit-objc-header-path /tmp/TasteBuddyHomeQuestionsQA/Build/Intermediates.noindex/Supabase.build/Debug-iphonesimulator/Helpers.build/Objects-normal/x86_64/Helpers-Swift.h -working-directory /Users/sinjunho/Desktop/Taste\ Buddy/ios/TasteBuddy.xcodeproj -experimental-emit-module-separately -disable-cmo

SwiftDriver Storage normal x86_64 com.apple.xcode.tools.swift.compiler (in target 'Storage' from project 'Supabase')
    cd /Users/sinjunho/Desktop/Taste\ Buddy/ios/TasteBuddy.xcodeproj
    builtin-SwiftDriver -- /Applications/Xcode.app/Contents/Developer/Toolchains/XcodeDefault.xctoolchain/usr/bin/swiftc -module-name Storage -Onone @/tmp/TasteBuddyHomeQuestionsQA/Build/Intermediates.noindex/Supabase.build/Debug-iphonesimulator/Storage.build/Objects-normal/x86_64/Storage.SwiftFileList -DSWIFT_PACKAGE -DDEBUG -DSWIFT_MODULE_RESOURCE_BUNDLE_UNAVAILABLE -DXcode -enable-upcoming-feature ExistentialAny -enable-experimental-feature StrictConcurrency -j4 -plugin-path /Applications/Xcode.app/Contents/Developer/Toolchains/XcodeDefault.xctoolchain/usr/lib/swift/host/plugins/testing -enable-experimental-feature DebugDescriptionMacro -sdk /Applications/Xcode.app/Contents/Developer/Platforms/iPhoneSimulator.platform/Developer/SDKs/iPhoneSimulator26.5.sdk -target x86_64-apple-ios13.0-simulator -g -module-cache-path /tmp/TasteBuddyHomeQuestionsQA/ModuleCache.noindex -Xfrontend -serialize-debugging-options -enable-testing -suppress-warnings -index-store-path /tmp/TasteBuddyHomeQuestionsQA/Index.noindex/DataStore -Xcc -D_LIBCPP_HARDENING_MODE\=_LIBCPP_HARDENING_MODE_DEBUG -swift-version 5 -I /tmp/TasteBuddyHomeQuestionsQA/Build/Products/Debug-iphonesimulator -Isystem /Applications/Xcode.app/Contents/Developer/Platforms/iPhoneSimulator.platform/Developer/usr/lib -F /tmp/TasteBuddyHomeQuestionsQA/Build/Products/Debug-iphonesimulator/PackageFrameworks -F /tmp/TasteBuddyHomeQuestionsQA/Build/Products/Debug-iphonesimulator/PackageFrameworks -F /tmp/TasteBuddyHomeQuestionsQA/Build/Products/Debug-iphonesimulator/PackageFrameworks -F /tmp/TasteBuddyHomeQuestionsQA/Build/Products/Debug-iphonesimulator/PackageFrameworks -F /tmp/TasteBuddyHomeQuestionsQA/Build/Products/Debug-iphonesimulator/PackageFrameworks -F /tmp/TasteBuddyHomeQuestionsQA/Build/Products/Debug-iphonesimulator/PackageFrameworks -F /tmp/TasteBuddyHomeQuestionsQA/Build/Products/Debug-iphonesimulator/PackageFrameworks -F /tmp/TasteBuddyHomeQuestionsQA/Build/Products/Debug-iphonesimulator -F /Applications/Xcode.app/Contents/Developer/Platforms/iPhoneSimulator.platform/Developer/Library/Frameworks -F /Applications/Xcode.app/Contents/Developer/Platforms/iPhoneSimulator.platform/Developer/SDKs/iPhoneSimulator26.5.sdk/Developer/Library/Frameworks -c -j12 -enable-batch-mode -incremental -Xcc -ivfsstatcache -Xcc /tmp/TasteBuddyHomeQuestionsQA/SDKStatCaches.noindex/iphonesimulator26.5-23F81a-6cfe768891a92b912361537c460fe42b.sdkstatcache -output-file-map /tmp/TasteBuddyHomeQuestionsQA/Build/Intermediates.noindex/Supabase.build/Debug-iphonesimulator/Storage.build/Objects-normal/x86_64/Storage-OutputFileMap.json -use-frontend-parseable-output -save-temps -no-color-diagnostics -explicit-module-build -module-cache-path /tmp/TasteBuddyHomeQuestionsQA/Build/Intermediates.noindex/SwiftExplicitPrecompiledModules -clang-scanner-module-cache-path /tmp/TasteBuddyHomeQuestionsQA/ModuleCache.noindex -sdk-module-cache-path /tmp/TasteBuddyHomeQuestionsQA/ModuleCache.noindex -serialize-diagnostics -emit-dependencies -emit-module -emit-module-path /tmp/TasteBuddyHomeQuestionsQA/Build/Intermediates.noindex/Supabase.build/Debug-iphonesimulator/Storage.build/Objects-normal/x86_64/Storage.swiftmodule -validate-clang-modules-once -clang-build-session-file /tmp/TasteBuddyHomeQuestionsQA/ModuleCache.noindex/Session.modulevalidation -package-name supabase_swift -Xcc -I/tmp/TasteBuddyHomeQuestionsQA/Build/Intermediates.noindex/Supabase.build/Debug-iphonesimulator/Storage.build/swift-overrides.hmap -emit-const-values -Xfrontend -const-gather-protocols-file -Xfrontend /tmp/TasteBuddyHomeQuestionsQA/Build/Intermediates.noindex/Supabase.build/Debug-iphonesimulator/Storage.build/Objects-normal/x86_64/Storage_const_extract_protocols.json -Xcc -I/tmp/TasteBuddyHomeQuestionsQA/Build/Products/Debug-iphonesimulator/include -Xcc -I/tmp/TasteBuddyHomeQuestionsQA/Build/Intermediates.noindex/Supabase.build/Debug-iphonesimulator/Storage.build/DerivedSources-normal/x86_64 -Xcc -I/tmp/TasteBuddyHomeQuestionsQA/Build/Intermediates.noindex/Supabase.build/Debug-iphonesimulator/Storage.build/DerivedSources/x86_64 -Xcc -I/tmp/TasteBuddyHomeQuestionsQA/Build/Intermediates.noindex/Supabase.build/Debug-iphonesimulator/Storage.build/DerivedSources -Xcc -DSWIFT_PACKAGE -Xcc -DDEBUG\=1 -emit-objc-header -emit-objc-header-path /tmp/TasteBuddyHomeQuestionsQA/Build/Intermediates.noindex/Supabase.build/Debug-iphonesimulator/Storage.build/Objects-normal/x86_64/Storage-Swift.h -working-directory /Users/sinjunho/Desktop/Taste\ Buddy/ios/TasteBuddy.xcodeproj -experimental-emit-module-separately -disable-cmo

SwiftDriver Realtime normal x86_64 com.apple.xcode.tools.swift.compiler (in target 'Realtime' from project 'Supabase')
    cd /Users/sinjunho/Desktop/Taste\ Buddy/ios/TasteBuddy.xcodeproj
    builtin-SwiftDriver -- /Applications/Xcode.app/Contents/Developer/Toolchains/XcodeDefault.xctoolchain/usr/bin/swiftc -module-name Realtime -Onone @/tmp/TasteBuddyHomeQuestionsQA/Build/Intermediates.noindex/Supabase.build/Debug-iphonesimulator/Realtime.build/Objects-normal/x86_64/Realtime.SwiftFileList -DSWIFT_PACKAGE -DDEBUG -DSWIFT_MODULE_RESOURCE_BUNDLE_UNAVAILABLE -DXcode -enable-upcoming-feature ExistentialAny -enable-experimental-feature StrictConcurrency -j4 -plugin-path /Applications/Xcode.app/Contents/Developer/Toolchains/XcodeDefault.xctoolchain/usr/lib/swift/host/plugins/testing -enable-experimental-feature DebugDescriptionMacro -sdk /Applications/Xcode.app/Contents/Developer/Platforms/iPhoneSimulator.platform/Developer/SDKs/iPhoneSimulator26.5.sdk -target x86_64-apple-ios13.0-simulator -g -module-cache-path /tmp/TasteBuddyHomeQuestionsQA/ModuleCache.noindex -Xfrontend -serialize-debugging-options -enable-testing -suppress-warnings -index-store-path /tmp/TasteBuddyHomeQuestionsQA/Index.noindex/DataStore -Xcc -D_LIBCPP_HARDENING_MODE\=_LIBCPP_HARDENING_MODE_DEBUG -swift-version 5 -I /tmp/TasteBuddyHomeQuestionsQA/Build/Products/Debug-iphonesimulator -Isystem /Applications/Xcode.app/Contents/Developer/Platforms/iPhoneSimulator.platform/Developer/usr/lib -F /tmp/TasteBuddyHomeQuestionsQA/Build/Products/Debug-iphonesimulator/PackageFrameworks -F /tmp/TasteBuddyHomeQuestionsQA/Build/Products/Debug-iphonesimulator/PackageFrameworks -F /tmp/TasteBuddyHomeQuestionsQA/Build/Products/Debug-iphonesimulator/PackageFrameworks -F /tmp/TasteBuddyHomeQuestionsQA/Build/Products/Debug-iphonesimulator/PackageFrameworks -F /tmp/TasteBuddyHomeQuestionsQA/Build/Products/Debug-iphonesimulator/PackageFrameworks -F /tmp/TasteBuddyHomeQuestionsQA/Build/Products/Debug-iphonesimulator/PackageFrameworks -F /tmp/TasteBuddyHomeQuestionsQA/Build/Products/Debug-iphonesimulator/PackageFrameworks -F /tmp/TasteBuddyHomeQuestionsQA/Build/Products/Debug-iphonesimulator -F /Applications/Xcode.app/Contents/Developer/Platforms/iPhoneSimulator.platform/Developer/Library/Frameworks -F /Applications/Xcode.app/Contents/Developer/Platforms/iPhoneSimulator.platform/Developer/SDKs/iPhoneSimulator26.5.sdk/Developer/Library/Frameworks -c -j12 -enable-batch-mode -incremental -Xcc -ivfsstatcache -Xcc /tmp/TasteBuddyHomeQuestionsQA/SDKStatCaches.noindex/iphonesimulator26.5-23F81a-6cfe768891a92b912361537c460fe42b.sdkstatcache -output-file-map /tmp/TasteBuddyHomeQuestionsQA/Build/Intermediates.noindex/Supabase.build/Debug-iphonesimulator/Realtime.build/Objects-normal/x86_64/Realtime-OutputFileMap.json -use-frontend-parseable-output -save-temps -no-color-diagnostics -explicit-module-build -module-cache-path /tmp/TasteBuddyHomeQuestionsQA/Build/Intermediates.noindex/SwiftExplicitPrecompiledModules -clang-scanner-module-cache-path /tmp/TasteBuddyHomeQuestionsQA/ModuleCache.noindex -sdk-module-cache-path /tmp/TasteBuddyHomeQuestionsQA/ModuleCache.noindex -serialize-diagnostics -emit-dependencies -emit-module -emit-module-path /tmp/TasteBuddyHomeQuestionsQA/Build/Intermediates.noindex/Supabase.build/Debug-iphonesimulator/Realtime.build/Objects-normal/x86_64/Realtime.swiftmodule -validate-clang-modules-once -clang-build-session-file /tmp/TasteBuddyHomeQuestionsQA/ModuleCache.noindex/Session.modulevalidation -package-name supabase_swift -Xcc -I/tmp/TasteBuddyHomeQuestionsQA/Build/Intermediates.noindex/Supabase.build/Debug-iphonesimulator/Realtime.build/swift-overrides.hmap -emit-const-values -Xfrontend -const-gather-protocols-file -Xfrontend /tmp/TasteBuddyHomeQuestionsQA/Build/Intermediates.noindex/Supabase.build/Debug-iphonesimulator/Realtime.build/Objects-normal/x86_64/Realtime_const_extract_protocols.json -Xcc -I/tmp/TasteBuddyHomeQuestionsQA/Build/Products/Debug-iphonesimulator/include -Xcc -I/tmp/TasteBuddyHomeQuestionsQA/Build/Intermediates.noindex/Supabase.build/Debug-iphonesimulator/Realtime.build/DerivedSources-normal/x86_64 -Xcc -I/tmp/TasteBuddyHomeQuestionsQA/Build/Intermediates.noindex/Supabase.build/Debug-iphonesimulator/Realtime.build/DerivedSources/x86_64 -Xcc -I/tmp/TasteBuddyHomeQuestionsQA/Build/Intermediates.noindex/Supabase.build/Debug-iphonesimulator/Realtime.build/DerivedSources -Xcc -DSWIFT_PACKAGE -Xcc -DDEBUG\=1 -emit-objc-header -emit-objc-header-path /tmp/TasteBuddyHomeQuestionsQA/Build/Intermediates.noindex/Supabase.build/Debug-iphonesimulator/Realtime.build/Objects-normal/x86_64/Realtime-Swift.h -working-directory /Users/sinjunho/Desktop/Taste\ Buddy/ios/TasteBuddy.xcodeproj -experimental-emit-module-separately -disable-cmo

SwiftDriver PostgREST normal x86_64 com.apple.xcode.tools.swift.compiler (in target 'PostgREST' from project 'Supabase')
    cd /Users/sinjunho/Desktop/Taste\ Buddy/ios/TasteBuddy.xcodeproj
    builtin-SwiftDriver -- /Applications/Xcode.app/Contents/Developer/Toolchains/XcodeDefault.xctoolchain/usr/bin/swiftc -module-name PostgREST -Onone @/tmp/TasteBuddyHomeQuestionsQA/Build/Intermediates.noindex/Supabase.build/Debug-iphonesimulator/PostgREST.build/Objects-normal/x86_64/PostgREST.SwiftFileList -DSWIFT_PACKAGE -DDEBUG -DSWIFT_MODULE_RESOURCE_BUNDLE_UNAVAILABLE -DXcode -enable-upcoming-feature ExistentialAny -enable-experimental-feature StrictConcurrency -j4 -plugin-path /Applications/Xcode.app/Contents/Developer/Toolchains/XcodeDefault.xctoolchain/usr/lib/swift/host/plugins/testing -enable-experimental-feature DebugDescriptionMacro -sdk /Applications/Xcode.app/Contents/Developer/Platforms/iPhoneSimulator.platform/Developer/SDKs/iPhoneSimulator26.5.sdk -target x86_64-apple-ios13.0-simulator -g -module-cache-path /tmp/TasteBuddyHomeQuestionsQA/ModuleCache.noindex -Xfrontend -serialize-debugging-options -enable-testing -suppress-warnings -index-store-path /tmp/TasteBuddyHomeQuestionsQA/Index.noindex/DataStore -Xcc -D_LIBCPP_HARDENING_MODE\=_LIBCPP_HARDENING_MODE_DEBUG -swift-version 5 -I /tmp/TasteBuddyHomeQuestionsQA/Build/Products/Debug-iphonesimulator -Isystem /Applications/Xcode.app/Contents/Developer/Platforms/iPhoneSimulator.platform/Developer/usr/lib -F /tmp/TasteBuddyHomeQuestionsQA/Build/Products/Debug-iphonesimulator/PackageFrameworks -F /tmp/TasteBuddyHomeQuestionsQA/Build/Products/Debug-iphonesimulator/PackageFrameworks -F /tmp/TasteBuddyHomeQuestionsQA/Build/Products/Debug-iphonesimulator/PackageFrameworks -F /tmp/TasteBuddyHomeQuestionsQA/Build/Products/Debug-iphonesimulator/PackageFrameworks -F /tmp/TasteBuddyHomeQuestionsQA/Build/Products/Debug-iphonesimulator/PackageFrameworks -F /tmp/TasteBuddyHomeQuestionsQA/Build/Products/Debug-iphonesimulator/PackageFrameworks -F /tmp/TasteBuddyHomeQuestionsQA/Build/Products/Debug-iphonesimulator/PackageFrameworks -F /tmp/TasteBuddyHomeQuestionsQA/Build/Products/Debug-iphonesimulator -F /Applications/Xcode.app/Contents/Developer/Platforms/iPhoneSimulator.platform/Developer/Library/Frameworks -F /Applications/Xcode.app/Contents/Developer/Platforms/iPhoneSimulator.platform/Developer/SDKs/iPhoneSimulator26.5.sdk/Developer/Library/Frameworks -c -j12 -enable-batch-mode -incremental -Xcc -ivfsstatcache -Xcc /tmp/TasteBuddyHomeQuestionsQA/SDKStatCaches.noindex/iphonesimulator26.5-23F81a-6cfe768891a92b912361537c460fe42b.sdkstatcache -output-file-map /tmp/TasteBuddyHomeQuestionsQA/Build/Intermediates.noindex/Supabase.build/Debug-iphonesimulator/PostgREST.build/Objects-normal/x86_64/PostgREST-OutputFileMap.json -use-frontend-parseable-output -save-temps -no-color-diagnostics -explicit-module-build -module-cache-path /tmp/TasteBuddyHomeQuestionsQA/Build/Intermediates.noindex/SwiftExplicitPrecompiledModules -clang-scanner-module-cache-path /tmp/TasteBuddyHomeQuestionsQA/ModuleCache.noindex -sdk-module-cache-path /tmp/TasteBuddyHomeQuestionsQA/ModuleCache.noindex -serialize-diagnostics -emit-dependencies -emit-module -emit-module-path /tmp/TasteBuddyHomeQuestionsQA/Build/Intermediates.noindex/Supabase.build/Debug-iphonesimulator/PostgREST.build/Objects-normal/x86_64/PostgREST.swiftmodule -validate-clang-modules-once -clang-build-session-file /tmp/TasteBuddyHomeQuestionsQA/ModuleCache.noindex/Session.modulevalidation -package-name supabase_swift -Xcc -I/tmp/TasteBuddyHomeQuestionsQA/Build/Intermediates.noindex/Supabase.build/Debug-iphonesimulator/PostgREST.build/swift-overrides.hmap -emit-const-values -Xfrontend -const-gather-protocols-file -Xfrontend /tmp/TasteBuddyHomeQuestionsQA/Build/Intermediates.noindex/Supabase.build/Debug-iphonesimulator/PostgREST.build/Objects-normal/x86_64/PostgREST_const_extract_protocols.json -Xcc -I/tmp/TasteBuddyHomeQuestionsQA/Build/Products/Debug-iphonesimulator/include -Xcc -I/tmp/TasteBuddyHomeQuestionsQA/Build/Intermediates.noindex/Supabase.build/Debug-iphonesimulator/PostgREST.build/DerivedSources-normal/x86_64 -Xcc -I/tmp/TasteBuddyHomeQuestionsQA/Build/Intermediates.noindex/Supabase.build/Debug-iphonesimulator/PostgREST.build/DerivedSources/x86_64 -Xcc -I/tmp/TasteBuddyHomeQuestionsQA/Build/Intermediates.noindex/Supabase.build/Debug-iphonesimulator/PostgREST.build/DerivedSources -Xcc -DSWIFT_PACKAGE -Xcc -DDEBUG\=1 -emit-objc-header -emit-objc-header-path /tmp/TasteBuddyHomeQuestionsQA/Build/Intermediates.noindex/Supabase.build/Debug-iphonesimulator/PostgREST.build/Objects-normal/x86_64/PostgREST-Swift.h -working-directory /Users/sinjunho/Desktop/Taste\ Buddy/ios/TasteBuddy.xcodeproj -experimental-emit-module-separately -disable-cmo

SwiftDriver Functions normal x86_64 com.apple.xcode.tools.swift.compiler (in target 'Functions' from project 'Supabase')
    cd /Users/sinjunho/Desktop/Taste\ Buddy/ios/TasteBuddy.xcodeproj
    builtin-SwiftDriver -- /Applications/Xcode.app/Contents/Developer/Toolchains/XcodeDefault.xctoolchain/usr/bin/swiftc -module-name Functions -Onone @/tmp/TasteBuddyHomeQuestionsQA/Build/Intermediates.noindex/Supabase.build/Debug-iphonesimulator/Functions.build/Objects-normal/x86_64/Functions.SwiftFileList -DSWIFT_PACKAGE -DDEBUG -DSWIFT_MODULE_RESOURCE_BUNDLE_UNAVAILABLE -DXcode -enable-upcoming-feature ExistentialAny -enable-experimental-feature StrictConcurrency -j4 -plugin-path /Applications/Xcode.app/Contents/Developer/Toolchains/XcodeDefault.xctoolchain/usr/lib/swift/host/plugins/testing -enable-experimental-feature DebugDescriptionMacro -sdk /Applications/Xcode.app/Contents/Developer/Platforms/iPhoneSimulator.platform/Developer/SDKs/iPhoneSimulator26.5.sdk -target x86_64-apple-ios13.0-simulator -g -module-cache-path /tmp/TasteBuddyHomeQuestionsQA/ModuleCache.noindex -Xfrontend -serialize-debugging-options -enable-testing -suppress-warnings -index-store-path /tmp/TasteBuddyHomeQuestionsQA/Index.noindex/DataStore -Xcc -D_LIBCPP_HARDENING_MODE\=_LIBCPP_HARDENING_MODE_DEBUG -swift-version 5 -I /tmp/TasteBuddyHomeQuestionsQA/Build/Products/Debug-iphonesimulator -Isystem /Applications/Xcode.app/Contents/Developer/Platforms/iPhoneSimulator.platform/Developer/usr/lib -F /tmp/TasteBuddyHomeQuestionsQA/Build/Products/Debug-iphonesimulator/PackageFrameworks -F /tmp/TasteBuddyHomeQuestionsQA/Build/Products/Debug-iphonesimulator/PackageFrameworks -F /tmp/TasteBuddyHomeQuestionsQA/Build/Products/Debug-iphonesimulator/PackageFrameworks -F /tmp/TasteBuddyHomeQuestionsQA/Build/Products/Debug-iphonesimulator/PackageFrameworks -F /tmp/TasteBuddyHomeQuestionsQA/Build/Products/Debug-iphonesimulator/PackageFrameworks -F /tmp/TasteBuddyHomeQuestionsQA/Build/Products/Debug-iphonesimulator/PackageFrameworks -F /tmp/TasteBuddyHomeQuestionsQA/Build/Products/Debug-iphonesimulator/PackageFrameworks -F /tmp/TasteBuddyHomeQuestionsQA/Build/Products/Debug-iphonesimulator -F /Applications/Xcode.app/Contents/Developer/Platforms/iPhoneSimulator.platform/Developer/Library/Frameworks -F /Applications/Xcode.app/Contents/Developer/Platforms/iPhoneSimulator.platform/Developer/SDKs/iPhoneSimulator26.5.sdk/Developer/Library/Frameworks -c -j12 -enable-batch-mode -incremental -Xcc -ivfsstatcache -Xcc /tmp/TasteBuddyHomeQuestionsQA/SDKStatCaches.noindex/iphonesimulator26.5-23F81a-6cfe768891a92b912361537c460fe42b.sdkstatcache -output-file-map /tmp/TasteBuddyHomeQuestionsQA/Build/Intermediates.noindex/Supabase.build/Debug-iphonesimulator/Functions.build/Objects-normal/x86_64/Functions-OutputFileMap.json -use-frontend-parseable-output -save-temps -no-color-diagnostics -explicit-module-build -module-cache-path /tmp/TasteBuddyHomeQuestionsQA/Build/Intermediates.noindex/SwiftExplicitPrecompiledModules -clang-scanner-module-cache-path /tmp/TasteBuddyHomeQuestionsQA/ModuleCache.noindex -sdk-module-cache-path /tmp/TasteBuddyHomeQuestionsQA/ModuleCache.noindex -serialize-diagnostics -emit-dependencies -emit-module -emit-module-path /tmp/TasteBuddyHomeQuestionsQA/Build/Intermediates.noindex/Supabase.build/Debug-iphonesimulator/Functions.build/Objects-normal/x86_64/Functions.swiftmodule -validate-clang-modules-once -clang-build-session-file /tmp/TasteBuddyHomeQuestionsQA/ModuleCache.noindex/Session.modulevalidation -package-name supabase_swift -Xcc -I/tmp/TasteBuddyHomeQuestionsQA/Build/Intermediates.noindex/Supabase.build/Debug-iphonesimulator/Functions.build/swift-overrides.hmap -emit-const-values -Xfrontend -const-gather-protocols-file -Xfrontend /tmp/TasteBuddyHomeQuestionsQA/Build/Intermediates.noindex/Supabase.build/Debug-iphonesimulator/Functions.build/Objects-normal/x86_64/Functions_const_extract_protocols.json -Xcc -I/tmp/TasteBuddyHomeQuestionsQA/Build/Products/Debug-iphonesimulator/include -Xcc -I/tmp/TasteBuddyHomeQuestionsQA/Build/Intermediates.noindex/Supabase.build/Debug-iphonesimulator/Functions.build/DerivedSources-normal/x86_64 -Xcc -I/tmp/TasteBuddyHomeQuestionsQA/Build/Intermediates.noindex/Supabase.build/Debug-iphonesimulator/Functions.build/DerivedSources/x86_64 -Xcc -I/tmp/TasteBuddyHomeQuestionsQA/Build/Intermediates.noindex/Supabase.build/Debug-iphonesimulator/Functions.build/DerivedSources -Xcc -DSWIFT_PACKAGE -Xcc -DDEBUG\=1 -emit-objc-header -emit-objc-header-path /tmp/TasteBuddyHomeQuestionsQA/Build/Intermediates.noindex/Supabase.build/Debug-iphonesimulator/Functions.build/Objects-normal/x86_64/Functions-Swift.h -working-directory /Users/sinjunho/Desktop/Taste\ Buddy/ios/TasteBuddy.xcodeproj -experimental-emit-module-separately -disable-cmo

SwiftDriver Auth normal x86_64 com.apple.xcode.tools.swift.compiler (in target 'Auth' from project 'Supabase')
    cd /Users/sinjunho/Desktop/Taste\ Buddy/ios/TasteBuddy.xcodeproj
    builtin-SwiftDriver -- /Applications/Xcode.app/Contents/Developer/Toolchains/XcodeDefault.xctoolchain/usr/bin/swiftc -module-name Auth -Onone @/tmp/TasteBuddyHomeQuestionsQA/Build/Intermediates.noindex/Supabase.build/Debug-iphonesimulator/Auth.build/Objects-normal/x86_64/Auth.SwiftFileList -DSWIFT_PACKAGE -DDEBUG -DSWIFT_MODULE_RESOURCE_BUNDLE_UNAVAILABLE -DXcode -enable-upcoming-feature ExistentialAny -enable-experimental-feature StrictConcurrency -j4 -plugin-path /Applications/Xcode.app/Contents/Developer/Toolchains/XcodeDefault.xctoolchain/usr/lib/swift/host/plugins/testing -enable-experimental-feature DebugDescriptionMacro -sdk /Applications/Xcode.app/Contents/Developer/Platforms/iPhoneSimulator.platform/Developer/SDKs/iPhoneSimulator26.5.sdk -target x86_64-apple-ios13.0-simulator -g -module-cache-path /tmp/TasteBuddyHomeQuestionsQA/ModuleCache.noindex -Xfrontend -serialize-debugging-options -enable-testing -suppress-warnings -index-store-path /tmp/TasteBuddyHomeQuestionsQA/Index.noindex/DataStore -Xcc -D_LIBCPP_HARDENING_MODE\=_LIBCPP_HARDENING_MODE_DEBUG -swift-version 5 -I /tmp/TasteBuddyHomeQuestionsQA/Build/Products/Debug-iphonesimulator -Isystem /Applications/Xcode.app/Contents/Developer/Platforms/iPhoneSimulator.platform/Developer/usr/lib -F /tmp/TasteBuddyHomeQuestionsQA/Build/Products/Debug-iphonesimulator/PackageFrameworks -F /tmp/TasteBuddyHomeQuestionsQA/Build/Products/Debug-iphonesimulator/PackageFrameworks -F /tmp/TasteBuddyHomeQuestionsQA/Build/Products/Debug-iphonesimulator/PackageFrameworks -F /tmp/TasteBuddyHomeQuestionsQA/Build/Products/Debug-iphonesimulator/PackageFrameworks -F /tmp/TasteBuddyHomeQuestionsQA/Build/Products/Debug-iphonesimulator/PackageFrameworks -F /tmp/TasteBuddyHomeQuestionsQA/Build/Products/Debug-iphonesimulator/PackageFrameworks -F /tmp/TasteBuddyHomeQuestionsQA/Build/Products/Debug-iphonesimulator/PackageFrameworks -F /tmp/TasteBuddyHomeQuestionsQA/Build/Products/Debug-iphonesimulator/PackageFrameworks -F /tmp/TasteBuddyHomeQuestionsQA/Build/Products/Debug-iphonesimulator -F /Applications/Xcode.app/Contents/Developer/Platforms/iPhoneSimulator.platform/Developer/Library/Frameworks -F /Applications/Xcode.app/Contents/Developer/Platforms/iPhoneSimulator.platform/Developer/SDKs/iPhoneSimulator26.5.sdk/Developer/Library/Frameworks -c -j12 -enable-batch-mode -incremental -Xcc -ivfsstatcache -Xcc /tmp/TasteBuddyHomeQuestionsQA/SDKStatCaches.noindex/iphonesimulator26.5-23F81a-6cfe768891a92b912361537c460fe42b.sdkstatcache -output-file-map /tmp/TasteBuddyHomeQuestionsQA/Build/Intermediates.noindex/Supabase.build/Debug-iphonesimulator/Auth.build/Objects-normal/x86_64/Auth-OutputFileMap.json -use-frontend-parseable-output -save-temps -no-color-diagnostics -explicit-module-build -module-cache-path /tmp/TasteBuddyHomeQuestionsQA/Build/Intermediates.noindex/SwiftExplicitPrecompiledModules -clang-scanner-module-cache-path /tmp/TasteBuddyHomeQuestionsQA/ModuleCache.noindex -sdk-module-cache-path /tmp/TasteBuddyHomeQuestionsQA/ModuleCache.noindex -serialize-diagnostics -emit-dependencies -emit-module -emit-module-path /tmp/TasteBuddyHomeQuestionsQA/Build/Intermediates.noindex/Supabase.build/Debug-iphonesimulator/Auth.build/Objects-normal/x86_64/Auth.swiftmodule -validate-clang-modules-once -clang-build-session-file /tmp/TasteBuddyHomeQuestionsQA/ModuleCache.noindex/Session.modulevalidation -package-name supabase_swift -Xcc -I/tmp/TasteBuddyHomeQuestionsQA/Build/Intermediates.noindex/Supabase.build/Debug-iphonesimulator/Auth.build/swift-overrides.hmap -emit-const-values -Xfrontend -const-gather-protocols-file -Xfrontend /tmp/TasteBuddyHomeQuestionsQA/Build/Intermediates.noindex/Supabase.build/Debug-iphonesimulator/Auth.build/Objects-normal/x86_64/Auth_const_extract_protocols.json -Xcc -I/tmp/TasteBuddyHomeQuestionsQA/Build/Products/Debug-iphonesimulator/include -Xcc -I/tmp/TasteBuddyHomeQuestionsQA/Build/Intermediates.noindex/Supabase.build/Debug-iphonesimulator/Auth.build/DerivedSources-normal/x86_64 -Xcc -I/tmp/TasteBuddyHomeQuestionsQA/Build/Intermediates.noindex/Supabase.build/Debug-iphonesimulator/Auth.build/DerivedSources/x86_64 -Xcc -I/tmp/TasteBuddyHomeQuestionsQA/Build/Intermediates.noindex/Supabase.build/Debug-iphonesimulator/Auth.build/DerivedSources -Xcc -DSWIFT_PACKAGE -Xcc -DDEBUG\=1 -emit-objc-header -emit-objc-header-path /tmp/TasteBuddyHomeQuestionsQA/Build/Intermediates.noindex/Supabase.build/Debug-iphonesimulator/Auth.build/Objects-normal/x86_64/Auth-Swift.h -working-directory /Users/sinjunho/Desktop/Taste\ Buddy/ios/TasteBuddy.xcodeproj -experimental-emit-module-separately -disable-cmo

SwiftDriver\ Compilation Functions normal x86_64 com.apple.xcode.tools.swift.compiler (in target 'Functions' from project 'Supabase')
    cd /Users/sinjunho/Desktop/Taste\ Buddy/ios/TasteBuddy.xcodeproj
    builtin-Swift-Compilation -- /Applications/Xcode.app/Contents/Developer/Toolchains/XcodeDefault.xctoolchain/usr/bin/swiftc -module-name Functions -Onone @/tmp/TasteBuddyHomeQuestionsQA/Build/Intermediates.noindex/Supabase.build/Debug-iphonesimulator/Functions.build/Objects-normal/x86_64/Functions.SwiftFileList -DSWIFT_PACKAGE -DDEBUG -DSWIFT_MODULE_RESOURCE_BUNDLE_UNAVAILABLE -DXcode -enable-upcoming-feature ExistentialAny -enable-experimental-feature StrictConcurrency -j4 -plugin-path /Applications/Xcode.app/Contents/Developer/Toolchains/XcodeDefault.xctoolchain/usr/lib/swift/host/plugins/testing -enable-experimental-feature DebugDescriptionMacro -sdk /Applications/Xcode.app/Contents/Developer/Platforms/iPhoneSimulator.platform/Developer/SDKs/iPhoneSimulator26.5.sdk -target x86_64-apple-ios13.0-simulator -g -module-cache-path /tmp/TasteBuddyHomeQuestionsQA/ModuleCache.noindex -Xfrontend -serialize-debugging-options -enable-testing -suppress-warnings -index-store-path /tmp/TasteBuddyHomeQuestionsQA/Index.noindex/DataStore -Xcc -D_LIBCPP_HARDENING_MODE\=_LIBCPP_HARDENING_MODE_DEBUG -swift-version 5 -I /tmp/TasteBuddyHomeQuestionsQA/Build/Products/Debug-iphonesimulator -Isystem /Applications/Xcode.app/Contents/Developer/Platforms/iPhoneSimulator.platform/Developer/usr/lib -F /tmp/TasteBuddyHomeQuestionsQA/Build/Products/Debug-iphonesimulator/PackageFrameworks -F /tmp/TasteBuddyHomeQuestionsQA/Build/Products/Debug-iphonesimulator/PackageFrameworks -F /tmp/TasteBuddyHomeQuestionsQA/Build/Products/Debug-iphonesimulator/PackageFrameworks -F /tmp/TasteBuddyHomeQuestionsQA/Build/Products/Debug-iphonesimulator/PackageFrameworks -F /tmp/TasteBuddyHomeQuestionsQA/Build/Products/Debug-iphonesimulator/PackageFrameworks -F /tmp/TasteBuddyHomeQuestionsQA/Build/Products/Debug-iphonesimulator/PackageFrameworks -F /tmp/TasteBuddyHomeQuestionsQA/Build/Products/Debug-iphonesimulator/PackageFrameworks -F /tmp/TasteBuddyHomeQuestionsQA/Build/Products/Debug-iphonesimulator -F /Applications/Xcode.app/Contents/Developer/Platforms/iPhoneSimulator.platform/Developer/Library/Frameworks -F /Applications/Xcode.app/Contents/Developer/Platforms/iPhoneSimulator.platform/Developer/SDKs/iPhoneSimulator26.5.sdk/Developer/Library/Frameworks -c -j12 -enable-batch-mode -incremental -Xcc -ivfsstatcache -Xcc /tmp/TasteBuddyHomeQuestionsQA/SDKStatCaches.noindex/iphonesimulator26.5-23F81a-6cfe768891a92b912361537c460fe42b.sdkstatcache -output-file-map /tmp/TasteBuddyHomeQuestionsQA/Build/Intermediates.noindex/Supabase.build/Debug-iphonesimulator/Functions.build/Objects-normal/x86_64/Functions-OutputFileMap.json -use-frontend-parseable-output -save-temps -no-color-diagnostics -explicit-module-build -module-cache-path /tmp/TasteBuddyHomeQuestionsQA/Build/Intermediates.noindex/SwiftExplicitPrecompiledModules -clang-scanner-module-cache-path /tmp/TasteBuddyHomeQuestionsQA/ModuleCache.noindex -sdk-module-cache-path /tmp/TasteBuddyHomeQuestionsQA/ModuleCache.noindex -serialize-diagnostics -emit-dependencies -emit-module -emit-module-path /tmp/TasteBuddyHomeQuestionsQA/Build/Intermediates.noindex/Supabase.build/Debug-iphonesimulator/Functions.build/Objects-normal/x86_64/Functions.swiftmodule -validate-clang-modules-once -clang-build-session-file /tmp/TasteBuddyHomeQuestionsQA/ModuleCache.noindex/Session.modulevalidation -package-name supabase_swift -Xcc -I/tmp/TasteBuddyHomeQuestionsQA/Build/Intermediates.noindex/Supabase.build/Debug-iphonesimulator/Functions.build/swift-overrides.hmap -emit-const-values -Xfrontend -const-gather-protocols-file -Xfrontend /tmp/TasteBuddyHomeQuestionsQA/Build/Intermediates.noindex/Supabase.build/Debug-iphonesimulator/Functions.build/Objects-normal/x86_64/Functions_const_extract_protocols.json -Xcc -I/tmp/TasteBuddyHomeQuestionsQA/Build/Products/Debug-iphonesimulator/include -Xcc -I/tmp/TasteBuddyHomeQuestionsQA/Build/Intermediates.noindex/Supabase.build/Debug-iphonesimulator/Functions.build/DerivedSources-normal/x86_64 -Xcc -I/tmp/TasteBuddyHomeQuestionsQA/Build/Intermediates.noindex/Supabase.build/Debug-iphonesimulator/Functions.build/DerivedSources/x86_64 -Xcc -I/tmp/TasteBuddyHomeQuestionsQA/Build/Intermediates.noindex/Supabase.build/Debug-iphonesimulator/Functions.build/DerivedSources -Xcc -DSWIFT_PACKAGE -Xcc -DDEBUG\=1 -emit-objc-header -emit-objc-header-path /tmp/TasteBuddyHomeQuestionsQA/Build/Intermediates.noindex/Supabase.build/Debug-iphonesimulator/Functions.build/Objects-normal/x86_64/Functions-Swift.h -working-directory /Users/sinjunho/Desktop/Taste\ Buddy/ios/TasteBuddy.xcodeproj -experimental-emit-module-separately -disable-cmo

SwiftDriver\ Compilation Storage normal x86_64 com.apple.xcode.tools.swift.compiler (in target 'Storage' from project 'Supabase')
    cd /Users/sinjunho/Desktop/Taste\ Buddy/ios/TasteBuddy.xcodeproj
    builtin-Swift-Compilation -- /Applications/Xcode.app/Contents/Developer/Toolchains/XcodeDefault.xctoolchain/usr/bin/swiftc -module-name Storage -Onone @/tmp/TasteBuddyHomeQuestionsQA/Build/Intermediates.noindex/Supabase.build/Debug-iphonesimulator/Storage.build/Objects-normal/x86_64/Storage.SwiftFileList -DSWIFT_PACKAGE -DDEBUG -DSWIFT_MODULE_RESOURCE_BUNDLE_UNAVAILABLE -DXcode -enable-upcoming-feature ExistentialAny -enable-experimental-feature StrictConcurrency -j4 -plugin-path /Applications/Xcode.app/Contents/Developer/Toolchains/XcodeDefault.xctoolchain/usr/lib/swift/host/plugins/testing -enable-experimental-feature DebugDescriptionMacro -sdk /Applications/Xcode.app/Contents/Developer/Platforms/iPhoneSimulator.platform/Developer/SDKs/iPhoneSimulator26.5.sdk -target x86_64-apple-ios13.0-simulator -g -module-cache-path /tmp/TasteBuddyHomeQuestionsQA/ModuleCache.noindex -Xfrontend -serialize-debugging-options -enable-testing -suppress-warnings -index-store-path /tmp/TasteBuddyHomeQuestionsQA/Index.noindex/DataStore -Xcc -D_LIBCPP_HARDENING_MODE\=_LIBCPP_HARDENING_MODE_DEBUG -swift-version 5 -I /tmp/TasteBuddyHomeQuestionsQA/Build/Products/Debug-iphonesimulator -Isystem /Applications/Xcode.app/Contents/Developer/Platforms/iPhoneSimulator.platform/Developer/usr/lib -F /tmp/TasteBuddyHomeQuestionsQA/Build/Products/Debug-iphonesimulator/PackageFrameworks -F /tmp/TasteBuddyHomeQuestionsQA/Build/Products/Debug-iphonesimulator/PackageFrameworks -F /tmp/TasteBuddyHomeQuestionsQA/Build/Products/Debug-iphonesimulator/PackageFrameworks -F /tmp/TasteBuddyHomeQuestionsQA/Build/Products/Debug-iphonesimulator/PackageFrameworks -F /tmp/TasteBuddyHomeQuestionsQA/Build/Products/Debug-iphonesimulator/PackageFrameworks -F /tmp/TasteBuddyHomeQuestionsQA/Build/Products/Debug-iphonesimulator/PackageFrameworks -F /tmp/TasteBuddyHomeQuestionsQA/Build/Products/Debug-iphonesimulator/PackageFrameworks -F /tmp/TasteBuddyHomeQuestionsQA/Build/Products/Debug-iphonesimulator -F /Applications/Xcode.app/Contents/Developer/Platforms/iPhoneSimulator.platform/Developer/Library/Frameworks -F /Applications/Xcode.app/Contents/Developer/Platforms/iPhoneSimulator.platform/Developer/SDKs/iPhoneSimulator26.5.sdk/Developer/Library/Frameworks -c -j12 -enable-batch-mode -incremental -Xcc -ivfsstatcache -Xcc /tmp/TasteBuddyHomeQuestionsQA/SDKStatCaches.noindex/iphonesimulator26.5-23F81a-6cfe768891a92b912361537c460fe42b.sdkstatcache -output-file-map /tmp/TasteBuddyHomeQuestionsQA/Build/Intermediates.noindex/Supabase.build/Debug-iphonesimulator/Storage.build/Objects-normal/x86_64/Storage-OutputFileMap.json -use-frontend-parseable-output -save-temps -no-color-diagnostics -explicit-module-build -module-cache-path /tmp/TasteBuddyHomeQuestionsQA/Build/Intermediates.noindex/SwiftExplicitPrecompiledModules -clang-scanner-module-cache-path /tmp/TasteBuddyHomeQuestionsQA/ModuleCache.noindex -sdk-module-cache-path /tmp/TasteBuddyHomeQuestionsQA/ModuleCache.noindex -serialize-diagnostics -emit-dependencies -emit-module -emit-module-path /tmp/TasteBuddyHomeQuestionsQA/Build/Intermediates.noindex/Supabase.build/Debug-iphonesimulator/Storage.build/Objects-normal/x86_64/Storage.swiftmodule -validate-clang-modules-once -clang-build-session-file /tmp/TasteBuddyHomeQuestionsQA/ModuleCache.noindex/Session.modulevalidation -package-name supabase_swift -Xcc -I/tmp/TasteBuddyHomeQuestionsQA/Build/Intermediates.noindex/Supabase.build/Debug-iphonesimulator/Storage.build/swift-overrides.hmap -emit-const-values -Xfrontend -const-gather-protocols-file -Xfrontend /tmp/TasteBuddyHomeQuestionsQA/Build/Intermediates.noindex/Supabase.build/Debug-iphonesimulator/Storage.build/Objects-normal/x86_64/Storage_const_extract_protocols.json -Xcc -I/tmp/TasteBuddyHomeQuestionsQA/Build/Products/Debug-iphonesimulator/include -Xcc -I/tmp/TasteBuddyHomeQuestionsQA/Build/Intermediates.noindex/Supabase.build/Debug-iphonesimulator/Storage.build/DerivedSources-normal/x86_64 -Xcc -I/tmp/TasteBuddyHomeQuestionsQA/Build/Intermediates.noindex/Supabase.build/Debug-iphonesimulator/Storage.build/DerivedSources/x86_64 -Xcc -I/tmp/TasteBuddyHomeQuestionsQA/Build/Intermediates.noindex/Supabase.build/Debug-iphonesimulator/Storage.build/DerivedSources -Xcc -DSWIFT_PACKAGE -Xcc -DDEBUG\=1 -emit-objc-header -emit-objc-header-path /tmp/TasteBuddyHomeQuestionsQA/Build/Intermediates.noindex/Supabase.build/Debug-iphonesimulator/Storage.build/Objects-normal/x86_64/Storage-Swift.h -working-directory /Users/sinjunho/Desktop/Taste\ Buddy/ios/TasteBuddy.xcodeproj -experimental-emit-module-separately -disable-cmo

SwiftDriver\ Compilation\ Requirements Functions normal x86_64 com.apple.xcode.tools.swift.compiler (in target 'Functions' from project 'Supabase')
    cd /Users/sinjunho/Desktop/Taste\ Buddy/ios/TasteBuddy.xcodeproj
    builtin-Swift-Compilation-Requirements -- /Applications/Xcode.app/Contents/Developer/Toolchains/XcodeDefault.xctoolchain/usr/bin/swiftc -module-name Functions -Onone @/tmp/TasteBuddyHomeQuestionsQA/Build/Intermediates.noindex/Supabase.build/Debug-iphonesimulator/Functions.build/Objects-normal/x86_64/Functions.SwiftFileList -DSWIFT_PACKAGE -DDEBUG -DSWIFT_MODULE_RESOURCE_BUNDLE_UNAVAILABLE -DXcode -enable-upcoming-feature ExistentialAny -enable-experimental-feature StrictConcurrency -j4 -plugin-path /Applications/Xcode.app/Contents/Developer/Toolchains/XcodeDefault.xctoolchain/usr/lib/swift/host/plugins/testing -enable-experimental-feature DebugDescriptionMacro -sdk /Applications/Xcode.app/Contents/Developer/Platforms/iPhoneSimulator.platform/Developer/SDKs/iPhoneSimulator26.5.sdk -target x86_64-apple-ios13.0-simulator -g -module-cache-path /tmp/TasteBuddyHomeQuestionsQA/ModuleCache.noindex -Xfrontend -serialize-debugging-options -enable-testing -suppress-warnings -index-store-path /tmp/TasteBuddyHomeQuestionsQA/Index.noindex/DataStore -Xcc -D_LIBCPP_HARDENING_MODE\=_LIBCPP_HARDENING_MODE_DEBUG -swift-version 5 -I /tmp/TasteBuddyHomeQuestionsQA/Build/Products/Debug-iphonesimulator -Isystem /Applications/Xcode.app/Contents/Developer/Platforms/iPhoneSimulator.platform/Developer/usr/lib -F /tmp/TasteBuddyHomeQuestionsQA/Build/Products/Debug-iphonesimulator/PackageFrameworks -F /tmp/TasteBuddyHomeQuestionsQA/Build/Products/Debug-iphonesimulator/PackageFrameworks -F /tmp/TasteBuddyHomeQuestionsQA/Build/Products/Debug-iphonesimulator/PackageFrameworks -F /tmp/TasteBuddyHomeQuestionsQA/Build/Products/Debug-iphonesimulator/PackageFrameworks -F /tmp/TasteBuddyHomeQuestionsQA/Build/Products/Debug-iphonesimulator/PackageFrameworks -F /tmp/TasteBuddyHomeQuestionsQA/Build/Products/Debug-iphonesimulator/PackageFrameworks -F /tmp/TasteBuddyHomeQuestionsQA/Build/Products/Debug-iphonesimulator/PackageFrameworks -F /tmp/TasteBuddyHomeQuestionsQA/Build/Products/Debug-iphonesimulator -F /Applications/Xcode.app/Contents/Developer/Platforms/iPhoneSimulator.platform/Developer/Library/Frameworks -F /Applications/Xcode.app/Contents/Developer/Platforms/iPhoneSimulator.platform/Developer/SDKs/iPhoneSimulator26.5.sdk/Developer/Library/Frameworks -c -j12 -enable-batch-mode -incremental -Xcc -ivfsstatcache -Xcc /tmp/TasteBuddyHomeQuestionsQA/SDKStatCaches.noindex/iphonesimulator26.5-23F81a-6cfe768891a92b912361537c460fe42b.sdkstatcache -output-file-map /tmp/TasteBuddyHomeQuestionsQA/Build/Intermediates.noindex/Supabase.build/Debug-iphonesimulator/Functions.build/Objects-normal/x86_64/Functions-OutputFileMap.json -use-frontend-parseable-output -save-temps -no-color-diagnostics -explicit-module-build -module-cache-path /tmp/TasteBuddyHomeQuestionsQA/Build/Intermediates.noindex/SwiftExplicitPrecompiledModules -clang-scanner-module-cache-path /tmp/TasteBuddyHomeQuestionsQA/ModuleCache.noindex -sdk-module-cache-path /tmp/TasteBuddyHomeQuestionsQA/ModuleCache.noindex -serialize-diagnostics -emit-dependencies -emit-module -emit-module-path /tmp/TasteBuddyHomeQuestionsQA/Build/Intermediates.noindex/Supabase.build/Debug-iphonesimulator/Functions.build/Objects-normal/x86_64/Functions.swiftmodule -validate-clang-modules-once -clang-build-session-file /tmp/TasteBuddyHomeQuestionsQA/ModuleCache.noindex/Session.modulevalidation -package-name supabase_swift -Xcc -I/tmp/TasteBuddyHomeQuestionsQA/Build/Intermediates.noindex/Supabase.build/Debug-iphonesimulator/Functions.build/swift-overrides.hmap -emit-const-values -Xfrontend -const-gather-protocols-file -Xfrontend /tmp/TasteBuddyHomeQuestionsQA/Build/Intermediates.noindex/Supabase.build/Debug-iphonesimulator/Functions.build/Objects-normal/x86_64/Functions_const_extract_protocols.json -Xcc -I/tmp/TasteBuddyHomeQuestionsQA/Build/Products/Debug-iphonesimulator/include -Xcc -I/tmp/TasteBuddyHomeQuestionsQA/Build/Intermediates.noindex/Supabase.build/Debug-iphonesimulator/Functions.build/DerivedSources-normal/x86_64 -Xcc -I/tmp/TasteBuddyHomeQuestionsQA/Build/Intermediates.noindex/Supabase.build/Debug-iphonesimulator/Functions.build/DerivedSources/x86_64 -Xcc -I/tmp/TasteBuddyHomeQuestionsQA/Build/Intermediates.noindex/Supabase.build/Debug-iphonesimulator/Functions.build/DerivedSources -Xcc -DSWIFT_PACKAGE -Xcc -DDEBUG\=1 -emit-objc-header -emit-objc-header-path /tmp/TasteBuddyHomeQuestionsQA/Build/Intermediates.noindex/Supabase.build/Debug-iphonesimulator/Functions.build/Objects-normal/x86_64/Functions-Swift.h -working-directory /Users/sinjunho/Desktop/Taste\ Buddy/ios/TasteBuddy.xcodeproj -experimental-emit-module-separately -disable-cmo

SwiftDriver\ Compilation\ Requirements Storage normal x86_64 com.apple.xcode.tools.swift.compiler (in target 'Storage' from project 'Supabase')
    cd /Users/sinjunho/Desktop/Taste\ Buddy/ios/TasteBuddy.xcodeproj
    builtin-Swift-Compilation-Requirements -- /Applications/Xcode.app/Contents/Developer/Toolchains/XcodeDefault.xctoolchain/usr/bin/swiftc -module-name Storage -Onone @/tmp/TasteBuddyHomeQuestionsQA/Build/Intermediates.noindex/Supabase.build/Debug-iphonesimulator/Storage.build/Objects-normal/x86_64/Storage.SwiftFileList -DSWIFT_PACKAGE -DDEBUG -DSWIFT_MODULE_RESOURCE_BUNDLE_UNAVAILABLE -DXcode -enable-upcoming-feature ExistentialAny -enable-experimental-feature StrictConcurrency -j4 -plugin-path /Applications/Xcode.app/Contents/Developer/Toolchains/XcodeDefault.xctoolchain/usr/lib/swift/host/plugins/testing -enable-experimental-feature DebugDescriptionMacro -sdk /Applications/Xcode.app/Contents/Developer/Platforms/iPhoneSimulator.platform/Developer/SDKs/iPhoneSimulator26.5.sdk -target x86_64-apple-ios13.0-simulator -g -module-cache-path /tmp/TasteBuddyHomeQuestionsQA/ModuleCache.noindex -Xfrontend -serialize-debugging-options -enable-testing -suppress-warnings -index-store-path /tmp/TasteBuddyHomeQuestionsQA/Index.noindex/DataStore -Xcc -D_LIBCPP_HARDENING_MODE\=_LIBCPP_HARDENING_MODE_DEBUG -swift-version 5 -I /tmp/TasteBuddyHomeQuestionsQA/Build/Products/Debug-iphonesimulator -Isystem /Applications/Xcode.app/Contents/Developer/Platforms/iPhoneSimulator.platform/Developer/usr/lib -F /tmp/TasteBuddyHomeQuestionsQA/Build/Products/Debug-iphonesimulator/PackageFrameworks -F /tmp/TasteBuddyHomeQuestionsQA/Build/Products/Debug-iphonesimulator/PackageFrameworks -F /tmp/TasteBuddyHomeQuestionsQA/Build/Products/Debug-iphonesimulator/PackageFrameworks -F /tmp/TasteBuddyHomeQuestionsQA/Build/Products/Debug-iphonesimulator/PackageFrameworks -F /tmp/TasteBuddyHomeQuestionsQA/Build/Products/Debug-iphonesimulator/PackageFrameworks -F /tmp/TasteBuddyHomeQuestionsQA/Build/Products/Debug-iphonesimulator/PackageFrameworks -F /tmp/TasteBuddyHomeQuestionsQA/Build/Products/Debug-iphonesimulator/PackageFrameworks -F /tmp/TasteBuddyHomeQuestionsQA/Build/Products/Debug-iphonesimulator -F /Applications/Xcode.app/Contents/Developer/Platforms/iPhoneSimulator.platform/Developer/Library/Frameworks -F /Applications/Xcode.app/Contents/Developer/Platforms/iPhoneSimulator.platform/Developer/SDKs/iPhoneSimulator26.5.sdk/Developer/Library/Frameworks -c -j12 -enable-batch-mode -incremental -Xcc -ivfsstatcache -Xcc /tmp/TasteBuddyHomeQuestionsQA/SDKStatCaches.noindex/iphonesimulator26.5-23F81a-6cfe768891a92b912361537c460fe42b.sdkstatcache -output-file-map /tmp/TasteBuddyHomeQuestionsQA/Build/Intermediates.noindex/Supabase.build/Debug-iphonesimulator/Storage.build/Objects-normal/x86_64/Storage-OutputFileMap.json -use-frontend-parseable-output -save-temps -no-color-diagnostics -explicit-module-build -module-cache-path /tmp/TasteBuddyHomeQuestionsQA/Build/Intermediates.noindex/SwiftExplicitPrecompiledModules -clang-scanner-module-cache-path /tmp/TasteBuddyHomeQuestionsQA/ModuleCache.noindex -sdk-module-cache-path /tmp/TasteBuddyHomeQuestionsQA/ModuleCache.noindex -serialize-diagnostics -emit-dependencies -emit-module -emit-module-path /tmp/TasteBuddyHomeQuestionsQA/Build/Intermediates.noindex/Supabase.build/Debug-iphonesimulator/Storage.build/Objects-normal/x86_64/Storage.swiftmodule -validate-clang-modules-once -clang-build-session-file /tmp/TasteBuddyHomeQuestionsQA/ModuleCache.noindex/Session.modulevalidation -package-name supabase_swift -Xcc -I/tmp/TasteBuddyHomeQuestionsQA/Build/Intermediates.noindex/Supabase.build/Debug-iphonesimulator/Storage.build/swift-overrides.hmap -emit-const-values -Xfrontend -const-gather-protocols-file -Xfrontend /tmp/TasteBuddyHomeQuestionsQA/Build/Intermediates.noindex/Supabase.build/Debug-iphonesimulator/Storage.build/Objects-normal/x86_64/Storage_const_extract_protocols.json -Xcc -I/tmp/TasteBuddyHomeQuestionsQA/Build/Products/Debug-iphonesimulator/include -Xcc -I/tmp/TasteBuddyHomeQuestionsQA/Build/Intermediates.noindex/Supabase.build/Debug-iphonesimulator/Storage.build/DerivedSources-normal/x86_64 -Xcc -I/tmp/TasteBuddyHomeQuestionsQA/Build/Intermediates.noindex/Supabase.build/Debug-iphonesimulator/Storage.build/DerivedSources/x86_64 -Xcc -I/tmp/TasteBuddyHomeQuestionsQA/Build/Intermediates.noindex/Supabase.build/Debug-iphonesimulator/Storage.build/DerivedSources -Xcc -DSWIFT_PACKAGE -Xcc -DDEBUG\=1 -emit-objc-header -emit-objc-header-path /tmp/TasteBuddyHomeQuestionsQA/Build/Intermediates.noindex/Supabase.build/Debug-iphonesimulator/Storage.build/Objects-normal/x86_64/Storage-Swift.h -working-directory /Users/sinjunho/Desktop/Taste\ Buddy/ios/TasteBuddy.xcodeproj -experimental-emit-module-separately -disable-cmo

SwiftDriver\ Compilation PostgREST normal x86_64 com.apple.xcode.tools.swift.compiler (in target 'PostgREST' from project 'Supabase')
    cd /Users/sinjunho/Desktop/Taste\ Buddy/ios/TasteBuddy.xcodeproj
    builtin-Swift-Compilation -- /Applications/Xcode.app/Contents/Developer/Toolchains/XcodeDefault.xctoolchain/usr/bin/swiftc -module-name PostgREST -Onone @/tmp/TasteBuddyHomeQuestionsQA/Build/Intermediates.noindex/Supabase.build/Debug-iphonesimulator/PostgREST.build/Objects-normal/x86_64/PostgREST.SwiftFileList -DSWIFT_PACKAGE -DDEBUG -DSWIFT_MODULE_RESOURCE_BUNDLE_UNAVAILABLE -DXcode -enable-upcoming-feature ExistentialAny -enable-experimental-feature StrictConcurrency -j4 -plugin-path /Applications/Xcode.app/Contents/Developer/Toolchains/XcodeDefault.xctoolchain/usr/lib/swift/host/plugins/testing -enable-experimental-feature DebugDescriptionMacro -sdk /Applications/Xcode.app/Contents/Developer/Platforms/iPhoneSimulator.platform/Developer/SDKs/iPhoneSimulator26.5.sdk -target x86_64-apple-ios13.0-simulator -g -module-cache-path /tmp/TasteBuddyHomeQuestionsQA/ModuleCache.noindex -Xfrontend -serialize-debugging-options -enable-testing -suppress-warnings -index-store-path /tmp/TasteBuddyHomeQuestionsQA/Index.noindex/DataStore -Xcc -D_LIBCPP_HARDENING_MODE\=_LIBCPP_HARDENING_MODE_DEBUG -swift-version 5 -I /tmp/TasteBuddyHomeQuestionsQA/Build/Products/Debug-iphonesimulator -Isystem /Applications/Xcode.app/Contents/Developer/Platforms/iPhoneSimulator.platform/Developer/usr/lib -F /tmp/TasteBuddyHomeQuestionsQA/Build/Products/Debug-iphonesimulator/PackageFrameworks -F /tmp/TasteBuddyHomeQuestionsQA/Build/Products/Debug-iphonesimulator/PackageFrameworks -F /tmp/TasteBuddyHomeQuestionsQA/Build/Products/Debug-iphonesimulator/PackageFrameworks -F /tmp/TasteBuddyHomeQuestionsQA/Build/Products/Debug-iphonesimulator/PackageFrameworks -F /tmp/TasteBuddyHomeQuestionsQA/Build/Products/Debug-iphonesimulator/PackageFrameworks -F /tmp/TasteBuddyHomeQuestionsQA/Build/Products/Debug-iphonesimulator/PackageFrameworks -F /tmp/TasteBuddyHomeQuestionsQA/Build/Products/Debug-iphonesimulator/PackageFrameworks -F /tmp/TasteBuddyHomeQuestionsQA/Build/Products/Debug-iphonesimulator -F /Applications/Xcode.app/Contents/Developer/Platforms/iPhoneSimulator.platform/Developer/Library/Frameworks -F /Applications/Xcode.app/Contents/Developer/Platforms/iPhoneSimulator.platform/Developer/SDKs/iPhoneSimulator26.5.sdk/Developer/Library/Frameworks -c -j12 -enable-batch-mode -incremental -Xcc -ivfsstatcache -Xcc /tmp/TasteBuddyHomeQuestionsQA/SDKStatCaches.noindex/iphonesimulator26.5-23F81a-6cfe768891a92b912361537c460fe42b.sdkstatcache -output-file-map /tmp/TasteBuddyHomeQuestionsQA/Build/Intermediates.noindex/Supabase.build/Debug-iphonesimulator/PostgREST.build/Objects-normal/x86_64/PostgREST-OutputFileMap.json -use-frontend-parseable-output -save-temps -no-color-diagnostics -explicit-module-build -module-cache-path /tmp/TasteBuddyHomeQuestionsQA/Build/Intermediates.noindex/SwiftExplicitPrecompiledModules -clang-scanner-module-cache-path /tmp/TasteBuddyHomeQuestionsQA/ModuleCache.noindex -sdk-module-cache-path /tmp/TasteBuddyHomeQuestionsQA/ModuleCache.noindex -serialize-diagnostics -emit-dependencies -emit-module -emit-module-path /tmp/TasteBuddyHomeQuestionsQA/Build/Intermediates.noindex/Supabase.build/Debug-iphonesimulator/PostgREST.build/Objects-normal/x86_64/PostgREST.swiftmodule -validate-clang-modules-once -clang-build-session-file /tmp/TasteBuddyHomeQuestionsQA/ModuleCache.noindex/Session.modulevalidation -package-name supabase_swift -Xcc -I/tmp/TasteBuddyHomeQuestionsQA/Build/Intermediates.noindex/Supabase.build/Debug-iphonesimulator/PostgREST.build/swift-overrides.hmap -emit-const-values -Xfrontend -const-gather-protocols-file -Xfrontend /tmp/TasteBuddyHomeQuestionsQA/Build/Intermediates.noindex/Supabase.build/Debug-iphonesimulator/PostgREST.build/Objects-normal/x86_64/PostgREST_const_extract_protocols.json -Xcc -I/tmp/TasteBuddyHomeQuestionsQA/Build/Products/Debug-iphonesimulator/include -Xcc -I/tmp/TasteBuddyHomeQuestionsQA/Build/Intermediates.noindex/Supabase.build/Debug-iphonesimulator/PostgREST.build/DerivedSources-normal/x86_64 -Xcc -I/tmp/TasteBuddyHomeQuestionsQA/Build/Intermediates.noindex/Supabase.build/Debug-iphonesimulator/PostgREST.build/DerivedSources/x86_64 -Xcc -I/tmp/TasteBuddyHomeQuestionsQA/Build/Intermediates.noindex/Supabase.build/Debug-iphonesimulator/PostgREST.build/DerivedSources -Xcc -DSWIFT_PACKAGE -Xcc -DDEBUG\=1 -emit-objc-header -emit-objc-header-path /tmp/TasteBuddyHomeQuestionsQA/Build/Intermediates.noindex/Supabase.build/Debug-iphonesimulator/PostgREST.build/Objects-normal/x86_64/PostgREST-Swift.h -working-directory /Users/sinjunho/Desktop/Taste\ Buddy/ios/TasteBuddy.xcodeproj -experimental-emit-module-separately -disable-cmo

SwiftDriver\ Compilation\ Requirements PostgREST normal x86_64 com.apple.xcode.tools.swift.compiler (in target 'PostgREST' from project 'Supabase')
    cd /Users/sinjunho/Desktop/Taste\ Buddy/ios/TasteBuddy.xcodeproj
    builtin-Swift-Compilation-Requirements -- /Applications/Xcode.app/Contents/Developer/Toolchains/XcodeDefault.xctoolchain/usr/bin/swiftc -module-name PostgREST -Onone @/tmp/TasteBuddyHomeQuestionsQA/Build/Intermediates.noindex/Supabase.build/Debug-iphonesimulator/PostgREST.build/Objects-normal/x86_64/PostgREST.SwiftFileList -DSWIFT_PACKAGE -DDEBUG -DSWIFT_MODULE_RESOURCE_BUNDLE_UNAVAILABLE -DXcode -enable-upcoming-feature ExistentialAny -enable-experimental-feature StrictConcurrency -j4 -plugin-path /Applications/Xcode.app/Contents/Developer/Toolchains/XcodeDefault.xctoolchain/usr/lib/swift/host/plugins/testing -enable-experimental-feature DebugDescriptionMacro -sdk /Applications/Xcode.app/Contents/Developer/Platforms/iPhoneSimulator.platform/Developer/SDKs/iPhoneSimulator26.5.sdk -target x86_64-apple-ios13.0-simulator -g -module-cache-path /tmp/TasteBuddyHomeQuestionsQA/ModuleCache.noindex -Xfrontend -serialize-debugging-options -enable-testing -suppress-warnings -index-store-path /tmp/TasteBuddyHomeQuestionsQA/Index.noindex/DataStore -Xcc -D_LIBCPP_HARDENING_MODE\=_LIBCPP_HARDENING_MODE_DEBUG -swift-version 5 -I /tmp/TasteBuddyHomeQuestionsQA/Build/Products/Debug-iphonesimulator -Isystem /Applications/Xcode.app/Contents/Developer/Platforms/iPhoneSimulator.platform/Developer/usr/lib -F /tmp/TasteBuddyHomeQuestionsQA/Build/Products/Debug-iphonesimulator/PackageFrameworks -F /tmp/TasteBuddyHomeQuestionsQA/Build/Products/Debug-iphonesimulator/PackageFrameworks -F /tmp/TasteBuddyHomeQuestionsQA/Build/Products/Debug-iphonesimulator/PackageFrameworks -F /tmp/TasteBuddyHomeQuestionsQA/Build/Products/Debug-iphonesimulator/PackageFrameworks -F /tmp/TasteBuddyHomeQuestionsQA/Build/Products/Debug-iphonesimulator/PackageFrameworks -F /tmp/TasteBuddyHomeQuestionsQA/Build/Products/Debug-iphonesimulator/PackageFrameworks -F /tmp/TasteBuddyHomeQuestionsQA/Build/Products/Debug-iphonesimulator/PackageFrameworks -F /tmp/TasteBuddyHomeQuestionsQA/Build/Products/Debug-iphonesimulator -F /Applications/Xcode.app/Contents/Developer/Platforms/iPhoneSimulator.platform/Developer/Library/Frameworks -F /Applications/Xcode.app/Contents/Developer/Platforms/iPhoneSimulator.platform/Developer/SDKs/iPhoneSimulator26.5.sdk/Developer/Library/Frameworks -c -j12 -enable-batch-mode -incremental -Xcc -ivfsstatcache -Xcc /tmp/TasteBuddyHomeQuestionsQA/SDKStatCaches.noindex/iphonesimulator26.5-23F81a-6cfe768891a92b912361537c460fe42b.sdkstatcache -output-file-map /tmp/TasteBuddyHomeQuestionsQA/Build/Intermediates.noindex/Supabase.build/Debug-iphonesimulator/PostgREST.build/Objects-normal/x86_64/PostgREST-OutputFileMap.json -use-frontend-parseable-output -save-temps -no-color-diagnostics -explicit-module-build -module-cache-path /tmp/TasteBuddyHomeQuestionsQA/Build/Intermediates.noindex/SwiftExplicitPrecompiledModules -clang-scanner-module-cache-path /tmp/TasteBuddyHomeQuestionsQA/ModuleCache.noindex -sdk-module-cache-path /tmp/TasteBuddyHomeQuestionsQA/ModuleCache.noindex -serialize-diagnostics -emit-dependencies -emit-module -emit-module-path /tmp/TasteBuddyHomeQuestionsQA/Build/Intermediates.noindex/Supabase.build/Debug-iphonesimulator/PostgREST.build/Objects-normal/x86_64/PostgREST.swiftmodule -validate-clang-modules-once -clang-build-session-file /tmp/TasteBuddyHomeQuestionsQA/ModuleCache.noindex/Session.modulevalidation -package-name supabase_swift -Xcc -I/tmp/TasteBuddyHomeQuestionsQA/Build/Intermediates.noindex/Supabase.build/Debug-iphonesimulator/PostgREST.build/swift-overrides.hmap -emit-const-values -Xfrontend -const-gather-protocols-file -Xfrontend /tmp/TasteBuddyHomeQuestionsQA/Build/Intermediates.noindex/Supabase.build/Debug-iphonesimulator/PostgREST.build/Objects-normal/x86_64/PostgREST_const_extract_protocols.json -Xcc -I/tmp/TasteBuddyHomeQuestionsQA/Build/Products/Debug-iphonesimulator/include -Xcc -I/tmp/TasteBuddyHomeQuestionsQA/Build/Intermediates.noindex/Supabase.build/Debug-iphonesimulator/PostgREST.build/DerivedSources-normal/x86_64 -Xcc -I/tmp/TasteBuddyHomeQuestionsQA/Build/Intermediates.noindex/Supabase.build/Debug-iphonesimulator/PostgREST.build/DerivedSources/x86_64 -Xcc -I/tmp/TasteBuddyHomeQuestionsQA/Build/Intermediates.noindex/Supabase.build/Debug-iphonesimulator/PostgREST.build/DerivedSources -Xcc -DSWIFT_PACKAGE -Xcc -DDEBUG\=1 -emit-objc-header -emit-objc-header-path /tmp/TasteBuddyHomeQuestionsQA/Build/Intermediates.noindex/Supabase.build/Debug-iphonesimulator/PostgREST.build/Objects-normal/x86_64/PostgREST-Swift.h -working-directory /Users/sinjunho/Desktop/Taste\ Buddy/ios/TasteBuddy.xcodeproj -experimental-emit-module-separately -disable-cmo

SwiftDriver\ Compilation Realtime normal x86_64 com.apple.xcode.tools.swift.compiler (in target 'Realtime' from project 'Supabase')
    cd /Users/sinjunho/Desktop/Taste\ Buddy/ios/TasteBuddy.xcodeproj
    builtin-Swift-Compilation -- /Applications/Xcode.app/Contents/Developer/Toolchains/XcodeDefault.xctoolchain/usr/bin/swiftc -module-name Realtime -Onone @/tmp/TasteBuddyHomeQuestionsQA/Build/Intermediates.noindex/Supabase.build/Debug-iphonesimulator/Realtime.build/Objects-normal/x86_64/Realtime.SwiftFileList -DSWIFT_PACKAGE -DDEBUG -DSWIFT_MODULE_RESOURCE_BUNDLE_UNAVAILABLE -DXcode -enable-upcoming-feature ExistentialAny -enable-experimental-feature StrictConcurrency -j4 -plugin-path /Applications/Xcode.app/Contents/Developer/Toolchains/XcodeDefault.xctoolchain/usr/lib/swift/host/plugins/testing -enable-experimental-feature DebugDescriptionMacro -sdk /Applications/Xcode.app/Contents/Developer/Platforms/iPhoneSimulator.platform/Developer/SDKs/iPhoneSimulator26.5.sdk -target x86_64-apple-ios13.0-simulator -g -module-cache-path /tmp/TasteBuddyHomeQuestionsQA/ModuleCache.noindex -Xfrontend -serialize-debugging-options -enable-testing -suppress-warnings -index-store-path /tmp/TasteBuddyHomeQuestionsQA/Index.noindex/DataStore -Xcc -D_LIBCPP_HARDENING_MODE\=_LIBCPP_HARDENING_MODE_DEBUG -swift-version 5 -I /tmp/TasteBuddyHomeQuestionsQA/Build/Products/Debug-iphonesimulator -Isystem /Applications/Xcode.app/Contents/Developer/Platforms/iPhoneSimulator.platform/Developer/usr/lib -F /tmp/TasteBuddyHomeQuestionsQA/Build/Products/Debug-iphonesimulator/PackageFrameworks -F /tmp/TasteBuddyHomeQuestionsQA/Build/Products/Debug-iphonesimulator/PackageFrameworks -F /tmp/TasteBuddyHomeQuestionsQA/Build/Products/Debug-iphonesimulator/PackageFrameworks -F /tmp/TasteBuddyHomeQuestionsQA/Build/Products/Debug-iphonesimulator/PackageFrameworks -F /tmp/TasteBuddyHomeQuestionsQA/Build/Products/Debug-iphonesimulator/PackageFrameworks -F /tmp/TasteBuddyHomeQuestionsQA/Build/Products/Debug-iphonesimulator/PackageFrameworks -F /tmp/TasteBuddyHomeQuestionsQA/Build/Products/Debug-iphonesimulator/PackageFrameworks -F /tmp/TasteBuddyHomeQuestionsQA/Build/Products/Debug-iphonesimulator -F /Applications/Xcode.app/Contents/Developer/Platforms/iPhoneSimulator.platform/Developer/Library/Frameworks -F /Applications/Xcode.app/Contents/Developer/Platforms/iPhoneSimulator.platform/Developer/SDKs/iPhoneSimulator26.5.sdk/Developer/Library/Frameworks -c -j12 -enable-batch-mode -incremental -Xcc -ivfsstatcache -Xcc /tmp/TasteBuddyHomeQuestionsQA/SDKStatCaches.noindex/iphonesimulator26.5-23F81a-6cfe768891a92b912361537c460fe42b.sdkstatcache -output-file-map /tmp/TasteBuddyHomeQuestionsQA/Build/Intermediates.noindex/Supabase.build/Debug-iphonesimulator/Realtime.build/Objects-normal/x86_64/Realtime-OutputFileMap.json -use-frontend-parseable-output -save-temps -no-color-diagnostics -explicit-module-build -module-cache-path /tmp/TasteBuddyHomeQuestionsQA/Build/Intermediates.noindex/SwiftExplicitPrecompiledModules -clang-scanner-module-cache-path /tmp/TasteBuddyHomeQuestionsQA/ModuleCache.noindex -sdk-module-cache-path /tmp/TasteBuddyHomeQuestionsQA/ModuleCache.noindex -serialize-diagnostics -emit-dependencies -emit-module -emit-module-path /tmp/TasteBuddyHomeQuestionsQA/Build/Intermediates.noindex/Supabase.build/Debug-iphonesimulator/Realtime.build/Objects-normal/x86_64/Realtime.swiftmodule -validate-clang-modules-once -clang-build-session-file /tmp/TasteBuddyHomeQuestionsQA/ModuleCache.noindex/Session.modulevalidation -package-name supabase_swift -Xcc -I/tmp/TasteBuddyHomeQuestionsQA/Build/Intermediates.noindex/Supabase.build/Debug-iphonesimulator/Realtime.build/swift-overrides.hmap -emit-const-values -Xfrontend -const-gather-protocols-file -Xfrontend /tmp/TasteBuddyHomeQuestionsQA/Build/Intermediates.noindex/Supabase.build/Debug-iphonesimulator/Realtime.build/Objects-normal/x86_64/Realtime_const_extract_protocols.json -Xcc -I/tmp/TasteBuddyHomeQuestionsQA/Build/Products/Debug-iphonesimulator/include -Xcc -I/tmp/TasteBuddyHomeQuestionsQA/Build/Intermediates.noindex/Supabase.build/Debug-iphonesimulator/Realtime.build/DerivedSources-normal/x86_64 -Xcc -I/tmp/TasteBuddyHomeQuestionsQA/Build/Intermediates.noindex/Supabase.build/Debug-iphonesimulator/Realtime.build/DerivedSources/x86_64 -Xcc -I/tmp/TasteBuddyHomeQuestionsQA/Build/Intermediates.noindex/Supabase.build/Debug-iphonesimulator/Realtime.build/DerivedSources -Xcc -DSWIFT_PACKAGE -Xcc -DDEBUG\=1 -emit-objc-header -emit-objc-header-path /tmp/TasteBuddyHomeQuestionsQA/Build/Intermediates.noindex/Supabase.build/Debug-iphonesimulator/Realtime.build/Objects-normal/x86_64/Realtime-Swift.h -working-directory /Users/sinjunho/Desktop/Taste\ Buddy/ios/TasteBuddy.xcodeproj -experimental-emit-module-separately -disable-cmo

SwiftDriver\ Compilation\ Requirements Realtime normal x86_64 com.apple.xcode.tools.swift.compiler (in target 'Realtime' from project 'Supabase')
    cd /Users/sinjunho/Desktop/Taste\ Buddy/ios/TasteBuddy.xcodeproj
    builtin-Swift-Compilation-Requirements -- /Applications/Xcode.app/Contents/Developer/Toolchains/XcodeDefault.xctoolchain/usr/bin/swiftc -module-name Realtime -Onone @/tmp/TasteBuddyHomeQuestionsQA/Build/Intermediates.noindex/Supabase.build/Debug-iphonesimulator/Realtime.build/Objects-normal/x86_64/Realtime.SwiftFileList -DSWIFT_PACKAGE -DDEBUG -DSWIFT_MODULE_RESOURCE_BUNDLE_UNAVAILABLE -DXcode -enable-upcoming-feature ExistentialAny -enable-experimental-feature StrictConcurrency -j4 -plugin-path /Applications/Xcode.app/Contents/Developer/Toolchains/XcodeDefault.xctoolchain/usr/lib/swift/host/plugins/testing -enable-experimental-feature DebugDescriptionMacro -sdk /Applications/Xcode.app/Contents/Developer/Platforms/iPhoneSimulator.platform/Developer/SDKs/iPhoneSimulator26.5.sdk -target x86_64-apple-ios13.0-simulator -g -module-cache-path /tmp/TasteBuddyHomeQuestionsQA/ModuleCache.noindex -Xfrontend -serialize-debugging-options -enable-testing -suppress-warnings -index-store-path /tmp/TasteBuddyHomeQuestionsQA/Index.noindex/DataStore -Xcc -D_LIBCPP_HARDENING_MODE\=_LIBCPP_HARDENING_MODE_DEBUG -swift-version 5 -I /tmp/TasteBuddyHomeQuestionsQA/Build/Products/Debug-iphonesimulator -Isystem /Applications/Xcode.app/Contents/Developer/Platforms/iPhoneSimulator.platform/Developer/usr/lib -F /tmp/TasteBuddyHomeQuestionsQA/Build/Products/Debug-iphonesimulator/PackageFrameworks -F /tmp/TasteBuddyHomeQuestionsQA/Build/Products/Debug-iphonesimulator/PackageFrameworks -F /tmp/TasteBuddyHomeQuestionsQA/Build/Products/Debug-iphonesimulator/PackageFrameworks -F /tmp/TasteBuddyHomeQuestionsQA/Build/Products/Debug-iphonesimulator/PackageFrameworks -F /tmp/TasteBuddyHomeQuestionsQA/Build/Products/Debug-iphonesimulator/PackageFrameworks -F /tmp/TasteBuddyHomeQuestionsQA/Build/Products/Debug-iphonesimulator/PackageFrameworks -F /tmp/TasteBuddyHomeQuestionsQA/Build/Products/Debug-iphonesimulator/PackageFrameworks -F /tmp/TasteBuddyHomeQuestionsQA/Build/Products/Debug-iphonesimulator -F /Applications/Xcode.app/Contents/Developer/Platforms/iPhoneSimulator.platform/Developer/Library/Frameworks -F /Applications/Xcode.app/Contents/Developer/Platforms/iPhoneSimulator.platform/Developer/SDKs/iPhoneSimulator26.5.sdk/Developer/Library/Frameworks -c -j12 -enable-batch-mode -incremental -Xcc -ivfsstatcache -Xcc /tmp/TasteBuddyHomeQuestionsQA/SDKStatCaches.noindex/iphonesimulator26.5-23F81a-6cfe768891a92b912361537c460fe42b.sdkstatcache -output-file-map /tmp/TasteBuddyHomeQuestionsQA/Build/Intermediates.noindex/Supabase.build/Debug-iphonesimulator/Realtime.build/Objects-normal/x86_64/Realtime-OutputFileMap.json -use-frontend-parseable-output -save-temps -no-color-diagnostics -explicit-module-build -module-cache-path /tmp/TasteBuddyHomeQuestionsQA/Build/Intermediates.noindex/SwiftExplicitPrecompiledModules -clang-scanner-module-cache-path /tmp/TasteBuddyHomeQuestionsQA/ModuleCache.noindex -sdk-module-cache-path /tmp/TasteBuddyHomeQuestionsQA/ModuleCache.noindex -serialize-diagnostics -emit-dependencies -emit-module -emit-module-path /tmp/TasteBuddyHomeQuestionsQA/Build/Intermediates.noindex/Supabase.build/Debug-iphonesimulator/Realtime.build/Objects-normal/x86_64/Realtime.swiftmodule -validate-clang-modules-once -clang-build-session-file /tmp/TasteBuddyHomeQuestionsQA/ModuleCache.noindex/Session.modulevalidation -package-name supabase_swift -Xcc -I/tmp/TasteBuddyHomeQuestionsQA/Build/Intermediates.noindex/Supabase.build/Debug-iphonesimulator/Realtime.build/swift-overrides.hmap -emit-const-values -Xfrontend -const-gather-protocols-file -Xfrontend /tmp/TasteBuddyHomeQuestionsQA/Build/Intermediates.noindex/Supabase.build/Debug-iphonesimulator/Realtime.build/Objects-normal/x86_64/Realtime_const_extract_protocols.json -Xcc -I/tmp/TasteBuddyHomeQuestionsQA/Build/Products/Debug-iphonesimulator/include -Xcc -I/tmp/TasteBuddyHomeQuestionsQA/Build/Intermediates.noindex/Supabase.build/Debug-iphonesimulator/Realtime.build/DerivedSources-normal/x86_64 -Xcc -I/tmp/TasteBuddyHomeQuestionsQA/Build/Intermediates.noindex/Supabase.build/Debug-iphonesimulator/Realtime.build/DerivedSources/x86_64 -Xcc -I/tmp/TasteBuddyHomeQuestionsQA/Build/Intermediates.noindex/Supabase.build/Debug-iphonesimulator/Realtime.build/DerivedSources -Xcc -DSWIFT_PACKAGE -Xcc -DDEBUG\=1 -emit-objc-header -emit-objc-header-path /tmp/TasteBuddyHomeQuestionsQA/Build/Intermediates.noindex/Supabase.build/Debug-iphonesimulator/Realtime.build/Objects-normal/x86_64/Realtime-Swift.h -working-directory /Users/sinjunho/Desktop/Taste\ Buddy/ios/TasteBuddy.xcodeproj -experimental-emit-module-separately -disable-cmo

SwiftDriver\ Compilation\ Requirements Auth normal x86_64 com.apple.xcode.tools.swift.compiler (in target 'Auth' from project 'Supabase')
    cd /Users/sinjunho/Desktop/Taste\ Buddy/ios/TasteBuddy.xcodeproj
    builtin-Swift-Compilation-Requirements -- /Applications/Xcode.app/Contents/Developer/Toolchains/XcodeDefault.xctoolchain/usr/bin/swiftc -module-name Auth -Onone @/tmp/TasteBuddyHomeQuestionsQA/Build/Intermediates.noindex/Supabase.build/Debug-iphonesimulator/Auth.build/Objects-normal/x86_64/Auth.SwiftFileList -DSWIFT_PACKAGE -DDEBUG -DSWIFT_MODULE_RESOURCE_BUNDLE_UNAVAILABLE -DXcode -enable-upcoming-feature ExistentialAny -enable-experimental-feature StrictConcurrency -j4 -plugin-path /Applications/Xcode.app/Contents/Developer/Toolchains/XcodeDefault.xctoolchain/usr/lib/swift/host/plugins/testing -enable-experimental-feature DebugDescriptionMacro -sdk /Applications/Xcode.app/Contents/Developer/Platforms/iPhoneSimulator.platform/Developer/SDKs/iPhoneSimulator26.5.sdk -target x86_64-apple-ios13.0-simulator -g -module-cache-path /tmp/TasteBuddyHomeQuestionsQA/ModuleCache.noindex -Xfrontend -serialize-debugging-options -enable-testing -suppress-warnings -index-store-path /tmp/TasteBuddyHomeQuestionsQA/Index.noindex/DataStore -Xcc -D_LIBCPP_HARDENING_MODE\=_LIBCPP_HARDENING_MODE_DEBUG -swift-version 5 -I /tmp/TasteBuddyHomeQuestionsQA/Build/Products/Debug-iphonesimulator -Isystem /Applications/Xcode.app/Contents/Developer/Platforms/iPhoneSimulator.platform/Developer/usr/lib -F /tmp/TasteBuddyHomeQuestionsQA/Build/Products/Debug-iphonesimulator/PackageFrameworks -F /tmp/TasteBuddyHomeQuestionsQA/Build/Products/Debug-iphonesimulator/PackageFrameworks -F /tmp/TasteBuddyHomeQuestionsQA/Build/Products/Debug-iphonesimulator/PackageFrameworks -F /tmp/TasteBuddyHomeQuestionsQA/Build/Products/Debug-iphonesimulator/PackageFrameworks -F /tmp/TasteBuddyHomeQuestionsQA/Build/Products/Debug-iphonesimulator/PackageFrameworks -F /tmp/TasteBuddyHomeQuestionsQA/Build/Products/Debug-iphonesimulator/PackageFrameworks -F /tmp/TasteBuddyHomeQuestionsQA/Build/Products/Debug-iphonesimulator/PackageFrameworks -F /tmp/TasteBuddyHomeQuestionsQA/Build/Products/Debug-iphonesimulator/PackageFrameworks -F /tmp/TasteBuddyHomeQuestionsQA/Build/Products/Debug-iphonesimulator -F /Applications/Xcode.app/Contents/Developer/Platforms/iPhoneSimulator.platform/Developer/Library/Frameworks -F /Applications/Xcode.app/Contents/Developer/Platforms/iPhoneSimulator.platform/Developer/SDKs/iPhoneSimulator26.5.sdk/Developer/Library/Frameworks -c -j12 -enable-batch-mode -incremental -Xcc -ivfsstatcache -Xcc /tmp/TasteBuddyHomeQuestionsQA/SDKStatCaches.noindex/iphonesimulator26.5-23F81a-6cfe768891a92b912361537c460fe42b.sdkstatcache -output-file-map /tmp/TasteBuddyHomeQuestionsQA/Build/Intermediates.noindex/Supabase.build/Debug-iphonesimulator/Auth.build/Objects-normal/x86_64/Auth-OutputFileMap.json -use-frontend-parseable-output -save-temps -no-color-diagnostics -explicit-module-build -module-cache-path /tmp/TasteBuddyHomeQuestionsQA/Build/Intermediates.noindex/SwiftExplicitPrecompiledModules -clang-scanner-module-cache-path /tmp/TasteBuddyHomeQuestionsQA/ModuleCache.noindex -sdk-module-cache-path /tmp/TasteBuddyHomeQuestionsQA/ModuleCache.noindex -serialize-diagnostics -emit-dependencies -emit-module -emit-module-path /tmp/TasteBuddyHomeQuestionsQA/Build/Intermediates.noindex/Supabase.build/Debug-iphonesimulator/Auth.build/Objects-normal/x86_64/Auth.swiftmodule -validate-clang-modules-once -clang-build-session-file /tmp/TasteBuddyHomeQuestionsQA/ModuleCache.noindex/Session.modulevalidation -package-name supabase_swift -Xcc -I/tmp/TasteBuddyHomeQuestionsQA/Build/Intermediates.noindex/Supabase.build/Debug-iphonesimulator/Auth.build/swift-overrides.hmap -emit-const-values -Xfrontend -const-gather-protocols-file -Xfrontend /tmp/TasteBuddyHomeQuestionsQA/Build/Intermediates.noindex/Supabase.build/Debug-iphonesimulator/Auth.build/Objects-normal/x86_64/Auth_const_extract_protocols.json -Xcc -I/tmp/TasteBuddyHomeQuestionsQA/Build/Products/Debug-iphonesimulator/include -Xcc -I/tmp/TasteBuddyHomeQuestionsQA/Build/Intermediates.noindex/Supabase.build/Debug-iphonesimulator/Auth.build/DerivedSources-normal/x86_64 -Xcc -I/tmp/TasteBuddyHomeQuestionsQA/Build/Intermediates.noindex/Supabase.build/Debug-iphonesimulator/Auth.build/DerivedSources/x86_64 -Xcc -I/tmp/TasteBuddyHomeQuestionsQA/Build/Intermediates.noindex/Supabase.build/Debug-iphonesimulator/Auth.build/DerivedSources -Xcc -DSWIFT_PACKAGE -Xcc -DDEBUG\=1 -emit-objc-header -emit-objc-header-path /tmp/TasteBuddyHomeQuestionsQA/Build/Intermediates.noindex/Supabase.build/Debug-iphonesimulator/Auth.build/Objects-normal/x86_64/Auth-Swift.h -working-directory /Users/sinjunho/Desktop/Taste\ Buddy/ios/TasteBuddy.xcodeproj -experimental-emit-module-separately -disable-cmo

SwiftDriver\ Compilation Auth normal x86_64 com.apple.xcode.tools.swift.compiler (in target 'Auth' from project 'Supabase')
    cd /Users/sinjunho/Desktop/Taste\ Buddy/ios/TasteBuddy.xcodeproj
    builtin-Swift-Compilation -- /Applications/Xcode.app/Contents/Developer/Toolchains/XcodeDefault.xctoolchain/usr/bin/swiftc -module-name Auth -Onone @/tmp/TasteBuddyHomeQuestionsQA/Build/Intermediates.noindex/Supabase.build/Debug-iphonesimulator/Auth.build/Objects-normal/x86_64/Auth.SwiftFileList -DSWIFT_PACKAGE -DDEBUG -DSWIFT_MODULE_RESOURCE_BUNDLE_UNAVAILABLE -DXcode -enable-upcoming-feature ExistentialAny -enable-experimental-feature StrictConcurrency -j4 -plugin-path /Applications/Xcode.app/Contents/Developer/Toolchains/XcodeDefault.xctoolchain/usr/lib/swift/host/plugins/testing -enable-experimental-feature DebugDescriptionMacro -sdk /Applications/Xcode.app/Contents/Developer/Platforms/iPhoneSimulator.platform/Developer/SDKs/iPhoneSimulator26.5.sdk -target x86_64-apple-ios13.0-simulator -g -module-cache-path /tmp/TasteBuddyHomeQuestionsQA/ModuleCache.noindex -Xfrontend -serialize-debugging-options -enable-testing -suppress-warnings -index-store-path /tmp/TasteBuddyHomeQuestionsQA/Index.noindex/DataStore -Xcc -D_LIBCPP_HARDENING_MODE\=_LIBCPP_HARDENING_MODE_DEBUG -swift-version 5 -I /tmp/TasteBuddyHomeQuestionsQA/Build/Products/Debug-iphonesimulator -Isystem /Applications/Xcode.app/Contents/Developer/Platforms/iPhoneSimulator.platform/Developer/usr/lib -F /tmp/TasteBuddyHomeQuestionsQA/Build/Products/Debug-iphonesimulator/PackageFrameworks -F /tmp/TasteBuddyHomeQuestionsQA/Build/Products/Debug-iphonesimulator/PackageFrameworks -F /tmp/TasteBuddyHomeQuestionsQA/Build/Products/Debug-iphonesimulator/PackageFrameworks -F /tmp/TasteBuddyHomeQuestionsQA/Build/Products/Debug-iphonesimulator/PackageFrameworks -F /tmp/TasteBuddyHomeQuestionsQA/Build/Products/Debug-iphonesimulator/PackageFrameworks -F /tmp/TasteBuddyHomeQuestionsQA/Build/Products/Debug-iphonesimulator/PackageFrameworks -F /tmp/TasteBuddyHomeQuestionsQA/Build/Products/Debug-iphonesimulator/PackageFrameworks -F /tmp/TasteBuddyHomeQuestionsQA/Build/Products/Debug-iphonesimulator/PackageFrameworks -F /tmp/TasteBuddyHomeQuestionsQA/Build/Products/Debug-iphonesimulator -F /Applications/Xcode.app/Contents/Developer/Platforms/iPhoneSimulator.platform/Developer/Library/Frameworks -F /Applications/Xcode.app/Contents/Developer/Platforms/iPhoneSimulator.platform/Developer/SDKs/iPhoneSimulator26.5.sdk/Developer/Library/Frameworks -c -j12 -enable-batch-mode -incremental -Xcc -ivfsstatcache -Xcc /tmp/TasteBuddyHomeQuestionsQA/SDKStatCaches.noindex/iphonesimulator26.5-23F81a-6cfe768891a92b912361537c460fe42b.sdkstatcache -output-file-map /tmp/TasteBuddyHomeQuestionsQA/Build/Intermediates.noindex/Supabase.build/Debug-iphonesimulator/Auth.build/Objects-normal/x86_64/Auth-OutputFileMap.json -use-frontend-parseable-output -save-temps -no-color-diagnostics -explicit-module-build -module-cache-path /tmp/TasteBuddyHomeQuestionsQA/Build/Intermediates.noindex/SwiftExplicitPrecompiledModules -clang-scanner-module-cache-path /tmp/TasteBuddyHomeQuestionsQA/ModuleCache.noindex -sdk-module-cache-path /tmp/TasteBuddyHomeQuestionsQA/ModuleCache.noindex -serialize-diagnostics -emit-dependencies -emit-module -emit-module-path /tmp/TasteBuddyHomeQuestionsQA/Build/Intermediates.noindex/Supabase.build/Debug-iphonesimulator/Auth.build/Objects-normal/x86_64/Auth.swiftmodule -validate-clang-modules-once -clang-build-session-file /tmp/TasteBuddyHomeQuestionsQA/ModuleCache.noindex/Session.modulevalidation -package-name supabase_swift -Xcc -I/tmp/TasteBuddyHomeQuestionsQA/Build/Intermediates.noindex/Supabase.build/Debug-iphonesimulator/Auth.build/swift-overrides.hmap -emit-const-values -Xfrontend -const-gather-protocols-file -Xfrontend /tmp/TasteBuddyHomeQuestionsQA/Build/Intermediates.noindex/Supabase.build/Debug-iphonesimulator/Auth.build/Objects-normal/x86_64/Auth_const_extract_protocols.json -Xcc -I/tmp/TasteBuddyHomeQuestionsQA/Build/Products/Debug-iphonesimulator/include -Xcc -I/tmp/TasteBuddyHomeQuestionsQA/Build/Intermediates.noindex/Supabase.build/Debug-iphonesimulator/Auth.build/DerivedSources-normal/x86_64 -Xcc -I/tmp/TasteBuddyHomeQuestionsQA/Build/Intermediates.noindex/Supabase.build/Debug-iphonesimulator/Auth.build/DerivedSources/x86_64 -Xcc -I/tmp/TasteBuddyHomeQuestionsQA/Build/Intermediates.noindex/Supabase.build/Debug-iphonesimulator/Auth.build/DerivedSources -Xcc -DSWIFT_PACKAGE -Xcc -DDEBUG\=1 -emit-objc-header -emit-objc-header-path /tmp/TasteBuddyHomeQuestionsQA/Build/Intermediates.noindex/Supabase.build/Debug-iphonesimulator/Auth.build/Objects-normal/x86_64/Auth-Swift.h -working-directory /Users/sinjunho/Desktop/Taste\ Buddy/ios/TasteBuddy.xcodeproj -experimental-emit-module-separately -disable-cmo

SwiftDriver Supabase normal x86_64 com.apple.xcode.tools.swift.compiler (in target 'Supabase' from project 'Supabase')
    cd /Users/sinjunho/Desktop/Taste\ Buddy/ios/TasteBuddy.xcodeproj
    builtin-SwiftDriver -- /Applications/Xcode.app/Contents/Developer/Toolchains/XcodeDefault.xctoolchain/usr/bin/swiftc -module-name Supabase -Onone @/tmp/TasteBuddyHomeQuestionsQA/Build/Intermediates.noindex/Supabase.build/Debug-iphonesimulator/Supabase.build/Objects-normal/x86_64/Supabase.SwiftFileList -DSWIFT_PACKAGE -DDEBUG -DSWIFT_MODULE_RESOURCE_BUNDLE_UNAVAILABLE -DXcode -enable-upcoming-feature ExistentialAny -enable-experimental-feature StrictConcurrency -j4 -plugin-path /Applications/Xcode.app/Contents/Developer/Toolchains/XcodeDefault.xctoolchain/usr/lib/swift/host/plugins/testing -enable-experimental-feature DebugDescriptionMacro -sdk /Applications/Xcode.app/Contents/Developer/Platforms/iPhoneSimulator.platform/Developer/SDKs/iPhoneSimulator26.5.sdk -target x86_64-apple-ios13.0-simulator -g -module-cache-path /tmp/TasteBuddyHomeQuestionsQA/ModuleCache.noindex -Xfrontend -serialize-debugging-options -enable-testing -suppress-warnings -index-store-path /tmp/TasteBuddyHomeQuestionsQA/Index.noindex/DataStore -Xcc -D_LIBCPP_HARDENING_MODE\=_LIBCPP_HARDENING_MODE_DEBUG -swift-version 5 -I /tmp/TasteBuddyHomeQuestionsQA/Build/Products/Debug-iphonesimulator -Isystem /Applications/Xcode.app/Contents/Developer/Platforms/iPhoneSimulator.platform/Developer/usr/lib -F /tmp/TasteBuddyHomeQuestionsQA/Build/Products/Debug-iphonesimulator/PackageFrameworks -F /tmp/TasteBuddyHomeQuestionsQA/Build/Products/Debug-iphonesimulator/PackageFrameworks -F /tmp/TasteBuddyHomeQuestionsQA/Build/Products/Debug-iphonesimulator/PackageFrameworks -F /tmp/TasteBuddyHomeQuestionsQA/Build/Products/Debug-iphonesimulator/PackageFrameworks -F /tmp/TasteBuddyHomeQuestionsQA/Build/Products/Debug-iphonesimulator/PackageFrameworks -F /tmp/TasteBuddyHomeQuestionsQA/Build/Products/Debug-iphonesimulator/PackageFrameworks -F /tmp/TasteBuddyHomeQuestionsQA/Build/Products/Debug-iphonesimulator/PackageFrameworks -F /tmp/TasteBuddyHomeQuestionsQA/Build/Products/Debug-iphonesimulator/PackageFrameworks -F /tmp/TasteBuddyHomeQuestionsQA/Build/Products/Debug-iphonesimulator/PackageFrameworks -F /tmp/TasteBuddyHomeQuestionsQA/Build/Products/Debug-iphonesimulator/PackageFrameworks -F /tmp/TasteBuddyHomeQuestionsQA/Build/Products/Debug-iphonesimulator/PackageFrameworks -F /tmp/TasteBuddyHomeQuestionsQA/Build/Products/Debug-iphonesimulator/PackageFrameworks -F /tmp/TasteBuddyHomeQuestionsQA/Build/Products/Debug-iphonesimulator/PackageFrameworks -F /tmp/TasteBuddyHomeQuestionsQA/Build/Products/Debug-iphonesimulator -F /Applications/Xcode.app/Contents/Developer/Platforms/iPhoneSimulator.platform/Developer/Library/Frameworks -F /Applications/Xcode.app/Contents/Developer/Platforms/iPhoneSimulator.platform/Developer/SDKs/iPhoneSimulator26.5.sdk/Developer/Library/Frameworks -c -j12 -enable-batch-mode -incremental -Xcc -ivfsstatcache -Xcc /tmp/TasteBuddyHomeQuestionsQA/SDKStatCaches.noindex/iphonesimulator26.5-23F81a-6cfe768891a92b912361537c460fe42b.sdkstatcache -output-file-map /tmp/TasteBuddyHomeQuestionsQA/Build/Intermediates.noindex/Supabase.build/Debug-iphonesimulator/Supabase.build/Objects-normal/x86_64/Supabase-OutputFileMap.json -use-frontend-parseable-output -save-temps -no-color-diagnostics -explicit-module-build -module-cache-path /tmp/TasteBuddyHomeQuestionsQA/Build/Intermediates.noindex/SwiftExplicitPrecompiledModules -clang-scanner-module-cache-path /tmp/TasteBuddyHomeQuestionsQA/ModuleCache.noindex -sdk-module-cache-path /tmp/TasteBuddyHomeQuestionsQA/ModuleCache.noindex -serialize-diagnostics -emit-dependencies -emit-module -emit-module-path /tmp/TasteBuddyHomeQuestionsQA/Build/Intermediates.noindex/Supabase.build/Debug-iphonesimulator/Supabase.build/Objects-normal/x86_64/Supabase.swiftmodule -validate-clang-modules-once -clang-build-session-file /tmp/TasteBuddyHomeQuestionsQA/ModuleCache.noindex/Session.modulevalidation -package-name supabase_swift -Xcc -I/tmp/TasteBuddyHomeQuestionsQA/Build/Intermediates.noindex/Supabase.build/Debug-iphonesimulator/Supabase.build/swift-overrides.hmap -emit-const-values -Xfrontend -const-gather-protocols-file -Xfrontend /tmp/TasteBuddyHomeQuestionsQA/Build/Intermediates.noindex/Supabase.build/Debug-iphonesimulator/Supabase.build/Objects-normal/x86_64/Supabase_const_extract_protocols.json -Xcc -I/tmp/TasteBuddyHomeQuestionsQA/Build/Products/Debug-iphonesimulator/include -Xcc -I/tmp/TasteBuddyHomeQuestionsQA/Build/Intermediates.noindex/Supabase.build/Debug-iphonesimulator/Supabase.build/DerivedSources-normal/x86_64 -Xcc -I/tmp/TasteBuddyHomeQuestionsQA/Build/Intermediates.noindex/Supabase.build/Debug-iphonesimulator/Supabase.build/DerivedSources/x86_64 -Xcc -I/tmp/TasteBuddyHomeQuestionsQA/Build/Intermediates.noindex/Supabase.build/Debug-iphonesimulator/Supabase.build/DerivedSources -Xcc -DSWIFT_PACKAGE -Xcc -DDEBUG\=1 -emit-objc-header -emit-objc-header-path /tmp/TasteBuddyHomeQuestionsQA/Build/Intermediates.noindex/Supabase.build/Debug-iphonesimulator/Supabase.build/Objects-normal/x86_64/Supabase-Swift.h -working-directory /Users/sinjunho/Desktop/Taste\ Buddy/ios/TasteBuddy.xcodeproj -experimental-emit-module-separately -disable-cmo

SwiftDriver\ Compilation\ Requirements Supabase normal x86_64 com.apple.xcode.tools.swift.compiler (in target 'Supabase' from project 'Supabase')
    cd /Users/sinjunho/Desktop/Taste\ Buddy/ios/TasteBuddy.xcodeproj
    builtin-Swift-Compilation-Requirements -- /Applications/Xcode.app/Contents/Developer/Toolchains/XcodeDefault.xctoolchain/usr/bin/swiftc -module-name Supabase -Onone @/tmp/TasteBuddyHomeQuestionsQA/Build/Intermediates.noindex/Supabase.build/Debug-iphonesimulator/Supabase.build/Objects-normal/x86_64/Supabase.SwiftFileList -DSWIFT_PACKAGE -DDEBUG -DSWIFT_MODULE_RESOURCE_BUNDLE_UNAVAILABLE -DXcode -enable-upcoming-feature ExistentialAny -enable-experimental-feature StrictConcurrency -j4 -plugin-path /Applications/Xcode.app/Contents/Developer/Toolchains/XcodeDefault.xctoolchain/usr/lib/swift/host/plugins/testing -enable-experimental-feature DebugDescriptionMacro -sdk /Applications/Xcode.app/Contents/Developer/Platforms/iPhoneSimulator.platform/Developer/SDKs/iPhoneSimulator26.5.sdk -target x86_64-apple-ios13.0-simulator -g -module-cache-path /tmp/TasteBuddyHomeQuestionsQA/ModuleCache.noindex -Xfrontend -serialize-debugging-options -enable-testing -suppress-warnings -index-store-path /tmp/TasteBuddyHomeQuestionsQA/Index.noindex/DataStore -Xcc -D_LIBCPP_HARDENING_MODE\=_LIBCPP_HARDENING_MODE_DEBUG -swift-version 5 -I /tmp/TasteBuddyHomeQuestionsQA/Build/Products/Debug-iphonesimulator -Isystem /Applications/Xcode.app/Contents/Developer/Platforms/iPhoneSimulator.platform/Developer/usr/lib -F /tmp/TasteBuddyHomeQuestionsQA/Build/Products/Debug-iphonesimulator/PackageFrameworks -F /tmp/TasteBuddyHomeQuestionsQA/Build/Products/Debug-iphonesimulator/PackageFrameworks -F /tmp/TasteBuddyHomeQuestionsQA/Build/Products/Debug-iphonesimulator/PackageFrameworks -F /tmp/TasteBuddyHomeQuestionsQA/Build/Products/Debug-iphonesimulator/PackageFrameworks -F /tmp/TasteBuddyHomeQuestionsQA/Build/Products/Debug-iphonesimulator/PackageFrameworks -F /tmp/TasteBuddyHomeQuestionsQA/Build/Products/Debug-iphonesimulator/PackageFrameworks -F /tmp/TasteBuddyHomeQuestionsQA/Build/Products/Debug-iphonesimulator/PackageFrameworks -F /tmp/TasteBuddyHomeQuestionsQA/Build/Products/Debug-iphonesimulator/PackageFrameworks -F /tmp/TasteBuddyHomeQuestionsQA/Build/Products/Debug-iphonesimulator/PackageFrameworks -F /tmp/TasteBuddyHomeQuestionsQA/Build/Products/Debug-iphonesimulator/PackageFrameworks -F /tmp/TasteBuddyHomeQuestionsQA/Build/Products/Debug-iphonesimulator/PackageFrameworks -F /tmp/TasteBuddyHomeQuestionsQA/Build/Products/Debug-iphonesimulator/PackageFrameworks -F /tmp/TasteBuddyHomeQuestionsQA/Build/Products/Debug-iphonesimulator/PackageFrameworks -F /tmp/TasteBuddyHomeQuestionsQA/Build/Products/Debug-iphonesimulator -F /Applications/Xcode.app/Contents/Developer/Platforms/iPhoneSimulator.platform/Developer/Library/Frameworks -F /Applications/Xcode.app/Contents/Developer/Platforms/iPhoneSimulator.platform/Developer/SDKs/iPhoneSimulator26.5.sdk/Developer/Library/Frameworks -c -j12 -enable-batch-mode -incremental -Xcc -ivfsstatcache -Xcc /tmp/TasteBuddyHomeQuestionsQA/SDKStatCaches.noindex/iphonesimulator26.5-23F81a-6cfe768891a92b912361537c460fe42b.sdkstatcache -output-file-map /tmp/TasteBuddyHomeQuestionsQA/Build/Intermediates.noindex/Supabase.build/Debug-iphonesimulator/Supabase.build/Objects-normal/x86_64/Supabase-OutputFileMap.json -use-frontend-parseable-output -save-temps -no-color-diagnostics -explicit-module-build -module-cache-path /tmp/TasteBuddyHomeQuestionsQA/Build/Intermediates.noindex/SwiftExplicitPrecompiledModules -clang-scanner-module-cache-path /tmp/TasteBuddyHomeQuestionsQA/ModuleCache.noindex -sdk-module-cache-path /tmp/TasteBuddyHomeQuestionsQA/ModuleCache.noindex -serialize-diagnostics -emit-dependencies -emit-module -emit-module-path /tmp/TasteBuddyHomeQuestionsQA/Build/Intermediates.noindex/Supabase.build/Debug-iphonesimulator/Supabase.build/Objects-normal/x86_64/Supabase.swiftmodule -validate-clang-modules-once -clang-build-session-file /tmp/TasteBuddyHomeQuestionsQA/ModuleCache.noindex/Session.modulevalidation -package-name supabase_swift -Xcc -I/tmp/TasteBuddyHomeQuestionsQA/Build/Intermediates.noindex/Supabase.build/Debug-iphonesimulator/Supabase.build/swift-overrides.hmap -emit-const-values -Xfrontend -const-gather-protocols-file -Xfrontend /tmp/TasteBuddyHomeQuestionsQA/Build/Intermediates.noindex/Supabase.build/Debug-iphonesimulator/Supabase.build/Objects-normal/x86_64/Supabase_const_extract_protocols.json -Xcc -I/tmp/TasteBuddyHomeQuestionsQA/Build/Products/Debug-iphonesimulator/include -Xcc -I/tmp/TasteBuddyHomeQuestionsQA/Build/Intermediates.noindex/Supabase.build/Debug-iphonesimulator/Supabase.build/DerivedSources-normal/x86_64 -Xcc -I/tmp/TasteBuddyHomeQuestionsQA/Build/Intermediates.noindex/Supabase.build/Debug-iphonesimulator/Supabase.build/DerivedSources/x86_64 -Xcc -I/tmp/TasteBuddyHomeQuestionsQA/Build/Intermediates.noindex/Supabase.build/Debug-iphonesimulator/Supabase.build/DerivedSources -Xcc -DSWIFT_PACKAGE -Xcc -DDEBUG\=1 -emit-objc-header -emit-objc-header-path /tmp/TasteBuddyHomeQuestionsQA/Build/Intermediates.noindex/Supabase.build/Debug-iphonesimulator/Supabase.build/Objects-normal/x86_64/Supabase-Swift.h -working-directory /Users/sinjunho/Desktop/Taste\ Buddy/ios/TasteBuddy.xcodeproj -experimental-emit-module-separately -disable-cmo

SwiftDriver\ Compilation Supabase normal x86_64 com.apple.xcode.tools.swift.compiler (in target 'Supabase' from project 'Supabase')
    cd /Users/sinjunho/Desktop/Taste\ Buddy/ios/TasteBuddy.xcodeproj
    builtin-Swift-Compilation -- /Applications/Xcode.app/Contents/Developer/Toolchains/XcodeDefault.xctoolchain/usr/bin/swiftc -module-name Supabase -Onone @/tmp/TasteBuddyHomeQuestionsQA/Build/Intermediates.noindex/Supabase.build/Debug-iphonesimulator/Supabase.build/Objects-normal/x86_64/Supabase.SwiftFileList -DSWIFT_PACKAGE -DDEBUG -DSWIFT_MODULE_RESOURCE_BUNDLE_UNAVAILABLE -DXcode -enable-upcoming-feature ExistentialAny -enable-experimental-feature StrictConcurrency -j4 -plugin-path /Applications/Xcode.app/Contents/Developer/Toolchains/XcodeDefault.xctoolchain/usr/lib/swift/host/plugins/testing -enable-experimental-feature DebugDescriptionMacro -sdk /Applications/Xcode.app/Contents/Developer/Platforms/iPhoneSimulator.platform/Developer/SDKs/iPhoneSimulator26.5.sdk -target x86_64-apple-ios13.0-simulator -g -module-cache-path /tmp/TasteBuddyHomeQuestionsQA/ModuleCache.noindex -Xfrontend -serialize-debugging-options -enable-testing -suppress-warnings -index-store-path /tmp/TasteBuddyHomeQuestionsQA/Index.noindex/DataStore -Xcc -D_LIBCPP_HARDENING_MODE\=_LIBCPP_HARDENING_MODE_DEBUG -swift-version 5 -I /tmp/TasteBuddyHomeQuestionsQA/Build/Products/Debug-iphonesimulator -Isystem /Applications/Xcode.app/Contents/Developer/Platforms/iPhoneSimulator.platform/Developer/usr/lib -F /tmp/TasteBuddyHomeQuestionsQA/Build/Products/Debug-iphonesimulator/PackageFrameworks -F /tmp/TasteBuddyHomeQuestionsQA/Build/Products/Debug-iphonesimulator/PackageFrameworks -F /tmp/TasteBuddyHomeQuestionsQA/Build/Products/Debug-iphonesimulator/PackageFrameworks -F /tmp/TasteBuddyHomeQuestionsQA/Build/Products/Debug-iphonesimulator/PackageFrameworks -F /tmp/TasteBuddyHomeQuestionsQA/Build/Products/Debug-iphonesimulator/PackageFrameworks -F /tmp/TasteBuddyHomeQuestionsQA/Build/Products/Debug-iphonesimulator/PackageFrameworks -F /tmp/TasteBuddyHomeQuestionsQA/Build/Products/Debug-iphonesimulator/PackageFrameworks -F /tmp/TasteBuddyHomeQuestionsQA/Build/Products/Debug-iphonesimulator/PackageFrameworks -F /tmp/TasteBuddyHomeQuestionsQA/Build/Products/Debug-iphonesimulator/PackageFrameworks -F /tmp/TasteBuddyHomeQuestionsQA/Build/Products/Debug-iphonesimulator/PackageFrameworks -F /tmp/TasteBuddyHomeQuestionsQA/Build/Products/Debug-iphonesimulator/PackageFrameworks -F /tmp/TasteBuddyHomeQuestionsQA/Build/Products/Debug-iphonesimulator/PackageFrameworks -F /tmp/TasteBuddyHomeQuestionsQA/Build/Products/Debug-iphonesimulator/PackageFrameworks -F /tmp/TasteBuddyHomeQuestionsQA/Build/Products/Debug-iphonesimulator -F /Applications/Xcode.app/Contents/Developer/Platforms/iPhoneSimulator.platform/Developer/Library/Frameworks -F /Applications/Xcode.app/Contents/Developer/Platforms/iPhoneSimulator.platform/Developer/SDKs/iPhoneSimulator26.5.sdk/Developer/Library/Frameworks -c -j12 -enable-batch-mode -incremental -Xcc -ivfsstatcache -Xcc /tmp/TasteBuddyHomeQuestionsQA/SDKStatCaches.noindex/iphonesimulator26.5-23F81a-6cfe768891a92b912361537c460fe42b.sdkstatcache -output-file-map /tmp/TasteBuddyHomeQuestionsQA/Build/Intermediates.noindex/Supabase.build/Debug-iphonesimulator/Supabase.build/Objects-normal/x86_64/Supabase-OutputFileMap.json -use-frontend-parseable-output -save-temps -no-color-diagnostics -explicit-module-build -module-cache-path /tmp/TasteBuddyHomeQuestionsQA/Build/Intermediates.noindex/SwiftExplicitPrecompiledModules -clang-scanner-module-cache-path /tmp/TasteBuddyHomeQuestionsQA/ModuleCache.noindex -sdk-module-cache-path /tmp/TasteBuddyHomeQuestionsQA/ModuleCache.noindex -serialize-diagnostics -emit-dependencies -emit-module -emit-module-path /tmp/TasteBuddyHomeQuestionsQA/Build/Intermediates.noindex/Supabase.build/Debug-iphonesimulator/Supabase.build/Objects-normal/x86_64/Supabase.swiftmodule -validate-clang-modules-once -clang-build-session-file /tmp/TasteBuddyHomeQuestionsQA/ModuleCache.noindex/Session.modulevalidation -package-name supabase_swift -Xcc -I/tmp/TasteBuddyHomeQuestionsQA/Build/Intermediates.noindex/Supabase.build/Debug-iphonesimulator/Supabase.build/swift-overrides.hmap -emit-const-values -Xfrontend -const-gather-protocols-file -Xfrontend /tmp/TasteBuddyHomeQuestionsQA/Build/Intermediates.noindex/Supabase.build/Debug-iphonesimulator/Supabase.build/Objects-normal/x86_64/Supabase_const_extract_protocols.json -Xcc -I/tmp/TasteBuddyHomeQuestionsQA/Build/Products/Debug-iphonesimulator/include -Xcc -I/tmp/TasteBuddyHomeQuestionsQA/Build/Intermediates.noindex/Supabase.build/Debug-iphonesimulator/Supabase.build/DerivedSources-normal/x86_64 -Xcc -I/tmp/TasteBuddyHomeQuestionsQA/Build/Intermediates.noindex/Supabase.build/Debug-iphonesimulator/Supabase.build/DerivedSources/x86_64 -Xcc -I/tmp/TasteBuddyHomeQuestionsQA/Build/Intermediates.noindex/Supabase.build/Debug-iphonesimulator/Supabase.build/DerivedSources -Xcc -DSWIFT_PACKAGE -Xcc -DDEBUG\=1 -emit-objc-header -emit-objc-header-path /tmp/TasteBuddyHomeQuestionsQA/Build/Intermediates.noindex/Supabase.build/Debug-iphonesimulator/Supabase.build/Objects-normal/x86_64/Supabase-Swift.h -working-directory /Users/sinjunho/Desktop/Taste\ Buddy/ios/TasteBuddy.xcodeproj -experimental-emit-module-separately -disable-cmo

SwiftDriver TasteBuddy normal x86_64 com.apple.xcode.tools.swift.compiler (in target 'TasteBuddy' from project 'TasteBuddy')
    cd /Users/sinjunho/Desktop/Taste\ Buddy/ios
    builtin-SwiftDriver -- /Applications/Xcode.app/Contents/Developer/Toolchains/XcodeDefault.xctoolchain/usr/bin/swiftc -module-name TasteBuddy -Onone @/tmp/TasteBuddyHomeQuestionsQA/Build/Intermediates.noindex/TasteBuddy.build/Debug-iphonesimulator/TasteBuddy.build/Objects-normal/x86_64/TasteBuddy.SwiftFileList -DDEBUG -j4 -enable-bare-slash-regex -enable-experimental-feature DebugDescriptionMacro -sdk /Applications/Xcode.app/Contents/Developer/Platforms/iPhoneSimulator.platform/Developer/SDKs/iPhoneSimulator26.5.sdk -target x86_64-apple-ios17.0-simulator -g -module-cache-path /tmp/TasteBuddyHomeQuestionsQA/ModuleCache.noindex -Xfrontend -serialize-debugging-options -enable-testing -index-store-path /tmp/TasteBuddyHomeQuestionsQA/Index.noindex/DataStore -swift-version 5 -I /tmp/TasteBuddyHomeQuestionsQA/Build/Products/Debug-iphonesimulator -F /tmp/TasteBuddyHomeQuestionsQA/Build/Products/Debug-iphonesimulator/PackageFrameworks -F /tmp/TasteBuddyHomeQuestionsQA/Build/Products/Debug-iphonesimulator/PackageFrameworks -F /tmp/TasteBuddyHomeQuestionsQA/Build/Products/Debug-iphonesimulator/PackageFrameworks -F /tmp/TasteBuddyHomeQuestionsQA/Build/Products/Debug-iphonesimulator/PackageFrameworks -F /tmp/TasteBuddyHomeQuestionsQA/Build/Products/Debug-iphonesimulator/PackageFrameworks -F /tmp/TasteBuddyHomeQuestionsQA/Build/Products/Debug-iphonesimulator/PackageFrameworks -F /tmp/TasteBuddyHomeQuestionsQA/Build/Products/Debug-iphonesimulator/PackageFrameworks -F /tmp/TasteBuddyHomeQuestionsQA/Build/Products/Debug-iphonesimulator/PackageFrameworks -F /tmp/TasteBuddyHomeQuestionsQA/Build/Products/Debug-iphonesimulator/PackageFrameworks -F /tmp/TasteBuddyHomeQuestionsQA/Build/Products/Debug-iphonesimulator/PackageFrameworks -F /tmp/TasteBuddyHomeQuestionsQA/Build/Products/Debug-iphonesimulator/PackageFrameworks -F /tmp/TasteBuddyHomeQuestionsQA/Build/Products/Debug-iphonesimulator/PackageFrameworks -F /tmp/TasteBuddyHomeQuestionsQA/Build/Products/Debug-iphonesimulator/PackageFrameworks -F /tmp/TasteBuddyHomeQuestionsQA/Build/Products/Debug-iphonesimulator/PackageFrameworks -F /tmp/TasteBuddyHomeQuestionsQA/Build/Products/Debug-iphonesimulator/PackageFrameworks -F /tmp/TasteBuddyHomeQuestionsQA/Build/Products/Debug-iphonesimulator/PackageFrameworks -F /tmp/TasteBuddyHomeQuestionsQA/Build/Products/Debug-iphonesimulator -c -j12 -enable-batch-mode -incremental -Xcc -ivfsstatcache -Xcc /tmp/TasteBuddyHomeQuestionsQA/SDKStatCaches.noindex/iphonesimulator26.5-23F81a-6cfe768891a92b912361537c460fe42b.sdkstatcache -output-file-map /tmp/TasteBuddyHomeQuestionsQA/Build/Intermediates.noindex/TasteBuddy.build/Debug-iphonesimulator/TasteBuddy.build/Objects-normal/x86_64/TasteBuddy-OutputFileMap.json -use-frontend-parseable-output -save-temps -no-color-diagnostics -explicit-module-build -module-cache-path /tmp/TasteBuddyHomeQuestionsQA/Build/Intermediates.noindex/SwiftExplicitPrecompiledModules -clang-scanner-module-cache-path /tmp/TasteBuddyHomeQuestionsQA/ModuleCache.noindex -sdk-module-cache-path /tmp/TasteBuddyHomeQuestionsQA/ModuleCache.noindex -serialize-diagnostics -emit-dependencies -emit-module -emit-module-path /tmp/TasteBuddyHomeQuestionsQA/Build/Intermediates.noindex/TasteBuddy.build/Debug-iphonesimulator/TasteBuddy.build/Objects-normal/x86_64/TasteBuddy.swiftmodule -validate-clang-modules-once -clang-build-session-file /tmp/TasteBuddyHomeQuestionsQA/ModuleCache.noindex/Session.modulevalidation -Xcc -I/tmp/TasteBuddyHomeQuestionsQA/Build/Intermediates.noindex/TasteBuddy.build/Debug-iphonesimulator/TasteBuddy.build/swift-overrides.hmap -emit-const-values -Xfrontend -const-gather-protocols-file -Xfrontend /tmp/TasteBuddyHomeQuestionsQA/Build/Intermediates.noindex/TasteBuddy.build/Debug-iphonesimulator/TasteBuddy.build/Objects-normal/x86_64/TasteBuddy_const_extract_protocols.json -Xcc -iquote -Xcc /tmp/TasteBuddyHomeQuestionsQA/Build/Intermediates.noindex/TasteBuddy.build/Debug-iphonesimulator/TasteBuddy.build/TasteBuddy-generated-files.hmap -Xcc -I/tmp/TasteBuddyHomeQuestionsQA/Build/Intermediates.noindex/TasteBuddy.build/Debug-iphonesimulator/TasteBuddy.build/TasteBuddy-own-target-headers.hmap -Xcc -I/tmp/TasteBuddyHomeQuestionsQA/Build/Intermediates.noindex/TasteBuddy.build/Debug-iphonesimulator/TasteBuddy.build/TasteBuddy-all-non-framework-target-headers.hmap -Xcc -ivfsoverlay -Xcc /tmp/TasteBuddyHomeQuestionsQA/Build/Intermediates.noindex/TasteBuddy.build/Debug-iphonesimulator/TasteBuddy-13299a83df260b797a46b4b5b88bf8d1-VFS-iphonesimulator/all-product-headers.yaml -Xcc -iquote -Xcc /tmp/TasteBuddyHomeQuestionsQA/Build/Intermediates.noindex/TasteBuddy.build/Debug-iphonesimulator/TasteBuddy.build/TasteBuddy-project-headers.hmap -Xcc -I/tmp/TasteBuddyHomeQuestionsQA/Build/Products/Debug-iphonesimulator/include -Xcc -I/tmp/TasteBuddyHomeQuestionsQA/Build/Intermediates.noindex/TasteBuddy.build/Debug-iphonesimulator/TasteBuddy.build/DerivedSources-normal/x86_64 -Xcc -I/tmp/TasteBuddyHomeQuestionsQA/Build/Intermediates.noindex/TasteBuddy.build/Debug-iphonesimulator/TasteBuddy.build/DerivedSources/x86_64 -Xcc -I/tmp/TasteBuddyHomeQuestionsQA/Build/Intermediates.noindex/TasteBuddy.build/Debug-iphonesimulator/TasteBuddy.build/DerivedSources -emit-objc-header -emit-objc-header-path /tmp/TasteBuddyHomeQuestionsQA/Build/Intermediates.noindex/TasteBuddy.build/Debug-iphonesimulator/TasteBuddy.build/Objects-normal/x86_64/TasteBuddy-Swift.h -working-directory /Users/sinjunho/Desktop/Taste\ Buddy/ios -experimental-emit-module-separately -disable-cmo

Ld /tmp/TasteBuddyHomeQuestionsQA/Build/Products/Debug-iphonesimulator/TasteBuddy.app/__preview.dylib normal (in target 'TasteBuddy' from project 'TasteBuddy')
    cd /Users/sinjunho/Desktop/Taste\ Buddy/ios
    /Applications/Xcode.app/Contents/Developer/Toolchains/XcodeDefault.xctoolchain/usr/bin/clang -Xlinker -reproducible -target x86_64-apple-ios17.0-simulator -dynamiclib -isysroot /Applications/Xcode.app/Contents/Developer/Platforms/iPhoneSimulator.platform/Developer/SDKs/iPhoneSimulator26.5.sdk -Os -L/tmp/TasteBuddyHomeQuestionsQA/Build/Products/Debug-iphonesimulator -F/tmp/TasteBuddyHomeQuestionsQA/Build/Products/Debug-iphonesimulator/PackageFrameworks -F/tmp/TasteBuddyHomeQuestionsQA/Build/Products/Debug-iphonesimulator/PackageFrameworks -F/tmp/TasteBuddyHomeQuestionsQA/Build/Products/Debug-iphonesimulator/PackageFrameworks -F/tmp/TasteBuddyHomeQuestionsQA/Build/Products/Debug-iphonesimulator/PackageFrameworks -F/tmp/TasteBuddyHomeQuestionsQA/Build/Products/Debug-iphonesimulator/PackageFrameworks -F/tmp/TasteBuddyHomeQuestionsQA/Build/Products/Debug-iphonesimulator/PackageFrameworks -F/tmp/TasteBuddyHomeQuestionsQA/Build/Products/Debug-iphonesimulator/PackageFrameworks -F/tmp/TasteBuddyHomeQuestionsQA/Build/Products/Debug-iphonesimulator/PackageFrameworks -F/tmp/TasteBuddyHomeQuestionsQA/Build/Products/Debug-iphonesimulator/PackageFrameworks -F/tmp/TasteBuddyHomeQuestionsQA/Build/Products/Debug-iphonesimulator/PackageFrameworks -F/tmp/TasteBuddyHomeQuestionsQA/Build/Products/Debug-iphonesimulator/PackageFrameworks -F/tmp/TasteBuddyHomeQuestionsQA/Build/Products/Debug-iphonesimulator/PackageFrameworks -F/tmp/TasteBuddyHomeQuestionsQA/Build/Products/Debug-iphonesimulator/PackageFrameworks -F/tmp/TasteBuddyHomeQuestionsQA/Build/Products/Debug-iphonesimulator/PackageFrameworks -F/tmp/TasteBuddyHomeQuestionsQA/Build/Products/Debug-iphonesimulator/PackageFrameworks -F/tmp/TasteBuddyHomeQuestionsQA/Build/Products/Debug-iphonesimulator/PackageFrameworks -F/tmp/TasteBuddyHomeQuestionsQA/Build/Products/Debug-iphonesimulator -install_name @rpath/TasteBuddy.debug.dylib -Xlinker -dead_strip -rdynamic -Xlinker -objc_abi_version -Xlinker 2 -Xlinker -dependency_info -Xlinker /tmp/TasteBuddyHomeQuestionsQA/Build/Intermediates.noindex/TasteBuddy.build/Debug-iphonesimulator/TasteBuddy.build/Objects-normal/x86_64/TasteBuddy_dependency_info.dat -o /tmp/TasteBuddyHomeQuestionsQA/Build/Products/Debug-iphonesimulator/TasteBuddy.app/__preview.dylib

Copy /tmp/TasteBuddyHomeQuestionsQA/Build/Products/Debug-iphonesimulator/TasteBuddy.app/swift-crypto_Crypto.bundle /tmp/TasteBuddyHomeQuestionsQA/Build/Products/Debug-iphonesimulator/swift-crypto_Crypto.bundle (in target 'TasteBuddy' from project 'TasteBuddy')
    cd /Users/sinjunho/Desktop/Taste\ Buddy/ios
    builtin-copy -exclude .DS_Store -exclude CVS -exclude .svn -exclude .git -exclude .hg -strip-unsigned-binaries -strip-deterministic -strip-tool /Applications/Xcode.app/Contents/Developer/Toolchains/XcodeDefault.xctoolchain/usr/bin/strip -resolve-src-symlinks /tmp/TasteBuddyHomeQuestionsQA/Build/Products/Debug-iphonesimulator/swift-crypto_Crypto.bundle /tmp/TasteBuddyHomeQuestionsQA/Build/Products/Debug-iphonesimulator/TasteBuddy.app

ProcessInfoPlistFile /tmp/TasteBuddyHomeQuestionsQA/Build/Products/Debug-iphonesimulator/TasteBuddy.app/Info.plist /Users/sinjunho/Desktop/Taste\ Buddy/ios/TasteBuddy/Resources/Info.plist (in target 'TasteBuddy' from project 'TasteBuddy')
    cd /Users/sinjunho/Desktop/Taste\ Buddy/ios
    builtin-infoPlistUtility /Users/sinjunho/Desktop/Taste\ Buddy/ios/TasteBuddy/Resources/Info.plist -producttype com.apple.product-type.application -genpkginfo /tmp/TasteBuddyHomeQuestionsQA/Build/Products/Debug-iphonesimulator/TasteBuddy.app/PkgInfo -expandbuildsettings -format binary -platform iphonesimulator -additionalcontentfile /tmp/TasteBuddyHomeQuestionsQA/Build/Intermediates.noindex/TasteBuddy.build/Debug-iphonesimulator/TasteBuddy.build/assetcatalog_generated_info.plist -scanforprivacyfile /tmp/TasteBuddyHomeQuestionsQA/Build/Products/Debug-iphonesimulator/TasteBuddy.app/swift-crypto_Crypto.bundle -o /tmp/TasteBuddyHomeQuestionsQA/Build/Products/Debug-iphonesimulator/TasteBuddy.app/Info.plist

SwiftExplicitDependencyGeneratePcm x86_64 /tmp/TasteBuddyHomeQuestionsQA/ModuleCache.noindex/_Builtin_stddef-5WU3GTGQOF64N7C58D5FLHJKK.pcm

SwiftExplicitDependencyGeneratePcm x86_64 /tmp/TasteBuddyHomeQuestionsQA/ModuleCache.noindex/_SwiftConcurrencyShims-DFH3AJVY7YD8OIGSGRSALWUM5.pcm

SwiftExplicitDependencyGeneratePcm x86_64 /tmp/TasteBuddyHomeQuestionsQA/ModuleCache.noindex/_Builtin_stdarg-CKWDO7YVV5VIKUSX3E3FWGNPY.pcm

SwiftExplicitDependencyGeneratePcm x86_64 /tmp/TasteBuddyHomeQuestionsQA/ModuleCache.noindex/ptrcheck-5KBU95NYKL9VNOK2BO88EDV0M.pcm

SwiftExplicitDependencyGeneratePcm x86_64 /tmp/TasteBuddyHomeQuestionsQA/ModuleCache.noindex/_Builtin_stdbool-84J8WNLOMUIYGG7N7IGQ0P074.pcm

SwiftExplicitDependencyGeneratePcm x86_64 /tmp/TasteBuddyHomeQuestionsQA/ModuleCache.noindex/_Builtin_float-7YXTBJF17QNZKZBMS7UARM8JY.pcm

SwiftExplicitDependencyGeneratePcm x86_64 /tmp/TasteBuddyHomeQuestionsQA/ModuleCache.noindex/SwiftShims-A9X4COTNXFNU0X9JLFMB7ASVU.pcm

SwiftExplicitDependencyGeneratePcm x86_64 /tmp/TasteBuddyHomeQuestionsQA/ModuleCache.noindex/DeveloperToolsSupport-AQP7UOS2VM75S2ZHE0E4OC4JX.pcm

SwiftExplicitDependencyGeneratePcm x86_64 /tmp/TasteBuddyHomeQuestionsQA/ModuleCache.noindex/_AvailabilityInternal-5VCSNX9E95CIDNORFZHVJW8PF.pcm

SwiftExplicitDependencyGeneratePcm x86_64 /tmp/TasteBuddyHomeQuestionsQA/ModuleCache.noindex/ptrauth-MIZZBLDTQT40UVWIUXDC754R.pcm

SwiftExplicitDependencyGeneratePcm x86_64 /tmp/TasteBuddyHomeQuestionsQA/ModuleCache.noindex/_DarwinFoundation1-60RFD1UJSQFS5TWZFKXBD1VGR.pcm

SwiftExplicitDependencyGeneratePcm x86_64 /tmp/TasteBuddyHomeQuestionsQA/ModuleCache.noindex/ExtensionFoundation-8A9MUI2ZJ20PPFCE5RPCIR8E1.pcm

SwiftExplicitDependencyGeneratePcm x86_64 /tmp/TasteBuddyHomeQuestionsQA/ModuleCache.noindex/_DarwinFoundation2-BY596K7BI5OFHJZ4SKDRRF4JL.pcm

SwiftExplicitDependencyGeneratePcm x86_64 /tmp/TasteBuddyHomeQuestionsQA/ModuleCache.noindex/_Builtin_limits-BUWQHESYTOAY9NJGNMTT25MWA.pcm

SwiftExplicitDependencyGeneratePcm x86_64 /tmp/TasteBuddyHomeQuestionsQA/ModuleCache.noindex/_Builtin_tgmath-45EG3Y4R74BDZ7TXW3CHFA9EY.pcm

SwiftExplicitDependencyGeneratePcm x86_64 /tmp/TasteBuddyHomeQuestionsQA/ModuleCache.noindex/_Builtin_stdint-F1E2W65BRZ6DTKHA7N50NYMQ7.pcm

SwiftExplicitDependencyGeneratePcm x86_64 /tmp/TasteBuddyHomeQuestionsQA/ModuleCache.noindex/sys_types-65C84JXOE1BIWDPI6CHBFRM83.pcm

SwiftExplicitDependencyGeneratePcm x86_64 /tmp/TasteBuddyHomeQuestionsQA/ModuleCache.noindex/_Builtin_stdatomic-DY8AEUOGSLDKB8VEODXXGTRP7.pcm

SwiftExplicitDependencyGeneratePcm x86_64 /tmp/TasteBuddyHomeQuestionsQA/ModuleCache.noindex/_DarwinFoundation3-D6GM81XSRS55RDQYD9Q1X25PL.pcm

SwiftExplicitDependencyGeneratePcm x86_64 /tmp/TasteBuddyHomeQuestionsQA/ModuleCache.noindex/_Builtin_inttypes-1GPPOLCBLMJHJTV29ABWJJNY7.pcm

SwiftExplicitDependencyGeneratePcm x86_64 /tmp/TasteBuddyHomeQuestionsQA/ModuleCache.noindex/_Builtin_intrinsics-9MQOPD0J76UYAK6G2NJ936LTH.pcm

SwiftExplicitDependencyGeneratePcm x86_64 /tmp/TasteBuddyHomeQuestionsQA/ModuleCache.noindex/Darwin-BPDP38XPO2E4GD91TG4WPBIM.pcm

SwiftExplicitDependencyGeneratePcm x86_64 /tmp/TasteBuddyHomeQuestionsQA/ModuleCache.noindex/ObjectiveC-4I2AUQOBOG7X2XFU2CGFL7A8L.pcm

SwiftExplicitDependencyGeneratePcm x86_64 /tmp/TasteBuddyHomeQuestionsQA/ModuleCache.noindex/MachO-4TAOWG3KWUDOEF4HE0Y6044VL.pcm

SwiftExplicitDependencyGeneratePcm x86_64 /tmp/TasteBuddyHomeQuestionsQA/ModuleCache.noindex/os_object-28M1WOE4RH2NWIS897AGJQNW3.pcm

SwiftExplicitDependencyGeneratePcm x86_64 /tmp/TasteBuddyHomeQuestionsQA/ModuleCache.noindex/os_workgroup-AFT3644GKRYRCGTN0RL01HFBL.pcm

SwiftExplicitDependencyGeneratePcm x86_64 /tmp/TasteBuddyHomeQuestionsQA/ModuleCache.noindex/simd-6OIKYS4YIH3CT5I7L83MAXYX8.pcm

SwiftExplicitDependencyGeneratePcm x86_64 /tmp/TasteBuddyHomeQuestionsQA/ModuleCache.noindex/Dispatch-3MR64RLSL8F810UWKXNOSROUW.pcm

SwiftExplicitDependencyGeneratePcm x86_64 /tmp/TasteBuddyHomeQuestionsQA/ModuleCache.noindex/XPC-E6PGHCGZN6S37JFBRW80GUMTA.pcm

SwiftExplicitDependencyGeneratePcm x86_64 /tmp/TasteBuddyHomeQuestionsQA/ModuleCache.noindex/dnssd-JPBQE7YRMRDW5UPCK8FX8KLG.pcm

SwiftExplicitDependencyGeneratePcm x86_64 /tmp/TasteBuddyHomeQuestionsQA/ModuleCache.noindex/CoreFoundation-9VEDTUV74ZES6OBNRXLFC1P2D.pcm

SwiftExplicitDependencyGeneratePcm x86_64 /tmp/TasteBuddyHomeQuestionsQA/ModuleCache.noindex/os-529ULE7MOGD3DCN4PN0LUAGDR.pcm

SwiftExplicitDependencyGeneratePcm x86_64 /tmp/TasteBuddyHomeQuestionsQA/ModuleCache.noindex/Security-1FS2S3ZF1J2O5S8AD889T3NCG.pcm

SwiftExplicitDependencyGeneratePcm x86_64 /tmp/TasteBuddyHomeQuestionsQA/ModuleCache.noindex/CFNetwork-F4UDMVMMOYODMQEGWLAQ4JXWF.pcm

SwiftExplicitDependencyGeneratePcm x86_64 /tmp/TasteBuddyHomeQuestionsQA/ModuleCache.noindex/CoreAudioTypes-4318CNM20FCYPQEC8G8LKU01U.pcm

SwiftExplicitDependencyGeneratePcm x86_64 /tmp/TasteBuddyHomeQuestionsQA/ModuleCache.noindex/CoreGraphics-CTGUFX10GE79L9D51Y8P6QQ3D.pcm

SwiftExplicitDependencyGeneratePcm x86_64 /tmp/TasteBuddyHomeQuestionsQA/ModuleCache.noindex/CoreServices-EFWZH3QKS54KJ2ZWPU1B3UH88.pcm

SwiftExplicitDependencyGeneratePcm x86_64 /tmp/TasteBuddyHomeQuestionsQA/ModuleCache.noindex/CoreAudio-9AM6OQ0FT3T3IZ66DI80U7MXB.pcm

SwiftExplicitDependencyGeneratePcm x86_64 /tmp/TasteBuddyHomeQuestionsQA/ModuleCache.noindex/Foundation-3ANJ13Y16IUNMA7WAH6T2MHTE.pcm

SwiftExplicitDependencyGeneratePcm x86_64 /tmp/TasteBuddyHomeQuestionsQA/ModuleCache.noindex/MobileCoreServices-6C6CEM7RUSEFMSJZ1TMNHG47W.pcm

SwiftExplicitDependencyGeneratePcm x86_64 /tmp/TasteBuddyHomeQuestionsQA/ModuleCache.noindex/ImageIO-6UYJHKLBFL5MSCGYLDYV6XZLJ.pcm

SwiftExplicitDependencyGeneratePcm x86_64 /tmp/TasteBuddyHomeQuestionsQA/ModuleCache.noindex/CoreText-CDYLT3HOP0SZ8KE5ZCZL8HE8L.pcm

SwiftExplicitDependencyGeneratePcm x86_64 /tmp/TasteBuddyHomeQuestionsQA/ModuleCache.noindex/Spatial-DHKAHG81VDNAKE6GEWQZEEAY2.pcm

SwiftExplicitDependencyGeneratePcm x86_64 /tmp/TasteBuddyHomeQuestionsQA/ModuleCache.noindex/CoreTransferable-6TCYSDZ4JUMPTIMC1Y4SGXNKP.pcm

SwiftExplicitDependencyGeneratePcm x86_64 /tmp/TasteBuddyHomeQuestionsQA/ModuleCache.noindex/UserNotifications-6R8R5LKWA48NI2N4ATOHSAMEV.pcm

SwiftExplicitDependencyGeneratePcm x86_64 /tmp/TasteBuddyHomeQuestionsQA/ModuleCache.noindex/_LocationEssentials-AYHTGA60LLKAKI8FMDN4QTEY3.pcm

SwiftExplicitDependencyGeneratePcm x86_64 /tmp/TasteBuddyHomeQuestionsQA/ModuleCache.noindex/OpenGLES-4EDP7721J6QNVATXNZOH83A4U.pcm

SwiftExplicitDependencyGeneratePcm x86_64 /tmp/TasteBuddyHomeQuestionsQA/ModuleCache.noindex/UniformTypeIdentifiers-6IXG6VLDOHPLX8W36YT0DGII7.pcm

SwiftExplicitDependencyGeneratePcm x86_64 /tmp/TasteBuddyHomeQuestionsQA/ModuleCache.noindex/Symbols-FUPRN5KDX1TIJ1PQV9XJWP8C.pcm

SwiftExplicitDependencyGeneratePcm x86_64 /tmp/TasteBuddyHomeQuestionsQA/ModuleCache.noindex/Accessibility-SO1W6SMZF7YRBWD3LTKRB91L.pcm

SwiftExplicitDependencyGeneratePcm x86_64 /tmp/TasteBuddyHomeQuestionsQA/ModuleCache.noindex/CoreLocation-39EQ9F6EOHUWUNOYQNG1BXP4C.pcm

SwiftExplicitDependencyGeneratePcm x86_64 /tmp/TasteBuddyHomeQuestionsQA/ModuleCache.noindex/FileProvider-A194DW98JCPI3B7GSV34N8ASG.pcm

SwiftExplicitDependencyGeneratePcm x86_64 /tmp/TasteBuddyHomeQuestionsQA/ModuleCache.noindex/OSLog-2EJU626HANCO1QXDWXPIZA0AV.pcm

SwiftExplicitDependencyGeneratePcm x86_64 /tmp/TasteBuddyHomeQuestionsQA/ModuleCache.noindex/LocalAuthentication-EI89WTR2GFXRIDFHENG077TEG.pcm

SwiftExplicitDependencyGeneratePcm x86_64 /tmp/TasteBuddyHomeQuestionsQA/ModuleCache.noindex/Network-1Z12W5INVBW3PQQZPKN88N8D.pcm

SwiftExplicitDependencyGeneratePcm x86_64 /tmp/TasteBuddyHomeQuestionsQA/ModuleCache.noindex/UIUtilities-6S3L7LTJGRGZI7XW2NJAL851B.pcm

SwiftExplicitDependencyGeneratePcm x86_64 /tmp/TasteBuddyHomeQuestionsQA/ModuleCache.noindex/IOSurface-3D5UWSF7GL0RBG24E8SMKHY1H.pcm

SwiftExplicitDependencyGeneratePcm x86_64 /tmp/TasteBuddyHomeQuestionsQA/ModuleCache.noindex/CoreMIDI-EBZ284L8PCDTEXRDJR8K5WXQ1.pcm

SwiftExplicitDependencyGeneratePcm x86_64 /tmp/TasteBuddyHomeQuestionsQA/ModuleCache.noindex/DataDetection-6IIZ84ZJP093CGGESKEAPW7FK.pcm

SwiftExplicitDependencyGeneratePcm x86_64 /tmp/TasteBuddyHomeQuestionsQA/ModuleCache.noindex/CoreData-2DRC0ZC73HNLYI4ZYEC2TYB7E.pcm

SwiftExplicitDependencyGeneratePcm x86_64 /tmp/TasteBuddyHomeQuestionsQA/ModuleCache.noindex/Metal-7632NJYTOV7ZPBWQH9MUITKO1.pcm

SwiftExplicitDependencyGeneratePcm x86_64 /tmp/TasteBuddyHomeQuestionsQA/ModuleCache.noindex/AVRouting-110XLP80RN7EJA6X13TMGTVZB.pcm

SwiftExplicitDependencyGeneratePcm x86_64 /tmp/TasteBuddyHomeQuestionsQA/ModuleCache.noindex/AudioToolbox-81CLQCG8URIVMLM7DY2K1O578.pcm

SwiftExplicitDependencyGeneratePcm x86_64 /tmp/TasteBuddyHomeQuestionsQA/ModuleCache.noindex/CoreVideo-7J2CHFFY7C7R53VXA5NYZBUET.pcm

SwiftExplicitDependencyGeneratePcm x86_64 /tmp/TasteBuddyHomeQuestionsQA/ModuleCache.noindex/QuartzCore-9VAQQ9K0Y1SXPTILJH5AJED2B.pcm

SwiftExplicitDependencyGeneratePcm x86_64 /tmp/TasteBuddyHomeQuestionsQA/ModuleCache.noindex/Accelerate-26VCVK7OBKFPBCMM5TPMXX5IQ.pcm

SwiftExplicitDependencyGeneratePcm x86_64 /tmp/TasteBuddyHomeQuestionsQA/ModuleCache.noindex/CoreImage-BS0MFA0T01X2HQKBSSNQ6CHV6.pcm

SwiftExplicitDependencyGeneratePcm x86_64 /tmp/TasteBuddyHomeQuestionsQA/ModuleCache.noindex/CoreML-85V1N9XDTM073EUVZEOWGLUNR.pcm

SwiftExplicitDependencyGeneratePcm x86_64 /tmp/TasteBuddyHomeQuestionsQA/ModuleCache.noindex/CoreMedia-BRTFS42US4O815S0U09O9LPQI.pcm

SwiftExplicitDependencyGeneratePcm x86_64 /tmp/TasteBuddyHomeQuestionsQA/ModuleCache.noindex/SwiftUICore-AJ8P2DKXX4T0GIX7JGJQ32755.pcm

SwiftExplicitDependencyGeneratePcm x86_64 /tmp/TasteBuddyHomeQuestionsQA/ModuleCache.noindex/UIKit-E4BDFBN51GDCTG58E2736J49.pcm

SwiftExplicitDependencyGeneratePcm x86_64 /tmp/TasteBuddyHomeQuestionsQA/ModuleCache.noindex/Vision-9AMAJCIDZIJ62S71AY20UF371.pcm

SwiftExplicitDependencyGeneratePcm x86_64 /tmp/TasteBuddyHomeQuestionsQA/ModuleCache.noindex/AVFAudio-931Z4LFGJKK2NNULJCMUYD8N0.pcm

SwiftExplicitDependencyGeneratePcm x86_64 /tmp/TasteBuddyHomeQuestionsQA/ModuleCache.noindex/MediaToolbox-AFZ4CVSTHAEYCISQMUSYGYMLF.pcm

SwiftExplicitDependencyGeneratePcm x86_64 /tmp/TasteBuddyHomeQuestionsQA/ModuleCache.noindex/AVFoundation-88QC949MI2AVPQW4EO95MT9EJ.pcm

SwiftExplicitDependencyGeneratePcm x86_64 /tmp/TasteBuddyHomeQuestionsQA/ModuleCache.noindex/Photos-ENQO9DED0MOP45QPWNZLHUPVN.pcm

SwiftExplicitDependencyGeneratePcm x86_64 /tmp/TasteBuddyHomeQuestionsQA/ModuleCache.noindex/SwiftUI-48V57X10X504J01W1SN9BBP5T.pcm

SwiftExplicitDependencyGeneratePcm x86_64 /tmp/TasteBuddyHomeQuestionsQA/ModuleCache.noindex/MapKit-3IM0V68BTZIRQCOXWYNP9LYIN.pcm

SwiftExplicitDependencyGeneratePcm x86_64 /tmp/TasteBuddyHomeQuestionsQA/ModuleCache.noindex/AuthenticationServices-582AA56UU6S9PLL0ZA596GCW2.pcm

SwiftExplicitDependencyGeneratePcm x86_64 /tmp/TasteBuddyHomeQuestionsQA/ModuleCache.noindex/PhotosUI-844HVZBA7FVYEBJFH38FOOZF1.pcm

SwiftEmitModule normal x86_64 Emitting\ module\ for\ TasteBuddy (in target 'TasteBuddy' from project 'TasteBuddy')

EmitSwiftModule normal x86_64 (in target 'TasteBuddy' from project 'TasteBuddy')
    cd /Users/sinjunho/Desktop/Taste\ Buddy/ios
    

SwiftCompile normal x86_64 Compiling\ HomeSearchModels.swift,\ HomeSummaryComponents.swift,\ HomeSummaryModels.swift,\ HomeView.swift,\ LucideIcon.swift,\ MainTabView.swift,\ NativeAccountDataRepository.swift,\ NativeAccountPhotoRepository.swift /Users/sinjunho/Desktop/Taste\ Buddy/ios/TasteBuddy/Features/Home/HomeSearchModels.swift /Users/sinjunho/Desktop/Taste\ Buddy/ios/TasteBuddy/Features/Home/HomeSummaryComponents.swift /Users/sinjunho/Desktop/Taste\ Buddy/ios/TasteBuddy/Features/Home/HomeSummaryModels.swift /Users/sinjunho/Desktop/Taste\ Buddy/ios/TasteBuddy/Features/Home/HomeView.swift /Users/sinjunho/Desktop/Taste\ Buddy/ios/TasteBuddy/Components/LucideIcon.swift /Users/sinjunho/Desktop/Taste\ Buddy/ios/TasteBuddy/Features/Main/MainTabView.swift /Users/sinjunho/Desktop/Taste\ Buddy/ios/TasteBuddy/Data/Backend/NativeAccountDataRepository.swift /Users/sinjunho/Desktop/Taste\ Buddy/ios/TasteBuddy/Data/Backend/NativeAccountPhotoRepository.swift (in target 'TasteBuddy' from project 'TasteBuddy')
SwiftCompile normal x86_64 /Users/sinjunho/Desktop/Taste\ Buddy/ios/TasteBuddy/Features/Home/HomeSearchModels.swift (in target 'TasteBuddy' from project 'TasteBuddy')
    cd /Users/sinjunho/Desktop/Taste\ Buddy/ios
    

SwiftCompile normal x86_64 /Users/sinjunho/Desktop/Taste\ Buddy/ios/TasteBuddy/Features/Home/HomeSummaryComponents.swift (in target 'TasteBuddy' from project 'TasteBuddy')
    cd /Users/sinjunho/Desktop/Taste\ Buddy/ios
    

SwiftCompile normal x86_64 /Users/sinjunho/Desktop/Taste\ Buddy/ios/TasteBuddy/Features/Home/HomeSummaryModels.swift (in target 'TasteBuddy' from project 'TasteBuddy')
    cd /Users/sinjunho/Desktop/Taste\ Buddy/ios
    

SwiftCompile normal x86_64 /Users/sinjunho/Desktop/Taste\ Buddy/ios/TasteBuddy/Features/Home/HomeView.swift (in target 'TasteBuddy' from project 'TasteBuddy')
    cd /Users/sinjunho/Desktop/Taste\ Buddy/ios
    

SwiftCompile normal x86_64 /Users/sinjunho/Desktop/Taste\ Buddy/ios/TasteBuddy/Components/LucideIcon.swift (in target 'TasteBuddy' from project 'TasteBuddy')
    cd /Users/sinjunho/Desktop/Taste\ Buddy/ios
    

SwiftCompile normal x86_64 /Users/sinjunho/Desktop/Taste\ Buddy/ios/TasteBuddy/Features/Main/MainTabView.swift (in target 'TasteBuddy' from project 'TasteBuddy')
    cd /Users/sinjunho/Desktop/Taste\ Buddy/ios
    

SwiftCompile normal x86_64 /Users/sinjunho/Desktop/Taste\ Buddy/ios/TasteBuddy/Data/Backend/NativeAccountDataRepository.swift (in target 'TasteBuddy' from project 'TasteBuddy')
    cd /Users/sinjunho/Desktop/Taste\ Buddy/ios
    

SwiftCompile normal x86_64 /Users/sinjunho/Desktop/Taste\ Buddy/ios/TasteBuddy/Data/Backend/NativeAccountPhotoRepository.swift (in target 'TasteBuddy' from project 'TasteBuddy')
    cd /Users/sinjunho/Desktop/Taste\ Buddy/ios
    

SwiftCompile normal x86_64 Compiling\ TasteBuddyAgentFullModels.swift,\ TasteBuddyAgentKnowledgeRuntime.swift,\ TasteBuddyApp.swift,\ TasteContractModels.swift,\ TasteGradientIndicator.swift,\ TasteIntensityLikingMatrix.swift,\ TasteIntensityLikingMatrixView.swift,\ TasteModels.swift /Users/sinjunho/Desktop/Taste\ Buddy/ios/TasteBuddy/Domain/Models/TasteBuddyAgentFullModels.swift /Users/sinjunho/Desktop/Taste\ Buddy/ios/TasteBuddy/Domain/UseCases/TasteBuddyAgentKnowledgeRuntime.swift /Users/sinjunho/Desktop/Taste\ Buddy/ios/TasteBuddy/App/TasteBuddyApp.swift /Users/sinjunho/Desktop/Taste\ Buddy/ios/TasteBuddy/Domain/Models/TasteContractModels.swift /Users/sinjunho/Desktop/Taste\ Buddy/ios/TasteBuddy/DesignSystem/TasteGradientIndicator.swift /Users/sinjunho/Desktop/Taste\ Buddy/ios/TasteBuddy/Domain/Models/TasteIntensityLikingMatrix.swift /Users/sinjunho/Desktop/Taste\ Buddy/ios/TasteBuddy/Features/Analysis/TasteIntensityLikingMatrixView.swift /Users/sinjunho/Desktop/Taste\ Buddy/ios/TasteBuddy/Models/TasteModels.swift (in target 'TasteBuddy' from project 'TasteBuddy')

SwiftCompile normal x86_64 /Users/sinjunho/Desktop/Taste\ Buddy/ios/TasteBuddy/Domain/Models/TasteBuddyAgentFullModels.swift (in target 'TasteBuddy' from project 'TasteBuddy')
    cd /Users/sinjunho/Desktop/Taste\ Buddy/ios
    

SwiftCompile normal x86_64 /Users/sinjunho/Desktop/Taste\ Buddy/ios/TasteBuddy/Domain/UseCases/TasteBuddyAgentKnowledgeRuntime.swift (in target 'TasteBuddy' from project 'TasteBuddy')
    cd /Users/sinjunho/Desktop/Taste\ Buddy/ios
    

SwiftCompile normal x86_64 /Users/sinjunho/Desktop/Taste\ Buddy/ios/TasteBuddy/App/TasteBuddyApp.swift (in target 'TasteBuddy' from project 'TasteBuddy')
    cd /Users/sinjunho/Desktop/Taste\ Buddy/ios
    

SwiftCompile normal x86_64 /Users/sinjunho/Desktop/Taste\ Buddy/ios/TasteBuddy/Domain/Models/TasteContractModels.swift (in target 'TasteBuddy' from project 'TasteBuddy')
    cd /Users/sinjunho/Desktop/Taste\ Buddy/ios
    

SwiftCompile normal x86_64 /Users/sinjunho/Desktop/Taste\ Buddy/ios/TasteBuddy/DesignSystem/TasteGradientIndicator.swift (in target 'TasteBuddy' from project 'TasteBuddy')
    cd /Users/sinjunho/Desktop/Taste\ Buddy/ios
    

SwiftCompile normal x86_64 /Users/sinjunho/Desktop/Taste\ Buddy/ios/TasteBuddy/Domain/Models/TasteIntensityLikingMatrix.swift (in target 'TasteBuddy' from project 'TasteBuddy')
    cd /Users/sinjunho/Desktop/Taste\ Buddy/ios
    

SwiftCompile normal x86_64 /Users/sinjunho/Desktop/Taste\ Buddy/ios/TasteBuddy/Features/Analysis/TasteIntensityLikingMatrixView.swift (in target 'TasteBuddy' from project 'TasteBuddy')
    cd /Users/sinjunho/Desktop/Taste\ Buddy/ios
    

SwiftCompile normal x86_64 /Users/sinjunho/Desktop/Taste\ Buddy/ios/TasteBuddy/Models/TasteModels.swift (in target 'TasteBuddy' from project 'TasteBuddy')
    cd /Users/sinjunho/Desktop/Taste\ Buddy/ios
    

SwiftCompile normal x86_64 Compiling\ NativeFeedbackComponents.swift,\ NativeInputComponents.swift,\ NativeLayoutComponents.swift,\ OnboardingView.swift,\ PalateBloomAvatar.swift,\ PersonalTasteInsightCards.swift,\ PersonalTasteInsights.swift,\ PersonalTasteInsightsRuntimePreview.swift /Users/sinjunho/Desktop/Taste\ Buddy/ios/TasteBuddy/Components/NativeFeedbackComponents.swift /Users/sinjunho/Desktop/Taste\ Buddy/ios/TasteBuddy/Components/NativeInputComponents.swift /Users/sinjunho/Desktop/Taste\ Buddy/ios/TasteBuddy/Components/NativeLayoutComponents.swift /Users/sinjunho/Desktop/Taste\ Buddy/ios/TasteBuddy/Features/Onboarding/OnboardingView.swift /Users/sinjunho/Desktop/Taste\ Buddy/ios/TasteBuddy/Components/PalateBloomAvatar.swift /Users/sinjunho/Desktop/Taste\ Buddy/ios/TasteBuddy/Features/Analysis/PersonalTasteInsightCards.swift /Users/sinjunho/Desktop/Taste\ Buddy/ios/TasteBuddy/Domain/Models/PersonalTasteInsights.swift /Users/sinjunho/Desktop/Taste\ Buddy/ios/TasteBuddy/Features/Analysis/PersonalTasteInsightsRuntimePreview.swift (in target 'TasteBuddy' from project 'TasteBuddy')

SwiftCompile normal x86_64 /Users/sinjunho/Desktop/Taste\ Buddy/ios/TasteBuddy/Components/NativeFeedbackComponents.swift (in target 'TasteBuddy' from project 'TasteBuddy')
    cd /Users/sinjunho/Desktop/Taste\ Buddy/ios
    

SwiftCompile normal x86_64 /Users/sinjunho/Desktop/Taste\ Buddy/ios/TasteBuddy/Components/NativeInputComponents.swift (in target 'TasteBuddy' from project 'TasteBuddy')
    cd /Users/sinjunho/Desktop/Taste\ Buddy/ios
    

SwiftCompile normal x86_64 /Users/sinjunho/Desktop/Taste\ Buddy/ios/TasteBuddy/Components/NativeLayoutComponents.swift (in target 'TasteBuddy' from project 'TasteBuddy')
    cd /Users/sinjunho/Desktop/Taste\ Buddy/ios
    

SwiftCompile normal x86_64 /Users/sinjunho/Desktop/Taste\ Buddy/ios/TasteBuddy/Features/Onboarding/OnboardingView.swift (in target 'TasteBuddy' from project 'TasteBuddy')
    cd /Users/sinjunho/Desktop/Taste\ Buddy/ios
    

SwiftCompile normal x86_64 /Users/sinjunho/Desktop/Taste\ Buddy/ios/TasteBuddy/Components/PalateBloomAvatar.swift (in target 'TasteBuddy' from project 'TasteBuddy')
    cd /Users/sinjunho/Desktop/Taste\ Buddy/ios
    

SwiftCompile normal x86_64 /Users/sinjunho/Desktop/Taste\ Buddy/ios/TasteBuddy/Features/Analysis/PersonalTasteInsightCards.swift (in target 'TasteBuddy' from project 'TasteBuddy')
    cd /Users/sinjunho/Desktop/Taste\ Buddy/ios
    

SwiftCompile normal x86_64 /Users/sinjunho/Desktop/Taste\ Buddy/ios/TasteBuddy/Domain/Models/PersonalTasteInsights.swift (in target 'TasteBuddy' from project 'TasteBuddy')
    cd /Users/sinjunho/Desktop/Taste\ Buddy/ios
    

SwiftCompile normal x86_64 /Users/sinjunho/Desktop/Taste\ Buddy/ios/TasteBuddy/Features/Analysis/PersonalTasteInsightsRuntimePreview.swift (in target 'TasteBuddy' from project 'TasteBuddy')
    cd /Users/sinjunho/Desktop/Taste\ Buddy/ios
    

SwiftCompile normal x86_64 Compiling\ TasteMotionView.swift,\ TastePerception.swift,\ TastePerceptionCards.swift,\ TasteRadarView.swift,\ TasteSurveyContractModels.swift,\ TasteSurveyEvidenceCard.swift,\ TasteSurveyScoringEngine.swift,\ GeneratedAssetSymbols.swift /Users/sinjunho/Desktop/Taste\ Buddy/ios/TasteBuddy/Components/TasteMotionView.swift /Users/sinjunho/Desktop/Taste\ Buddy/ios/TasteBuddy/Domain/Models/TastePerception.swift /Users/sinjunho/Desktop/Taste\ Buddy/ios/TasteBuddy/Features/Analysis/TastePerceptionCards.swift /Users/sinjunho/Desktop/Taste\ Buddy/ios/TasteBuddy/Components/TasteRadarView.swift /Users/sinjunho/Desktop/Taste\ Buddy/ios/TasteBuddy/Domain/Models/TasteSurveyContractModels.swift /Users/sinjunho/Desktop/Taste\ Buddy/ios/TasteBuddy/Features/Calibration/TasteSurveyEvidenceCard.swift /Users/sinjunho/Desktop/Taste\ Buddy/ios/TasteBuddy/Domain/UseCases/TasteSurveyScoringEngine.swift /tmp/TasteBuddyHomeQuestionsQA/Build/Intermediates.noindex/TasteBuddy.build/Debug-iphonesimulator/TasteBuddy.build/DerivedSources/GeneratedAssetSymbols.swift (in target 'TasteBuddy' from project 'TasteBuddy')

SwiftCompile normal x86_64 /Users/sinjunho/Desktop/Taste\ Buddy/ios/TasteBuddy/Components/TasteMotionView.swift (in target 'TasteBuddy' from project 'TasteBuddy')
    cd /Users/sinjunho/Desktop/Taste\ Buddy/ios
    

SwiftCompile normal x86_64 /Users/sinjunho/Desktop/Taste\ Buddy/ios/TasteBuddy/Domain/Models/TastePerception.swift (in target 'TasteBuddy' from project 'TasteBuddy')
    cd /Users/sinjunho/Desktop/Taste\ Buddy/ios
    

SwiftCompile normal x86_64 /Users/sinjunho/Desktop/Taste\ Buddy/ios/TasteBuddy/Features/Analysis/TastePerceptionCards.swift (in target 'TasteBuddy' from project 'TasteBuddy')
    cd /Users/sinjunho/Desktop/Taste\ Buddy/ios
    

SwiftCompile normal x86_64 /Users/sinjunho/Desktop/Taste\ Buddy/ios/TasteBuddy/Components/TasteRadarView.swift (in target 'TasteBuddy' from project 'TasteBuddy')
    cd /Users/sinjunho/Desktop/Taste\ Buddy/ios
    

SwiftCompile normal x86_64 /Users/sinjunho/Desktop/Taste\ Buddy/ios/TasteBuddy/Domain/Models/TasteSurveyContractModels.swift (in target 'TasteBuddy' from project 'TasteBuddy')
    cd /Users/sinjunho/Desktop/Taste\ Buddy/ios
    

SwiftCompile normal x86_64 /Users/sinjunho/Desktop/Taste\ Buddy/ios/TasteBuddy/Features/Calibration/TasteSurveyEvidenceCard.swift (in target 'TasteBuddy' from project 'TasteBuddy')
    cd /Users/sinjunho/Desktop/Taste\ Buddy/ios
    

SwiftCompile normal x86_64 /Users/sinjunho/Desktop/Taste\ Buddy/ios/TasteBuddy/Domain/UseCases/TasteSurveyScoringEngine.swift (in target 'TasteBuddy' from project 'TasteBuddy')
    cd /Users/sinjunho/Desktop/Taste\ Buddy/ios
    

SwiftCompile normal x86_64 /tmp/TasteBuddyHomeQuestionsQA/Build/Intermediates.noindex/TasteBuddy.build/Debug-iphonesimulator/TasteBuddy.build/DerivedSources/GeneratedAssetSymbols.swift (in target 'TasteBuddy' from project 'TasteBuddy')
    cd /Users/sinjunho/Desktop/Taste\ Buddy/ios
    

SwiftDriverJobDiscovery normal x86_64 Compiling NativeFeedbackComponents.swift, NativeInputComponents.swift, NativeLayoutComponents.swift, OnboardingView.swift, PalateBloomAvatar.swift, PersonalTasteInsightCards.swift, PersonalTasteInsights.swift, PersonalTasteInsightsRuntimePreview.swift (in target 'TasteBuddy' from project 'TasteBuddy')

SwiftCompile normal x86_64 Compiling\ BackendConfiguration.swift,\ BottomTabCenterButton.swift,\ BrandVideoRuntimePreview.swift,\ CalibrationFlowView.swift,\ CalibrationModels.swift,\ ChatGPTAnalysisCard.swift,\ ChatGPTAnalysisConnection.swift,\ DesignSystemFullComponents.swift /Users/sinjunho/Desktop/Taste\ Buddy/ios/TasteBuddy/Data/Backend/BackendConfiguration.swift /Users/sinjunho/Desktop/Taste\ Buddy/ios/TasteBuddy/Components/Shell/BottomTabCenterButton.swift /Users/sinjunho/Desktop/Taste\ Buddy/ios/TasteBuddy/App/BrandVideoRuntimePreview.swift /Users/sinjunho/Desktop/Taste\ Buddy/ios/TasteBuddy/Features/Calibration/CalibrationFlowView.swift /Users/sinjunho/Desktop/Taste\ Buddy/ios/TasteBuddy/Models/CalibrationModels.swift /Users/sinjunho/Desktop/Taste\ Buddy/ios/TasteBuddy/Features/Analysis/ChatGPTAnalysisCard.swift /Users/sinjunho/Desktop/Taste\ Buddy/ios/TasteBuddy/Features/Analysis/ChatGPTAnalysisConnection.swift /Users/sinjunho/Desktop/Taste\ Buddy/ios/TasteBuddy/Components/DesignSystemFullComponents.swift (in target 'TasteBuddy' from project 'TasteBuddy')

SwiftCompile normal x86_64 /Users/sinjunho/Desktop/Taste\ Buddy/ios/TasteBuddy/Data/Backend/BackendConfiguration.swift (in target 'TasteBuddy' from project 'TasteBuddy')
    cd /Users/sinjunho/Desktop/Taste\ Buddy/ios
    

SwiftCompile normal x86_64 /Users/sinjunho/Desktop/Taste\ Buddy/ios/TasteBuddy/Components/Shell/BottomTabCenterButton.swift (in target 'TasteBuddy' from project 'TasteBuddy')
    cd /Users/sinjunho/Desktop/Taste\ Buddy/ios
    

SwiftCompile normal x86_64 /Users/sinjunho/Desktop/Taste\ Buddy/ios/TasteBuddy/App/BrandVideoRuntimePreview.swift (in target 'TasteBuddy' from project 'TasteBuddy')
    cd /Users/sinjunho/Desktop/Taste\ Buddy/ios
    

SwiftCompile normal x86_64 /Users/sinjunho/Desktop/Taste\ Buddy/ios/TasteBuddy/Features/Calibration/CalibrationFlowView.swift (in target 'TasteBuddy' from project 'TasteBuddy')
    cd /Users/sinjunho/Desktop/Taste\ Buddy/ios
    

SwiftCompile normal x86_64 /Users/sinjunho/Desktop/Taste\ Buddy/ios/TasteBuddy/Models/CalibrationModels.swift (in target 'TasteBuddy' from project 'TasteBuddy')
    cd /Users/sinjunho/Desktop/Taste\ Buddy/ios
    

SwiftCompile normal x86_64 /Users/sinjunho/Desktop/Taste\ Buddy/ios/TasteBuddy/Features/Analysis/ChatGPTAnalysisCard.swift (in target 'TasteBuddy' from project 'TasteBuddy')
    cd /Users/sinjunho/Desktop/Taste\ Buddy/ios
    

SwiftCompile normal x86_64 /Users/sinjunho/Desktop/Taste\ Buddy/ios/TasteBuddy/Features/Analysis/ChatGPTAnalysisConnection.swift (in target 'TasteBuddy' from project 'TasteBuddy')
    cd /Users/sinjunho/Desktop/Taste\ Buddy/ios
    

SwiftCompile normal x86_64 /Users/sinjunho/Desktop/Taste\ Buddy/ios/TasteBuddy/Components/DesignSystemFullComponents.swift (in target 'TasteBuddy' from project 'TasteBuddy')
    cd /Users/sinjunho/Desktop/Taste\ Buddy/ios
    

SwiftDriverJobDiscovery normal x86_64 Emitting module for TasteBuddy (in target 'TasteBuddy' from project 'TasteBuddy')

SwiftDriver\ Compilation\ Requirements TasteBuddy normal x86_64 com.apple.xcode.tools.swift.compiler (in target 'TasteBuddy' from project 'TasteBuddy')
    cd /Users/sinjunho/Desktop/Taste\ Buddy/ios
    builtin-Swift-Compilation-Requirements -- /Applications/Xcode.app/Contents/Developer/Toolchains/XcodeDefault.xctoolchain/usr/bin/swiftc -module-name TasteBuddy -Onone @/tmp/TasteBuddyHomeQuestionsQA/Build/Intermediates.noindex/TasteBuddy.build/Debug-iphonesimulator/TasteBuddy.build/Objects-normal/x86_64/TasteBuddy.SwiftFileList -DDEBUG -j4 -enable-bare-slash-regex -enable-experimental-feature DebugDescriptionMacro -sdk /Applications/Xcode.app/Contents/Developer/Platforms/iPhoneSimulator.platform/Developer/SDKs/iPhoneSimulator26.5.sdk -target x86_64-apple-ios17.0-simulator -g -module-cache-path /tmp/TasteBuddyHomeQuestionsQA/ModuleCache.noindex -Xfrontend -serialize-debugging-options -enable-testing -index-store-path /tmp/TasteBuddyHomeQuestionsQA/Index.noindex/DataStore -swift-version 5 -I /tmp/TasteBuddyHomeQuestionsQA/Build/Products/Debug-iphonesimulator -F /tmp/TasteBuddyHomeQuestionsQA/Build/Products/Debug-iphonesimulator/PackageFrameworks -F /tmp/TasteBuddyHomeQuestionsQA/Build/Products/Debug-iphonesimulator/PackageFrameworks -F /tmp/TasteBuddyHomeQuestionsQA/Build/Products/Debug-iphonesimulator/PackageFrameworks -F /tmp/TasteBuddyHomeQuestionsQA/Build/Products/Debug-iphonesimulator/PackageFrameworks -F /tmp/TasteBuddyHomeQuestionsQA/Build/Products/Debug-iphonesimulator/PackageFrameworks -F /tmp/TasteBuddyHomeQuestionsQA/Build/Products/Debug-iphonesimulator/PackageFrameworks -F /tmp/TasteBuddyHomeQuestionsQA/Build/Products/Debug-iphonesimulator/PackageFrameworks -F /tmp/TasteBuddyHomeQuestionsQA/Build/Products/Debug-iphonesimulator/PackageFrameworks -F /tmp/TasteBuddyHomeQuestionsQA/Build/Products/Debug-iphonesimulator/PackageFrameworks -F /tmp/TasteBuddyHomeQuestionsQA/Build/Products/Debug-iphonesimulator/PackageFrameworks -F /tmp/TasteBuddyHomeQuestionsQA/Build/Products/Debug-iphonesimulator/PackageFrameworks -F /tmp/TasteBuddyHomeQuestionsQA/Build/Products/Debug-iphonesimulator/PackageFrameworks -F /tmp/TasteBuddyHomeQuestionsQA/Build/Products/Debug-iphonesimulator/PackageFrameworks -F /tmp/TasteBuddyHomeQuestionsQA/Build/Products/Debug-iphonesimulator/PackageFrameworks -F /tmp/TasteBuddyHomeQuestionsQA/Build/Products/Debug-iphonesimulator/PackageFrameworks -F /tmp/TasteBuddyHomeQuestionsQA/Build/Products/Debug-iphonesimulator/PackageFrameworks -F /tmp/TasteBuddyHomeQuestionsQA/Build/Products/Debug-iphonesimulator -c -j12 -enable-batch-mode -incremental -Xcc -ivfsstatcache -Xcc /tmp/TasteBuddyHomeQuestionsQA/SDKStatCaches.noindex/iphonesimulator26.5-23F81a-6cfe768891a92b912361537c460fe42b.sdkstatcache -output-file-map /tmp/TasteBuddyHomeQuestionsQA/Build/Intermediates.noindex/TasteBuddy.build/Debug-iphonesimulator/TasteBuddy.build/Objects-normal/x86_64/TasteBuddy-OutputFileMap.json -use-frontend-parseable-output -save-temps -no-color-diagnostics -explicit-module-build -module-cache-path /tmp/TasteBuddyHomeQuestionsQA/Build/Intermediates.noindex/SwiftExplicitPrecompiledModules -clang-scanner-module-cache-path /tmp/TasteBuddyHomeQuestionsQA/ModuleCache.noindex -sdk-module-cache-path /tmp/TasteBuddyHomeQuestionsQA/ModuleCache.noindex -serialize-diagnostics -emit-dependencies -emit-module -emit-module-path /tmp/TasteBuddyHomeQuestionsQA/Build/Intermediates.noindex/TasteBuddy.build/Debug-iphonesimulator/TasteBuddy.build/Objects-normal/x86_64/TasteBuddy.swiftmodule -validate-clang-modules-once -clang-build-session-file /tmp/TasteBuddyHomeQuestionsQA/ModuleCache.noindex/Session.modulevalidation -Xcc -I/tmp/TasteBuddyHomeQuestionsQA/Build/Intermediates.noindex/TasteBuddy.build/Debug-iphonesimulator/TasteBuddy.build/swift-overrides.hmap -emit-const-values -Xfrontend -const-gather-protocols-file -Xfrontend /tmp/TasteBuddyHomeQuestionsQA/Build/Intermediates.noindex/TasteBuddy.build/Debug-iphonesimulator/TasteBuddy.build/Objects-normal/x86_64/TasteBuddy_const_extract_protocols.json -Xcc -iquote -Xcc /tmp/TasteBuddyHomeQuestionsQA/Build/Intermediates.noindex/TasteBuddy.build/Debug-iphonesimulator/TasteBuddy.build/TasteBuddy-generated-files.hmap -Xcc -I/tmp/TasteBuddyHomeQuestionsQA/Build/Intermediates.noindex/TasteBuddy.build/Debug-iphonesimulator/TasteBuddy.build/TasteBuddy-own-target-headers.hmap -Xcc -I/tmp/TasteBuddyHomeQuestionsQA/Build/Intermediates.noindex/TasteBuddy.build/Debug-iphonesimulator/TasteBuddy.build/TasteBuddy-all-non-framework-target-headers.hmap -Xcc -ivfsoverlay -Xcc /tmp/TasteBuddyHomeQuestionsQA/Build/Intermediates.noindex/TasteBuddy.build/Debug-iphonesimulator/TasteBuddy-13299a83df260b797a46b4b5b88bf8d1-VFS-iphonesimulator/all-product-headers.yaml -Xcc -iquote -Xcc /tmp/TasteBuddyHomeQuestionsQA/Build/Intermediates.noindex/TasteBuddy.build/Debug-iphonesimulator/TasteBuddy.build/TasteBuddy-project-headers.hmap -Xcc -I/tmp/TasteBuddyHomeQuestionsQA/Build/Products/Debug-iphonesimulator/include -Xcc -I/tmp/TasteBuddyHomeQuestionsQA/Build/Intermediates.noindex/TasteBuddy.build/Debug-iphonesimulator/TasteBuddy.build/DerivedSources-normal/x86_64 -Xcc -I/tmp/TasteBuddyHomeQuestionsQA/Build/Intermediates.noindex/TasteBuddy.build/Debug-iphonesimulator/TasteBuddy.build/DerivedSources/x86_64 -Xcc -I/tmp/TasteBuddyHomeQuestionsQA/Build/Intermediates.noindex/TasteBuddy.build/Debug-iphonesimulator/TasteBuddy.build/DerivedSources -emit-objc-header -emit-objc-header-path /tmp/TasteBuddyHomeQuestionsQA/Build/Intermediates.noindex/TasteBuddy.build/Debug-iphonesimulator/TasteBuddy.build/Objects-normal/x86_64/TasteBuddy-Swift.h -working-directory /Users/sinjunho/Desktop/Taste\ Buddy/ios -experimental-emit-module-separately -disable-cmo

SwiftDriverJobDiscovery normal x86_64 Compiling BackendConfiguration.swift, BottomTabCenterButton.swift, BrandVideoRuntimePreview.swift, CalibrationFlowView.swift, CalibrationModels.swift, ChatGPTAnalysisCard.swift, ChatGPTAnalysisConnection.swift, DesignSystemFullComponents.swift (in target 'TasteBuddy' from project 'TasteBuddy')

SwiftCompile normal x86_64 Compiling\ DiningSensorySelectionEditor.swift,\ DiningSensorySelectionParser.swift,\ DiningView.swift,\ FoodMemory.swift,\ FoodMemoryViews.swift,\ HomeArchiveVisualizationModels.swift,\ HomeArchiveVisualizationViews.swift,\ HomePeriodInsightComponents.swift /Users/sinjunho/Desktop/Taste\ Buddy/ios/TasteBuddy/Features/Dining/DiningSensorySelectionEditor.swift /Users/sinjunho/Desktop/Taste\ Buddy/ios/TasteBuddy/Domain/UseCases/DiningSensorySelectionParser.swift /Users/sinjunho/Desktop/Taste\ Buddy/ios/TasteBuddy/Features/Dining/DiningView.swift /Users/sinjunho/Desktop/Taste\ Buddy/ios/TasteBuddy/Domain/Models/FoodMemory.swift /Users/sinjunho/Desktop/Taste\ Buddy/ios/TasteBuddy/Features/Home/FoodMemoryViews.swift /Users/sinjunho/Desktop/Taste\ Buddy/ios/TasteBuddy/Features/Home/HomeArchiveVisualizationModels.swift /Users/sinjunho/Desktop/Taste\ Buddy/ios/TasteBuddy/Features/Home/HomeArchiveVisualizationViews.swift /Users/sinjunho/Desktop/Taste\ Buddy/ios/TasteBuddy/Features/Home/HomePeriodInsightComponents.swift (in target 'TasteBuddy' from project 'TasteBuddy')
SwiftCompile normal x86_64 /Users/sinjunho/Desktop/Taste\ Buddy/ios/TasteBuddy/Features/Dining/DiningSensorySelectionEditor.swift (in target 'TasteBuddy' from project 'TasteBuddy')
    cd /Users/sinjunho/Desktop/Taste\ Buddy/ios
    

SwiftCompile normal x86_64 /Users/sinjunho/Desktop/Taste\ Buddy/ios/TasteBuddy/Domain/UseCases/DiningSensorySelectionParser.swift (in target 'TasteBuddy' from project 'TasteBuddy')
    cd /Users/sinjunho/Desktop/Taste\ Buddy/ios
    

SwiftCompile normal x86_64 /Users/sinjunho/Desktop/Taste\ Buddy/ios/TasteBuddy/Features/Dining/DiningView.swift (in target 'TasteBuddy' from project 'TasteBuddy')
    cd /Users/sinjunho/Desktop/Taste\ Buddy/ios
    

SwiftCompile normal x86_64 /Users/sinjunho/Desktop/Taste\ Buddy/ios/TasteBuddy/Domain/Models/FoodMemory.swift (in target 'TasteBuddy' from project 'TasteBuddy')
    cd /Users/sinjunho/Desktop/Taste\ Buddy/ios
    

SwiftCompile normal x86_64 /Users/sinjunho/Desktop/Taste\ Buddy/ios/TasteBuddy/Features/Home/FoodMemoryViews.swift (in target 'TasteBuddy' from project 'TasteBuddy')
    cd /Users/sinjunho/Desktop/Taste\ Buddy/ios
    

SwiftCompile normal x86_64 /Users/sinjunho/Desktop/Taste\ Buddy/ios/TasteBuddy/Features/Home/HomeArchiveVisualizationModels.swift (in target 'TasteBuddy' from project 'TasteBuddy')
    cd /Users/sinjunho/Desktop/Taste\ Buddy/ios
    

SwiftCompile normal x86_64 /Users/sinjunho/Desktop/Taste\ Buddy/ios/TasteBuddy/Features/Home/HomeArchiveVisualizationViews.swift (in target 'TasteBuddy' from project 'TasteBuddy')
    cd /Users/sinjunho/Desktop/Taste\ Buddy/ios
    

SwiftCompile normal x86_64 /Users/sinjunho/Desktop/Taste\ Buddy/ios/TasteBuddy/Features/Home/HomePeriodInsightComponents.swift (in target 'TasteBuddy' from project 'TasteBuddy')
    cd /Users/sinjunho/Desktop/Taste\ Buddy/ios
    

Copy /tmp/TasteBuddyHomeQuestionsQA/Build/Products/Debug-iphonesimulator/TasteBuddy.swiftmodule/x86_64-apple-ios-simulator.swiftmodule /tmp/TasteBuddyHomeQuestionsQA/Build/Intermediates.noindex/TasteBuddy.build/Debug-iphonesimulator/TasteBuddy.build/Objects-normal/x86_64/TasteBuddy.swiftmodule (in target 'TasteBuddy' from project 'TasteBuddy')
    cd /Users/sinjunho/Desktop/Taste\ Buddy/ios
    builtin-copy -exclude .DS_Store -exclude CVS -exclude .svn -exclude .git -exclude .hg -strip-unsigned-binaries -strip-deterministic -strip-tool /Applications/Xcode.app/Contents/Developer/Toolchains/XcodeDefault.xctoolchain/usr/bin/strip -resolve-src-symlinks -rename /tmp/TasteBuddyHomeQuestionsQA/Build/Intermediates.noindex/TasteBuddy.build/Debug-iphonesimulator/TasteBuddy.build/Objects-normal/x86_64/TasteBuddy.swiftmodule /tmp/TasteBuddyHomeQuestionsQA/Build/Products/Debug-iphonesimulator/TasteBuddy.swiftmodule/x86_64-apple-ios-simulator.swiftmodule

SwiftDriverJobDiscovery normal x86_64 Compiling TasteBuddyAgentFullModels.swift, TasteBuddyAgentKnowledgeRuntime.swift, TasteBuddyApp.swift, TasteContractModels.swift, TasteGradientIndicator.swift, TasteIntensityLikingMatrix.swift, TasteIntensityLikingMatrixView.swift, TasteModels.swift (in target 'TasteBuddy' from project 'TasteBuddy')

Copy /tmp/TasteBuddyHomeQuestionsQA/Build/Products/Debug-iphonesimulator/TasteBuddy.swiftmodule/x86_64-apple-ios-simulator.abi.json /tmp/TasteBuddyHomeQuestionsQA/Build/Intermediates.noindex/TasteBuddy.build/Debug-iphonesimulator/TasteBuddy.build/Objects-normal/x86_64/TasteBuddy.abi.json (in target 'TasteBuddy' from project 'TasteBuddy')
    cd /Users/sinjunho/Desktop/Taste\ Buddy/ios
    builtin-copy -exclude .DS_Store -exclude CVS -exclude .svn -exclude .git -exclude .hg -strip-unsigned-binaries -strip-deterministic -strip-tool /Applications/Xcode.app/Contents/Developer/Toolchains/XcodeDefault.xctoolchain/usr/bin/strip -resolve-src-symlinks -rename /tmp/TasteBuddyHomeQuestionsQA/Build/Intermediates.noindex/TasteBuddy.build/Debug-iphonesimulator/TasteBuddy.build/Objects-normal/x86_64/TasteBuddy.abi.json /tmp/TasteBuddyHomeQuestionsQA/Build/Products/Debug-iphonesimulator/TasteBuddy.swiftmodule/x86_64-apple-ios-simulator.abi.json

Copy /tmp/TasteBuddyHomeQuestionsQA/Build/Products/Debug-iphonesimulator/TasteBuddy.swiftmodule/Project/x86_64-apple-ios-simulator.swiftsourceinfo /tmp/TasteBuddyHomeQuestionsQA/Build/Intermediates.noindex/TasteBuddy.build/Debug-iphonesimulator/TasteBuddy.build/Objects-normal/x86_64/TasteBuddy.swiftsourceinfo (in target 'TasteBuddy' from project 'TasteBuddy')
    cd /Users/sinjunho/Desktop/Taste\ Buddy/ios
    builtin-copy -exclude .DS_Store -exclude CVS -exclude .svn -exclude .git -exclude .hg -strip-unsigned-binaries -strip-deterministic -strip-tool /Applications/Xcode.app/Contents/Developer/Toolchains/XcodeDefault.xctoolchain/usr/bin/strip -resolve-src-symlinks -rename /tmp/TasteBuddyHomeQuestionsQA/Build/Intermediates.noindex/TasteBuddy.build/Debug-iphonesimulator/TasteBuddy.build/Objects-normal/x86_64/TasteBuddy.swiftsourceinfo /tmp/TasteBuddyHomeQuestionsQA/Build/Products/Debug-iphonesimulator/TasteBuddy.swiftmodule/Project/x86_64-apple-ios-simulator.swiftsourceinfo

SwiftCompile normal x86_64 Compiling\ TBComponents.swift,\ TBDesignColorTokens.swift,\ TBDesignFoundationTokens.swift,\ TBTheme.swift,\ TasteBloomMotion.swift,\ TasteBuddyAgentContractModels.swift,\ TasteBuddyAgentEngine.swift,\ TasteBuddyAgentFullEngine.swift /Users/sinjunho/Desktop/Taste\ Buddy/ios/TasteBuddy/Components/TBComponents.swift /Users/sinjunho/Desktop/Taste\ Buddy/ios/TasteBuddy/DesignSystem/TBDesignColorTokens.swift /Users/sinjunho/Desktop/Taste\ Buddy/ios/TasteBuddy/DesignSystem/TBDesignFoundationTokens.swift /Users/sinjunho/Desktop/Taste\ Buddy/ios/TasteBuddy/DesignSystem/TBTheme.swift /Users/sinjunho/Desktop/Taste\ Buddy/ios/TasteBuddy/DesignSystem/TasteBloomMotion.swift /Users/sinjunho/Desktop/Taste\ Buddy/ios/TasteBuddy/Domain/Models/TasteBuddyAgentContractModels.swift /Users/sinjunho/Desktop/Taste\ Buddy/ios/TasteBuddy/Domain/UseCases/TasteBuddyAgentEngine.swift /Users/sinjunho/Desktop/Taste\ Buddy/ios/TasteBuddy/Domain/UseCases/TasteBuddyAgentFullEngine.swift (in target 'TasteBuddy' from project 'TasteBuddy')

SwiftCompile normal x86_64 /Users/sinjunho/Desktop/Taste\ Buddy/ios/TasteBuddy/Components/TBComponents.swift (in target 'TasteBuddy' from project 'TasteBuddy')
    cd /Users/sinjunho/Desktop/Taste\ Buddy/ios
    

SwiftCompile normal x86_64 /Users/sinjunho/Desktop/Taste\ Buddy/ios/TasteBuddy/DesignSystem/TBDesignColorTokens.swift (in target 'TasteBuddy' from project 'TasteBuddy')
    cd /Users/sinjunho/Desktop/Taste\ Buddy/ios
    

SwiftCompile normal x86_64 /Users/sinjunho/Desktop/Taste\ Buddy/ios/TasteBuddy/DesignSystem/TBDesignFoundationTokens.swift (in target 'TasteBuddy' from project 'TasteBuddy')
    cd /Users/sinjunho/Desktop/Taste\ Buddy/ios
    

SwiftCompile normal x86_64 /Users/sinjunho/Desktop/Taste\ Buddy/ios/TasteBuddy/DesignSystem/TBTheme.swift (in target 'TasteBuddy' from project 'TasteBuddy')
    cd /Users/sinjunho/Desktop/Taste\ Buddy/ios
    

SwiftCompile normal x86_64 /Users/sinjunho/Desktop/Taste\ Buddy/ios/TasteBuddy/DesignSystem/TasteBloomMotion.swift (in target 'TasteBuddy' from project 'TasteBuddy')
    cd /Users/sinjunho/Desktop/Taste\ Buddy/ios
    

SwiftCompile normal x86_64 /Users/sinjunho/Desktop/Taste\ Buddy/ios/TasteBuddy/Domain/Models/TasteBuddyAgentContractModels.swift (in target 'TasteBuddy' from project 'TasteBuddy')
    cd /Users/sinjunho/Desktop/Taste\ Buddy/ios
    

SwiftCompile normal x86_64 /Users/sinjunho/Desktop/Taste\ Buddy/ios/TasteBuddy/Domain/UseCases/TasteBuddyAgentEngine.swift (in target 'TasteBuddy' from project 'TasteBuddy')
    cd /Users/sinjunho/Desktop/Taste\ Buddy/ios
    

SwiftCompile normal x86_64 /Users/sinjunho/Desktop/Taste\ Buddy/ios/TasteBuddy/Domain/UseCases/TasteBuddyAgentFullEngine.swift (in target 'TasteBuddy' from project 'TasteBuddy')
    cd /Users/sinjunho/Desktop/Taste\ Buddy/ios
    

SwiftDriverJobDiscovery normal x86_64 Compiling TasteMotionView.swift, TastePerception.swift, TastePerceptionCards.swift, TasteRadarView.swift, TasteSurveyContractModels.swift, TasteSurveyEvidenceCard.swift, TasteSurveyScoringEngine.swift, GeneratedAssetSymbols.swift (in target 'TasteBuddy' from project 'TasteBuddy')

SwiftCompile normal x86_64 Compiling\ DesignSystemPreviewView.swift,\ DiningFeedbackContractModels.swift,\ DiningMemoryContext.swift,\ DiningOverallEvaluation.swift,\ DiningOverallEvaluationStepView.swift,\ DiningPhotoPalette.swift,\ DiningSensoryRecommendationPolicy.swift,\ DiningSensorySelection.swift /Users/sinjunho/Desktop/Taste\ Buddy/ios/TasteBuddy/Features/DesignSystem/DesignSystemPreviewView.swift /Users/sinjunho/Desktop/Taste\ Buddy/ios/TasteBuddy/Domain/Models/DiningFeedbackContractModels.swift /Users/sinjunho/Desktop/Taste\ Buddy/ios/TasteBuddy/Domain/Models/DiningMemoryContext.swift /Users/sinjunho/Desktop/Taste\ Buddy/ios/TasteBuddy/Domain/Models/DiningOverallEvaluation.swift /Users/sinjunho/Desktop/Taste\ Buddy/ios/TasteBuddy/Features/Dining/DiningOverallEvaluationStepView.swift /Users/sinjunho/Desktop/Taste\ Buddy/ios/TasteBuddy/Features/Dining/DiningPhotoPalette.swift /Users/sinjunho/Desktop/Taste\ Buddy/ios/TasteBuddy/Features/Dining/DiningSensoryRecommendationPolicy.swift /Users/sinjunho/Desktop/Taste\ Buddy/ios/TasteBuddy/Domain/Models/DiningSensorySelection.swift (in target 'TasteBuddy' from project 'TasteBuddy')

SwiftCompile normal x86_64 /Users/sinjunho/Desktop/Taste\ Buddy/ios/TasteBuddy/Features/DesignSystem/DesignSystemPreviewView.swift (in target 'TasteBuddy' from project 'TasteBuddy')
    cd /Users/sinjunho/Desktop/Taste\ Buddy/ios
    

SwiftCompile normal x86_64 /Users/sinjunho/Desktop/Taste\ Buddy/ios/TasteBuddy/Domain/Models/DiningFeedbackContractModels.swift (in target 'TasteBuddy' from project 'TasteBuddy')
    cd /Users/sinjunho/Desktop/Taste\ Buddy/ios
    

SwiftCompile normal x86_64 /Users/sinjunho/Desktop/Taste\ Buddy/ios/TasteBuddy/Domain/Models/DiningMemoryContext.swift (in target 'TasteBuddy' from project 'TasteBuddy')
    cd /Users/sinjunho/Desktop/Taste\ Buddy/ios
    

SwiftCompile normal x86_64 /Users/sinjunho/Desktop/Taste\ Buddy/ios/TasteBuddy/Domain/Models/DiningOverallEvaluation.swift (in target 'TasteBuddy' from project 'TasteBuddy')
    cd /Users/sinjunho/Desktop/Taste\ Buddy/ios
    

SwiftCompile normal x86_64 /Users/sinjunho/Desktop/Taste\ Buddy/ios/TasteBuddy/Features/Dining/DiningOverallEvaluationStepView.swift (in target 'TasteBuddy' from project 'TasteBuddy')
    cd /Users/sinjunho/Desktop/Taste\ Buddy/ios
    

SwiftCompile normal x86_64 /Users/sinjunho/Desktop/Taste\ Buddy/ios/TasteBuddy/Features/Dining/DiningPhotoPalette.swift (in target 'TasteBuddy' from project 'TasteBuddy')
    cd /Users/sinjunho/Desktop/Taste\ Buddy/ios
    

SwiftCompile normal x86_64 /Users/sinjunho/Desktop/Taste\ Buddy/ios/TasteBuddy/Features/Dining/DiningSensoryRecommendationPolicy.swift (in target 'TasteBuddy' from project 'TasteBuddy')
    cd /Users/sinjunho/Desktop/Taste\ Buddy/ios
    

SwiftCompile normal x86_64 /Users/sinjunho/Desktop/Taste\ Buddy/ios/TasteBuddy/Domain/Models/DiningSensorySelection.swift (in target 'TasteBuddy' from project 'TasteBuddy')
    cd /Users/sinjunho/Desktop/Taste\ Buddy/ios
    

SwiftDriverJobDiscovery normal x86_64 Compiling DesignSystemPreviewView.swift, DiningFeedbackContractModels.swift, DiningMemoryContext.swift, DiningOverallEvaluation.swift, DiningOverallEvaluationStepView.swift, DiningPhotoPalette.swift, DiningSensoryRecommendationPolicy.swift, DiningSensorySelection.swift (in target 'TasteBuddy' from project 'TasteBuddy')

SwiftCompile normal x86_64 Compiling\ PersonalTasteModel.swift,\ PersonalTasteQuestionInstance.swift,\ PersonalTasteQuestions.swift,\ PreferenceIntakeContractEngine.swift,\ PreferenceIntakeContractModels.swift,\ PreferenceIntakeFlowView.swift,\ ProfileHeroCard.swift,\ ProfileResultView.swift /Users/sinjunho/Desktop/Taste\ Buddy/ios/TasteBuddy/Domain/Models/PersonalTasteModel.swift /Users/sinjunho/Desktop/Taste\ Buddy/ios/TasteBuddy/Domain/Models/PersonalTasteQuestionInstance.swift /Users/sinjunho/Desktop/Taste\ Buddy/ios/TasteBuddy/Domain/Models/PersonalTasteQuestions.swift /Users/sinjunho/Desktop/Taste\ Buddy/ios/TasteBuddy/Domain/UseCases/PreferenceIntakeContractEngine.swift /Users/sinjunho/Desktop/Taste\ Buddy/ios/TasteBuddy/Domain/Models/PreferenceIntakeContractModels.swift /Users/sinjunho/Desktop/Taste\ Buddy/ios/TasteBuddy/Features/Intake/PreferenceIntakeFlowView.swift /Users/sinjunho/Desktop/Taste\ Buddy/ios/TasteBuddy/Components/ProfileHeroCard.swift /Users/sinjunho/Desktop/Taste\ Buddy/ios/TasteBuddy/Features/Profile/ProfileResultView.swift (in target 'TasteBuddy' from project 'TasteBuddy')

SwiftCompile normal x86_64 /Users/sinjunho/Desktop/Taste\ Buddy/ios/TasteBuddy/Domain/Models/PersonalTasteModel.swift (in target 'TasteBuddy' from project 'TasteBuddy')
    cd /Users/sinjunho/Desktop/Taste\ Buddy/ios
    

SwiftCompile normal x86_64 /Users/sinjunho/Desktop/Taste\ Buddy/ios/TasteBuddy/Domain/Models/PersonalTasteQuestionInstance.swift (in target 'TasteBuddy' from project 'TasteBuddy')
    cd /Users/sinjunho/Desktop/Taste\ Buddy/ios
    

SwiftCompile normal x86_64 /Users/sinjunho/Desktop/Taste\ Buddy/ios/TasteBuddy/Domain/Models/PersonalTasteQuestions.swift (in target 'TasteBuddy' from project 'TasteBuddy')
    cd /Users/sinjunho/Desktop/Taste\ Buddy/ios
    

SwiftCompile normal x86_64 /Users/sinjunho/Desktop/Taste\ Buddy/ios/TasteBuddy/Domain/UseCases/PreferenceIntakeContractEngine.swift (in target 'TasteBuddy' from project 'TasteBuddy')
    cd /Users/sinjunho/Desktop/Taste\ Buddy/ios
    

SwiftCompile normal x86_64 /Users/sinjunho/Desktop/Taste\ Buddy/ios/TasteBuddy/Domain/Models/PreferenceIntakeContractModels.swift (in target 'TasteBuddy' from project 'TasteBuddy')
    cd /Users/sinjunho/Desktop/Taste\ Buddy/ios
    

SwiftCompile normal x86_64 /Users/sinjunho/Desktop/Taste\ Buddy/ios/TasteBuddy/Features/Intake/PreferenceIntakeFlowView.swift (in target 'TasteBuddy' from project 'TasteBuddy')
    cd /Users/sinjunho/Desktop/Taste\ Buddy/ios
    

SwiftCompile normal x86_64 /Users/sinjunho/Desktop/Taste\ Buddy/ios/TasteBuddy/Components/ProfileHeroCard.swift (in target 'TasteBuddy' from project 'TasteBuddy')
    cd /Users/sinjunho/Desktop/Taste\ Buddy/ios
    

SwiftCompile normal x86_64 /Users/sinjunho/Desktop/Taste\ Buddy/ios/TasteBuddy/Features/Profile/ProfileResultView.swift (in target 'TasteBuddy' from project 'TasteBuddy')
    cd /Users/sinjunho/Desktop/Taste\ Buddy/ios
    

SwiftDriver TasteBuddyTests normal x86_64 com.apple.xcode.tools.swift.compiler (in target 'TasteBuddyTests' from project 'TasteBuddy')
    cd /Users/sinjunho/Desktop/Taste\ Buddy/ios
    builtin-SwiftDriver -- /Applications/Xcode.app/Contents/Developer/Toolchains/XcodeDefault.xctoolchain/usr/bin/swiftc -module-name TasteBuddyTests -Onone @/tmp/TasteBuddyHomeQuestionsQA/Build/Intermediates.noindex/TasteBuddy.build/Debug-iphonesimulator/TasteBuddyTests.build/Objects-normal/x86_64/TasteBuddyTests.SwiftFileList -DDEBUG -j4 -plugin-path /Applications/Xcode.app/Contents/Developer/Toolchains/XcodeDefault.xctoolchain/usr/lib/swift/host/plugins/testing -enable-bare-slash-regex -enable-experimental-feature DebugDescriptionMacro -sdk /Applications/Xcode.app/Contents/Developer/Platforms/iPhoneSimulator.platform/Developer/SDKs/iPhoneSimulator26.5.sdk -target x86_64-apple-ios17.0-simulator -g -module-cache-path /tmp/TasteBuddyHomeQuestionsQA/ModuleCache.noindex -Xfrontend -serialize-debugging-options -enable-testing -index-store-path /tmp/TasteBuddyHomeQuestionsQA/Index.noindex/DataStore -swift-version 5 -I /tmp/TasteBuddyHomeQuestionsQA/Build/Products/Debug-iphonesimulator -Isystem /Applications/Xcode.app/Contents/Developer/Platforms/iPhoneSimulator.platform/Developer/usr/lib -F /tmp/TasteBuddyHomeQuestionsQA/Build/Products/Debug-iphonesimulator/PackageFrameworks -F /tmp/TasteBuddyHomeQuestionsQA/Build/Products/Debug-iphonesimulator/PackageFrameworks -F /tmp/TasteBuddyHomeQuestionsQA/Build/Products/Debug-iphonesimulator/PackageFrameworks -F /tmp/TasteBuddyHomeQuestionsQA/Build/Products/Debug-iphonesimulator/PackageFrameworks -F /tmp/TasteBuddyHomeQuestionsQA/Build/Products/Debug-iphonesimulator/PackageFrameworks -F /tmp/TasteBuddyHomeQuestionsQA/Build/Products/Debug-iphonesimulator/PackageFrameworks -F /tmp/TasteBuddyHomeQuestionsQA/Build/Products/Debug-iphonesimulator/PackageFrameworks -F /tmp/TasteBuddyHomeQuestionsQA/Build/Products/Debug-iphonesimulator/PackageFrameworks -F /tmp/TasteBuddyHomeQuestionsQA/Build/Products/Debug-iphonesimulator/PackageFrameworks -F /tmp/TasteBuddyHomeQuestionsQA/Build/Products/Debug-iphonesimulator/PackageFrameworks -F /tmp/TasteBuddyHomeQuestionsQA/Build/Products/Debug-iphonesimulator/PackageFrameworks -F /tmp/TasteBuddyHomeQuestionsQA/Build/Products/Debug-iphonesimulator/PackageFrameworks -F /tmp/TasteBuddyHomeQuestionsQA/Build/Products/Debug-iphonesimulator/PackageFrameworks -F /tmp/TasteBuddyHomeQuestionsQA/Build/Products/Debug-iphonesimulator/PackageFrameworks -F /tmp/TasteBuddyHomeQuestionsQA/Build/Products/Debug-iphonesimulator/PackageFrameworks -F /tmp/TasteBuddyHomeQuestionsQA/Build/Products/Debug-iphonesimulator/PackageFrameworks -F /tmp/TasteBuddyHomeQuestionsQA/Build/Products/Debug-iphonesimulator -F /Applications/Xcode.app/Contents/Developer/Platforms/iPhoneSimulator.platform/Developer/Library/Frameworks -F /Applications/Xcode.app/Contents/Developer/Platforms/iPhoneSimulator.platform/Developer/SDKs/iPhoneSimulator26.5.sdk/Developer/Library/Frameworks -c -j12 -enable-batch-mode -incremental -Xcc -ivfsstatcache -Xcc /tmp/TasteBuddyHomeQuestionsQA/SDKStatCaches.noindex/iphonesimulator26.5-23F81a-6cfe768891a92b912361537c460fe42b.sdkstatcache -output-file-map /tmp/TasteBuddyHomeQuestionsQA/Build/Intermediates.noindex/TasteBuddy.build/Debug-iphonesimulator/TasteBuddyTests.build/Objects-normal/x86_64/TasteBuddyTests-OutputFileMap.json -use-frontend-parseable-output -save-temps -no-color-diagnostics -explicit-module-build -module-cache-path /tmp/TasteBuddyHomeQuestionsQA/Build/Intermediates.noindex/SwiftExplicitPrecompiledModules -clang-scanner-module-cache-path /tmp/TasteBuddyHomeQuestionsQA/ModuleCache.noindex -sdk-module-cache-path /tmp/TasteBuddyHomeQuestionsQA/ModuleCache.noindex -serialize-diagnostics -emit-dependencies -emit-module -emit-module-path /tmp/TasteBuddyHomeQuestionsQA/Build/Intermediates.noindex/TasteBuddy.build/Debug-iphonesimulator/TasteBuddyTests.build/Objects-normal/x86_64/TasteBuddyTests.swiftmodule -validate-clang-modules-once -clang-build-session-file /tmp/TasteBuddyHomeQuestionsQA/ModuleCache.noindex/Session.modulevalidation -Xcc -I/tmp/TasteBuddyHomeQuestionsQA/Build/Intermediates.noindex/TasteBuddy.build/Debug-iphonesimulator/TasteBuddyTests.build/swift-overrides.hmap -emit-const-values -Xfrontend -const-gather-protocols-file -Xfrontend /tmp/TasteBuddyHomeQuestionsQA/Build/Intermediates.noindex/TasteBuddy.build/Debug-iphonesimulator/TasteBuddyTests.build/Objects-normal/x86_64/TasteBuddyTests_const_extract_protocols.json -Xcc -iquote -Xcc /tmp/TasteBuddyHomeQuestionsQA/Build/Intermediates.noindex/TasteBuddy.build/Debug-iphonesimulator/TasteBuddyTests.build/TasteBuddyTests-generated-files.hmap -Xcc -I/tmp/TasteBuddyHomeQuestionsQA/Build/Intermediates.noindex/TasteBuddy.build/Debug-iphonesimulator/TasteBuddyTests.build/TasteBuddyTests-own-target-headers.hmap -Xcc -I/tmp/TasteBuddyHomeQuestionsQA/Build/Intermediates.noindex/TasteBuddy.build/Debug-iphonesimulator/TasteBuddyTests.build/TasteBuddyTests-all-non-framework-target-headers.hmap -Xcc -ivfsoverlay -Xcc /tmp/TasteBuddyHomeQuestionsQA/Build/Intermediates.noindex/TasteBuddy.build/Debug-iphonesimulator/TasteBuddy-13299a83df260b797a46b4b5b88bf8d1-VFS-iphonesimulator/all-product-headers.yaml -Xcc -iquote -Xcc /tmp/TasteBuddyHomeQuestionsQA/Build/Intermediates.noindex/TasteBuddy.build/Debug-iphonesimulator/TasteBuddyTests.build/TasteBuddyTests-project-headers.hmap -Xcc -I/tmp/TasteBuddyHomeQuestionsQA/Build/Products/Debug-iphonesimulator/include -Xcc -I/tmp/TasteBuddyHomeQuestionsQA/Build/Intermediates.noindex/TasteBuddy.build/Debug-iphonesimulator/TasteBuddyTests.build/DerivedSources-normal/x86_64 -Xcc -I/tmp/TasteBuddyHomeQuestionsQA/Build/Intermediates.noindex/TasteBuddy.build/Debug-iphonesimulator/TasteBuddyTests.build/DerivedSources/x86_64 -Xcc -I/tmp/TasteBuddyHomeQuestionsQA/Build/Intermediates.noindex/TasteBuddy.build/Debug-iphonesimulator/TasteBuddyTests.build/DerivedSources -emit-objc-header -emit-objc-header-path /tmp/TasteBuddyHomeQuestionsQA/Build/Intermediates.noindex/TasteBuddy.build/Debug-iphonesimulator/TasteBuddyTests.build/Objects-normal/x86_64/TasteBuddyTests-Swift.h -working-directory /Users/sinjunho/Desktop/Taste\ Buddy/ios -experimental-emit-module-separately -disable-cmo

SwiftDriverJobDiscovery normal x86_64 Compiling HomeSearchModels.swift, HomeSummaryComponents.swift, HomeSummaryModels.swift, HomeView.swift, LucideIcon.swift, MainTabView.swift, NativeAccountDataRepository.swift, NativeAccountPhotoRepository.swift (in target 'TasteBuddy' from project 'TasteBuddy')

SwiftDriverJobDiscovery normal x86_64 Compiling TBComponents.swift, TBDesignColorTokens.swift, TBDesignFoundationTokens.swift, TBTheme.swift, TasteBloomMotion.swift, TasteBuddyAgentContractModels.swift, TasteBuddyAgentEngine.swift, TasteBuddyAgentFullEngine.swift (in target 'TasteBuddy' from project 'TasteBuddy')

SwiftCompile normal x86_64 Compiling\ AnalysisView.swift,\ AppChromeComponents.swift,\ AppModel.swift,\ AppNavigation.swift,\ AppPhase.swift,\ AppRouteDestinations.swift,\ AppShellView.swift,\ AuthEntryView.swift,\ BackendAuthRepository.swift /Users/sinjunho/Desktop/Taste\ Buddy/ios/TasteBuddy/Features/Analysis/AnalysisView.swift /Users/sinjunho/Desktop/Taste\ Buddy/ios/TasteBuddy/Components/Shell/AppChromeComponents.swift /Users/sinjunho/Desktop/Taste\ Buddy/ios/TasteBuddy/App/AppModel.swift /Users/sinjunho/Desktop/Taste\ Buddy/ios/TasteBuddy/App/AppNavigation.swift /Users/sinjunho/Desktop/Taste\ Buddy/ios/TasteBuddy/App/AppPhase.swift /Users/sinjunho/Desktop/Taste\ Buddy/ios/TasteBuddy/Components/Shell/AppRouteDestinations.swift /Users/sinjunho/Desktop/Taste\ Buddy/ios/TasteBuddy/Components/Shell/AppShellView.swift /Users/sinjunho/Desktop/Taste\ Buddy/ios/TasteBuddy/Features/Auth/AuthEntryView.swift /Users/sinjunho/Desktop/Taste\ Buddy/ios/TasteBuddy/Data/Backend/BackendAuthRepository.swift (in target 'TasteBuddy' from project 'TasteBuddy')

SwiftCompile normal x86_64 /Users/sinjunho/Desktop/Taste\ Buddy/ios/TasteBuddy/Features/Analysis/AnalysisView.swift (in target 'TasteBuddy' from project 'TasteBuddy')
    cd /Users/sinjunho/Desktop/Taste\ Buddy/ios
    

SwiftCompile normal x86_64 /Users/sinjunho/Desktop/Taste\ Buddy/ios/TasteBuddy/Components/Shell/AppChromeComponents.swift (in target 'TasteBuddy' from project 'TasteBuddy')
    cd /Users/sinjunho/Desktop/Taste\ Buddy/ios
    

SwiftCompile normal x86_64 /Users/sinjunho/Desktop/Taste\ Buddy/ios/TasteBuddy/App/AppModel.swift (in target 'TasteBuddy' from project 'TasteBuddy')
    cd /Users/sinjunho/Desktop/Taste\ Buddy/ios
    

SwiftCompile normal x86_64 /Users/sinjunho/Desktop/Taste\ Buddy/ios/TasteBuddy/App/AppNavigation.swift (in target 'TasteBuddy' from project 'TasteBuddy')
    cd /Users/sinjunho/Desktop/Taste\ Buddy/ios
    

SwiftCompile normal x86_64 /Users/sinjunho/Desktop/Taste\ Buddy/ios/TasteBuddy/App/AppPhase.swift (in target 'TasteBuddy' from project 'TasteBuddy')
    cd /Users/sinjunho/Desktop/Taste\ Buddy/ios
    

SwiftCompile normal x86_64 /Users/sinjunho/Desktop/Taste\ Buddy/ios/TasteBuddy/Components/Shell/AppRouteDestinations.swift (in target 'TasteBuddy' from project 'TasteBuddy')
    cd /Users/sinjunho/Desktop/Taste\ Buddy/ios
    

SwiftCompile normal x86_64 /Users/sinjunho/Desktop/Taste\ Buddy/ios/TasteBuddy/Components/Shell/AppShellView.swift (in target 'TasteBuddy' from project 'TasteBuddy')
    cd /Users/sinjunho/Desktop/Taste\ Buddy/ios
    

SwiftCompile normal x86_64 /Users/sinjunho/Desktop/Taste\ Buddy/ios/TasteBuddy/Features/Auth/AuthEntryView.swift (in target 'TasteBuddy' from project 'TasteBuddy')
    cd /Users/sinjunho/Desktop/Taste\ Buddy/ios
    

SwiftCompile normal x86_64 /Users/sinjunho/Desktop/Taste\ Buddy/ios/TasteBuddy/Data/Backend/BackendAuthRepository.swift (in target 'TasteBuddy' from project 'TasteBuddy')
    cd /Users/sinjunho/Desktop/Taste\ Buddy/ios
    

SwiftCompile normal x86_64 Compiling\ ProfileSummarySheet.swift,\ ProfileView.swift,\ QuickCalibrationContractEngine.swift,\ RestaurantDetailModels.swift,\ RestaurantDetailRouteView.swift,\ RestaurantModels.swift,\ RestaurantPlaceAPIClient.swift,\ SearchSystemComponents.swift /Users/sinjunho/Desktop/Taste\ Buddy/ios/TasteBuddy/Features/Profile/ProfileSummarySheet.swift /Users/sinjunho/Desktop/Taste\ Buddy/ios/TasteBuddy/Features/Profile/ProfileView.swift /Users/sinjunho/Desktop/Taste\ Buddy/ios/TasteBuddy/Domain/UseCases/QuickCalibrationContractEngine.swift /Users/sinjunho/Desktop/Taste\ Buddy/ios/TasteBuddy/Models/RestaurantDetailModels.swift /Users/sinjunho/Desktop/Taste\ Buddy/ios/TasteBuddy/Features/Restaurant/RestaurantDetailRouteView.swift /Users/sinjunho/Desktop/Taste\ Buddy/ios/TasteBuddy/Models/RestaurantModels.swift /Users/sinjunho/Desktop/Taste\ Buddy/ios/TasteBuddy/Data/Places/RestaurantPlaceAPIClient.swift /Users/sinjunho/Desktop/Taste\ Buddy/ios/TasteBuddy/Components/SearchSystemComponents.swift (in target 'TasteBuddy' from project 'TasteBuddy')

SwiftCompile normal x86_64 /Users/sinjunho/Desktop/Taste\ Buddy/ios/TasteBuddy/Features/Profile/ProfileSummarySheet.swift (in target 'TasteBuddy' from project 'TasteBuddy')
    cd /Users/sinjunho/Desktop/Taste\ Buddy/ios
    

SwiftCompile normal x86_64 /Users/sinjunho/Desktop/Taste\ Buddy/ios/TasteBuddy/Features/Profile/ProfileView.swift (in target 'TasteBuddy' from project 'TasteBuddy')
    cd /Users/sinjunho/Desktop/Taste\ Buddy/ios
    

SwiftCompile normal x86_64 /Users/sinjunho/Desktop/Taste\ Buddy/ios/TasteBuddy/Domain/UseCases/QuickCalibrationContractEngine.swift (in target 'TasteBuddy' from project 'TasteBuddy')
    cd /Users/sinjunho/Desktop/Taste\ Buddy/ios
    

SwiftCompile normal x86_64 /Users/sinjunho/Desktop/Taste\ Buddy/ios/TasteBuddy/Models/RestaurantDetailModels.swift (in target 'TasteBuddy' from project 'TasteBuddy')
    cd /Users/sinjunho/Desktop/Taste\ Buddy/ios
    

SwiftCompile normal x86_64 /Users/sinjunho/Desktop/Taste\ Buddy/ios/TasteBuddy/Features/Restaurant/RestaurantDetailRouteView.swift (in target 'TasteBuddy' from project 'TasteBuddy')
    cd /Users/sinjunho/Desktop/Taste\ Buddy/ios
    

SwiftCompile normal x86_64 /Users/sinjunho/Desktop/Taste\ Buddy/ios/TasteBuddy/Models/RestaurantModels.swift (in target 'TasteBuddy' from project 'TasteBuddy')
    cd /Users/sinjunho/Desktop/Taste\ Buddy/ios
    

SwiftCompile normal x86_64 /Users/sinjunho/Desktop/Taste\ Buddy/ios/TasteBuddy/Data/Places/RestaurantPlaceAPIClient.swift (in target 'TasteBuddy' from project 'TasteBuddy')
    cd /Users/sinjunho/Desktop/Taste\ Buddy/ios
    

SwiftCompile normal x86_64 /Users/sinjunho/Desktop/Taste\ Buddy/ios/TasteBuddy/Components/SearchSystemComponents.swift (in target 'TasteBuddy' from project 'TasteBuddy')
    cd /Users/sinjunho/Desktop/Taste\ Buddy/ios
    

SwiftExplicitDependencyGeneratePcm x86_64 /tmp/TasteBuddyHomeQuestionsQA/Build/Intermediates.noindex/SwiftExplicitPrecompiledModules/XCUIAutomation-B6P2LVJBCPXINJVKE20CYP917.pcm

SwiftDriverJobDiscovery normal x86_64 Compiling PersonalTasteModel.swift, PersonalTasteQuestionInstance.swift, PersonalTasteQuestions.swift, PreferenceIntakeContractEngine.swift, PreferenceIntakeContractModels.swift, PreferenceIntakeFlowView.swift, ProfileHeroCard.swift, ProfileResultView.swift (in target 'TasteBuddy' from project 'TasteBuddy')

SwiftCompile normal x86_64 Compiling\ SensoryAnalysisCards.swift,\ SensoryAnalysisEngine.swift,\ SensoryAnalysisModels.swift,\ SessionController.swift,\ SplashView.swift,\ SupabaseClientProvider.swift,\ SystemCoreComponents.swift,\ SystemParityComponents.swift /Users/sinjunho/Desktop/Taste\ Buddy/ios/TasteBuddy/Features/Analysis/SensoryAnalysisCards.swift /Users/sinjunho/Desktop/Taste\ Buddy/ios/TasteBuddy/Domain/UseCases/SensoryAnalysisEngine.swift /Users/sinjunho/Desktop/Taste\ Buddy/ios/TasteBuddy/Domain/Models/SensoryAnalysisModels.swift /Users/sinjunho/Desktop/Taste\ Buddy/ios/TasteBuddy/Data/Backend/SessionController.swift /Users/sinjunho/Desktop/Taste\ Buddy/ios/TasteBuddy/Features/Launch/SplashView.swift /Users/sinjunho/Desktop/Taste\ Buddy/ios/TasteBuddy/Data/Backend/SupabaseClientProvider.swift /Users/sinjunho/Desktop/Taste\ Buddy/ios/TasteBuddy/Components/SystemCoreComponents.swift /Users/sinjunho/Desktop/Taste\ Buddy/ios/TasteBuddy/Components/SystemParityComponents.swift (in target 'TasteBuddy' from project 'TasteBuddy')
Failed frontend command:
/Applications/Xcode.app/Contents/Developer/Toolchains/XcodeDefault.xctoolchain/usr/bin/swift-frontend -frontend -c /Users/sinjunho/Desktop/Taste\ Buddy/ios/TasteBuddy/Features/Analysis/AnalysisView.swift /Users/sinjunho/Desktop/Taste\ Buddy/ios/TasteBuddy/Components/Shell/AppChromeComponents.swift /Users/sinjunho/Desktop/Taste\ Buddy/ios/TasteBuddy/App/AppModel.swift /Users/sinjunho/Desktop/Taste\ Buddy/ios/TasteBuddy/App/AppNavigation.swift /Users/sinjunho/Desktop/Taste\ Buddy/ios/TasteBuddy/App/AppPhase.swift /Users/sinjunho/Desktop/Taste\ Buddy/ios/TasteBuddy/Components/Shell/AppRouteDestinations.swift /Users/sinjunho/Desktop/Taste\ Buddy/ios/TasteBuddy/Components/Shell/AppShellView.swift /Users/sinjunho/Desktop/Taste\ Buddy/ios/TasteBuddy/Features/Auth/AuthEntryView.swift /Users/sinjunho/Desktop/Taste\ Buddy/ios/TasteBuddy/Data/Backend/BackendAuthRepository.swift /Users/sinjunho/Desktop/Taste\ Buddy/ios/TasteBuddy/Data/Backend/BackendConfiguration.swift /Users/sinjunho/Desktop/Taste\ Buddy/ios/TasteBuddy/Components/Shell/BottomTabCenterButton.swift /Users/sinjunho/Desktop/Taste\ Buddy/ios/TasteBuddy/App/BrandVideoRuntimePreview.swift /Users/sinjunho/Desktop/Taste\ Buddy/ios/TasteBuddy/Features/Calibration/CalibrationFlowView.swift /Users/sinjunho/Desktop/Taste\ Buddy/ios/TasteBuddy/Models/CalibrationModels.swift /Users/sinjunho/Desktop/Taste\ Buddy/ios/TasteBuddy/Features/Analysis/ChatGPTAnalysisCard.swift /Users/sinjunho/Desktop/Taste\ Buddy/ios/TasteBuddy/Features/Analysis/ChatGPTAnalysisConnection.swift /Users/sinjunho/Desktop/Taste\ Buddy/ios/TasteBuddy/Components/DesignSystemFullComponents.swift /Users/sinjunho/Desktop/Taste\ Buddy/ios/TasteBuddy/Features/DesignSystem/DesignSystemPreviewView.swift /Users/sinjunho/Desktop/Taste\ Buddy/ios/TasteBuddy/Domain/Models/DiningFeedbackContractModels.swift /Users/sinjunho/Desktop/Taste\ Buddy/ios/TasteBuddy/Domain/Models/DiningMemoryContext.swift /Users/sinjunho/Desktop/Taste\ Buddy/ios/TasteBuddy/Domain/Models/DiningOverallEvaluation.swift /Users/sinjunho/Desktop/Taste\ Buddy/ios/TasteBuddy/Features/Dining/DiningOverallEvaluationStepView.swift /Users/sinjunho/Desktop/Taste\ Buddy/ios/TasteBuddy/Features/Dining/DiningPhotoPalette.swift /Users/sinjunho/Desktop/Taste\ Buddy/ios/TasteBuddy/Features/Dining/DiningSensoryRecommendationPolicy.swift /Users/sinjunho/Desktop/Taste\ Buddy/ios/TasteBuddy/Domain/Models/DiningSensorySelection.swift /Users/sinjunho/Desktop/Taste\ Buddy/ios/TasteBuddy/Features/Dining/DiningSensorySelectionEditor.swift /Users/sinjunho/Desktop/Taste\ Buddy/ios/TasteBuddy/Domain/UseCases/DiningSensorySelectionParser.swift /Users/sinjunho/Desktop/Taste\ Buddy/ios/TasteBuddy/Features/Dining/DiningView.swift /Users/sinjunho/Desktop/Taste\ Buddy/ios/TasteBuddy/Domain/Models/FoodMemory.swift /Users/sinjunho/Desktop/Taste\ Buddy/ios/TasteBuddy/Features/Home/FoodMemoryViews.swift /Users/sinjunho/Desktop/Taste\ Buddy/ios/TasteBuddy/Features/Home/HomeArchiveVisualizationModels.swift /Users/sinjunho/Desktop/Taste\ Buddy/ios/TasteBuddy/Features/Home/HomeArchiveVisualizationViews.swift /Users/sinjunho/Desktop/Taste\ Buddy/ios/TasteBuddy/Features/Home/HomePeriodInsightComponents.swift /Users/sinjunho/Desktop/Taste\ Buddy/ios/TasteBuddy/Features/Home/HomeSearchModels.swift /Users/sinjunho/Desktop/Taste\ Buddy/ios/TasteBuddy/Features/Home/HomeSummaryComponents.swift /Users/sinjunho/Desktop/Taste\ Buddy/ios/TasteBuddy/Features/Home/HomeSummaryModels.swift /Users/sinjunho/Desktop/Taste\ Buddy/ios/TasteBuddy/Features/Home/HomeView.swift /Users/sinjunho/Desktop/Taste\ Buddy/ios/TasteBuddy/Components/LucideIcon.swift /Users/sinjunho/Desktop/Taste\ Buddy/ios/TasteBuddy/Features/Main/MainTabView.swift /Users/sinjunho/Desktop/Taste\ Buddy/ios/TasteBuddy/Data/Backend/NativeAccountDataRepository.swift /Users/sinjunho/Desktop/Taste\ Buddy/ios/TasteBuddy/Data/Backend/NativeAccountPhotoRepository.swift /Users/sinjunho/Desktop/Taste\ Buddy/ios/TasteBuddy/Components/NativeFeedbackComponents.swift /Users/sinjunho/Desktop/Taste\ Buddy/ios/TasteBuddy/Components/NativeInputComponents.swift /Users/sinjunho/Desktop/Taste\ Buddy/ios/TasteBuddy/Components/NativeLayoutComponents.swift /Users/sinjunho/Desktop/Taste\ Buddy/ios/TasteBuddy/Features/Onboarding/OnboardingView.swift /Users/sinjunho/Desktop/Taste\ Buddy/ios/TasteBuddy/Components/PalateBloomAvatar.swift /Users/sinjunho/Desktop/Taste\ Buddy/ios/TasteBuddy/Features/Analysis/PersonalTasteInsightCards.swift /Users/sinjunho/Desktop/Taste\ Buddy/ios/TasteBuddy/Domain/Models/PersonalTasteInsights.swift /Users/sinjunho/Desktop/Taste\ Buddy/ios/TasteBuddy/Features/Analysis/PersonalTasteInsightsRuntimePreview.swift /Users/sinjunho/Desktop/Taste\ Buddy/ios/TasteBuddy/Domain/Models/PersonalTasteModel.swift /Users/sinjunho/Desktop/Taste\ Buddy/ios/TasteBuddy/Domain/Models/PersonalTasteQuestionInstance.swift /Users/sinjunho/Desktop/Taste\ Buddy/ios/TasteBuddy/Domain/Models/PersonalTasteQuestions.swift /Users/sinjunho/Desktop/Taste\ Buddy/ios/TasteBuddy/Domain/UseCases/PreferenceIntakeContractEngine.swift /Users/sinjunho/Desktop/Taste\ Buddy/ios/TasteBuddy/Domain/Models/PreferenceIntakeContractModels.swift /Users/sinjunho/Desktop/Taste\ Buddy/ios/TasteBuddy/Features/Intake/PreferenceIntakeFlowView.swift /Users/sinjunho/Desktop/Taste\ Buddy/ios/TasteBuddy/Components/ProfileHeroCard.swift /Users/sinjunho/Desktop/Taste\ Buddy/ios/TasteBuddy/Features/Profile/ProfileResultView.swift /Users/sinjunho/Desktop/Taste\ Buddy/ios/TasteBuddy/Features/Profile/ProfileSummarySheet.swift /Users/sinjunho/Desktop/Taste\ Buddy/ios/TasteBuddy/Features/Profile/ProfileView.swift /Users/sinjunho/Desktop/Taste\ Buddy/ios/TasteBuddy/Domain/UseCases/QuickCalibrationContractEngine.swift /Users/sinjunho/Desktop/Taste\ Buddy/ios/TasteBuddy/Models/RestaurantDetailModels.swift /Users/sinjunho/Desktop/Taste\ Buddy/ios/TasteBuddy/Features/Restaurant/RestaurantDetailRouteView.swift /Users/sinjunho/Desktop/Taste\ Buddy/ios/TasteBuddy/Models/RestaurantModels.swift /Users/sinjunho/Desktop/Taste\ Buddy/ios/TasteBuddy/Data/Places/RestaurantPlaceAPIClient.swift /Users/sinjunho/Desktop/Taste\ Buddy/ios/TasteBuddy/Components/SearchSystemComponents.swift -primary-file /Users/sinjunho/Desktop/Taste\ Buddy/ios/TasteBuddy/Features/Analysis/SensoryAnalysisCards.swift -primary-file /Users/sinjunho/Desktop/Taste\ Buddy/ios/TasteBuddy/Domain/UseCases/SensoryAnalysisEngine.swift -primary-file /Users/sinjunho/Desktop/Taste\ Buddy/ios/TasteBuddy/Domain/Models/SensoryAnalysisModels.swift -primary-file /Users/sinjunho/Desktop/Taste\ Buddy/ios/TasteBuddy/Data/Backend/SessionController.swift -primary-file /Users/sinjunho/Desktop/Taste\ Buddy/ios/TasteBuddy/Features/Launch/SplashView.swift -primary-file /Users/sinjunho/Desktop/Taste\ Buddy/ios/TasteBuddy/Data/Backend/SupabaseClientProvider.swift -primary-file /Users/sinjunho/Desktop/Taste\ Buddy/ios/TasteBuddy/Components/SystemCoreComponents.swift -primary-file /Users/sinjunho/Desktop/Taste\ Buddy/ios/TasteBuddy/Components/SystemParityComponents.swift /Users/sinjunho/Desktop/Taste\ Buddy/ios/TasteBuddy/Components/TBComponents.swift /Users/sinjunho/Desktop/Taste\ Buddy/ios/TasteBuddy/DesignSystem/TBDesignColorTokens.swift /Users/sinjunho/Desktop/Taste\ Buddy/ios/TasteBuddy/DesignSystem/TBDesignFoundationTokens.swift /Users/sinjunho/Desktop/Taste\ Buddy/ios/TasteBuddy/DesignSystem/TBTheme.swift /Users/sinjunho/Desktop/Taste\ Buddy/ios/TasteBuddy/DesignSystem/TasteBloomMotion.swift /Users/sinjunho/Desktop/Taste\ Buddy/ios/TasteBuddy/Domain/Models/TasteBuddyAgentContractModels.swift /Users/sinjunho/Desktop/Taste\ Buddy/ios/TasteBuddy/Domain/UseCases/TasteBuddyAgentEngine.swift /Users/sinjunho/Desktop/Taste\ Buddy/ios/TasteBuddy/Domain/UseCases/TasteBuddyAgentFullEngine.swift /Users/sinjunho/Desktop/Taste\ Buddy/ios/TasteBuddy/Domain/Models/TasteBuddyAgentFullModels.swift /Users/sinjunho/Desktop/Taste\ Buddy/ios/TasteBuddy/Domain/UseCases/TasteBuddyAgentKnowledgeRuntime.swift /Users/sinjunho/Desktop/Taste\ Buddy/ios/TasteBuddy/App/TasteBuddyApp.swift /Users/sinjunho/Desktop/Taste\ Buddy/ios/TasteBuddy/Domain/Models/TasteContractModels.swift /Users/sinjunho/Desktop/Taste\ Buddy/ios/TasteBuddy/DesignSystem/TasteGradientIndicator.swift /Users/sinjunho/Desktop/Taste\ Buddy/ios/TasteBuddy/Domain/Models/TasteIntensityLikingMatrix.swift /Users/sinjunho/Desktop/Taste\ Buddy/ios/TasteBuddy/Features/Analysis/TasteIntensityLikingMatrixView.swift /Users/sinjunho/Desktop/Taste\ Buddy/ios/TasteBuddy/Models/TasteModels.swift /Users/sinjunho/Desktop/Taste\ Buddy/ios/TasteBuddy/Components/TasteMotionView.swift /Users/sinjunho/Desktop/Taste\ Buddy/ios/TasteBuddy/Domain/Models/TastePerception.swift /Users/sinjunho/Desktop/Taste\ Buddy/ios/TasteBuddy/Features/Analysis/TastePerceptionCards.swift /Users/sinjunho/Desktop/Taste\ Buddy/ios/TasteBuddy/Components/TasteRadarView.swift /Users/sinjunho/Desktop/Taste\ Buddy/ios/TasteBuddy/Domain/Models/TasteSurveyContractModels.swift /Users/sinjunho/Desktop/Taste\ Buddy/ios/TasteBuddy/Features/Calibration/TasteSurveyEvidenceCard.swift /Users/sinjunho/Desktop/Taste\ Buddy/ios/TasteBuddy/Domain/UseCases/TasteSurveyScoringEngine.swift /tmp/TasteBuddyHomeQuestionsQA/Build/Intermediates.noindex/TasteBuddy.build/Debug-iphonesimulator/TasteBuddy.build/DerivedSources/GeneratedAssetSymbols.swift -supplementary-output-file-map /tmp/TasteBuddyHomeQuestionsQA/Build/Intermediates.noindex/TasteBuddy.build/Debug-iphonesimulator/TasteBuddy.build/Objects-normal/x86_64/supplementaryOutputs-9 -target x86_64-apple-ios17.0-simulator -module-can-import-version DeveloperToolsSupport 23.40.26 23.40.26 -module-can-import Supabase -disable-cross-import-overlay-search -swift-module-cross-import MapKit /Applications/Xcode.app/Contents/Developer/Platforms/iPhoneSimulator.platform/Developer/SDKs/iPhoneSimulator.sdk/System/Library/Frameworks/MapKit.framework/Modules/MapKit.swiftcrossimport/SwiftUI.swiftoverlay -swift-module-cross-import PhotosUI /Applications/Xcode.app/Contents/Developer/Platforms/iPhoneSimulator.platform/Developer/SDKs/iPhoneSimulator.sdk/System/Library/Frameworks/PhotosUI.framework/Modules/PhotosUI.swiftcrossimport/SwiftUI.swiftoverlay -swift-module-cross-import PhotosUI /Applications/Xcode.app/Contents/Developer/Platforms/iPhoneSimulator.platform/Developer/SDKs/iPhoneSimulator.sdk/System/Library/Frameworks/PhotosUI.framework/Modules/PhotosUI.swiftcrossimport/WidgetKit.swiftoverlay -swift-module-cross-import PhotosUI /Applications/Xcode.app/Contents/Developer/Platforms/iPhoneSimulator.platform/Developer/SDKs/iPhoneSimulator26.5.sdk/System/Library/Frameworks/PhotosUI.framework/Modules/PhotosUI.swiftcrossimport/SwiftUI.swiftoverlay -swift-module-cross-import PhotosUI /Applications/Xcode.app/Contents/Developer/Platforms/iPhoneSimulator.platform/Developer/SDKs/iPhoneSimulator26.5.sdk/System/Library/Frameworks/PhotosUI.framework/Modules/PhotosUI.swiftcrossimport/WidgetKit.swiftoverlay -load-resolved-plugin /Applications/Xcode.app/Contents/Developer/Platforms/iPhoneOS.platform/Developer/usr/lib/swift/host/plugins/libFoundationMacros.dylib\#/Applications/Xcode.app/Contents/Developer/Platforms/iPhoneOS.platform/Developer/usr/bin/swift-plugin-server\#FoundationMacros -load-resolved-plugin /Applications/Xcode.app/Contents/Developer/Platforms/iPhoneOS.platform/Developer/usr/lib/swift/host/plugins/libObservationMacros.dylib\#/Applications/Xcode.app/Contents/Developer/Platforms/iPhoneOS.platform/Developer/usr/bin/swift-plugin-server\#ObservationMacros -load-resolved-plugin /Applications/Xcode.app/Contents/Developer/Platforms/iPhoneOS.platform/Developer/usr/lib/swift/host/plugins/libPreviewsMacros.dylib\#/Applications/Xcode.app/Contents/Developer/Platforms/iPhoneOS.platform/Developer/usr/bin/swift-plugin-server\#PreviewsMacros -load-resolved-plugin /Applications/Xcode.app/Contents/Developer/Platforms/iPhoneOS.platform/Developer/usr/lib/swift/host/plugins/libSwiftMacros.dylib\#/Applications/Xcode.app/Contents/Developer/Platforms/iPhoneOS.platform/Developer/usr/bin/swift-plugin-server\#SwiftMacros -load-resolved-plugin /Applications/Xcode.app/Contents/Developer/Platforms/iPhoneOS.platform/Developer/usr/lib/swift/host/plugins/libSwiftUIMacros.dylib\#/Applications/Xcode.app/Contents/Developer/Platforms/iPhoneOS.platform/Developer/usr/bin/swift-plugin-server\#SwiftUIMacros -disable-implicit-swift-modules -Xcc -fno-implicit-modules -Xcc -fno-implicit-module-maps -explicit-swift-module-map-file /tmp/TasteBuddyHomeQuestionsQA/Build/Intermediates.noindex/TasteBuddy.build/Debug-iphonesimulator/TasteBuddy.build/Objects-normal/x86_64/TasteBuddy-dependencies-1.json -debug-module-path /tmp/TasteBuddyHomeQuestionsQA/Build/Intermediates.noindex/TasteBuddy.build/Debug-iphonesimulator/TasteBuddy.build/Objects-normal/x86_64/TasteBuddy.swiftmodule -enable-objc-interop -sdk /Applications/Xcode.app/Contents/Developer/Platforms/iPhoneSimulator.platform/Developer/SDKs/iPhoneSimulator26.5.sdk -I /tmp/TasteBuddyHomeQuestionsQA/Build/Products/Debug-iphonesimulator -F /tmp/TasteBuddyHomeQuestionsQA/Build/Products/Debug-iphonesimulator/PackageFrameworks -F /tmp/TasteBuddyHomeQuestionsQA/Build/Products/Debug-iphonesimulator/PackageFrameworks -F /tmp/TasteBuddyHomeQuestionsQA/Build/Products/Debug-iphonesimulator/PackageFrameworks -F /tmp/TasteBuddyHomeQuestionsQA/Build/Products/Debug-iphonesimulator/PackageFrameworks -F /tmp/TasteBuddyHomeQuestionsQA/Build/Products/Debug-iphonesimulator/PackageFrameworks -F /tmp/TasteBuddyHomeQuestionsQA/Build/Products/Debug-iphonesimulator/PackageFrameworks -F /tmp/TasteBuddyHomeQuestionsQA/Build/Products/Debug-iphonesimulator/PackageFrameworks -F /tmp/TasteBuddyHomeQuestionsQA/Build/Products/Debug-iphonesimulator/PackageFrameworks -F /tmp/TasteBuddyHomeQuestionsQA/Build/Products/Debug-iphonesimulator/PackageFrameworks -F /tmp/TasteBuddyHomeQuestionsQA/Build/Products/Debug-iphonesimulator/PackageFrameworks -F /tmp/TasteBuddyHomeQuestionsQA/Build/Products/Debug-iphonesimulator/PackageFrameworks -F /tmp/TasteBuddyHomeQuestionsQA/Build/Products/Debug-iphonesimulator/PackageFrameworks -F /tmp/TasteBuddyHomeQuestionsQA/Build/Products/Debug-iphonesimulator/PackageFrameworks -F /tmp/TasteBuddyHomeQuestionsQA/Build/Products/Debug-iphonesimulator/PackageFrameworks -F /tmp/TasteBuddyHomeQuestionsQA/Build/Products/Debug-iphonesimulator/PackageFrameworks -F /tmp/TasteBuddyHomeQuestionsQA/Build/Products/Debug-iphonesimulator/PackageFrameworks -F /tmp/TasteBuddyHomeQuestionsQA/Build/Products/Debug-iphonesimulator -no-color-diagnostics -Xcc -fno-color-diagnostics -enable-testing -g -debug-info-format\=dwarf -dwarf-version\=4 -module-cache-path /tmp/TasteBuddyHomeQuestionsQA/Build/Intermediates.noindex/SwiftExplicitPrecompiledModules -swift-version 5 -Onone -D DEBUG -serialize-debugging-options -const-gather-protocols-file /tmp/TasteBuddyHomeQuestionsQA/Build/Intermediates.noindex/TasteBuddy.build/Debug-iphonesimulator/TasteBuddy.build/Objects-normal/x86_64/TasteBuddy_const_extract_protocols.json -enable-experimental-feature DebugDescriptionMacro -enable-bare-slash-regex -empty-abi-descriptor -validate-clang-modules-once -clang-build-session-file /tmp/TasteBuddyHomeQuestionsQA/ModuleCache.noindex/Session.modulevalidation -Xcc -working-directory -Xcc /Users/sinjunho/Desktop/Taste\ Buddy/ios -enable-anonymous-context-mangled-names -file-compilation-dir /Users/sinjunho/Desktop/Taste\ Buddy/ios -Xcc -ivfsstatcache -Xcc /tmp/TasteBuddyHomeQuestionsQA/SDKStatCaches.noindex/iphonesimulator26.5-23F81a-6cfe768891a92b912361537c460fe42b.sdkstatcache -Xcc -I/tmp/TasteBuddyHomeQuestionsQA/Build/Intermediates.noindex/TasteBuddy.build/Debug-iphonesimulator/TasteBuddy.build/swift-overrides.hmap -Xcc -iquote -Xcc /tmp/TasteBuddyHomeQuestionsQA/Build/Intermediates.noindex/TasteBuddy.build/Debug-iphonesimulator/TasteBuddy.build/TasteBuddy-generated-files.hmap -Xcc -I/tmp/TasteBuddyHomeQuestionsQA/Build/Intermediates.noindex/TasteBuddy.build/Debug-iphonesimulator/TasteBuddy.build/TasteBuddy-own-target-headers.hmap -Xcc -I/tmp/TasteBuddyHomeQuestionsQA/Build/Intermediates.noindex/TasteBuddy.build/Debug-iphonesimulator/TasteBuddy.build/TasteBuddy-all-non-framework-target-headers.hmap -Xcc -ivfsoverlay -Xcc /tmp/TasteBuddyHomeQuestionsQA/Build/Intermediates.noindex/TasteBuddy.build/Debug-iphonesimulator/TasteBuddy-13299a83df260b797a46b4b5b88bf8d1-VFS-iphonesimulator/all-product-headers.yaml -Xcc -iquote -Xcc /tmp/TasteBuddyHomeQuestionsQA/Build/Intermediates.noindex/TasteBuddy.build/Debug-iphonesimulator/TasteBuddy.build/TasteBuddy-project-headers.hmap -Xcc -I/tmp/TasteBuddyHomeQuestionsQA/Build/Products/Debug-iphonesimulator/include -Xcc -I/tmp/TasteBuddyHomeQuestionsQA/Build/Intermediates.noindex/TasteBuddy.build/Debug-iphonesimulator/TasteBuddy.build/DerivedSources-normal/x86_64 -Xcc -I/tmp/TasteBuddyHomeQuestionsQA/Build/Intermediates.noindex/TasteBuddy.build/Debug-iphonesimulator/TasteBuddy.build/DerivedSources/x86_64 -Xcc -I/tmp/TasteBuddyHomeQuestionsQA/Build/Intermediates.noindex/TasteBuddy.build/Debug-iphonesimulator/TasteBuddy.build/DerivedSources -no-auto-bridging-header-chaining -module-name TasteBuddy -frontend-parseable-output -disable-clang-spi -clang-target x86_64-apple-ios26.5-simulator -target-sdk-version 26.5 -target-sdk-name iphonesimulator26.5 -in-process-plugin-server-path /Applications/Xcode.app/Contents/Developer/Toolchains/XcodeDefault.xctoolchain/usr/lib/swift/host/libSwiftInProcPluginServer.dylib -o /tmp/TasteBuddyHomeQuestionsQA/Build/Intermediates.noindex/TasteBuddy.build/Debug-iphonesimulator/TasteBuddy.build/Objects-normal/x86_64/SensoryAnalysisCards.o -o /tmp/TasteBuddyHomeQuestionsQA/Build/Intermediates.noindex/TasteBuddy.build/Debug-iphonesimulator/TasteBuddy.build/Objects-normal/x86_64/SensoryAnalysisEngine.o -o /tmp/TasteBuddyHomeQuestionsQA/Build/Intermediates.noindex/TasteBuddy.build/Debug-iphonesimulator/TasteBuddy.build/Objects-normal/x86_64/SensoryAnalysisModels.o -o /tmp/TasteBuddyHomeQuestionsQA/Build/Intermediates.noindex/TasteBuddy.build/Debug-iphonesimulator/TasteBuddy.build/Objects-normal/x86_64/SessionController.o -o /tmp/TasteBuddyHomeQuestionsQA/Build/Intermediates.noindex/TasteBuddy.build/Debug-iphonesimulator/TasteBuddy.build/Objects-normal/x86_64/SplashView.o -o /tmp/TasteBuddyHomeQuestionsQA/Build/Intermediates.noindex/TasteBuddy.build/Debug-iphonesimulator/TasteBuddy.build/Objects-normal/x86_64/SupabaseClientProvider.o -o /tmp/TasteBuddyHomeQuestionsQA/Build/Intermediates.noindex/TasteBuddy.build/Debug-iphonesimulator/TasteBuddy.build/Objects-normal/x86_64/SystemCoreComponents.o -o /tmp/TasteBuddyHomeQuestionsQA/Build/Intermediates.noindex/TasteBuddy.build/Debug-iphonesimulator/TasteBuddy.build/Objects-normal/x86_64/SystemParityComponents.o -index-unit-output-path /TasteBuddy.build/Debug-iphonesimulator/TasteBuddy.build/Objects-normal/x86_64/SensoryAnalysisCards.o -index-unit-output-path /TasteBuddy.build/Debug-iphonesimulator/TasteBuddy.build/Objects-normal/x86_64/SensoryAnalysisEngine.o -index-unit-output-path /TasteBuddy.build/Debug-iphonesimulator/TasteBuddy.build/Objects-normal/x86_64/SensoryAnalysisModels.o -index-unit-output-path /TasteBuddy.build/Debug-iphonesimulator/TasteBuddy.build/Objects-normal/x86_64/SessionController.o -index-unit-output-path /TasteBuddy.build/Debug-iphonesimulator/TasteBuddy.build/Objects-normal/x86_64/SplashView.o -index-unit-output-path /TasteBuddy.build/Debug-iphonesimulator/TasteBuddy.build/Objects-normal/x86_64/SupabaseClientProvider.o -index-unit-output-path /TasteBuddy.build/Debug-iphonesimulator/TasteBuddy.build/Objects-normal/x86_64/SystemCoreComponents.o -index-unit-output-path /TasteBuddy.build/Debug-iphonesimulator/TasteBuddy.build/Objects-normal/x86_64/SystemParityComponents.o -index-store-path /tmp/TasteBuddyHomeQuestionsQA/Index.noindex/DataStore -index-system-modules

SwiftCompile normal x86_64 /Users/sinjunho/Desktop/Taste\ Buddy/ios/TasteBuddy/Features/Analysis/SensoryAnalysisCards.swift (in target 'TasteBuddy' from project 'TasteBuddy')
    cd /Users/sinjunho/Desktop/Taste\ Buddy/ios
    

SwiftCompile normal x86_64 /Users/sinjunho/Desktop/Taste\ Buddy/ios/TasteBuddy/Domain/UseCases/SensoryAnalysisEngine.swift (in target 'TasteBuddy' from project 'TasteBuddy')
    cd /Users/sinjunho/Desktop/Taste\ Buddy/ios
    
/Users/sinjunho/Desktop/Taste Buddy/ios/TasteBuddy/Domain/UseCases/SensoryAnalysisEngine.swift:27:27: error: cannot find 'PersonalTasteSourceReviewQuestions' in scope
            let reviews = PersonalTasteSourceReviewQuestions.make(unresolved: snapshot.unresolved, entries: entries, userID: userID)
                          ^~~~~~~~~~~~~~~~~~~~~~~~~~~~~~~~~~

SwiftCompile normal x86_64 /Users/sinjunho/Desktop/Taste\ Buddy/ios/TasteBuddy/Domain/Models/SensoryAnalysisModels.swift (in target 'TasteBuddy' from project 'TasteBuddy')
    cd /Users/sinjunho/Desktop/Taste\ Buddy/ios
    

SwiftCompile normal x86_64 /Users/sinjunho/Desktop/Taste\ Buddy/ios/TasteBuddy/Data/Backend/SessionController.swift (in target 'TasteBuddy' from project 'TasteBuddy')
    cd /Users/sinjunho/Desktop/Taste\ Buddy/ios
    

SwiftCompile normal x86_64 /Users/sinjunho/Desktop/Taste\ Buddy/ios/TasteBuddy/Features/Launch/SplashView.swift (in target 'TasteBuddy' from project 'TasteBuddy')
    cd /Users/sinjunho/Desktop/Taste\ Buddy/ios
    

SwiftCompile normal x86_64 /Users/sinjunho/Desktop/Taste\ Buddy/ios/TasteBuddy/Data/Backend/SupabaseClientProvider.swift (in target 'TasteBuddy' from project 'TasteBuddy')
    cd /Users/sinjunho/Desktop/Taste\ Buddy/ios
    

SwiftCompile normal x86_64 /Users/sinjunho/Desktop/Taste\ Buddy/ios/TasteBuddy/Components/SystemCoreComponents.swift (in target 'TasteBuddy' from project 'TasteBuddy')
    cd /Users/sinjunho/Desktop/Taste\ Buddy/ios
    

SwiftCompile normal x86_64 /Users/sinjunho/Desktop/Taste\ Buddy/ios/TasteBuddy/Components/SystemParityComponents.swift (in target 'TasteBuddy' from project 'TasteBuddy')
    cd /Users/sinjunho/Desktop/Taste\ Buddy/ios
    

SwiftExplicitDependencyCompileModuleFromInterface x86_64 /tmp/TasteBuddyHomeQuestionsQA/Build/Intermediates.noindex/SwiftExplicitPrecompiledModules/XCUIAutomation-1VE8MNQR1HN5D.swiftmodule

SwiftDriverJobDiscovery normal x86_64 Compiling ProfileSummarySheet.swift, ProfileView.swift, QuickCalibrationContractEngine.swift, RestaurantDetailModels.swift, RestaurantDetailRouteView.swift, RestaurantModels.swift, RestaurantPlaceAPIClient.swift, SearchSystemComponents.swift (in target 'TasteBuddy' from project 'TasteBuddy')

SwiftExplicitDependencyGeneratePcm x86_64 /tmp/TasteBuddyHomeQuestionsQA/Build/Intermediates.noindex/SwiftExplicitPrecompiledModules/XCTest-1OV3HDLQTMI5089IWUYKCWMDK.pcm

SwiftExplicitDependencyCompileModuleFromInterface x86_64 /tmp/TasteBuddyHomeQuestionsQA/Build/Intermediates.noindex/SwiftExplicitPrecompiledModules/XCTest-2ZYWE75AW3WSV.swiftmodule

SwiftEmitModule normal x86_64 Emitting\ module\ for\ TasteBuddyTests (in target 'TasteBuddyTests' from project 'TasteBuddy')

EmitSwiftModule normal x86_64 (in target 'TasteBuddyTests' from project 'TasteBuddy')
    cd /Users/sinjunho/Desktop/Taste\ Buddy/ios
    

SwiftCompile normal x86_64 Compiling\ SystemParityComponentTests.swift,\ TasteBloomMotionTests.swift,\ TasteBuddyAgentFullEngineTests.swift /Users/sinjunho/Desktop/Taste\ Buddy/ios/TasteBuddyTests/SystemParityComponentTests.swift /Users/sinjunho/Desktop/Taste\ Buddy/ios/TasteBuddyTests/TasteBloomMotionTests.swift /Users/sinjunho/Desktop/Taste\ Buddy/ios/TasteBuddyTests/TasteBuddyAgentFullEngineTests.swift (in target 'TasteBuddyTests' from project 'TasteBuddy')

** TEST BUILD FAILED **


The following build commands failed:
	SwiftCompile normal x86_64 Compiling\ SensoryAnalysisCards.swift,\ SensoryAnalysisEngine.swift,\ SensoryAnalysisModels.swift,\ SessionController.swift,\ SplashView.swift,\ SupabaseClientProvider.swift,\ SystemCoreComponents.swift,\ SystemParityComponents.swift /Users/sinjunho/Desktop/Taste\ Buddy/ios/TasteBuddy/Features/Analysis/SensoryAnalysisCards.swift /Users/sinjunho/Desktop/Taste\ Buddy/ios/TasteBuddy/Domain/UseCases/SensoryAnalysisEngine.swift /Users/sinjunho/Desktop/Taste\ Buddy/ios/TasteBuddy/Domain/Models/SensoryAnalysisModels.swift /Users/sinjunho/Desktop/Taste\ Buddy/ios/TasteBuddy/Data/Backend/SessionController.swift /Users/sinjunho/Desktop/Taste\ Buddy/ios/TasteBuddy/Features/Launch/SplashView.swift /Users/sinjunho/Desktop/Taste\ Buddy/ios/TasteBuddy/Data/Backend/SupabaseClientProvider.swift /Users/sinjunho/Desktop/Taste\ Buddy/ios/TasteBuddy/Components/SystemCoreComponents.swift /Users/sinjunho/Desktop/Taste\ Buddy/ios/TasteBuddy/Components/SystemParityComponents.swift (in target 'TasteBuddy' from project 'TasteBuddy')
	SwiftCompile normal x86_64 /Users/sinjunho/Desktop/Taste\ Buddy/ios/TasteBuddy/Domain/UseCases/SensoryAnalysisEngine.swift (in target 'TasteBuddy' from project 'TasteBuddy')
	Building project TasteBuddy for testing with scheme TasteBuddy
(3 failures)
