Command line invocation:
    /Applications/Xcode.app/Contents/Developer/usr/bin/xcodebuild test -project ios/TasteBuddy.xcodeproj -scheme TasteBuddyMemoryQA -destination "platform=iOS Simulator,id=54C3F98C-6BD5-47E0-98E5-DC9C1FCC40C4" -derivedDataPath /tmp/TasteBuddyHomeQuestionsQA -resultBundlePath output/home-taste-questions/ui-2.xcresult -jobs 4 -parallel-testing-enabled NO SWIFT_OPTIMIZATION_LEVEL=-Onone "OTHER_SWIFT_FLAGS=$(inherited) -j4" CODE_SIGNING_ALLOWED=NO "-only-testing:TasteBuddyMemoryUITests/HomeTasteQuestionUITests"

Build settings from command line:
    CODE_SIGNING_ALLOWED = NO
    OTHER_SWIFT_FLAGS = $(inherited) -j4
    SWIFT_OPTIMIZATION_LEVEL = -Onone

Resolve Package Graph


Resolved source packages:
  ProgressiveBlurHeader: https://github.com/dominikmartn/ProgressiveBlurHeader @ main (0e8c29b)
  xctest-dynamic-overlay: https://github.com/pointfreeco/xctest-dynamic-overlay @ 1.9.0
  VariableBlur: https://github.com/nikstar/VariableBlur @ main (5073a0d)
  swift-http-types: https://github.com/apple/swift-http-types.git @ 1.6.0
  swift-crypto: https://github.com/apple/swift-crypto.git @ 4.5.0
  swift-asn1: https://github.com/apple/swift-asn1.git @ 1.7.1
  swift-concurrency-extras: https://github.com/pointfreeco/swift-concurrency-extras @ 1.4.0
  Supabase: https://github.com/supabase/supabase-swift.git @ 2.46.0
  swift-clocks: https://github.com/pointfreeco/swift-clocks @ 1.0.6

Writing result bundle at path:
	/Users/sinjunho/Desktop/Taste Buddy/output/home-taste-questions/ui-2.xcresult

Build Preparation
Build task concurrency set to 4 via user default IDEBuildOperationMaxNumberOfConcurrentCompileTasks

ComputePackagePrebuildTargetDependencyGraph

Prepare packages

CreateBuildRequest

SendProjectDescription

CreateBuildOperation

ComputeTargetDependencyGraph
note: Building targets in dependency order
note: Target dependency graph (28 targets)
    Target 'TasteBuddyMemoryUITests' in project 'TasteBuddy'
        ➜ Explicit dependency on target 'TasteBuddy' in project 'TasteBuddy'
    Target 'TasteBuddy' in project 'TasteBuddy'
        ➜ Explicit dependency on target 'ProgressiveBlurHeader' in project 'ProgressiveBlurHeader'
        ➜ Explicit dependency on target 'VariableBlur' in project 'VariableBlur'
        ➜ Explicit dependency on target 'Supabase' in project 'Supabase'
    Target 'Supabase' in project 'Supabase'
        ➜ Explicit dependency on target 'Supabase' in project 'Supabase'
        ➜ Explicit dependency on target 'Helpers' in project 'Supabase'
        ➜ Explicit dependency on target 'Auth' in project 'Supabase'
        ➜ Explicit dependency on target 'Functions' in project 'Supabase'
        ➜ Explicit dependency on target 'PostgREST' in project 'Supabase'
        ➜ Explicit dependency on target 'Realtime' in project 'Supabase'
        ➜ Explicit dependency on target 'Storage' in project 'Supabase'
        ➜ Explicit dependency on target 'ConcurrencyExtras' in project 'swift-concurrency-extras'
        ➜ Explicit dependency on target 'HTTPTypes' in project 'swift-http-types'
        ➜ Explicit dependency on target 'Clocks' in project 'swift-clocks'
        ➜ Explicit dependency on target 'XCTestDynamicOverlay' in project 'xctest-dynamic-overlay'
        ➜ Explicit dependency on target 'Crypto' in project 'swift-crypto'
        ➜ Explicit dependency on target 'IssueReporting' in project 'xctest-dynamic-overlay'
    Target 'Supabase' in project 'Supabase'
        ➜ Explicit dependency on target 'Helpers' in project 'Supabase'
        ➜ Explicit dependency on target 'Auth' in project 'Supabase'
        ➜ Explicit dependency on target 'Functions' in project 'Supabase'
        ➜ Explicit dependency on target 'PostgREST' in project 'Supabase'
        ➜ Explicit dependency on target 'Realtime' in project 'Supabase'
        ➜ Explicit dependency on target 'Storage' in project 'Supabase'
        ➜ Explicit dependency on target 'ConcurrencyExtras' in project 'swift-concurrency-extras'
        ➜ Explicit dependency on target 'HTTPTypes' in project 'swift-http-types'
        ➜ Explicit dependency on target 'Clocks' in project 'swift-clocks'
        ➜ Explicit dependency on target 'XCTestDynamicOverlay' in project 'xctest-dynamic-overlay'
        ➜ Explicit dependency on target 'Crypto' in project 'swift-crypto'
        ➜ Explicit dependency on target 'IssueReporting' in project 'xctest-dynamic-overlay'
    Target 'Storage' in project 'Supabase'
        ➜ Explicit dependency on target 'Helpers' in project 'Supabase'
        ➜ Explicit dependency on target 'ConcurrencyExtras' in project 'swift-concurrency-extras'
        ➜ Explicit dependency on target 'HTTPTypes' in project 'swift-http-types'
        ➜ Explicit dependency on target 'Clocks' in project 'swift-clocks'
        ➜ Explicit dependency on target 'XCTestDynamicOverlay' in project 'xctest-dynamic-overlay'
    Target 'Realtime' in project 'Supabase'
        ➜ Explicit dependency on target 'Helpers' in project 'Supabase'
        ➜ Explicit dependency on target 'ConcurrencyExtras' in project 'swift-concurrency-extras'
        ➜ Explicit dependency on target 'HTTPTypes' in project 'swift-http-types'
        ➜ Explicit dependency on target 'Clocks' in project 'swift-clocks'
        ➜ Explicit dependency on target 'XCTestDynamicOverlay' in project 'xctest-dynamic-overlay'
        ➜ Explicit dependency on target 'IssueReporting' in project 'xctest-dynamic-overlay'
    Target 'PostgREST' in project 'Supabase'
        ➜ Explicit dependency on target 'Helpers' in project 'Supabase'
        ➜ Explicit dependency on target 'ConcurrencyExtras' in project 'swift-concurrency-extras'
        ➜ Explicit dependency on target 'HTTPTypes' in project 'swift-http-types'
        ➜ Explicit dependency on target 'Clocks' in project 'swift-clocks'
        ➜ Explicit dependency on target 'XCTestDynamicOverlay' in project 'xctest-dynamic-overlay'
    Target 'Functions' in project 'Supabase'
        ➜ Explicit dependency on target 'Helpers' in project 'Supabase'
        ➜ Explicit dependency on target 'ConcurrencyExtras' in project 'swift-concurrency-extras'
        ➜ Explicit dependency on target 'HTTPTypes' in project 'swift-http-types'
        ➜ Explicit dependency on target 'Clocks' in project 'swift-clocks'
        ➜ Explicit dependency on target 'XCTestDynamicOverlay' in project 'xctest-dynamic-overlay'
    Target 'Auth' in project 'Supabase'
        ➜ Explicit dependency on target 'Helpers' in project 'Supabase'
        ➜ Explicit dependency on target 'ConcurrencyExtras' in project 'swift-concurrency-extras'
        ➜ Explicit dependency on target 'HTTPTypes' in project 'swift-http-types'
        ➜ Explicit dependency on target 'Clocks' in project 'swift-clocks'
        ➜ Explicit dependency on target 'XCTestDynamicOverlay' in project 'xctest-dynamic-overlay'
        ➜ Explicit dependency on target 'Crypto' in project 'swift-crypto'
    Target 'Crypto' in project 'swift-crypto'
        ➜ Explicit dependency on target 'Crypto' in project 'swift-crypto'
        ➜ Explicit dependency on target 'swift-crypto_Crypto' in project 'swift-crypto'
    Target 'Crypto' in project 'swift-crypto'
        ➜ Explicit dependency on target 'swift-crypto_Crypto' in project 'swift-crypto'
    Target 'swift-crypto_Crypto' in project 'swift-crypto' (no dependencies)
    Target 'Helpers' in project 'Supabase'
        ➜ Explicit dependency on target 'ConcurrencyExtras' in project 'swift-concurrency-extras'
        ➜ Explicit dependency on target 'HTTPTypes' in project 'swift-http-types'
        ➜ Explicit dependency on target 'Clocks' in project 'swift-clocks'
        ➜ Explicit dependency on target 'XCTestDynamicOverlay' in project 'xctest-dynamic-overlay'
    Target 'XCTestDynamicOverlay' in project 'xctest-dynamic-overlay'
        ➜ Explicit dependency on target 'XCTestDynamicOverlay' in project 'xctest-dynamic-overlay'
        ➜ Explicit dependency on target 'IssueReportingPackageSupport' in project 'xctest-dynamic-overlay'
        ➜ Explicit dependency on target 'IssueReporting' in project 'xctest-dynamic-overlay'
    Target 'XCTestDynamicOverlay' in project 'xctest-dynamic-overlay'
        ➜ Explicit dependency on target 'IssueReportingPackageSupport' in project 'xctest-dynamic-overlay'
        ➜ Explicit dependency on target 'IssueReporting' in project 'xctest-dynamic-overlay'
    Target 'Clocks' in project 'swift-clocks'
        ➜ Explicit dependency on target 'Clocks' in project 'swift-clocks'
        ➜ Explicit dependency on target 'ConcurrencyExtras' in project 'swift-concurrency-extras'
        ➜ Explicit dependency on target 'IssueReporting' in project 'xctest-dynamic-overlay'
    Target 'Clocks' in project 'swift-clocks'
        ➜ Explicit dependency on target 'ConcurrencyExtras' in project 'swift-concurrency-extras'
        ➜ Explicit dependency on target 'IssueReporting' in project 'xctest-dynamic-overlay'
    Target 'IssueReporting' in project 'xctest-dynamic-overlay'
        ➜ Explicit dependency on target 'IssueReporting' in project 'xctest-dynamic-overlay'
        ➜ Explicit dependency on target 'IssueReportingPackageSupport' in project 'xctest-dynamic-overlay'
    Target 'IssueReporting' in project 'xctest-dynamic-overlay'
        ➜ Explicit dependency on target 'IssueReportingPackageSupport' in project 'xctest-dynamic-overlay'
    Target 'IssueReportingPackageSupport' in project 'xctest-dynamic-overlay' (no dependencies)
    Target 'HTTPTypes' in project 'swift-http-types'
        ➜ Explicit dependency on target 'HTTPTypes' in project 'swift-http-types'
    Target 'HTTPTypes' in project 'swift-http-types' (no dependencies)
    Target 'ConcurrencyExtras' in project 'swift-concurrency-extras'
        ➜ Explicit dependency on target 'ConcurrencyExtras' in project 'swift-concurrency-extras'
    Target 'ConcurrencyExtras' in project 'swift-concurrency-extras' (no dependencies)
    Target 'ProgressiveBlurHeader' in project 'ProgressiveBlurHeader'
        ➜ Explicit dependency on target 'ProgressiveBlurHeader' in project 'ProgressiveBlurHeader'
        ➜ Explicit dependency on target 'VariableBlur' in project 'VariableBlur'
    Target 'ProgressiveBlurHeader' in project 'ProgressiveBlurHeader'
        ➜ Explicit dependency on target 'VariableBlur' in project 'VariableBlur'
    Target 'VariableBlur' in project 'VariableBlur'
        ➜ Explicit dependency on target 'VariableBlur' in project 'VariableBlur'
    Target 'VariableBlur' in project 'VariableBlur' (no dependencies)

GatherProvisioningInputs

CreateBuildDescription

ClangStatCache /Applications/Xcode.app/Contents/Developer/Toolchains/XcodeDefault.xctoolchain/usr/bin/clang-stat-cache /Applications/Xcode.app/Contents/Developer/Platforms/iPhoneSimulator.platform/Developer/SDKs/iPhoneSimulator26.5.sdk /tmp/TasteBuddyHomeQuestionsQA/SDKStatCaches.noindex/iphonesimulator26.5-23F81a-6cfe768891a92b912361537c460fe42b.sdkstatcache
    cd /Users/sinjunho/Desktop/Taste\ Buddy/ios/TasteBuddy.xcodeproj
    /Applications/Xcode.app/Contents/Developer/Toolchains/XcodeDefault.xctoolchain/usr/bin/clang-stat-cache /Applications/Xcode.app/Contents/Developer/Platforms/iPhoneSimulator.platform/Developer/SDKs/iPhoneSimulator26.5.sdk -o /tmp/TasteBuddyHomeQuestionsQA/SDKStatCaches.noindex/iphonesimulator26.5-23F81a-6cfe768891a92b912361537c460fe42b.sdkstatcache

SwiftDriver TasteBuddy normal x86_64 com.apple.xcode.tools.swift.compiler (in target 'TasteBuddy' from project 'TasteBuddy')
    cd /Users/sinjunho/Desktop/Taste\ Buddy/ios
    builtin-SwiftDriver -- /Applications/Xcode.app/Contents/Developer/Toolchains/XcodeDefault.xctoolchain/usr/bin/swiftc -module-name TasteBuddy -Onone @/tmp/TasteBuddyHomeQuestionsQA/Build/Intermediates.noindex/TasteBuddy.build/Debug-iphonesimulator/TasteBuddy.build/Objects-normal/x86_64/TasteBuddy.SwiftFileList -DDEBUG -j4 -enable-bare-slash-regex -enable-experimental-feature DebugDescriptionMacro -sdk /Applications/Xcode.app/Contents/Developer/Platforms/iPhoneSimulator.platform/Developer/SDKs/iPhoneSimulator26.5.sdk -target x86_64-apple-ios17.0-simulator -g -module-cache-path /tmp/TasteBuddyHomeQuestionsQA/ModuleCache.noindex -Xfrontend -serialize-debugging-options -enable-testing -index-store-path /tmp/TasteBuddyHomeQuestionsQA/Index.noindex/DataStore -swift-version 5 -I /tmp/TasteBuddyHomeQuestionsQA/Build/Products/Debug-iphonesimulator -F /tmp/TasteBuddyHomeQuestionsQA/Build/Products/Debug-iphonesimulator/PackageFrameworks -F /tmp/TasteBuddyHomeQuestionsQA/Build/Products/Debug-iphonesimulator/PackageFrameworks -F /tmp/TasteBuddyHomeQuestionsQA/Build/Products/Debug-iphonesimulator/PackageFrameworks -F /tmp/TasteBuddyHomeQuestionsQA/Build/Products/Debug-iphonesimulator/PackageFrameworks -F /tmp/TasteBuddyHomeQuestionsQA/Build/Products/Debug-iphonesimulator/PackageFrameworks -F /tmp/TasteBuddyHomeQuestionsQA/Build/Products/Debug-iphonesimulator/PackageFrameworks -F /tmp/TasteBuddyHomeQuestionsQA/Build/Products/Debug-iphonesimulator/PackageFrameworks -F /tmp/TasteBuddyHomeQuestionsQA/Build/Products/Debug-iphonesimulator/PackageFrameworks -F /tmp/TasteBuddyHomeQuestionsQA/Build/Products/Debug-iphonesimulator/PackageFrameworks -F /tmp/TasteBuddyHomeQuestionsQA/Build/Products/Debug-iphonesimulator/PackageFrameworks -F /tmp/TasteBuddyHomeQuestionsQA/Build/Products/Debug-iphonesimulator/PackageFrameworks -F /tmp/TasteBuddyHomeQuestionsQA/Build/Products/Debug-iphonesimulator/PackageFrameworks -F /tmp/TasteBuddyHomeQuestionsQA/Build/Products/Debug-iphonesimulator/PackageFrameworks -F /tmp/TasteBuddyHomeQuestionsQA/Build/Products/Debug-iphonesimulator/PackageFrameworks -F /tmp/TasteBuddyHomeQuestionsQA/Build/Products/Debug-iphonesimulator/PackageFrameworks -F /tmp/TasteBuddyHomeQuestionsQA/Build/Products/Debug-iphonesimulator/PackageFrameworks -F /tmp/TasteBuddyHomeQuestionsQA/Build/Products/Debug-iphonesimulator -c -j12 -enable-batch-mode -incremental -Xcc -ivfsstatcache -Xcc /tmp/TasteBuddyHomeQuestionsQA/SDKStatCaches.noindex/iphonesimulator26.5-23F81a-6cfe768891a92b912361537c460fe42b.sdkstatcache -output-file-map /tmp/TasteBuddyHomeQuestionsQA/Build/Intermediates.noindex/TasteBuddy.build/Debug-iphonesimulator/TasteBuddy.build/Objects-normal/x86_64/TasteBuddy-OutputFileMap.json -use-frontend-parseable-output -save-temps -no-color-diagnostics -explicit-module-build -module-cache-path /tmp/TasteBuddyHomeQuestionsQA/Build/Intermediates.noindex/SwiftExplicitPrecompiledModules -clang-scanner-module-cache-path /tmp/TasteBuddyHomeQuestionsQA/ModuleCache.noindex -sdk-module-cache-path /tmp/TasteBuddyHomeQuestionsQA/ModuleCache.noindex -serialize-diagnostics -emit-dependencies -emit-module -emit-module-path /tmp/TasteBuddyHomeQuestionsQA/Build/Intermediates.noindex/TasteBuddy.build/Debug-iphonesimulator/TasteBuddy.build/Objects-normal/x86_64/TasteBuddy.swiftmodule -validate-clang-modules-once -clang-build-session-file /tmp/TasteBuddyHomeQuestionsQA/ModuleCache.noindex/Session.modulevalidation -Xcc -I/tmp/TasteBuddyHomeQuestionsQA/Build/Intermediates.noindex/TasteBuddy.build/Debug-iphonesimulator/TasteBuddy.build/swift-overrides.hmap -emit-const-values -Xfrontend -const-gather-protocols-file -Xfrontend /tmp/TasteBuddyHomeQuestionsQA/Build/Intermediates.noindex/TasteBuddy.build/Debug-iphonesimulator/TasteBuddy.build/Objects-normal/x86_64/TasteBuddy_const_extract_protocols.json -Xcc -iquote -Xcc /tmp/TasteBuddyHomeQuestionsQA/Build/Intermediates.noindex/TasteBuddy.build/Debug-iphonesimulator/TasteBuddy.build/TasteBuddy-generated-files.hmap -Xcc -I/tmp/TasteBuddyHomeQuestionsQA/Build/Intermediates.noindex/TasteBuddy.build/Debug-iphonesimulator/TasteBuddy.build/TasteBuddy-own-target-headers.hmap -Xcc -I/tmp/TasteBuddyHomeQuestionsQA/Build/Intermediates.noindex/TasteBuddy.build/Debug-iphonesimulator/TasteBuddy.build/TasteBuddy-all-non-framework-target-headers.hmap -Xcc -ivfsoverlay -Xcc /tmp/TasteBuddyHomeQuestionsQA/Build/Intermediates.noindex/TasteBuddy.build/Debug-iphonesimulator/TasteBuddy-13299a83df260b797a46b4b5b88bf8d1-VFS-iphonesimulator/all-product-headers.yaml -Xcc -iquote -Xcc /tmp/TasteBuddyHomeQuestionsQA/Build/Intermediates.noindex/TasteBuddy.build/Debug-iphonesimulator/TasteBuddy.build/TasteBuddy-project-headers.hmap -Xcc -I/tmp/TasteBuddyHomeQuestionsQA/Build/Products/Debug-iphonesimulator/include -Xcc -I/tmp/TasteBuddyHomeQuestionsQA/Build/Intermediates.noindex/TasteBuddy.build/Debug-iphonesimulator/TasteBuddy.build/DerivedSources-normal/x86_64 -Xcc -I/tmp/TasteBuddyHomeQuestionsQA/Build/Intermediates.noindex/TasteBuddy.build/Debug-iphonesimulator/TasteBuddy.build/DerivedSources/x86_64 -Xcc -I/tmp/TasteBuddyHomeQuestionsQA/Build/Intermediates.noindex/TasteBuddy.build/Debug-iphonesimulator/TasteBuddy.build/DerivedSources -emit-objc-header -emit-objc-header-path /tmp/TasteBuddyHomeQuestionsQA/Build/Intermediates.noindex/TasteBuddy.build/Debug-iphonesimulator/TasteBuddy.build/Objects-normal/x86_64/TasteBuddy-Swift.h -working-directory /Users/sinjunho/Desktop/Taste\ Buddy/ios -experimental-emit-module-separately -disable-cmo

SwiftEmitModule normal x86_64 Emitting\ module\ for\ TasteBuddy (in target 'TasteBuddy' from project 'TasteBuddy')

EmitSwiftModule normal x86_64 (in target 'TasteBuddy' from project 'TasteBuddy')
    cd /Users/sinjunho/Desktop/Taste\ Buddy/ios
    

SwiftDriverJobDiscovery normal x86_64 Emitting module for TasteBuddy (in target 'TasteBuddy' from project 'TasteBuddy')

SwiftDriver\ Compilation\ Requirements TasteBuddy normal x86_64 com.apple.xcode.tools.swift.compiler (in target 'TasteBuddy' from project 'TasteBuddy')
    cd /Users/sinjunho/Desktop/Taste\ Buddy/ios
    builtin-Swift-Compilation-Requirements -- /Applications/Xcode.app/Contents/Developer/Toolchains/XcodeDefault.xctoolchain/usr/bin/swiftc -module-name TasteBuddy -Onone @/tmp/TasteBuddyHomeQuestionsQA/Build/Intermediates.noindex/TasteBuddy.build/Debug-iphonesimulator/TasteBuddy.build/Objects-normal/x86_64/TasteBuddy.SwiftFileList -DDEBUG -j4 -enable-bare-slash-regex -enable-experimental-feature DebugDescriptionMacro -sdk /Applications/Xcode.app/Contents/Developer/Platforms/iPhoneSimulator.platform/Developer/SDKs/iPhoneSimulator26.5.sdk -target x86_64-apple-ios17.0-simulator -g -module-cache-path /tmp/TasteBuddyHomeQuestionsQA/ModuleCache.noindex -Xfrontend -serialize-debugging-options -enable-testing -index-store-path /tmp/TasteBuddyHomeQuestionsQA/Index.noindex/DataStore -swift-version 5 -I /tmp/TasteBuddyHomeQuestionsQA/Build/Products/Debug-iphonesimulator -F /tmp/TasteBuddyHomeQuestionsQA/Build/Products/Debug-iphonesimulator/PackageFrameworks -F /tmp/TasteBuddyHomeQuestionsQA/Build/Products/Debug-iphonesimulator/PackageFrameworks -F /tmp/TasteBuddyHomeQuestionsQA/Build/Products/Debug-iphonesimulator/PackageFrameworks -F /tmp/TasteBuddyHomeQuestionsQA/Build/Products/Debug-iphonesimulator/PackageFrameworks -F /tmp/TasteBuddyHomeQuestionsQA/Build/Products/Debug-iphonesimulator/PackageFrameworks -F /tmp/TasteBuddyHomeQuestionsQA/Build/Products/Debug-iphonesimulator/PackageFrameworks -F /tmp/TasteBuddyHomeQuestionsQA/Build/Products/Debug-iphonesimulator/PackageFrameworks -F /tmp/TasteBuddyHomeQuestionsQA/Build/Products/Debug-iphonesimulator/PackageFrameworks -F /tmp/TasteBuddyHomeQuestionsQA/Build/Products/Debug-iphonesimulator/PackageFrameworks -F /tmp/TasteBuddyHomeQuestionsQA/Build/Products/Debug-iphonesimulator/PackageFrameworks -F /tmp/TasteBuddyHomeQuestionsQA/Build/Products/Debug-iphonesimulator/PackageFrameworks -F /tmp/TasteBuddyHomeQuestionsQA/Build/Products/Debug-iphonesimulator/PackageFrameworks -F /tmp/TasteBuddyHomeQuestionsQA/Build/Products/Debug-iphonesimulator/PackageFrameworks -F /tmp/TasteBuddyHomeQuestionsQA/Build/Products/Debug-iphonesimulator/PackageFrameworks -F /tmp/TasteBuddyHomeQuestionsQA/Build/Products/Debug-iphonesimulator/PackageFrameworks -F /tmp/TasteBuddyHomeQuestionsQA/Build/Products/Debug-iphonesimulator/PackageFrameworks -F /tmp/TasteBuddyHomeQuestionsQA/Build/Products/Debug-iphonesimulator -c -j12 -enable-batch-mode -incremental -Xcc -ivfsstatcache -Xcc /tmp/TasteBuddyHomeQuestionsQA/SDKStatCaches.noindex/iphonesimulator26.5-23F81a-6cfe768891a92b912361537c460fe42b.sdkstatcache -output-file-map /tmp/TasteBuddyHomeQuestionsQA/Build/Intermediates.noindex/TasteBuddy.build/Debug-iphonesimulator/TasteBuddy.build/Objects-normal/x86_64/TasteBuddy-OutputFileMap.json -use-frontend-parseable-output -save-temps -no-color-diagnostics -explicit-module-build -module-cache-path /tmp/TasteBuddyHomeQuestionsQA/Build/Intermediates.noindex/SwiftExplicitPrecompiledModules -clang-scanner-module-cache-path /tmp/TasteBuddyHomeQuestionsQA/ModuleCache.noindex -sdk-module-cache-path /tmp/TasteBuddyHomeQuestionsQA/ModuleCache.noindex -serialize-diagnostics -emit-dependencies -emit-module -emit-module-path /tmp/TasteBuddyHomeQuestionsQA/Build/Intermediates.noindex/TasteBuddy.build/Debug-iphonesimulator/TasteBuddy.build/Objects-normal/x86_64/TasteBuddy.swiftmodule -validate-clang-modules-once -clang-build-session-file /tmp/TasteBuddyHomeQuestionsQA/ModuleCache.noindex/Session.modulevalidation -Xcc -I/tmp/TasteBuddyHomeQuestionsQA/Build/Intermediates.noindex/TasteBuddy.build/Debug-iphonesimulator/TasteBuddy.build/swift-overrides.hmap -emit-const-values -Xfrontend -const-gather-protocols-file -Xfrontend /tmp/TasteBuddyHomeQuestionsQA/Build/Intermediates.noindex/TasteBuddy.build/Debug-iphonesimulator/TasteBuddy.build/Objects-normal/x86_64/TasteBuddy_const_extract_protocols.json -Xcc -iquote -Xcc /tmp/TasteBuddyHomeQuestionsQA/Build/Intermediates.noindex/TasteBuddy.build/Debug-iphonesimulator/TasteBuddy.build/TasteBuddy-generated-files.hmap -Xcc -I/tmp/TasteBuddyHomeQuestionsQA/Build/Intermediates.noindex/TasteBuddy.build/Debug-iphonesimulator/TasteBuddy.build/TasteBuddy-own-target-headers.hmap -Xcc -I/tmp/TasteBuddyHomeQuestionsQA/Build/Intermediates.noindex/TasteBuddy.build/Debug-iphonesimulator/TasteBuddy.build/TasteBuddy-all-non-framework-target-headers.hmap -Xcc -ivfsoverlay -Xcc /tmp/TasteBuddyHomeQuestionsQA/Build/Intermediates.noindex/TasteBuddy.build/Debug-iphonesimulator/TasteBuddy-13299a83df260b797a46b4b5b88bf8d1-VFS-iphonesimulator/all-product-headers.yaml -Xcc -iquote -Xcc /tmp/TasteBuddyHomeQuestionsQA/Build/Intermediates.noindex/TasteBuddy.build/Debug-iphonesimulator/TasteBuddy.build/TasteBuddy-project-headers.hmap -Xcc -I/tmp/TasteBuddyHomeQuestionsQA/Build/Products/Debug-iphonesimulator/include -Xcc -I/tmp/TasteBuddyHomeQuestionsQA/Build/Intermediates.noindex/TasteBuddy.build/Debug-iphonesimulator/TasteBuddy.build/DerivedSources-normal/x86_64 -Xcc -I/tmp/TasteBuddyHomeQuestionsQA/Build/Intermediates.noindex/TasteBuddy.build/Debug-iphonesimulator/TasteBuddy.build/DerivedSources/x86_64 -Xcc -I/tmp/TasteBuddyHomeQuestionsQA/Build/Intermediates.noindex/TasteBuddy.build/Debug-iphonesimulator/TasteBuddy.build/DerivedSources -emit-objc-header -emit-objc-header-path /tmp/TasteBuddyHomeQuestionsQA/Build/Intermediates.noindex/TasteBuddy.build/Debug-iphonesimulator/TasteBuddy.build/Objects-normal/x86_64/TasteBuddy-Swift.h -working-directory /Users/sinjunho/Desktop/Taste\ Buddy/ios -experimental-emit-module-separately -disable-cmo

Copy /tmp/TasteBuddyHomeQuestionsQA/Build/Products/Debug-iphonesimulator/TasteBuddy.swiftmodule/Project/x86_64-apple-ios-simulator.swiftsourceinfo /tmp/TasteBuddyHomeQuestionsQA/Build/Intermediates.noindex/TasteBuddy.build/Debug-iphonesimulator/TasteBuddy.build/Objects-normal/x86_64/TasteBuddy.swiftsourceinfo (in target 'TasteBuddy' from project 'TasteBuddy')
    cd /Users/sinjunho/Desktop/Taste\ Buddy/ios
    builtin-copy -exclude .DS_Store -exclude CVS -exclude .svn -exclude .git -exclude .hg -strip-unsigned-binaries -strip-deterministic -strip-tool /Applications/Xcode.app/Contents/Developer/Toolchains/XcodeDefault.xctoolchain/usr/bin/strip -resolve-src-symlinks -rename /tmp/TasteBuddyHomeQuestionsQA/Build/Intermediates.noindex/TasteBuddy.build/Debug-iphonesimulator/TasteBuddy.build/Objects-normal/x86_64/TasteBuddy.swiftsourceinfo /tmp/TasteBuddyHomeQuestionsQA/Build/Products/Debug-iphonesimulator/TasteBuddy.swiftmodule/Project/x86_64-apple-ios-simulator.swiftsourceinfo

SwiftCompile normal x86_64 Compiling\ SensoryAnalysisCards.swift /Users/sinjunho/Desktop/Taste\ Buddy/ios/TasteBuddy/Features/Analysis/SensoryAnalysisCards.swift (in target 'TasteBuddy' from project 'TasteBuddy')

SwiftCompile normal x86_64 /Users/sinjunho/Desktop/Taste\ Buddy/ios/TasteBuddy/Features/Analysis/SensoryAnalysisCards.swift (in target 'TasteBuddy' from project 'TasteBuddy')
    cd /Users/sinjunho/Desktop/Taste\ Buddy/ios
    

Copy /tmp/TasteBuddyHomeQuestionsQA/Build/Products/Debug-iphonesimulator/TasteBuddy.swiftmodule/x86_64-apple-ios-simulator.swiftmodule /tmp/TasteBuddyHomeQuestionsQA/Build/Intermediates.noindex/TasteBuddy.build/Debug-iphonesimulator/TasteBuddy.build/Objects-normal/x86_64/TasteBuddy.swiftmodule (in target 'TasteBuddy' from project 'TasteBuddy')
    cd /Users/sinjunho/Desktop/Taste\ Buddy/ios
    builtin-copy -exclude .DS_Store -exclude CVS -exclude .svn -exclude .git -exclude .hg -strip-unsigned-binaries -strip-deterministic -strip-tool /Applications/Xcode.app/Contents/Developer/Toolchains/XcodeDefault.xctoolchain/usr/bin/strip -resolve-src-symlinks -rename /tmp/TasteBuddyHomeQuestionsQA/Build/Intermediates.noindex/TasteBuddy.build/Debug-iphonesimulator/TasteBuddy.build/Objects-normal/x86_64/TasteBuddy.swiftmodule /tmp/TasteBuddyHomeQuestionsQA/Build/Products/Debug-iphonesimulator/TasteBuddy.swiftmodule/x86_64-apple-ios-simulator.swiftmodule

Copy /tmp/TasteBuddyHomeQuestionsQA/Build/Products/Debug-iphonesimulator/TasteBuddy.swiftmodule/x86_64-apple-ios-simulator.abi.json /tmp/TasteBuddyHomeQuestionsQA/Build/Intermediates.noindex/TasteBuddy.build/Debug-iphonesimulator/TasteBuddy.build/Objects-normal/x86_64/TasteBuddy.abi.json (in target 'TasteBuddy' from project 'TasteBuddy')
    cd /Users/sinjunho/Desktop/Taste\ Buddy/ios
    builtin-copy -exclude .DS_Store -exclude CVS -exclude .svn -exclude .git -exclude .hg -strip-unsigned-binaries -strip-deterministic -strip-tool /Applications/Xcode.app/Contents/Developer/Toolchains/XcodeDefault.xctoolchain/usr/bin/strip -resolve-src-symlinks -rename /tmp/TasteBuddyHomeQuestionsQA/Build/Intermediates.noindex/TasteBuddy.build/Debug-iphonesimulator/TasteBuddy.build/Objects-normal/x86_64/TasteBuddy.abi.json /tmp/TasteBuddyHomeQuestionsQA/Build/Products/Debug-iphonesimulator/TasteBuddy.swiftmodule/x86_64-apple-ios-simulator.abi.json

SwiftDriver TasteBuddyMemoryUITests normal x86_64 com.apple.xcode.tools.swift.compiler (in target 'TasteBuddyMemoryUITests' from project 'TasteBuddy')
    cd /Users/sinjunho/Desktop/Taste\ Buddy/ios
    builtin-SwiftDriver -- /Applications/Xcode.app/Contents/Developer/Toolchains/XcodeDefault.xctoolchain/usr/bin/swiftc -module-name TasteBuddyMemoryUITests -Onone @/tmp/TasteBuddyHomeQuestionsQA/Build/Intermediates.noindex/TasteBuddy.build/Debug-iphonesimulator/TasteBuddyMemoryUITests.build/Objects-normal/x86_64/TasteBuddyMemoryUITests.SwiftFileList -DDEBUG -module-alias Testing\=_Testing_Unavailable -j4 -plugin-path /Applications/Xcode.app/Contents/Developer/Toolchains/XcodeDefault.xctoolchain/usr/lib/swift/host/plugins/testing -enable-bare-slash-regex -enable-experimental-feature DebugDescriptionMacro -sdk /Applications/Xcode.app/Contents/Developer/Platforms/iPhoneSimulator.platform/Developer/SDKs/iPhoneSimulator26.5.sdk -target x86_64-apple-ios17.0-simulator -g -module-cache-path /tmp/TasteBuddyHomeQuestionsQA/ModuleCache.noindex -Xfrontend -serialize-debugging-options -enable-testing -index-store-path /tmp/TasteBuddyHomeQuestionsQA/Index.noindex/DataStore -swift-version 5 -I /tmp/TasteBuddyHomeQuestionsQA/Build/Products/Debug-iphonesimulator -Isystem /Applications/Xcode.app/Contents/Developer/Platforms/iPhoneSimulator.platform/Developer/usr/lib -F /tmp/TasteBuddyHomeQuestionsQA/Build/Products/Debug-iphonesimulator -F /Applications/Xcode.app/Contents/Developer/Platforms/iPhoneSimulator.platform/Developer/Library/Frameworks -F /Applications/Xcode.app/Contents/Developer/Platforms/iPhoneSimulator.platform/Developer/SDKs/iPhoneSimulator26.5.sdk/Developer/Library/Frameworks -parse-as-library -c -j12 -enable-batch-mode -incremental -Xcc -ivfsstatcache -Xcc /tmp/TasteBuddyHomeQuestionsQA/SDKStatCaches.noindex/iphonesimulator26.5-23F81a-6cfe768891a92b912361537c460fe42b.sdkstatcache -output-file-map /tmp/TasteBuddyHomeQuestionsQA/Build/Intermediates.noindex/TasteBuddy.build/Debug-iphonesimulator/TasteBuddyMemoryUITests.build/Objects-normal/x86_64/TasteBuddyMemoryUITests-OutputFileMap.json -use-frontend-parseable-output -save-temps -no-color-diagnostics -explicit-module-build -module-cache-path /tmp/TasteBuddyHomeQuestionsQA/Build/Intermediates.noindex/SwiftExplicitPrecompiledModules -clang-scanner-module-cache-path /tmp/TasteBuddyHomeQuestionsQA/ModuleCache.noindex -sdk-module-cache-path /tmp/TasteBuddyHomeQuestionsQA/ModuleCache.noindex -serialize-diagnostics -emit-dependencies -emit-module -emit-module-path /tmp/TasteBuddyHomeQuestionsQA/Build/Intermediates.noindex/TasteBuddy.build/Debug-iphonesimulator/TasteBuddyMemoryUITests.build/Objects-normal/x86_64/TasteBuddyMemoryUITests.swiftmodule -validate-clang-modules-once -clang-build-session-file /tmp/TasteBuddyHomeQuestionsQA/ModuleCache.noindex/Session.modulevalidation -Xcc -I/tmp/TasteBuddyHomeQuestionsQA/Build/Intermediates.noindex/TasteBuddy.build/Debug-iphonesimulator/TasteBuddyMemoryUITests.build/swift-overrides.hmap -emit-const-values -Xfrontend -const-gather-protocols-file -Xfrontend /tmp/TasteBuddyHomeQuestionsQA/Build/Intermediates.noindex/TasteBuddy.build/Debug-iphonesimulator/TasteBuddyMemoryUITests.build/Objects-normal/x86_64/TasteBuddyMemoryUITests_const_extract_protocols.json -Xcc -iquote -Xcc /tmp/TasteBuddyHomeQuestionsQA/Build/Intermediates.noindex/TasteBuddy.build/Debug-iphonesimulator/TasteBuddyMemoryUITests.build/TasteBuddyMemoryUITests-generated-files.hmap -Xcc -I/tmp/TasteBuddyHomeQuestionsQA/Build/Intermediates.noindex/TasteBuddy.build/Debug-iphonesimulator/TasteBuddyMemoryUITests.build/TasteBuddyMemoryUITests-own-target-headers.hmap -Xcc -I/tmp/TasteBuddyHomeQuestionsQA/Build/Intermediates.noindex/TasteBuddy.build/Debug-iphonesimulator/TasteBuddyMemoryUITests.build/TasteBuddyMemoryUITests-all-non-framework-target-headers.hmap -Xcc -ivfsoverlay -Xcc /tmp/TasteBuddyHomeQuestionsQA/Build/Intermediates.noindex/TasteBuddy.build/Debug-iphonesimulator/TasteBuddy-13299a83df260b797a46b4b5b88bf8d1-VFS-iphonesimulator/all-product-headers.yaml -Xcc -iquote -Xcc /tmp/TasteBuddyHomeQuestionsQA/Build/Intermediates.noindex/TasteBuddy.build/Debug-iphonesimulator/TasteBuddyMemoryUITests.build/TasteBuddyMemoryUITests-project-headers.hmap -Xcc -I/tmp/TasteBuddyHomeQuestionsQA/Build/Products/Debug-iphonesimulator/include -Xcc -I/tmp/TasteBuddyHomeQuestionsQA/Build/Intermediates.noindex/TasteBuddy.build/Debug-iphonesimulator/TasteBuddyMemoryUITests.build/DerivedSources-normal/x86_64 -Xcc -I/tmp/TasteBuddyHomeQuestionsQA/Build/Intermediates.noindex/TasteBuddy.build/Debug-iphonesimulator/TasteBuddyMemoryUITests.build/DerivedSources/x86_64 -Xcc -I/tmp/TasteBuddyHomeQuestionsQA/Build/Intermediates.noindex/TasteBuddy.build/Debug-iphonesimulator/TasteBuddyMemoryUITests.build/DerivedSources -emit-objc-header -emit-objc-header-path /tmp/TasteBuddyHomeQuestionsQA/Build/Intermediates.noindex/TasteBuddy.build/Debug-iphonesimulator/TasteBuddyMemoryUITests.build/Objects-normal/x86_64/TasteBuddyMemoryUITests-Swift.h -working-directory /Users/sinjunho/Desktop/Taste\ Buddy/ios -experimental-emit-module-separately -disable-cmo

SwiftExplicitDependencyCompileModuleFromInterface x86_64 /tmp/TasteBuddyHomeQuestionsQA/Build/Intermediates.noindex/SwiftExplicitPrecompiledModules/XCUIAutomation-1VE8MNQR1HN5D.swiftmodule

SwiftExplicitDependencyCompileModuleFromInterface x86_64 /tmp/TasteBuddyHomeQuestionsQA/Build/Intermediates.noindex/SwiftExplicitPrecompiledModules/XCTest-2ZYWE75AW3WSV.swiftmodule

SwiftEmitModule normal x86_64 Emitting\ module\ for\ TasteBuddyMemoryUITests (in target 'TasteBuddyMemoryUITests' from project 'TasteBuddy')

SwiftCompile normal x86_64 /Users/sinjunho/Desktop/Taste\ Buddy/ios/TasteBuddyMemoryUITests/FoodMemoryUITests.swift (in target 'TasteBuddyMemoryUITests' from project 'TasteBuddy')
    cd /Users/sinjunho/Desktop/Taste\ Buddy/ios
    

SwiftCompile normal x86_64 Compiling\ FoodMemoryUITests.swift /Users/sinjunho/Desktop/Taste\ Buddy/ios/TasteBuddyMemoryUITests/FoodMemoryUITests.swift (in target 'TasteBuddyMemoryUITests' from project 'TasteBuddy')

SwiftCompile normal x86_64 /Users/sinjunho/Desktop/Taste\ Buddy/ios/TasteBuddyMemoryUITests/FoodMemoryUITests.swift (in target 'TasteBuddyMemoryUITests' from project 'TasteBuddy')
    cd /Users/sinjunho/Desktop/Taste\ Buddy/ios
    

SwiftDriverJobDiscovery normal x86_64 Compiling FoodMemoryUITests.swift (in target 'TasteBuddyMemoryUITests' from project 'TasteBuddy')

SwiftDriver\ Compilation TasteBuddyMemoryUITests normal x86_64 com.apple.xcode.tools.swift.compiler (in target 'TasteBuddyMemoryUITests' from project 'TasteBuddy')
    cd /Users/sinjunho/Desktop/Taste\ Buddy/ios
    builtin-Swift-Compilation -- /Applications/Xcode.app/Contents/Developer/Toolchains/XcodeDefault.xctoolchain/usr/bin/swiftc -module-name TasteBuddyMemoryUITests -Onone @/tmp/TasteBuddyHomeQuestionsQA/Build/Intermediates.noindex/TasteBuddy.build/Debug-iphonesimulator/TasteBuddyMemoryUITests.build/Objects-normal/x86_64/TasteBuddyMemoryUITests.SwiftFileList -DDEBUG -module-alias Testing\=_Testing_Unavailable -j4 -plugin-path /Applications/Xcode.app/Contents/Developer/Toolchains/XcodeDefault.xctoolchain/usr/lib/swift/host/plugins/testing -enable-bare-slash-regex -enable-experimental-feature DebugDescriptionMacro -sdk /Applications/Xcode.app/Contents/Developer/Platforms/iPhoneSimulator.platform/Developer/SDKs/iPhoneSimulator26.5.sdk -target x86_64-apple-ios17.0-simulator -g -module-cache-path /tmp/TasteBuddyHomeQuestionsQA/ModuleCache.noindex -Xfrontend -serialize-debugging-options -enable-testing -index-store-path /tmp/TasteBuddyHomeQuestionsQA/Index.noindex/DataStore -swift-version 5 -I /tmp/TasteBuddyHomeQuestionsQA/Build/Products/Debug-iphonesimulator -Isystem /Applications/Xcode.app/Contents/Developer/Platforms/iPhoneSimulator.platform/Developer/usr/lib -F /tmp/TasteBuddyHomeQuestionsQA/Build/Products/Debug-iphonesimulator -F /Applications/Xcode.app/Contents/Developer/Platforms/iPhoneSimulator.platform/Developer/Library/Frameworks -F /Applications/Xcode.app/Contents/Developer/Platforms/iPhoneSimulator.platform/Developer/SDKs/iPhoneSimulator26.5.sdk/Developer/Library/Frameworks -parse-as-library -c -j12 -enable-batch-mode -incremental -Xcc -ivfsstatcache -Xcc /tmp/TasteBuddyHomeQuestionsQA/SDKStatCaches.noindex/iphonesimulator26.5-23F81a-6cfe768891a92b912361537c460fe42b.sdkstatcache -output-file-map /tmp/TasteBuddyHomeQuestionsQA/Build/Intermediates.noindex/TasteBuddy.build/Debug-iphonesimulator/TasteBuddyMemoryUITests.build/Objects-normal/x86_64/TasteBuddyMemoryUITests-OutputFileMap.json -use-frontend-parseable-output -save-temps -no-color-diagnostics -explicit-module-build -module-cache-path /tmp/TasteBuddyHomeQuestionsQA/Build/Intermediates.noindex/SwiftExplicitPrecompiledModules -clang-scanner-module-cache-path /tmp/TasteBuddyHomeQuestionsQA/ModuleCache.noindex -sdk-module-cache-path /tmp/TasteBuddyHomeQuestionsQA/ModuleCache.noindex -serialize-diagnostics -emit-dependencies -emit-module -emit-module-path /tmp/TasteBuddyHomeQuestionsQA/Build/Intermediates.noindex/TasteBuddy.build/Debug-iphonesimulator/TasteBuddyMemoryUITests.build/Objects-normal/x86_64/TasteBuddyMemoryUITests.swiftmodule -validate-clang-modules-once -clang-build-session-file /tmp/TasteBuddyHomeQuestionsQA/ModuleCache.noindex/Session.modulevalidation -Xcc -I/tmp/TasteBuddyHomeQuestionsQA/Build/Intermediates.noindex/TasteBuddy.build/Debug-iphonesimulator/TasteBuddyMemoryUITests.build/swift-overrides.hmap -emit-const-values -Xfrontend -const-gather-protocols-file -Xfrontend /tmp/TasteBuddyHomeQuestionsQA/Build/Intermediates.noindex/TasteBuddy.build/Debug-iphonesimulator/TasteBuddyMemoryUITests.build/Objects-normal/x86_64/TasteBuddyMemoryUITests_const_extract_protocols.json -Xcc -iquote -Xcc /tmp/TasteBuddyHomeQuestionsQA/Build/Intermediates.noindex/TasteBuddy.build/Debug-iphonesimulator/TasteBuddyMemoryUITests.build/TasteBuddyMemoryUITests-generated-files.hmap -Xcc -I/tmp/TasteBuddyHomeQuestionsQA/Build/Intermediates.noindex/TasteBuddy.build/Debug-iphonesimulator/TasteBuddyMemoryUITests.build/TasteBuddyMemoryUITests-own-target-headers.hmap -Xcc -I/tmp/TasteBuddyHomeQuestionsQA/Build/Intermediates.noindex/TasteBuddy.build/Debug-iphonesimulator/TasteBuddyMemoryUITests.build/TasteBuddyMemoryUITests-all-non-framework-target-headers.hmap -Xcc -ivfsoverlay -Xcc /tmp/TasteBuddyHomeQuestionsQA/Build/Intermediates.noindex/TasteBuddy.build/Debug-iphonesimulator/TasteBuddy-13299a83df260b797a46b4b5b88bf8d1-VFS-iphonesimulator/all-product-headers.yaml -Xcc -iquote -Xcc /tmp/TasteBuddyHomeQuestionsQA/Build/Intermediates.noindex/TasteBuddy.build/Debug-iphonesimulator/TasteBuddyMemoryUITests.build/TasteBuddyMemoryUITests-project-headers.hmap -Xcc -I/tmp/TasteBuddyHomeQuestionsQA/Build/Products/Debug-iphonesimulator/include -Xcc -I/tmp/TasteBuddyHomeQuestionsQA/Build/Intermediates.noindex/TasteBuddy.build/Debug-iphonesimulator/TasteBuddyMemoryUITests.build/DerivedSources-normal/x86_64 -Xcc -I/tmp/TasteBuddyHomeQuestionsQA/Build/Intermediates.noindex/TasteBuddy.build/Debug-iphonesimulator/TasteBuddyMemoryUITests.build/DerivedSources/x86_64 -Xcc -I/tmp/TasteBuddyHomeQuestionsQA/Build/Intermediates.noindex/TasteBuddy.build/Debug-iphonesimulator/TasteBuddyMemoryUITests.build/DerivedSources -emit-objc-header -emit-objc-header-path /tmp/TasteBuddyHomeQuestionsQA/Build/Intermediates.noindex/TasteBuddy.build/Debug-iphonesimulator/TasteBuddyMemoryUITests.build/Objects-normal/x86_64/TasteBuddyMemoryUITests-Swift.h -working-directory /Users/sinjunho/Desktop/Taste\ Buddy/ios -experimental-emit-module-separately -disable-cmo

SwiftDriverJobDiscovery normal x86_64 Compiling SensoryAnalysisCards.swift (in target 'TasteBuddy' from project 'TasteBuddy')

SwiftDriver\ Compilation TasteBuddy normal x86_64 com.apple.xcode.tools.swift.compiler (in target 'TasteBuddy' from project 'TasteBuddy')
    cd /Users/sinjunho/Desktop/Taste\ Buddy/ios
    builtin-Swift-Compilation -- /Applications/Xcode.app/Contents/Developer/Toolchains/XcodeDefault.xctoolchain/usr/bin/swiftc -module-name TasteBuddy -Onone @/tmp/TasteBuddyHomeQuestionsQA/Build/Intermediates.noindex/TasteBuddy.build/Debug-iphonesimulator/TasteBuddy.build/Objects-normal/x86_64/TasteBuddy.SwiftFileList -DDEBUG -j4 -enable-bare-slash-regex -enable-experimental-feature DebugDescriptionMacro -sdk /Applications/Xcode.app/Contents/Developer/Platforms/iPhoneSimulator.platform/Developer/SDKs/iPhoneSimulator26.5.sdk -target x86_64-apple-ios17.0-simulator -g -module-cache-path /tmp/TasteBuddyHomeQuestionsQA/ModuleCache.noindex -Xfrontend -serialize-debugging-options -enable-testing -index-store-path /tmp/TasteBuddyHomeQuestionsQA/Index.noindex/DataStore -swift-version 5 -I /tmp/TasteBuddyHomeQuestionsQA/Build/Products/Debug-iphonesimulator -F /tmp/TasteBuddyHomeQuestionsQA/Build/Products/Debug-iphonesimulator/PackageFrameworks -F /tmp/TasteBuddyHomeQuestionsQA/Build/Products/Debug-iphonesimulator/PackageFrameworks -F /tmp/TasteBuddyHomeQuestionsQA/Build/Products/Debug-iphonesimulator/PackageFrameworks -F /tmp/TasteBuddyHomeQuestionsQA/Build/Products/Debug-iphonesimulator/PackageFrameworks -F /tmp/TasteBuddyHomeQuestionsQA/Build/Products/Debug-iphonesimulator/PackageFrameworks -F /tmp/TasteBuddyHomeQuestionsQA/Build/Products/Debug-iphonesimulator/PackageFrameworks -F /tmp/TasteBuddyHomeQuestionsQA/Build/Products/Debug-iphonesimulator/PackageFrameworks -F /tmp/TasteBuddyHomeQuestionsQA/Build/Products/Debug-iphonesimulator/PackageFrameworks -F /tmp/TasteBuddyHomeQuestionsQA/Build/Products/Debug-iphonesimulator/PackageFrameworks -F /tmp/TasteBuddyHomeQuestionsQA/Build/Products/Debug-iphonesimulator/PackageFrameworks -F /tmp/TasteBuddyHomeQuestionsQA/Build/Products/Debug-iphonesimulator/PackageFrameworks -F /tmp/TasteBuddyHomeQuestionsQA/Build/Products/Debug-iphonesimulator/PackageFrameworks -F /tmp/TasteBuddyHomeQuestionsQA/Build/Products/Debug-iphonesimulator/PackageFrameworks -F /tmp/TasteBuddyHomeQuestionsQA/Build/Products/Debug-iphonesimulator/PackageFrameworks -F /tmp/TasteBuddyHomeQuestionsQA/Build/Products/Debug-iphonesimulator/PackageFrameworks -F /tmp/TasteBuddyHomeQuestionsQA/Build/Products/Debug-iphonesimulator/PackageFrameworks -F /tmp/TasteBuddyHomeQuestionsQA/Build/Products/Debug-iphonesimulator -c -j12 -enable-batch-mode -incremental -Xcc -ivfsstatcache -Xcc /tmp/TasteBuddyHomeQuestionsQA/SDKStatCaches.noindex/iphonesimulator26.5-23F81a-6cfe768891a92b912361537c460fe42b.sdkstatcache -output-file-map /tmp/TasteBuddyHomeQuestionsQA/Build/Intermediates.noindex/TasteBuddy.build/Debug-iphonesimulator/TasteBuddy.build/Objects-normal/x86_64/TasteBuddy-OutputFileMap.json -use-frontend-parseable-output -save-temps -no-color-diagnostics -explicit-module-build -module-cache-path /tmp/TasteBuddyHomeQuestionsQA/Build/Intermediates.noindex/SwiftExplicitPrecompiledModules -clang-scanner-module-cache-path /tmp/TasteBuddyHomeQuestionsQA/ModuleCache.noindex -sdk-module-cache-path /tmp/TasteBuddyHomeQuestionsQA/ModuleCache.noindex -serialize-diagnostics -emit-dependencies -emit-module -emit-module-path /tmp/TasteBuddyHomeQuestionsQA/Build/Intermediates.noindex/TasteBuddy.build/Debug-iphonesimulator/TasteBuddy.build/Objects-normal/x86_64/TasteBuddy.swiftmodule -validate-clang-modules-once -clang-build-session-file /tmp/TasteBuddyHomeQuestionsQA/ModuleCache.noindex/Session.modulevalidation -Xcc -I/tmp/TasteBuddyHomeQuestionsQA/Build/Intermediates.noindex/TasteBuddy.build/Debug-iphonesimulator/TasteBuddy.build/swift-overrides.hmap -emit-const-values -Xfrontend -const-gather-protocols-file -Xfrontend /tmp/TasteBuddyHomeQuestionsQA/Build/Intermediates.noindex/TasteBuddy.build/Debug-iphonesimulator/TasteBuddy.build/Objects-normal/x86_64/TasteBuddy_const_extract_protocols.json -Xcc -iquote -Xcc /tmp/TasteBuddyHomeQuestionsQA/Build/Intermediates.noindex/TasteBuddy.build/Debug-iphonesimulator/TasteBuddy.build/TasteBuddy-generated-files.hmap -Xcc -I/tmp/TasteBuddyHomeQuestionsQA/Build/Intermediates.noindex/TasteBuddy.build/Debug-iphonesimulator/TasteBuddy.build/TasteBuddy-own-target-headers.hmap -Xcc -I/tmp/TasteBuddyHomeQuestionsQA/Build/Intermediates.noindex/TasteBuddy.build/Debug-iphonesimulator/TasteBuddy.build/TasteBuddy-all-non-framework-target-headers.hmap -Xcc -ivfsoverlay -Xcc /tmp/TasteBuddyHomeQuestionsQA/Build/Intermediates.noindex/TasteBuddy.build/Debug-iphonesimulator/TasteBuddy-13299a83df260b797a46b4b5b88bf8d1-VFS-iphonesimulator/all-product-headers.yaml -Xcc -iquote -Xcc /tmp/TasteBuddyHomeQuestionsQA/Build/Intermediates.noindex/TasteBuddy.build/Debug-iphonesimulator/TasteBuddy.build/TasteBuddy-project-headers.hmap -Xcc -I/tmp/TasteBuddyHomeQuestionsQA/Build/Products/Debug-iphonesimulator/include -Xcc -I/tmp/TasteBuddyHomeQuestionsQA/Build/Intermediates.noindex/TasteBuddy.build/Debug-iphonesimulator/TasteBuddy.build/DerivedSources-normal/x86_64 -Xcc -I/tmp/TasteBuddyHomeQuestionsQA/Build/Intermediates.noindex/TasteBuddy.build/Debug-iphonesimulator/TasteBuddy.build/DerivedSources/x86_64 -Xcc -I/tmp/TasteBuddyHomeQuestionsQA/Build/Intermediates.noindex/TasteBuddy.build/Debug-iphonesimulator/TasteBuddy.build/DerivedSources -emit-objc-header -emit-objc-header-path /tmp/TasteBuddyHomeQuestionsQA/Build/Intermediates.noindex/TasteBuddy.build/Debug-iphonesimulator/TasteBuddy.build/Objects-normal/x86_64/TasteBuddy-Swift.h -working-directory /Users/sinjunho/Desktop/Taste\ Buddy/ios -experimental-emit-module-separately -disable-cmo

Ld /tmp/TasteBuddyHomeQuestionsQA/Build/Products/Debug-iphonesimulator/TasteBuddy.app/TasteBuddy.debug.dylib normal (in target 'TasteBuddy' from project 'TasteBuddy')
    cd /Users/sinjunho/Desktop/Taste\ Buddy/ios
    /Applications/Xcode.app/Contents/Developer/Toolchains/XcodeDefault.xctoolchain/usr/bin/clang -Xlinker -reproducible -target x86_64-apple-ios17.0-simulator -dynamiclib -isysroot /Applications/Xcode.app/Contents/Developer/Platforms/iPhoneSimulator.platform/Developer/SDKs/iPhoneSimulator26.5.sdk -Os -L/tmp/TasteBuddyHomeQuestionsQA/Build/Intermediates.noindex/EagerLinkingTBDs/Debug-iphonesimulator -L/tmp/TasteBuddyHomeQuestionsQA/Build/Products/Debug-iphonesimulator -F/tmp/TasteBuddyHomeQuestionsQA/Build/Intermediates.noindex/EagerLinkingTBDs/Debug-iphonesimulator -F/tmp/TasteBuddyHomeQuestionsQA/Build/Products/Debug-iphonesimulator/PackageFrameworks -F/tmp/TasteBuddyHomeQuestionsQA/Build/Products/Debug-iphonesimulator/PackageFrameworks -F/tmp/TasteBuddyHomeQuestionsQA/Build/Products/Debug-iphonesimulator/PackageFrameworks -F/tmp/TasteBuddyHomeQuestionsQA/Build/Products/Debug-iphonesimulator/PackageFrameworks -F/tmp/TasteBuddyHomeQuestionsQA/Build/Products/Debug-iphonesimulator/PackageFrameworks -F/tmp/TasteBuddyHomeQuestionsQA/Build/Products/Debug-iphonesimulator/PackageFrameworks -F/tmp/TasteBuddyHomeQuestionsQA/Build/Products/Debug-iphonesimulator/PackageFrameworks -F/tmp/TasteBuddyHomeQuestionsQA/Build/Products/Debug-iphonesimulator/PackageFrameworks -F/tmp/TasteBuddyHomeQuestionsQA/Build/Products/Debug-iphonesimulator/PackageFrameworks -F/tmp/TasteBuddyHomeQuestionsQA/Build/Products/Debug-iphonesimulator/PackageFrameworks -F/tmp/TasteBuddyHomeQuestionsQA/Build/Products/Debug-iphonesimulator/PackageFrameworks -F/tmp/TasteBuddyHomeQuestionsQA/Build/Products/Debug-iphonesimulator/PackageFrameworks -F/tmp/TasteBuddyHomeQuestionsQA/Build/Products/Debug-iphonesimulator/PackageFrameworks -F/tmp/TasteBuddyHomeQuestionsQA/Build/Products/Debug-iphonesimulator/PackageFrameworks -F/tmp/TasteBuddyHomeQuestionsQA/Build/Products/Debug-iphonesimulator/PackageFrameworks -F/tmp/TasteBuddyHomeQuestionsQA/Build/Products/Debug-iphonesimulator/PackageFrameworks -F/tmp/TasteBuddyHomeQuestionsQA/Build/Products/Debug-iphonesimulator -filelist /tmp/TasteBuddyHomeQuestionsQA/Build/Intermediates.noindex/TasteBuddy.build/Debug-iphonesimulator/TasteBuddy.build/Objects-normal/x86_64/TasteBuddy.LinkFileList -install_name @rpath/TasteBuddy.debug.dylib -Xlinker -rpath -Xlinker /usr/lib/swift -Xlinker -rpath -Xlinker /tmp/TasteBuddyHomeQuestionsQA/Build/Products/Debug-iphonesimulator/PackageFrameworks -Xlinker -dead_strip -Xlinker -object_path_lto -Xlinker /tmp/TasteBuddyHomeQuestionsQA/Build/Intermediates.noindex/TasteBuddy.build/Debug-iphonesimulator/TasteBuddy.build/Objects-normal/x86_64/TasteBuddy_lto.o -rdynamic -Xlinker -objc_abi_version -Xlinker 2 -Xlinker -dependency_info -Xlinker /tmp/TasteBuddyHomeQuestionsQA/Build/Intermediates.noindex/TasteBuddy.build/Debug-iphonesimulator/TasteBuddy.build/Objects-normal/x86_64/TasteBuddy_dependency_info.dat -fobjc-link-runtime -L/Applications/Xcode.app/Contents/Developer/Toolchains/XcodeDefault.xctoolchain/usr/lib/swift/iphonesimulator -L/usr/lib/swift -Xlinker -add_ast_path -Xlinker /tmp/TasteBuddyHomeQuestionsQA/Build/Intermediates.noindex/TasteBuddy.build/Debug-iphonesimulator/TasteBuddy.build/Objects-normal/x86_64/TasteBuddy.swiftmodule @/tmp/TasteBuddyHomeQuestionsQA/Build/Intermediates.noindex/TasteBuddy.build/Debug-iphonesimulator/TasteBuddy.build/Objects-normal/x86_64/TasteBuddy-linker-args.resp -Wl,-no_warn_duplicate_libraries -Wl,-no_warn_duplicate_libraries -Wl,-no_warn_duplicate_libraries -Wl,-no_warn_duplicate_libraries -Wl,-no_warn_duplicate_libraries -Wl,-no_warn_duplicate_libraries -Wl,-no_warn_duplicate_libraries -Wl,-no_warn_duplicate_libraries -Wl,-no_warn_duplicate_libraries -Wl,-no_warn_duplicate_libraries -Wl,-no_warn_duplicate_libraries -Wl,-no_warn_duplicate_libraries -Wl,-no_warn_duplicate_libraries -Wl,-no_warn_duplicate_libraries -Wl,-no_warn_duplicate_libraries -Wl,-no_warn_duplicate_libraries -Xlinker -alias -Xlinker _main -Xlinker ___debug_main_executable_dylib_entry_point -o /tmp/TasteBuddyHomeQuestionsQA/Build/Products/Debug-iphonesimulator/TasteBuddy.app/TasteBuddy.debug.dylib -Xlinker -add_ast_path -Xlinker /tmp/TasteBuddyHomeQuestionsQA/Build/Intermediates.noindex/ProgressiveBlurHeader.build/Debug-iphonesimulator/ProgressiveBlurHeader.build/Objects-normal/x86_64/ProgressiveBlurHeader.swiftmodule @/tmp/TasteBuddyHomeQuestionsQA/Build/Intermediates.noindex/ProgressiveBlurHeader.build/Debug-iphonesimulator/ProgressiveBlurHeader.build/Objects-normal/x86_64/ProgressiveBlurHeader-linker-args.resp -Xlinker -add_ast_path -Xlinker /tmp/TasteBuddyHomeQuestionsQA/Build/Intermediates.noindex/VariableBlur.build/Debug-iphonesimulator/VariableBlur.build/Objects-normal/x86_64/VariableBlur.swiftmodule @/tmp/TasteBuddyHomeQuestionsQA/Build/Intermediates.noindex/VariableBlur.build/Debug-iphonesimulator/VariableBlur.build/Objects-normal/x86_64/VariableBlur-linker-args.resp -Xlinker -add_ast_path -Xlinker /tmp/TasteBuddyHomeQuestionsQA/Build/Intermediates.noindex/Supabase.build/Debug-iphonesimulator/Supabase.build/Objects-normal/x86_64/Supabase.swiftmodule @/tmp/TasteBuddyHomeQuestionsQA/Build/Intermediates.noindex/Supabase.build/Debug-iphonesimulator/Supabase.build/Objects-normal/x86_64/Supabase-linker-args.resp -Xlinker -add_ast_path -Xlinker /tmp/TasteBuddyHomeQuestionsQA/Build/Intermediates.noindex/swift-concurrency-extras.build/Debug-iphonesimulator/ConcurrencyExtras.build/Objects-normal/x86_64/ConcurrencyExtras.swiftmodule @/tmp/TasteBuddyHomeQuestionsQA/Build/Intermediates.noindex/swift-concurrency-extras.build/Debug-iphonesimulator/ConcurrencyExtras.build/Objects-normal/x86_64/ConcurrencyExtras-linker-args.resp -Xlinker -add_ast_path -Xlinker /tmp/TasteBuddyHomeQuestionsQA/Build/Intermediates.noindex/swift-http-types.build/Debug-iphonesimulator/HTTPTypes.build/Objects-normal/x86_64/HTTPTypes.swiftmodule @/tmp/TasteBuddyHomeQuestionsQA/Build/Intermediates.noindex/swift-http-types.build/Debug-iphonesimulator/HTTPTypes.build/Objects-normal/x86_64/HTTPTypes-linker-args.resp -Xlinker -add_ast_path -Xlinker /tmp/TasteBuddyHomeQuestionsQA/Build/Intermediates.noindex/swift-clocks.build/Debug-iphonesimulator/Clocks.build/Objects-normal/x86_64/Clocks.swiftmodule @/tmp/TasteBuddyHomeQuestionsQA/Build/Intermediates.noindex/swift-clocks.build/Debug-iphonesimulator/Clocks.build/Objects-normal/x86_64/Clocks-linker-args.resp -Xlinker -add_ast_path -Xlinker /tmp/TasteBuddyHomeQuestionsQA/Build/Intermediates.noindex/xctest-dynamic-overlay.build/Debug-iphonesimulator/IssueReporting.build/Objects-normal/x86_64/IssueReporting.swiftmodule @/tmp/TasteBuddyHomeQuestionsQA/Build/Intermediates.noindex/xctest-dynamic-overlay.build/Debug-iphonesimulator/IssueReporting.build/Objects-normal/x86_64/IssueReporting-linker-args.resp -Xlinker -add_ast_path -Xlinker /tmp/TasteBuddyHomeQuestionsQA/Build/Intermediates.noindex/xctest-dynamic-overlay.build/Debug-iphonesimulator/IssueReportingPackageSupport.build/Objects-normal/x86_64/IssueReportingPackageSupport.swiftmodule @/tmp/TasteBuddyHomeQuestionsQA/Build/Intermediates.noindex/xctest-dynamic-overlay.build/Debug-iphonesimulator/IssueReportingPackageSupport.build/Objects-normal/x86_64/IssueReportingPackageSupport-linker-args.resp -Xlinker -add_ast_path -Xlinker /tmp/TasteBuddyHomeQuestionsQA/Build/Intermediates.noindex/xctest-dynamic-overlay.build/Debug-iphonesimulator/XCTestDynamicOverlay.build/Objects-normal/x86_64/XCTestDynamicOverlay.swiftmodule @/tmp/TasteBuddyHomeQuestionsQA/Build/Intermediates.noindex/xctest-dynamic-overlay.build/Debug-iphonesimulator/XCTestDynamicOverlay.build/Objects-normal/x86_64/XCTestDynamicOverlay-linker-args.resp -Xlinker -add_ast_path -Xlinker /tmp/TasteBuddyHomeQuestionsQA/Build/Intermediates.noindex/Supabase.build/Debug-iphonesimulator/Helpers.build/Objects-normal/x86_64/Helpers.swiftmodule @/tmp/TasteBuddyHomeQuestionsQA/Build/Intermediates.noindex/Supabase.build/Debug-iphonesimulator/Helpers.build/Objects-normal/x86_64/Helpers-linker-args.resp -Xlinker -add_ast_path -Xlinker /tmp/TasteBuddyHomeQuestionsQA/Build/Intermediates.noindex/swift-crypto.build/Debug-iphonesimulator/Crypto.build/Objects-normal/x86_64/Crypto.swiftmodule @/tmp/TasteBuddyHomeQuestionsQA/Build/Intermediates.noindex/swift-crypto.build/Debug-iphonesimulator/Crypto.build/Objects-normal/x86_64/Crypto-linker-args.resp -Xlinker -add_ast_path -Xlinker /tmp/TasteBuddyHomeQuestionsQA/Build/Intermediates.noindex/Supabase.build/Debug-iphonesimulator/Auth.build/Objects-normal/x86_64/Auth.swiftmodule @/tmp/TasteBuddyHomeQuestionsQA/Build/Intermediates.noindex/Supabase.build/Debug-iphonesimulator/Auth.build/Objects-normal/x86_64/Auth-linker-args.resp -Xlinker -add_ast_path -Xlinker /tmp/TasteBuddyHomeQuestionsQA/Build/Intermediates.noindex/Supabase.build/Debug-iphonesimulator/Functions.build/Objects-normal/x86_64/Functions.swiftmodule @/tmp/TasteBuddyHomeQuestionsQA/Build/Intermediates.noindex/Supabase.build/Debug-iphonesimulator/Functions.build/Objects-normal/x86_64/Functions-linker-args.resp -Xlinker -add_ast_path -Xlinker /tmp/TasteBuddyHomeQuestionsQA/Build/Intermediates.noindex/Supabase.build/Debug-iphonesimulator/PostgREST.build/Objects-normal/x86_64/PostgREST.swiftmodule @/tmp/TasteBuddyHomeQuestionsQA/Build/Intermediates.noindex/Supabase.build/Debug-iphonesimulator/PostgREST.build/Objects-normal/x86_64/PostgREST-linker-args.resp -Xlinker -add_ast_path -Xlinker /tmp/TasteBuddyHomeQuestionsQA/Build/Intermediates.noindex/Supabase.build/Debug-iphonesimulator/Realtime.build/Objects-normal/x86_64/Realtime.swiftmodule @/tmp/TasteBuddyHomeQuestionsQA/Build/Intermediates.noindex/Supabase.build/Debug-iphonesimulator/Realtime.build/Objects-normal/x86_64/Realtime-linker-args.resp -Xlinker -add_ast_path -Xlinker /tmp/TasteBuddyHomeQuestionsQA/Build/Intermediates.noindex/Supabase.build/Debug-iphonesimulator/Storage.build/Objects-normal/x86_64/Storage.swiftmodule @/tmp/TasteBuddyHomeQuestionsQA/Build/Intermediates.noindex/Supabase.build/Debug-iphonesimulator/Storage.build/Objects-normal/x86_64/Storage-linker-args.resp

GenerateDSYMFile /tmp/TasteBuddyHomeQuestionsQA/Build/Products/Debug-iphonesimulator/TasteBuddy.app.dSYM /tmp/TasteBuddyHomeQuestionsQA/Build/Products/Debug-iphonesimulator/TasteBuddy.app/TasteBuddy.debug.dylib (in target 'TasteBuddy' from project 'TasteBuddy')
    cd /Users/sinjunho/Desktop/Taste\ Buddy/ios
    /Applications/Xcode.app/Contents/Developer/Toolchains/XcodeDefault.xctoolchain/usr/bin/dsymutil /tmp/TasteBuddyHomeQuestionsQA/Build/Products/Debug-iphonesimulator/TasteBuddy.app/TasteBuddy.debug.dylib -o /tmp/TasteBuddyHomeQuestionsQA/Build/Products/Debug-iphonesimulator/TasteBuddy.app.dSYM

ConstructStubExecutorLinkFileList /tmp/TasteBuddyHomeQuestionsQA/Build/Intermediates.noindex/TasteBuddy.build/Debug-iphonesimulator/TasteBuddy.build/TasteBuddy-ExecutorLinkFileList-normal-x86_64.txt (in target 'TasteBuddy' from project 'TasteBuddy')
    cd /Users/sinjunho/Desktop/Taste\ Buddy/ios
    construct-stub-executor-link-file-list /tmp/TasteBuddyHomeQuestionsQA/Build/Products/Debug-iphonesimulator/TasteBuddy.app/TasteBuddy.debug.dylib /Applications/Xcode.app/Contents/Developer/Platforms/iPhoneSimulator.platform/Developer/usr/lib/libPreviewsJITStubExecutor_no_swift_entry_point.a /Applications/Xcode.app/Contents/Developer/Platforms/iPhoneSimulator.platform/Developer/usr/lib/libPreviewsJITStubExecutor.a --output /tmp/TasteBuddyHomeQuestionsQA/Build/Intermediates.noindex/TasteBuddy.build/Debug-iphonesimulator/TasteBuddy.build/TasteBuddy-ExecutorLinkFileList-normal-x86_64.txt
note: Using stub executor library with Swift entry point. (in target 'TasteBuddy' from project 'TasteBuddy')

Ld /tmp/TasteBuddyHomeQuestionsQA/Build/Products/Debug-iphonesimulator/TasteBuddy.app/TasteBuddy normal (in target 'TasteBuddy' from project 'TasteBuddy')
    cd /Users/sinjunho/Desktop/Taste\ Buddy/ios
    /Applications/Xcode.app/Contents/Developer/Toolchains/XcodeDefault.xctoolchain/usr/bin/clang -Xlinker -reproducible -target x86_64-apple-ios17.0-simulator -isysroot /Applications/Xcode.app/Contents/Developer/Platforms/iPhoneSimulator.platform/Developer/SDKs/iPhoneSimulator26.5.sdk -Os -L/tmp/TasteBuddyHomeQuestionsQA/Build/Products/Debug-iphonesimulator -F/tmp/TasteBuddyHomeQuestionsQA/Build/Products/Debug-iphonesimulator/PackageFrameworks -F/tmp/TasteBuddyHomeQuestionsQA/Build/Products/Debug-iphonesimulator/PackageFrameworks -F/tmp/TasteBuddyHomeQuestionsQA/Build/Products/Debug-iphonesimulator/PackageFrameworks -F/tmp/TasteBuddyHomeQuestionsQA/Build/Products/Debug-iphonesimulator/PackageFrameworks -F/tmp/TasteBuddyHomeQuestionsQA/Build/Products/Debug-iphonesimulator/PackageFrameworks -F/tmp/TasteBuddyHomeQuestionsQA/Build/Products/Debug-iphonesimulator/PackageFrameworks -F/tmp/TasteBuddyHomeQuestionsQA/Build/Products/Debug-iphonesimulator/PackageFrameworks -F/tmp/TasteBuddyHomeQuestionsQA/Build/Products/Debug-iphonesimulator/PackageFrameworks -F/tmp/TasteBuddyHomeQuestionsQA/Build/Products/Debug-iphonesimulator/PackageFrameworks -F/tmp/TasteBuddyHomeQuestionsQA/Build/Products/Debug-iphonesimulator/PackageFrameworks -F/tmp/TasteBuddyHomeQuestionsQA/Build/Products/Debug-iphonesimulator/PackageFrameworks -F/tmp/TasteBuddyHomeQuestionsQA/Build/Products/Debug-iphonesimulator/PackageFrameworks -F/tmp/TasteBuddyHomeQuestionsQA/Build/Products/Debug-iphonesimulator/PackageFrameworks -F/tmp/TasteBuddyHomeQuestionsQA/Build/Products/Debug-iphonesimulator/PackageFrameworks -F/tmp/TasteBuddyHomeQuestionsQA/Build/Products/Debug-iphonesimulator/PackageFrameworks -F/tmp/TasteBuddyHomeQuestionsQA/Build/Products/Debug-iphonesimulator/PackageFrameworks -F/tmp/TasteBuddyHomeQuestionsQA/Build/Products/Debug-iphonesimulator -Xlinker -rpath -Xlinker @executable_path -Xlinker -rpath -Xlinker /tmp/TasteBuddyHomeQuestionsQA/Build/Products/Debug-iphonesimulator/PackageFrameworks -rdynamic -Xlinker -objc_abi_version -Xlinker 2 -e ___debug_blank_executor_main -Xlinker -sectcreate -Xlinker __TEXT -Xlinker __debug_dylib -Xlinker /tmp/TasteBuddyHomeQuestionsQA/Build/Intermediates.noindex/TasteBuddy.build/Debug-iphonesimulator/TasteBuddy.build/TasteBuddy-DebugDylibPath-normal-x86_64.txt -Xlinker -sectcreate -Xlinker __TEXT -Xlinker __debug_instlnm -Xlinker /tmp/TasteBuddyHomeQuestionsQA/Build/Intermediates.noindex/TasteBuddy.build/Debug-iphonesimulator/TasteBuddy.build/TasteBuddy-DebugDylibInstallName-normal-x86_64.txt -Xlinker -filelist -Xlinker /tmp/TasteBuddyHomeQuestionsQA/Build/Intermediates.noindex/TasteBuddy.build/Debug-iphonesimulator/TasteBuddy.build/TasteBuddy-ExecutorLinkFileList-normal-x86_64.txt /tmp/TasteBuddyHomeQuestionsQA/Build/Products/Debug-iphonesimulator/TasteBuddy.app/TasteBuddy.debug.dylib -o /tmp/TasteBuddyHomeQuestionsQA/Build/Products/Debug-iphonesimulator/TasteBuddy.app/TasteBuddy

GenerateDSYMFile /tmp/TasteBuddyHomeQuestionsQA/Build/Products/Debug-iphonesimulator/TasteBuddy.app.dSYM /tmp/TasteBuddyHomeQuestionsQA/Build/Products/Debug-iphonesimulator/TasteBuddy.app/TasteBuddy (in target 'TasteBuddy' from project 'TasteBuddy')
    cd /Users/sinjunho/Desktop/Taste\ Buddy/ios
    /Applications/Xcode.app/Contents/Developer/Toolchains/XcodeDefault.xctoolchain/usr/bin/dsymutil -q /tmp/TasteBuddyHomeQuestionsQA/Build/Products/Debug-iphonesimulator/TasteBuddy.app/TasteBuddy -o /tmp/TasteBuddyHomeQuestionsQA/Build/Products/Debug-iphonesimulator/TasteBuddy.app.dSYM

CopySwiftLibs /tmp/TasteBuddyHomeQuestionsQA/Build/Products/Debug-iphonesimulator/TasteBuddy.app (in target 'TasteBuddy' from project 'TasteBuddy')
    cd /Users/sinjunho/Desktop/Taste\ Buddy/ios
    builtin-swiftStdLibTool --copy --verbose --scan-executable /tmp/TasteBuddyHomeQuestionsQA/Build/Products/Debug-iphonesimulator/TasteBuddy.app/TasteBuddy.debug.dylib --scan-folder /tmp/TasteBuddyHomeQuestionsQA/Build/Products/Debug-iphonesimulator/TasteBuddy.app/Frameworks --scan-folder /tmp/TasteBuddyHomeQuestionsQA/Build/Products/Debug-iphonesimulator/TasteBuddy.app/PlugIns --scan-folder /tmp/TasteBuddyHomeQuestionsQA/Build/Products/Debug-iphonesimulator/TasteBuddy.app/SystemExtensions --scan-folder /tmp/TasteBuddyHomeQuestionsQA/Build/Products/Debug-iphonesimulator/TasteBuddy.app/Extensions --platform iphonesimulator --toolchain /Applications/Xcode.app/Contents/Developer/Toolchains/XcodeDefault.xctoolchain --destination /tmp/TasteBuddyHomeQuestionsQA/Build/Products/Debug-iphonesimulator/TasteBuddy.app/Frameworks --strip-bitcode --strip-bitcode-tool /Applications/Xcode.app/Contents/Developer/Toolchains/XcodeDefault.xctoolchain/usr/bin/bitcode_strip --emit-dependency-info /tmp/TasteBuddyHomeQuestionsQA/Build/Intermediates.noindex/TasteBuddy.build/Debug-iphonesimulator/TasteBuddy.build/SwiftStdLibToolInputDependencies.dep --filter-for-swift-os
Ignoring --strip-bitcode because --sign was not passed

ExtractAppIntentsMetadata (in target 'TasteBuddy' from project 'TasteBuddy')
    cd /Users/sinjunho/Desktop/Taste\ Buddy/ios
    /Applications/Xcode.app/Contents/Developer/Toolchains/XcodeDefault.xctoolchain/usr/bin/appintentsmetadataprocessor --toolchain-dir /Applications/Xcode.app/Contents/Developer/Toolchains/XcodeDefault.xctoolchain --module-name TasteBuddy --sdk-root /Applications/Xcode.app/Contents/Developer/Platforms/iPhoneSimulator.platform/Developer/SDKs/iPhoneSimulator26.5.sdk --xcode-version 17F113 --platform-family iOS --deployment-target 17.0 --bundle-identifier com.juneh96.tastebuddy.ios --output /tmp/TasteBuddyHomeQuestionsQA/Build/Products/Debug-iphonesimulator/TasteBuddy.app --target-triple x86_64-apple-ios17.0-simulator --binary-file /tmp/TasteBuddyHomeQuestionsQA/Build/Products/Debug-iphonesimulator/TasteBuddy.app/TasteBuddy --dependency-file /tmp/TasteBuddyHomeQuestionsQA/Build/Intermediates.noindex/TasteBuddy.build/Debug-iphonesimulator/TasteBuddy.build/Objects-normal/x86_64/TasteBuddy_dependency_info.dat --stringsdata-file /tmp/TasteBuddyHomeQuestionsQA/Build/Intermediates.noindex/TasteBuddy.build/Debug-iphonesimulator/TasteBuddy.build/Objects-normal/x86_64/ExtractedAppShortcutsMetadata.stringsdata --source-file-list /tmp/TasteBuddyHomeQuestionsQA/Build/Intermediates.noindex/TasteBuddy.build/Debug-iphonesimulator/TasteBuddy.build/Objects-normal/x86_64/TasteBuddy.SwiftFileList --metadata-file-list /tmp/TasteBuddyHomeQuestionsQA/Build/Intermediates.noindex/TasteBuddy.build/Debug-iphonesimulator/TasteBuddy.build/TasteBuddy.DependencyMetadataFileList --static-metadata-file-list /tmp/TasteBuddyHomeQuestionsQA/Build/Intermediates.noindex/TasteBuddy.build/Debug-iphonesimulator/TasteBuddy.build/TasteBuddy.DependencyStaticMetadataFileList --swift-const-vals-list /tmp/TasteBuddyHomeQuestionsQA/Build/Intermediates.noindex/TasteBuddy.build/Debug-iphonesimulator/TasteBuddy.build/Objects-normal/x86_64/TasteBuddy.SwiftConstValuesFileList --compile-time-extraction --deployment-aware-processing --validate-assistant-intents --no-app-shortcuts-localization
2026-09-13 18:25:03.310 appintentsmetadataprocessor[99024:4275836] Starting appintentsmetadataprocessor export
2026-09-13 18:25:03.329 appintentsmetadataprocessor[99024:4275836] warning: Metadata extraction skipped. No AppIntents.framework dependency found.

SwiftDriverJobDiscovery normal x86_64 Emitting module for TasteBuddyMemoryUITests (in target 'TasteBuddyMemoryUITests' from project 'TasteBuddy')

SwiftDriver\ Compilation\ Requirements TasteBuddyMemoryUITests normal x86_64 com.apple.xcode.tools.swift.compiler (in target 'TasteBuddyMemoryUITests' from project 'TasteBuddy')
    cd /Users/sinjunho/Desktop/Taste\ Buddy/ios
    builtin-Swift-Compilation-Requirements -- /Applications/Xcode.app/Contents/Developer/Toolchains/XcodeDefault.xctoolchain/usr/bin/swiftc -module-name TasteBuddyMemoryUITests -Onone @/tmp/TasteBuddyHomeQuestionsQA/Build/Intermediates.noindex/TasteBuddy.build/Debug-iphonesimulator/TasteBuddyMemoryUITests.build/Objects-normal/x86_64/TasteBuddyMemoryUITests.SwiftFileList -DDEBUG -module-alias Testing\=_Testing_Unavailable -j4 -plugin-path /Applications/Xcode.app/Contents/Developer/Toolchains/XcodeDefault.xctoolchain/usr/lib/swift/host/plugins/testing -enable-bare-slash-regex -enable-experimental-feature DebugDescriptionMacro -sdk /Applications/Xcode.app/Contents/Developer/Platforms/iPhoneSimulator.platform/Developer/SDKs/iPhoneSimulator26.5.sdk -target x86_64-apple-ios17.0-simulator -g -module-cache-path /tmp/TasteBuddyHomeQuestionsQA/ModuleCache.noindex -Xfrontend -serialize-debugging-options -enable-testing -index-store-path /tmp/TasteBuddyHomeQuestionsQA/Index.noindex/DataStore -swift-version 5 -I /tmp/TasteBuddyHomeQuestionsQA/Build/Products/Debug-iphonesimulator -Isystem /Applications/Xcode.app/Contents/Developer/Platforms/iPhoneSimulator.platform/Developer/usr/lib -F /tmp/TasteBuddyHomeQuestionsQA/Build/Products/Debug-iphonesimulator -F /Applications/Xcode.app/Contents/Developer/Platforms/iPhoneSimulator.platform/Developer/Library/Frameworks -F /Applications/Xcode.app/Contents/Developer/Platforms/iPhoneSimulator.platform/Developer/SDKs/iPhoneSimulator26.5.sdk/Developer/Library/Frameworks -parse-as-library -c -j12 -enable-batch-mode -incremental -Xcc -ivfsstatcache -Xcc /tmp/TasteBuddyHomeQuestionsQA/SDKStatCaches.noindex/iphonesimulator26.5-23F81a-6cfe768891a92b912361537c460fe42b.sdkstatcache -output-file-map /tmp/TasteBuddyHomeQuestionsQA/Build/Intermediates.noindex/TasteBuddy.build/Debug-iphonesimulator/TasteBuddyMemoryUITests.build/Objects-normal/x86_64/TasteBuddyMemoryUITests-OutputFileMap.json -use-frontend-parseable-output -save-temps -no-color-diagnostics -explicit-module-build -module-cache-path /tmp/TasteBuddyHomeQuestionsQA/Build/Intermediates.noindex/SwiftExplicitPrecompiledModules -clang-scanner-module-cache-path /tmp/TasteBuddyHomeQuestionsQA/ModuleCache.noindex -sdk-module-cache-path /tmp/TasteBuddyHomeQuestionsQA/ModuleCache.noindex -serialize-diagnostics -emit-dependencies -emit-module -emit-module-path /tmp/TasteBuddyHomeQuestionsQA/Build/Intermediates.noindex/TasteBuddy.build/Debug-iphonesimulator/TasteBuddyMemoryUITests.build/Objects-normal/x86_64/TasteBuddyMemoryUITests.swiftmodule -validate-clang-modules-once -clang-build-session-file /tmp/TasteBuddyHomeQuestionsQA/ModuleCache.noindex/Session.modulevalidation -Xcc -I/tmp/TasteBuddyHomeQuestionsQA/Build/Intermediates.noindex/TasteBuddy.build/Debug-iphonesimulator/TasteBuddyMemoryUITests.build/swift-overrides.hmap -emit-const-values -Xfrontend -const-gather-protocols-file -Xfrontend /tmp/TasteBuddyHomeQuestionsQA/Build/Intermediates.noindex/TasteBuddy.build/Debug-iphonesimulator/TasteBuddyMemoryUITests.build/Objects-normal/x86_64/TasteBuddyMemoryUITests_const_extract_protocols.json -Xcc -iquote -Xcc /tmp/TasteBuddyHomeQuestionsQA/Build/Intermediates.noindex/TasteBuddy.build/Debug-iphonesimulator/TasteBuddyMemoryUITests.build/TasteBuddyMemoryUITests-generated-files.hmap -Xcc -I/tmp/TasteBuddyHomeQuestionsQA/Build/Intermediates.noindex/TasteBuddy.build/Debug-iphonesimulator/TasteBuddyMemoryUITests.build/TasteBuddyMemoryUITests-own-target-headers.hmap -Xcc -I/tmp/TasteBuddyHomeQuestionsQA/Build/Intermediates.noindex/TasteBuddy.build/Debug-iphonesimulator/TasteBuddyMemoryUITests.build/TasteBuddyMemoryUITests-all-non-framework-target-headers.hmap -Xcc -ivfsoverlay -Xcc /tmp/TasteBuddyHomeQuestionsQA/Build/Intermediates.noindex/TasteBuddy.build/Debug-iphonesimulator/TasteBuddy-13299a83df260b797a46b4b5b88bf8d1-VFS-iphonesimulator/all-product-headers.yaml -Xcc -iquote -Xcc /tmp/TasteBuddyHomeQuestionsQA/Build/Intermediates.noindex/TasteBuddy.build/Debug-iphonesimulator/TasteBuddyMemoryUITests.build/TasteBuddyMemoryUITests-project-headers.hmap -Xcc -I/tmp/TasteBuddyHomeQuestionsQA/Build/Products/Debug-iphonesimulator/include -Xcc -I/tmp/TasteBuddyHomeQuestionsQA/Build/Intermediates.noindex/TasteBuddy.build/Debug-iphonesimulator/TasteBuddyMemoryUITests.build/DerivedSources-normal/x86_64 -Xcc -I/tmp/TasteBuddyHomeQuestionsQA/Build/Intermediates.noindex/TasteBuddy.build/Debug-iphonesimulator/TasteBuddyMemoryUITests.build/DerivedSources/x86_64 -Xcc -I/tmp/TasteBuddyHomeQuestionsQA/Build/Intermediates.noindex/TasteBuddy.build/Debug-iphonesimulator/TasteBuddyMemoryUITests.build/DerivedSources -emit-objc-header -emit-objc-header-path /tmp/TasteBuddyHomeQuestionsQA/Build/Intermediates.noindex/TasteBuddy.build/Debug-iphonesimulator/TasteBuddyMemoryUITests.build/Objects-normal/x86_64/TasteBuddyMemoryUITests-Swift.h -working-directory /Users/sinjunho/Desktop/Taste\ Buddy/ios -experimental-emit-module-separately -disable-cmo

Ld /tmp/TasteBuddyHomeQuestionsQA/Build/Products/Debug-iphonesimulator/TasteBuddyMemoryUITests-Runner.app/PlugIns/TasteBuddyMemoryUITests.xctest/TasteBuddyMemoryUITests normal (in target 'TasteBuddyMemoryUITests' from project 'TasteBuddy')
    cd /Users/sinjunho/Desktop/Taste\ Buddy/ios
    /Applications/Xcode.app/Contents/Developer/Toolchains/XcodeDefault.xctoolchain/usr/bin/clang -Xlinker -reproducible -target x86_64-apple-ios17.0-simulator -bundle -isysroot /Applications/Xcode.app/Contents/Developer/Platforms/iPhoneSimulator.platform/Developer/SDKs/iPhoneSimulator26.5.sdk -Os -L/tmp/TasteBuddyHomeQuestionsQA/Build/Intermediates.noindex/EagerLinkingTBDs/Debug-iphonesimulator -L/tmp/TasteBuddyHomeQuestionsQA/Build/Products/Debug-iphonesimulator -L/Applications/Xcode.app/Contents/Developer/Platforms/iPhoneSimulator.platform/Developer/usr/lib -F/tmp/TasteBuddyHomeQuestionsQA/Build/Intermediates.noindex/EagerLinkingTBDs/Debug-iphonesimulator -F/tmp/TasteBuddyHomeQuestionsQA/Build/Products/Debug-iphonesimulator -iframework /Applications/Xcode.app/Contents/Developer/Platforms/iPhoneSimulator.platform/Developer/Library/Frameworks -iframework /Applications/Xcode.app/Contents/Developer/Platforms/iPhoneSimulator.platform/Developer/SDKs/iPhoneSimulator26.5.sdk/Developer/Library/Frameworks -filelist /tmp/TasteBuddyHomeQuestionsQA/Build/Intermediates.noindex/TasteBuddy.build/Debug-iphonesimulator/TasteBuddyMemoryUITests.build/Objects-normal/x86_64/TasteBuddyMemoryUITests.LinkFileList -Xlinker -rpath -Xlinker /usr/lib/swift -Xlinker -rpath -Xlinker @loader_path/Frameworks -Xlinker -dead_strip -Xlinker -object_path_lto -Xlinker /tmp/TasteBuddyHomeQuestionsQA/Build/Intermediates.noindex/TasteBuddy.build/Debug-iphonesimulator/TasteBuddyMemoryUITests.build/Objects-normal/x86_64/TasteBuddyMemoryUITests_lto.o -rdynamic -Xlinker -objc_abi_version -Xlinker 2 -Xlinker -dependency_info -Xlinker /tmp/TasteBuddyHomeQuestionsQA/Build/Intermediates.noindex/TasteBuddy.build/Debug-iphonesimulator/TasteBuddyMemoryUITests.build/Objects-normal/x86_64/TasteBuddyMemoryUITests_dependency_info.dat -fobjc-link-runtime -L/Applications/Xcode.app/Contents/Developer/Toolchains/XcodeDefault.xctoolchain/usr/lib/swift/iphonesimulator -L/usr/lib/swift -Xlinker -add_ast_path -Xlinker /tmp/TasteBuddyHomeQuestionsQA/Build/Intermediates.noindex/TasteBuddy.build/Debug-iphonesimulator/TasteBuddyMemoryUITests.build/Objects-normal/x86_64/TasteBuddyMemoryUITests.swiftmodule @/tmp/TasteBuddyHomeQuestionsQA/Build/Intermediates.noindex/TasteBuddy.build/Debug-iphonesimulator/TasteBuddyMemoryUITests.build/Objects-normal/x86_64/TasteBuddyMemoryUITests-linker-args.resp -Xlinker -needed_framework -Xlinker XCTest -framework XCTest -Xlinker -needed-lXCTestSwiftSupport -lXCTestSwiftSupport -o /tmp/TasteBuddyHomeQuestionsQA/Build/Products/Debug-iphonesimulator/TasteBuddyMemoryUITests-Runner.app/PlugIns/TasteBuddyMemoryUITests.xctest/TasteBuddyMemoryUITests

Copy /tmp/TasteBuddyHomeQuestionsQA/Build/Products/Debug-iphonesimulator/TasteBuddyMemoryUITests.swiftmodule/Project/x86_64-apple-ios-simulator.swiftsourceinfo /tmp/TasteBuddyHomeQuestionsQA/Build/Intermediates.noindex/TasteBuddy.build/Debug-iphonesimulator/TasteBuddyMemoryUITests.build/Objects-normal/x86_64/TasteBuddyMemoryUITests.swiftsourceinfo (in target 'TasteBuddyMemoryUITests' from project 'TasteBuddy')
    cd /Users/sinjunho/Desktop/Taste\ Buddy/ios
    builtin-copy -exclude .DS_Store -exclude CVS -exclude .svn -exclude .git -exclude .hg -strip-unsigned-binaries -strip-deterministic -strip-tool /Applications/Xcode.app/Contents/Developer/Toolchains/XcodeDefault.xctoolchain/usr/bin/strip -resolve-src-symlinks -rename /tmp/TasteBuddyHomeQuestionsQA/Build/Intermediates.noindex/TasteBuddy.build/Debug-iphonesimulator/TasteBuddyMemoryUITests.build/Objects-normal/x86_64/TasteBuddyMemoryUITests.swiftsourceinfo /tmp/TasteBuddyHomeQuestionsQA/Build/Products/Debug-iphonesimulator/TasteBuddyMemoryUITests.swiftmodule/Project/x86_64-apple-ios-simulator.swiftsourceinfo

Copy /tmp/TasteBuddyHomeQuestionsQA/Build/Products/Debug-iphonesimulator/TasteBuddyMemoryUITests.swiftmodule/x86_64-apple-ios-simulator.abi.json /tmp/TasteBuddyHomeQuestionsQA/Build/Intermediates.noindex/TasteBuddy.build/Debug-iphonesimulator/TasteBuddyMemoryUITests.build/Objects-normal/x86_64/TasteBuddyMemoryUITests.abi.json (in target 'TasteBuddyMemoryUITests' from project 'TasteBuddy')
    cd /Users/sinjunho/Desktop/Taste\ Buddy/ios
    builtin-copy -exclude .DS_Store -exclude CVS -exclude .svn -exclude .git -exclude .hg -strip-unsigned-binaries -strip-deterministic -strip-tool /Applications/Xcode.app/Contents/Developer/Toolchains/XcodeDefault.xctoolchain/usr/bin/strip -resolve-src-symlinks -rename /tmp/TasteBuddyHomeQuestionsQA/Build/Intermediates.noindex/TasteBuddy.build/Debug-iphonesimulator/TasteBuddyMemoryUITests.build/Objects-normal/x86_64/TasteBuddyMemoryUITests.abi.json /tmp/TasteBuddyHomeQuestionsQA/Build/Products/Debug-iphonesimulator/TasteBuddyMemoryUITests.swiftmodule/x86_64-apple-ios-simulator.abi.json

ExtractAppIntentsMetadata (in target 'TasteBuddyMemoryUITests' from project 'TasteBuddy')
    cd /Users/sinjunho/Desktop/Taste\ Buddy/ios
    /Applications/Xcode.app/Contents/Developer/Toolchains/XcodeDefault.xctoolchain/usr/bin/appintentsmetadataprocessor --toolchain-dir /Applications/Xcode.app/Contents/Developer/Toolchains/XcodeDefault.xctoolchain --module-name TasteBuddyMemoryUITests --sdk-root /Applications/Xcode.app/Contents/Developer/Platforms/iPhoneSimulator.platform/Developer/SDKs/iPhoneSimulator26.5.sdk --xcode-version 17F113 --platform-family iOS --deployment-target 17.0 --bundle-identifier com.tastebuddy.ios.memoryuitests --output /tmp/TasteBuddyHomeQuestionsQA/Build/Products/Debug-iphonesimulator/TasteBuddyMemoryUITests-Runner.app/PlugIns/TasteBuddyMemoryUITests.xctest --target-triple x86_64-apple-ios17.0-simulator --binary-file /tmp/TasteBuddyHomeQuestionsQA/Build/Products/Debug-iphonesimulator/TasteBuddyMemoryUITests-Runner.app/PlugIns/TasteBuddyMemoryUITests.xctest/TasteBuddyMemoryUITests --dependency-file /tmp/TasteBuddyHomeQuestionsQA/Build/Intermediates.noindex/TasteBuddy.build/Debug-iphonesimulator/TasteBuddyMemoryUITests.build/Objects-normal/x86_64/TasteBuddyMemoryUITests_dependency_info.dat --stringsdata-file /tmp/TasteBuddyHomeQuestionsQA/Build/Intermediates.noindex/TasteBuddy.build/Debug-iphonesimulator/TasteBuddyMemoryUITests.build/Objects-normal/x86_64/ExtractedAppShortcutsMetadata.stringsdata --source-file-list /tmp/TasteBuddyHomeQuestionsQA/Build/Intermediates.noindex/TasteBuddy.build/Debug-iphonesimulator/TasteBuddyMemoryUITests.build/Objects-normal/x86_64/TasteBuddyMemoryUITests.SwiftFileList --metadata-file-list /tmp/TasteBuddyHomeQuestionsQA/Build/Intermediates.noindex/TasteBuddy.build/Debug-iphonesimulator/TasteBuddyMemoryUITests.build/TasteBuddyMemoryUITests.DependencyMetadataFileList --static-metadata-file-list /tmp/TasteBuddyHomeQuestionsQA/Build/Intermediates.noindex/TasteBuddy.build/Debug-iphonesimulator/TasteBuddyMemoryUITests.build/TasteBuddyMemoryUITests.DependencyStaticMetadataFileList --swift-const-vals-list /tmp/TasteBuddyHomeQuestionsQA/Build/Intermediates.noindex/TasteBuddy.build/Debug-iphonesimulator/TasteBuddyMemoryUITests.build/Objects-normal/x86_64/TasteBuddyMemoryUITests.SwiftConstValuesFileList --compile-time-extraction --deployment-aware-processing --validate-assistant-intents --no-app-shortcuts-localization
2026-09-13 18:25:08.055 appintentsmetadataprocessor[99031:4275935] Starting appintentsmetadataprocessor export
2026-09-13 18:25:08.058 appintentsmetadataprocessor[99031:4275935] warning: Metadata extraction skipped. No AppIntents.framework dependency found.

CopySwiftLibs /tmp/TasteBuddyHomeQuestionsQA/Build/Products/Debug-iphonesimulator/TasteBuddyMemoryUITests-Runner.app/PlugIns/TasteBuddyMemoryUITests.xctest (in target 'TasteBuddyMemoryUITests' from project 'TasteBuddy')
    cd /Users/sinjunho/Desktop/Taste\ Buddy/ios
    builtin-swiftStdLibTool --copy --verbose --scan-executable /tmp/TasteBuddyHomeQuestionsQA/Build/Products/Debug-iphonesimulator/TasteBuddyMemoryUITests-Runner.app/PlugIns/TasteBuddyMemoryUITests.xctest/TasteBuddyMemoryUITests --scan-folder /tmp/TasteBuddyHomeQuestionsQA/Build/Products/Debug-iphonesimulator/TasteBuddyMemoryUITests-Runner.app/PlugIns/TasteBuddyMemoryUITests.xctest/Frameworks --scan-folder /tmp/TasteBuddyHomeQuestionsQA/Build/Products/Debug-iphonesimulator/TasteBuddyMemoryUITests-Runner.app/PlugIns/TasteBuddyMemoryUITests.xctest/PlugIns --scan-folder /tmp/TasteBuddyHomeQuestionsQA/Build/Products/Debug-iphonesimulator/TasteBuddyMemoryUITests-Runner.app/PlugIns/TasteBuddyMemoryUITests.xctest/SystemExtensions --scan-folder /tmp/TasteBuddyHomeQuestionsQA/Build/Products/Debug-iphonesimulator/TasteBuddyMemoryUITests-Runner.app/PlugIns/TasteBuddyMemoryUITests.xctest/Extensions --platform iphonesimulator --toolchain /Applications/Xcode.app/Contents/Developer/Toolchains/XcodeDefault.xctoolchain --destination /tmp/TasteBuddyHomeQuestionsQA/Build/Products/Debug-iphonesimulator/TasteBuddyMemoryUITests-Runner.app/PlugIns/TasteBuddyMemoryUITests.xctest/Frameworks --strip-bitcode --scan-executable /Applications/Xcode.app/Contents/Developer/Platforms/iPhoneSimulator.platform/Developer/usr/lib/libXCTestSwiftSupport.dylib --strip-bitcode-tool /Applications/Xcode.app/Contents/Developer/Toolchains/XcodeDefault.xctoolchain/usr/bin/bitcode_strip --emit-dependency-info /tmp/TasteBuddyHomeQuestionsQA/Build/Intermediates.noindex/TasteBuddy.build/Debug-iphonesimulator/TasteBuddyMemoryUITests.build/SwiftStdLibToolInputDependencies.dep --filter-for-swift-os
Ignoring --strip-bitcode because --sign was not passed

GenerateDSYMFile /tmp/TasteBuddyHomeQuestionsQA/Build/Products/Debug-iphonesimulator/TasteBuddyMemoryUITests-Runner.app/PlugIns/TasteBuddyMemoryUITests.xctest.dSYM /tmp/TasteBuddyHomeQuestionsQA/Build/Products/Debug-iphonesimulator/TasteBuddyMemoryUITests-Runner.app/PlugIns/TasteBuddyMemoryUITests.xctest/TasteBuddyMemoryUITests (in target 'TasteBuddyMemoryUITests' from project 'TasteBuddy')
    cd /Users/sinjunho/Desktop/Taste\ Buddy/ios
    /Applications/Xcode.app/Contents/Developer/Toolchains/XcodeDefault.xctoolchain/usr/bin/dsymutil /tmp/TasteBuddyHomeQuestionsQA/Build/Products/Debug-iphonesimulator/TasteBuddyMemoryUITests-Runner.app/PlugIns/TasteBuddyMemoryUITests.xctest/TasteBuddyMemoryUITests -o /tmp/TasteBuddyHomeQuestionsQA/Build/Products/Debug-iphonesimulator/TasteBuddyMemoryUITests-Runner.app/PlugIns/TasteBuddyMemoryUITests.xctest.dSYM

2026-09-13 18:25:13.486090+0900 TasteBuddyMemoryUITests-Runner[99056:4276293] [Default] Running tests...
    t =      nans Interface orientation changed to Portrait
Test Suite 'Selected tests' started at 2026-09-13 18:25:16.846.
Test Suite 'TasteBuddyMemoryUITests.xctest' started at 2026-09-13 18:25:16.848.
Test Suite 'HomeTasteQuestionUITests' started at 2026-09-13 18:25:16.849.
Test Case '-[TasteBuddyMemoryUITests.HomeTasteQuestionUITests testAnalysisRadarMissingAxesAndMatrixOriginal]' started.
    t =     0.01s Start Test at 2026-09-13 18:25:16.856
    t =     0.18s Set Up
    t =     0.20s Open com.juneh96.tastebuddy.ios
    t =     0.21s     Launch com.juneh96.tastebuddy.ios
2026-09-13 18:25:17.202 xcodebuild[98891:4274307] [MT] IDELaunchParametersSnapshot: The operation couldn’t be completed. (DebuggerLLDB.DebuggerVersionStore.StoreError error 0.)
2026-09-13 18:25:17.203 xcodebuild[98891:4274307] [MT] IDELaunchParametersSnapshot: no debugger version
    t =     3.07s         Setting up automation session
    t =     7.14s         Wait for com.juneh96.tastebuddy.ios to idle
    t =    11.72s Waiting 120.0s for "taste-perception-radar" Any to exist
    t =    12.80s     Checking `Expect predicate `existsNoRetry == 1` for object "taste-perception-radar" Any`
    t =    12.80s         Checking existence of `"taste-perception-radar" Any`
    t =    13.30s Checking existence of `"taste-perception-radar" Any`
    t =    13.60s Find the "taste-perception-radar" Any
    t =    13.99s Checking existence of `"taste-perception-radar" Button`
    t =    14.29s Find the "taste-perception-radar" Button
    t =    14.62s Find the Target Application 'com.juneh96.tastebuddy.ios'
    t =    14.86s Swipe up Target Application 'com.juneh96.tastebuddy.ios'
    t =    14.86s     Wait for com.juneh96.tastebuddy.ios to idle
    t =    14.89s     Find the Target Application 'com.juneh96.tastebuddy.ios'
    t =    15.12s     Check for interrupting elements affecting "Taste Buddy" Application
    t =    15.40s     Synthesize event
    t =    15.92s     Wait for com.juneh96.tastebuddy.ios to idle
    t =    18.11s Checking existence of `"taste-perception-radar" Button`
    t =    18.45s Find the "taste-perception-radar" Button
    t =    18.89s Find the Target Application 'com.juneh96.tastebuddy.ios'
    t =    19.69s Added attachment named 'analysis-question-01-radar'
    t =    19.71s Checking existence of `Any (First Match)`
    t =    19.84s Find the Any (First Match)
    t =    20.13s Checking existence of `"taste-candidate-taste.sour|" Button`
    t =    20.27s Find the "taste-candidate-taste.sour|" Button
    t =    20.42s Find the Target Application 'com.juneh96.tastebuddy.ios'
    t =    20.63s Swipe down Target Application 'com.juneh96.tastebuddy.ios'
    t =    20.63s     Wait for com.juneh96.tastebuddy.ios to idle
    t =    20.68s     Find the Target Application 'com.juneh96.tastebuddy.ios'
    t =    20.95s     Check for interrupting elements affecting "Taste Buddy" Application
    t =    21.20s     Synthesize event
    t =    21.73s     Wait for com.juneh96.tastebuddy.ios to idle
    t =    22.84s Checking existence of `"taste-candidate-taste.sour|" Button`
    t =    22.97s Find the "taste-candidate-taste.sour|" Button
    t =    23.32s Tap "taste-candidate-taste.sour|" Button
    t =    23.32s     Wait for com.juneh96.tastebuddy.ios to idle
    t =    23.37s     Find the "taste-candidate-taste.sour|" Button
    t =    23.57s     Check for interrupting elements affecting "taste-candidate-taste.sour|" Button
    t =    24.24s     Synthesize event
    t =    24.73s     Wait for com.juneh96.tastebuddy.ios to idle
    t =    25.87s Waiting 30.0s for "taste-matrix-strong:negative" Button to exist
    t =    26.94s     Checking `Expect predicate `existsNoRetry == 1` for object "taste-matrix-strong:negative" Button`
    t =    26.95s         Checking existence of `"taste-matrix-strong:negative" Button`
    t =    27.97s Checking existence of `"taste-matrix-strong:negative" Button`
    t =    28.93s Find the "taste-matrix-strong:negative" Button
    t =    30.15s Find the "taste-matrix-strong:negative" Button
    t =    31.01s Find the Target Application 'com.juneh96.tastebuddy.ios'
    t =    32.34s Added attachment named 'analysis-question-02-matrix'
    t =    32.39s Tap "taste-matrix-strong:negative" Button
    t =    32.39s     Wait for com.juneh96.tastebuddy.ios to idle
    t =    32.42s     Find the "taste-matrix-strong:negative" Button
    t =    34.11s     Check for interrupting elements affecting "taste-matrix-strong:negative" Button
    t =    35.74s     Synthesize event
    t =    36.49s     Wait for com.juneh96.tastebuddy.ios to idle
    t =    36.57s Waiting 30.0s for StaticText (First Match) to exist
    t =    37.63s     Checking `Expect predicate `existsNoRetry == 1` for object StaticText (First Match)`
    t =    37.63s         Checking existence of `StaticText (First Match)`
    t =    38.34s Find the Target Application 'com.juneh96.tastebuddy.ios'
    t =    39.84s Added attachment named 'analysis-question-03-matrix-evidence'
    t =    39.84s Checking existence of `"원본 열기·수정" Button`
    t =    40.45s Find the "원본 열기·수정" Button
    t =    41.68s Checking existence of `"원본 열기·수정" Button`
    t =    42.21s Find the "원본 열기·수정" Button
    t =    42.73s Find the Target Application 'com.juneh96.tastebuddy.ios'
    t =    43.60s Swipe up Target Application 'com.juneh96.tastebuddy.ios'
    t =    43.60s     Wait for com.juneh96.tastebuddy.ios to idle
    t =    43.65s     Find the Target Application 'com.juneh96.tastebuddy.ios'
    t =    44.54s     Check for interrupting elements affecting "Taste Buddy" Application
    t =    45.63s     Synthesize event
    t =    46.18s     Wait for com.juneh96.tastebuddy.ios to idle
    t =    47.12s Checking existence of `"원본 열기·수정" Button`
    t =    47.66s Find the "원본 열기·수정" Button
    t =    48.86s Checking existence of `"원본 열기·수정" Button`
    t =    49.52s Find the "원본 열기·수정" Button
    t =    50.28s Find the Target Application 'com.juneh96.tastebuddy.ios'
    t =    51.29s Swipe up Target Application 'com.juneh96.tastebuddy.ios'
    t =    51.29s     Wait for com.juneh96.tastebuddy.ios to idle
    t =    51.32s     Find the Target Application 'com.juneh96.tastebuddy.ios'
    t =    52.36s     Check for interrupting elements affecting "Taste Buddy" Application
    t =    53.26s     Synthesize event
    t =    53.77s     Wait for com.juneh96.tastebuddy.ios to idle
    t =    54.41s Checking existence of `"원본 열기·수정" Button`
    t =    55.23s Find the "원본 열기·수정" Button
    t =    57.02s Checking existence of `"원본 열기·수정" Button`
    t =    57.64s Find the "원본 열기·수정" Button
    t =    58.38s Find the Target Application 'com.juneh96.tastebuddy.ios'
    t =    59.47s Swipe up Target Application 'com.juneh96.tastebuddy.ios'
    t =    59.47s     Wait for com.juneh96.tastebuddy.ios to idle
    t =    59.53s     Find the Target Application 'com.juneh96.tastebuddy.ios'
    t =    60.67s     Check for interrupting elements affecting "Taste Buddy" Application
    t =    61.78s     Synthesize event
    t =    62.29s     Wait for com.juneh96.tastebuddy.ios to idle
    t =    62.82s Checking existence of `"원본 열기·수정" Button`
    t =    63.50s Find the "원본 열기·수정" Button
    t =    65.12s Checking existence of `"원본 열기·수정" Button`
    t =    66.02s Find the "원본 열기·수정" Button
    t =    66.72s Find the Target Application 'com.juneh96.tastebuddy.ios'
    t =    67.86s Swipe up Target Application 'com.juneh96.tastebuddy.ios'
    t =    67.86s     Wait for com.juneh96.tastebuddy.ios to idle
    t =    67.89s     Find the Target Application 'com.juneh96.tastebuddy.ios'
    t =    68.96s     Check for interrupting elements affecting "Taste Buddy" Application
    t =    70.26s     Synthesize event
    t =    70.82s     Wait for com.juneh96.tastebuddy.ios to idle
    t =    71.48s Checking existence of `"원본 열기·수정" Button`
    t =    72.12s Find the "원본 열기·수정" Button
    t =    73.45s Checking existence of `"원본 열기·수정" Button`
    t =    73.97s Find the "원본 열기·수정" Button
    t =    74.55s Find the Target Application 'com.juneh96.tastebuddy.ios'
    t =    75.48s Swipe up Target Application 'com.juneh96.tastebuddy.ios'
    t =    75.48s     Wait for com.juneh96.tastebuddy.ios to idle
    t =    75.52s     Find the Target Application 'com.juneh96.tastebuddy.ios'
    t =    76.68s     Check for interrupting elements affecting "Taste Buddy" Application
    t =    77.69s     Synthesize event
    t =    78.22s     Wait for com.juneh96.tastebuddy.ios to idle
    t =    78.78s Checking existence of `"원본 열기·수정" Button`
    t =    79.37s Find the "원본 열기·수정" Button
    t =    80.84s Checking existence of `"원본 열기·수정" Button`
    t =    81.46s Find the "원본 열기·수정" Button
    t =    82.02s Find the Target Application 'com.juneh96.tastebuddy.ios'
    t =    82.83s Swipe up Target Application 'com.juneh96.tastebuddy.ios'
    t =    82.83s     Wait for com.juneh96.tastebuddy.ios to idle
    t =    82.88s     Find the Target Application 'com.juneh96.tastebuddy.ios'
    t =    83.82s     Check for interrupting elements affecting "Taste Buddy" Application
    t =    84.84s     Synthesize event
    t =    85.37s     Wait for com.juneh96.tastebuddy.ios to idle
    t =    85.89s Checking existence of `"원본 열기·수정" Button`
    t =    86.50s Find the "원본 열기·수정" Button
    t =    87.79s Checking existence of `"원본 열기·수정" Button`
    t =    88.32s Find the "원본 열기·수정" Button
    t =    88.82s Find the Target Application 'com.juneh96.tastebuddy.ios'
    t =    89.58s Swipe up Target Application 'com.juneh96.tastebuddy.ios'
    t =    89.58s     Wait for com.juneh96.tastebuddy.ios to idle
    t =    89.63s     Find the Target Application 'com.juneh96.tastebuddy.ios'
    t =    90.44s     Check for interrupting elements affecting "Taste Buddy" Application
    t =    91.37s     Synthesize event
    t =    91.89s     Wait for com.juneh96.tastebuddy.ios to idle
    t =    92.55s Checking existence of `"원본 열기·수정" Button`
    t =    93.05s Find the "원본 열기·수정" Button
    t =    94.17s Checking existence of `"원본 열기·수정" Button`
    t =    94.70s Find the "원본 열기·수정" Button
    t =    95.25s Find the Target Application 'com.juneh96.tastebuddy.ios'
    t =    96.21s Swipe up Target Application 'com.juneh96.tastebuddy.ios'
    t =    96.21s     Wait for com.juneh96.tastebuddy.ios to idle
    t =    96.23s     Find the Target Application 'com.juneh96.tastebuddy.ios'
    t =    97.05s     Check for interrupting elements affecting "Taste Buddy" Application
    t =    97.91s     Synthesize event
    t =    98.40s     Wait for com.juneh96.tastebuddy.ios to idle
    t =    98.98s Checking existence of `"원본 열기·수정" Button`
    t =    99.49s Find the "원본 열기·수정" Button
    t =   100.75s Checking existence of `"원본 열기·수정" Button`
    t =   101.25s Find the "원본 열기·수정" Button
    t =   101.86s Find the Target Application 'com.juneh96.tastebuddy.ios'
    t =   102.65s Swipe up Target Application 'com.juneh96.tastebuddy.ios'
    t =   102.65s     Wait for com.juneh96.tastebuddy.ios to idle
    t =   102.66s     Find the Target Application 'com.juneh96.tastebuddy.ios'
    t =   103.53s     Check for interrupting elements affecting "Taste Buddy" Application
    t =   104.45s     Synthesize event
    t =   105.00s     Wait for com.juneh96.tastebuddy.ios to idle
    t =   105.61s Checking existence of `"원본 열기·수정" Button`
    t =   106.15s Find the "원본 열기·수정" Button
    t =   107.42s Checking existence of `"원본 열기·수정" Button`
    t =   107.95s Find the "원본 열기·수정" Button
    t =   108.47s Find the Target Application 'com.juneh96.tastebuddy.ios'
    t =   109.26s Swipe up Target Application 'com.juneh96.tastebuddy.ios'
    t =   109.26s     Wait for com.juneh96.tastebuddy.ios to idle
    t =   109.31s     Find the Target Application 'com.juneh96.tastebuddy.ios'
    t =   110.20s     Check for interrupting elements affecting "Taste Buddy" Application
    t =   111.08s     Synthesize event
    t =   111.59s     Wait for com.juneh96.tastebuddy.ios to idle
    t =   112.16s Checking existence of `"원본 열기·수정" Button`
    t =   112.66s Find the "원본 열기·수정" Button
    t =   113.75s Checking existence of `"원본 열기·수정" Button`
    t =   114.20s Find the "원본 열기·수정" Button
    t =   114.80s Find the Target Application 'com.juneh96.tastebuddy.ios'
    t =   115.59s Swipe up Target Application 'com.juneh96.tastebuddy.ios'
    t =   115.59s     Wait for com.juneh96.tastebuddy.ios to idle
    t =   115.63s     Find the Target Application 'com.juneh96.tastebuddy.ios'
    t =   116.38s     Check for interrupting elements affecting "Taste Buddy" Application
    t =   117.14s     Synthesize event
    t =   117.65s     Wait for com.juneh96.tastebuddy.ios to idle
    t =   118.21s Checking existence of `"원본 열기·수정" Button`
    t =   118.77s Find the "원본 열기·수정" Button
    t =   119.99s Checking existence of `"원본 열기·수정" Button`
    t =   120.46s Find the "원본 열기·수정" Button
    t =   120.97s Find the Target Application 'com.juneh96.tastebuddy.ios'
    t =   121.67s Swipe up Target Application 'com.juneh96.tastebuddy.ios'
    t =   121.67s     Wait for com.juneh96.tastebuddy.ios to idle
    t =   121.72s     Find the Target Application 'com.juneh96.tastebuddy.ios'
    t =   122.55s     Check for interrupting elements affecting "Taste Buddy" Application
    t =   123.52s     Synthesize event
    t =   124.02s     Wait for com.juneh96.tastebuddy.ios to idle
    t =   124.59s Checking existence of `"원본 열기·수정" Button`
    t =   125.54s Find the "원본 열기·수정" Button
    t =   127.15s Checking existence of `"원본 열기·수정" Button`
    t =   127.65s Find the "원본 열기·수정" Button
    t =   128.21s Find the Target Application 'com.juneh96.tastebuddy.ios'
    t =   128.90s Swipe up Target Application 'com.juneh96.tastebuddy.ios'
    t =   128.90s     Wait for com.juneh96.tastebuddy.ios to idle
    t =   128.91s     Find the Target Application 'com.juneh96.tastebuddy.ios'
    t =   129.78s     Check for interrupting elements affecting "Taste Buddy" Application
    t =   130.69s     Synthesize event
    t =   131.24s     Wait for com.juneh96.tastebuddy.ios to idle
    t =   131.80s Checking existence of `"원본 열기·수정" Button`
    t =   132.27s Find the "원본 열기·수정" Button
    t =   133.34s Checking existence of `"원본 열기·수정" Button`
    t =   133.84s Find the "원본 열기·수정" Button
    t =   134.43s Find the Target Application 'com.juneh96.tastebuddy.ios'
    t =   135.31s Swipe up Target Application 'com.juneh96.tastebuddy.ios'
    t =   135.31s     Wait for com.juneh96.tastebuddy.ios to idle
    t =   135.33s     Find the Target Application 'com.juneh96.tastebuddy.ios'
    t =   136.25s     Check for interrupting elements affecting "Taste Buddy" Application
    t =   137.12s     Synthesize event
    t =   137.59s     Wait for com.juneh96.tastebuddy.ios to idle
    t =   138.11s Checking existence of `"원본 열기·수정" Button`
    t =   138.64s Find the "원본 열기·수정" Button
    t =   139.77s Checking existence of `"원본 열기·수정" Button`
    t =   140.28s Find the "원본 열기·수정" Button
    t =   140.84s Find the Target Application 'com.juneh96.tastebuddy.ios'
    t =   141.55s Swipe up Target Application 'com.juneh96.tastebuddy.ios'
    t =   141.56s     Wait for com.juneh96.tastebuddy.ios to idle
    t =   141.60s     Find the Target Application 'com.juneh96.tastebuddy.ios'
    t =   142.33s     Check for interrupting elements affecting "Taste Buddy" Application
    t =   143.07s     Synthesize event
    t =   143.58s     Wait for com.juneh96.tastebuddy.ios to idle
    t =   144.13s Checking existence of `"원본 열기·수정" Button`
    t =   144.69s Find the "원본 열기·수정" Button
    t =   146.06s Checking existence of `"원본 열기·수정" Button`
    t =   146.52s Find the "원본 열기·수정" Button
    t =   147.00s Find the Target Application 'com.juneh96.tastebuddy.ios'
    t =   147.71s Swipe up Target Application 'com.juneh96.tastebuddy.ios'
    t =   147.71s     Wait for com.juneh96.tastebuddy.ios to idle
    t =   147.75s     Find the Target Application 'com.juneh96.tastebuddy.ios'
    t =   148.55s     Check for interrupting elements affecting "Taste Buddy" Application
    t =   149.43s     Synthesize event
    t =   149.97s     Wait for com.juneh96.tastebuddy.ios to idle
    t =   150.52s Checking existence of `"원본 열기·수정" Button`
    t =   151.01s Find the "원본 열기·수정" Button
    t =   152.07s Checking existence of `"원본 열기·수정" Button`
    t =   152.55s Find the "원본 열기·수정" Button
    t =   153.01s Find the Target Application 'com.juneh96.tastebuddy.ios'
    t =   153.77s Swipe up Target Application 'com.juneh96.tastebuddy.ios'
    t =   153.77s     Wait for com.juneh96.tastebuddy.ios to idle
    t =   153.80s     Find the Target Application 'com.juneh96.tastebuddy.ios'
    t =   154.57s     Check for interrupting elements affecting "Taste Buddy" Application
    t =   155.56s     Synthesize event
    t =   156.09s     Wait for com.juneh96.tastebuddy.ios to idle
    t =   156.60s Checking existence of `"원본 열기·수정" Button`
    t =   157.11s Find the "원본 열기·수정" Button
    t =   158.18s Checking existence of `"원본 열기·수정" Button`
    t =   158.65s Find the "원본 열기·수정" Button
    t =   159.20s Find the Target Application 'com.juneh96.tastebuddy.ios'
    t =   160.11s Swipe up Target Application 'com.juneh96.tastebuddy.ios'
    t =   160.11s     Wait for com.juneh96.tastebuddy.ios to idle
    t =   160.15s     Find the Target Application 'com.juneh96.tastebuddy.ios'
    t =   160.92s     Check for interrupting elements affecting "Taste Buddy" Application
    t =   161.67s     Synthesize event
    t =   162.18s     Wait for com.juneh96.tastebuddy.ios to idle
    t =   162.68s Checking existence of `"원본 열기·수정" Button`
    t =   163.17s Find the "원본 열기·수정" Button
    t =   164.31s Checking existence of `"원본 열기·수정" Button`
    t =   164.78s Find the "원본 열기·수정" Button
    t =   165.33s Find the Target Application 'com.juneh96.tastebuddy.ios'
    t =   166.17s Swipe up Target Application 'com.juneh96.tastebuddy.ios'
    t =   166.17s     Wait for com.juneh96.tastebuddy.ios to idle
    t =   166.20s     Find the Target Application 'com.juneh96.tastebuddy.ios'
    t =   167.05s     Check for interrupting elements affecting "Taste Buddy" Application
    t =   167.93s     Synthesize event
    t =   168.41s     Wait for com.juneh96.tastebuddy.ios to idle
    t =   168.95s Checking existence of `"원본 열기·수정" Button`
    t =   169.49s Find the "원본 열기·수정" Button
    t =   170.85s Checking existence of `"원본 열기·수정" Button`
    t =   171.37s Find the "원본 열기·수정" Button
    t =   171.89s Find the Target Application 'com.juneh96.tastebuddy.ios'
    t =   172.61s Swipe up Target Application 'com.juneh96.tastebuddy.ios'
    t =   172.61s     Wait for com.juneh96.tastebuddy.ios to idle
    t =   172.66s     Find the Target Application 'com.juneh96.tastebuddy.ios'
    t =   173.48s     Check for interrupting elements affecting "Taste Buddy" Application
    t =   174.30s     Synthesize event
    t =   174.87s     Wait for com.juneh96.tastebuddy.ios to idle
    t =   175.45s Checking existence of `"원본 열기·수정" Button`
    t =   176.16s Find the "원본 열기·수정" Button
    t =   177.79s Checking existence of `"원본 열기·수정" Button`
    t =   178.47s Find the "원본 열기·수정" Button
    t =   179.07s Find the Target Application 'com.juneh96.tastebuddy.ios'
    t =   179.93s Swipe up Target Application 'com.juneh96.tastebuddy.ios'
    t =   179.93s     Wait for com.juneh96.tastebuddy.ios to idle
    t =   179.95s     Find the Target Application 'com.juneh96.tastebuddy.ios'
    t =   180.85s     Check for interrupting elements affecting "Taste Buddy" Application
    t =   181.80s     Synthesize event
    t =   182.33s     Wait for com.juneh96.tastebuddy.ios to idle
    t =   182.85s Checking existence of `"원본 열기·수정" Button`
    t =   183.34s Find the "원본 열기·수정" Button
    t =   184.52s Checking existence of `"원본 열기·수정" Button`
    t =   185.00s Find the "원본 열기·수정" Button
    t =   185.55s Find the Target Application 'com.juneh96.tastebuddy.ios'
    t =   186.35s Swipe up Target Application 'com.juneh96.tastebuddy.ios'
    t =   186.36s     Wait for com.juneh96.tastebuddy.ios to idle
    t =   186.39s     Find the Target Application 'com.juneh96.tastebuddy.ios'
    t =   187.23s     Check for interrupting elements affecting "Taste Buddy" Application
    t =   188.17s     Synthesize event
    t =   188.69s     Wait for com.juneh96.tastebuddy.ios to idle
    t =   189.28s Checking existence of `"원본 열기·수정" Button`
    t =   189.82s Find the "원본 열기·수정" Button
    t =   191.07s Checking existence of `"원본 열기·수정" Button`
    t =   191.54s Find the "원본 열기·수정" Button
    t =   192.17s Find the Target Application 'com.juneh96.tastebuddy.ios'
    t =   193.10s Swipe up Target Application 'com.juneh96.tastebuddy.ios'
    t =   193.10s     Wait for com.juneh96.tastebuddy.ios to idle
    t =   193.15s     Find the Target Application 'com.juneh96.tastebuddy.ios'
    t =   194.06s     Check for interrupting elements affecting "Taste Buddy" Application
    t =   195.04s     Synthesize event
    t =   195.53s     Wait for com.juneh96.tastebuddy.ios to idle
    t =   196.07s Checking existence of `"원본 열기·수정" Button`
    t =   196.55s Find the "원본 열기·수정" Button
    t =   197.75s Checking existence of `"원본 열기·수정" Button`
    t =   198.53s Find the "원본 열기·수정" Button
    t =   199.70s Find the Target Application 'com.juneh96.tastebuddy.ios'
    t =   200.84s Swipe up Target Application 'com.juneh96.tastebuddy.ios'
    t =   200.84s     Wait for com.juneh96.tastebuddy.ios to idle
    t =   200.86s     Find the Target Application 'com.juneh96.tastebuddy.ios'
    t =   201.77s     Check for interrupting elements affecting "Taste Buddy" Application
    t =   202.58s     Synthesize event
    t =   203.07s     Wait for com.juneh96.tastebuddy.ios to idle
    t =   203.58s Find the "원본 열기·수정" Button
    t =   204.86s Requesting snapshot of accessibility hierarchy for app with pid 99075
    t =   211.08s Requesting snapshot of accessibility hierarchy for app with pid 99075
/Users/sinjunho/Desktop/Taste Buddy/ios/TasteBuddyMemoryUITests/FoodMemoryUITests.swift:110: error: -[TasteBuddyMemoryUITests.HomeTasteQuestionUITests testAnalysisRadarMissingAxesAndMatrixOriginal] : XCTAssertTrue failed - Optional(Attributes: Application, 0x10da25520, pid: 99075, label: 'Taste Buddy'
Element subtree:
 →Application, 0x10da25520, pid: 99075, label: 'Taste Buddy'
    Window (Main), 0x10da24410, {{0.0, 0.0}, {402.0, 874.0}}
      Other, 0x10b73b1f0, {{0.0, 0.0}, {402.0, 874.0}}
        Other, 0x10de478d0, {{0.0, 0.0}, {402.0, 874.0}}
          Other, 0x10de42270, {{-402.0, -874.0}, {1206.0, 2622.0}}
          Other, 0x10dd1e8b0, {{0.0, 0.0}, {402.0, 874.0}}
            Other, 0x10b561fc0, {{0.0, 0.0}, {402.0, 874.0}}
              Other, 0x10d941040, {{0.0, 0.0}, {402.0, 840.0}}
                Other, 0x10df3e840, {{0.0, 0.0}, {402.0, 840.0}}
                  Other, 0x10db7d390, {{0.0, 0.0}, {402.0, 840.0}}
                    Other, 0x10db6bab0, {{0.0, 0.0}, {402.0, 840.0}}
                      Other, 0x10db7e9d0, {{0.0, 0.0}, {402.0, 840.0}}
                        Other, 0x10db80610, {{0.0, 0.0}, {402.0, 840.0}}
                          Other, 0x10db80730, {{0.0, 0.0}, {402.0, 840.0}}
                            Other, 0x10b738b10, {{0.0, 0.0}, {402.0, 840.0}}
                              Other, 0x10df374c0, {{0.0, 0.0}, {402.0, 840.0}}
                                ScrollView, 0x110858730, {{0.0, 0.0}, {402.0, 840.0}}
                                  Other, 0x11094c0d0, {{0.0, 102.0}, {402.0, 1995.3}}
                                    StaticText, 0x110947d40, {{20.0, 110.0}, {66.7, 21.7}}, label: '나의 입맛'
                                    Other, 0x10d941920, {{32.0, 155.7}, {328.0, 161.0}}
                                      StaticText, 0x10db80850, {{32.0, 155.7}, {68.3, 14.3}}, label: '나의 미각 타입'
                                      StaticText, 0x10db809e0, {{32.0, 170.0}, {176.7, 21.7}}, label: '입맛을 알아가는 중이에요'
                                      StaticText, 0x1108560b0, {{32.0, 201.7}, {328.0, 32.7}}, label: '기록한 감각과 직접 평가를 쌓으며 좋아하는 조합과 부담스러운 조건을 확인하고 있어요.'
                                      StaticText, 0x10b73c1d0, {{32.0, 246.3}, {62.7, 13.3}}, label: '완료 음식 기록'
                                      StaticText, 0x11080bdc0, {{32.0, 261.7}, {18.7, 15.7}}, label: '7개'
                                      StaticText, 0x10b73c2f0, {{207.0, 246.3}, {41.0, 13.3}}, label: '관련 식사'
                                      StaticText, 0x10b73c410, {{207.0, 261.7}, {18.7, 15.7}}, label: '7회'
                                      Button, 0x10d941a40, {{32.0, 302.3}, {115.7, 14.3}}, label: '직접 평가·반대 근거 보기'
                                    Button, 0x11094cd10, {{20.0, 355.3}, {362.0, 62.0}}, label: '기록 근거 보기. 감각·평가 정보 41개'
                                      StaticText, 0x11094ce30, {{82.0, 368.7}, {115.7, 17.0}}, label: '기록에서 확인한 근거'
                                      StaticText, 0x10df3fac0, {{82.0, 389.7}, {94.3, 14.3}}, label: '감각·평가 정보 41개'
                                      StaticText, 0x10de48fc0, {{313.0, 379.7}, {41.0, 13.3}}, label: '근거 보기'
                                    StaticText, 0x10df3fbe0, {{20.0, 437.3}, {62.3, 21.7}}, label: '인사이트'
                                    Button, 0x11094cf50, {{20.0, 471.0}, {362.0, 96.0}}, identifier: 'taste-candidate-taste.sour|', label: '7번의 식사 · 조건과 다른 기록 포함, 근거 보기, 산미, 조건에 따라 달랐던 반응, 중간 강도로 느낀 산미는 3번의 식사에서 호감을 남겼어요. 강하게 느낀 산미는 3번의 식사에서 아쉬움을 남겼어요.'
                                      StaticText, 0x11094d070, {{32.0, 483.0}, {162.0, 14.3}}, label: '7번의 식사 · 조건과 다른 기록 포함'
                                      StaticText, 0x11094d190, {{313.0, 483.5}, {41.0, 13.3}}, label: '근거 보기'
                                      Other, 0x11094d2b0, {{32.0, 510.3}, {8.0, 39.7}}
                                      StaticText, 0x11094d3d0, {{52.0, 505.3}, {162.3, 17.0}}, label: '산미, 조건에 따라 달랐던 반응'
                                      StaticText, 0x11094d4f0, {{52.0, 526.3}, {307.3, 28.7}}, label: '중간 강도로 느낀 산미는 3번의 식사에서 호감을 남겼어요. 강하게 느낀 산미는 3번의 식사에서 아쉬움을 남겼어요.'
                                    StaticText, 0x11094d610, {{20.0, 587.0}, {97.7, 21.7}}, label: '알맞았던 조건'
                                    Button, 0x11094d730, {{20.0, 620.7}, {362.0, 96.0}}, label: '7번의 식사 · 알맞음의 기록, 근거 보기, 산미, 알맞았던 때와 과했던 때, 중간 강도로 느낀 · 국물: ‘알맞았어요’가 3번의 식사에서 반복됐어요.
강하게 느낀 · 국물: ‘조금 과했어요’가 3번의 식사에서 반복됐어요.'
                                      StaticText, 0x10d941b60, {{32.0, 632.7}, {125.3, 14.3}}, label: '7번의 식사 · 알맞음의 기록'
                                      StaticText, 0x10d941c80, {{313.0, 633.2}, {41.0, 13.3}}, label: '근거 보기'
                                      Other, 0x10d941da0, {{32.0, 660.0}, {8.0, 39.7}}
                                      StaticText, 0x10d941ec0, {{52.0, 655.0}, {162.3, 17.0}}, label: '산미, 알맞았던 때와 과했던 때'
                                      StaticText, 0x10d941fe0, {{52.0, 676.0}, {315.7, 28.7}}, label: '중간 강도로 느낀 · 국물: ‘알맞았어요’가 3번의 식사에서 반복됐어요.
강하게 느낀 · 국물: ‘조금 과했어요’가 3번의 식사에서 반복됐어요.'
                                    StaticText, 0x10d942100, {{20.0, 736.7}, {117.3, 21.7}}, label: '음식 전체와 감각'
                                    Button, 0x10dd1e1a0, {{20.0, 770.3}, {362.0, 96.0}}, label: '7번의 식사 · 전체 평가와 감각 평가, 근거 보기, 음식 전체와 산미의 평가는 어떻게 이어졌을까요, 전체 ‘정말 좋았어요’ · 산미 ‘아쉬웠어요’: 4번의 식사. 다른 평가도 함께 있어요.'
                                      StaticText, 0x10b561540, {{32.0, 782.3}, {162.0, 14.3}}, label: '7번의 식사 · 전체 평가와 감각 평가'
                                      StaticText, 0x10b563650, {{313.0, 782.8}, {41.0, 13.3}}, label: '근거 보기'
                                      Other, 0x10b563770, {{32.0, 809.7}, {8.0, 39.7}}
                                      StaticText, 0x10b563890, {{52.0, 804.7}, {258.7, 17.0}}, label: '음식 전체와 산미의 평가는 어떻게 이어졌을까요'
                                      StaticText, 0x10dc41740, {{52.0, 825.7}, {305.7, 28.7}}, label: '전체 ‘정말 좋았어요’ · 산미 ‘아쉬웠어요’: 4번의 식사. 다른 평가도 함께 있어요.'
                                    StaticText, 0x10da258b0, {{20.0, 886.3}, {66.7, 21.7}}, label: '다음 선택'
                                    Other, 0x10dd1b500, {{20.0, 920.0}, {362.0, 84.0}}
                                      Button, 0x10dd1ec10, {{32.0, 932.0}, {338.0, 60.0}}, identifier: 'taste-question-toggle', label: '국물의 산미 기록 · 진한 산미의 국물
먹는 동안 · 국물
산미는 어느 정도로 느껴졌나요?, 확인한 식사일 · 2026년 9월 10일
“산뜻한 산미”
이 경험에 아직 남기지 않은 응답을 보완해요.', value: 접힘
                                        Other, 0x10dd1ef80, {{32.0, 932.0}, {60.0, 60.0}}
                                        StaticText, 0x10dd1f2f0, {{104.0, 932.0}, {193.3, 33.7}}, label: '국물의 산미 기록 · 진한 산미의 국물
먹는 동안 · 국물
산미는 어느 정도로 느껴졌나요?'
                                        StaticText, 0x10dc3ff20, {{104.0, 969.7}, {155.0, 13.3}}, label: '확인한 식사일 · 2026년 9월 10일
“산뜻한 산미”
이 경험에 아직 남기지 않은 응답을 보완해요.'
                                    StaticText, 0x10dd1fd70, {{20.0, 1024.0}, {117.3, 21.7}}, label: '맛을 느끼는 경향'
                                    Button, 0x10d84c8f0, {{46.0, 1083.7}, {16.0, 16.0}}, identifier: 'taste-perception-radar', label: '이전 기간 보기', Disabled
                                    Button, 0x10d84dbd0, {{146.7, 1069.7}, {109.0, 44.0}}, identifier: 'taste-perception-radar', label: '2026. 09. 07. – 09. 09., 기록 출처 선택'
                                      Button, 0x11094d850, {{146.7, 1069.7}, {109.0, 44.0}}
                                        StaticText, 0x11094d970, {{175.0, 1075.0}, {52.0, 17.0}}, label: '식사 기록'
                                        StaticText, 0x10de47cc0, {{146.5, 1095.0}, {109.0, 13.3}}, label: '2026. 09. 07. – 09. 09.'
                                    Button, 0x10d84dcf0, {{340.0, 1083.7}, {16.0, 16.0}}, identifier: 'taste-perception-radar', label: '다음 기간 보기', Disabled
                                    Other, 0x10dd200e0, {{32.0, 1113.7}, {338.0, 327.3}}, identifier: 'taste-perception-radar', label: '여섯 가지 미각 축을 보여주는 미각 반응 차트', value: 단맛 기록 없음, 신맛 강도 3....
                                    StaticText, 0x10dd20440, {{121.8, 1441.1}, {158.3, 13.3}}, identifier: 'taste-perception-radar', label: '약·중·강의 직접 보고 · 호감 점수 아님'
                                    StaticText, 0x10dc428b0, {{57.8, 1454.4}, {286.3, 12.0}}, identifier: 'taste-perception-radar', label: '실선·채운 점: 선택한 기록 / 점선·빈 점: 비교 가능한 이전 기록 / —: 미확인'
                                    Button, 0x10dc429d0, {{121.3, 1476.4}, {61.7, 39.9}}, identifier: 'taste-perception-radar', label: '현재 기록, 식사 3회'
                                      StaticText, 0x10dc42af0, {{133.5, 1476.4}, {37.3, 12.0}}, label: '현재 기록'
                                      StaticText, 0x11094da90, {{131.3, 1497.3}, {41.7, 14.3}}, label: '식사 3회'
                                    StaticText, 0x10d84de10, {{194.3, 1500.4}, {9.3, 12.0}}, identifier: 'taste-perception-radar', label: '→'
                                    Button, 0x10dd1f680, {{215.0, 1476.4}, {65.7, 39.9}}, identifier: 'taste-perception-radar', label: '비교할 이전 기록, 아직 없음', Disabled
                                      StaticText, 0x10dd1f9f0, {{215.0, 1476.4}, {65.7, 12.0}}, label: '비교할 이전 기록', Disabled
                                      StaticText, 0x10dd20790, {{225.7, 1497.3}, {44.3, 14.3}}, label: '아직 없음', Disabled
                                    Button, 0x10dd20b10, {{20.0, 1542.3}, {362.0, 164.0}}, identifier: 'taste-perception-change', label: '미각변화, 비교할 기록이 부족해요'
                                      Other, 0x10dc42c10, {{32.0, 1555.0}, {16.0, 16.0}}
                                      StaticText, 0x10dc42d30, {{54.0, 1554.4}, {48.7, 17.0}}, label: '미각변화'
                                      StaticText, 0x10b5639b0, {{313.0, 1556.3}, {41.0, 13.3}}, label: '기록 비교'
                                      StaticText, 0x1108534c0, {{32.0, 1583.4}, {145.7, 19.3}}, label: '비교할 기록이 부족해요'
                                      Other, 0x110858e60, {{32.0, 1614.7}, {338.0, 52.0}}, label: '상승 변화와 하강 변화 모두 비교 기록 없음'
                                        Other, 0x110858f80, {{32.0, 1617.7}, {18.0, 18.0}}
                                        StaticText, 0x10d84df30, {{58.0, 1618.3}, {52.0, 17.0}}, label: '상승 변화'
                                        Other, 0x10d84e050, {{32.0, 1645.7}, {18.0, 18.0}}
                                        StaticText, 0x10d84e170, {{58.0, 1646.3}, {52.0, 17.0}}, label: '하강 변화'
                                      StaticText, 0x10b73c530, {{32.0, 1678.8}, {137.0, 15.7}}, label: '비교할 기록이 더 필요해요.'
                                    Button, 0x10df3fd00, {{20.0, 1718.3}, {362.0, 100.0}}, label: '특이사항, 조건별 차이는 확인 중'
                                      Other, 0x10df3fe20, {{32.0, 1731.0}, {16.0, 16.0}}
                                      StaticText, 0x10df3ff40, {{54.0, 1730.4}, {48.7, 17.0}}, label: '특이사항'
                                      StaticText, 0x10df40060, {{303.7, 1732.3}, {50.3, 13.3}}, label: '조건과 근거'
                                      StaticText, 0x10df40180, {{32.0, 1759.4}, {135.7, 19.3}}, label: '조건별 차이는 확인 중'
                                      StaticText, 0x10df402a0, {{32.0, 1790.8}, {310.3, 15.7}}, label: '같은 음식의 부위나 시점을 다르게 남긴 반복 기록을 살펴봐요.'
                                    StaticText, 0x10df403c0, {{20.0, 1838.4}, {117.3, 21.7}}, label: '내가 알려준 선호'
                                    StaticText, 0x10df404e0, {{32.0, 1884.1}, {145.7, 19.3}}, label: '식사 선호를 알려주세요'
                                    StaticText, 0x10df40600, {{32.0, 1915.4}, {307.3, 15.7}}, label: '피해야 할 재료와 편안하게 즐기는 음식부터 입맛을 알아가요.'
                                    StaticText, 0x10dc42e50, {{32.0, 1943.1}, {273.3, 14.3}}, label: '직접 알려준 선호는 실제 식사에서 확인한 반응과 구분해요.'
                                    Button, 0x10dc430c0, {{32.0, 1983.0}, {76.0, 17.0}}, label: '선호 기록하기'
                                Other, 0x10dc434c0, {{0.0, 0.0}, {402.0, 110.0}}
                                Button, 0x10b563ad0, {{20.0, 62.0}, {32.0, 32.0}}, label: '프로필 확인 및 편집'
                                  Other, 0x10d942220, {{19.5, 61.5}, {33.0, 33.0}}
                                Button, 0x10b563bf0, {{270.0, 62.0}, {32.0, 32.0}}, label: '알림'
                                Button, 0x10b563d10, {{310.0, 62.0}, {32.0, 32.0}}, label: '통합 검색 열기'
                                Button, 0x10dd20e90, {{350.0, 62.0}, {32.0, 32.0}}, label: '메뉴 열기'
                        Other, 0x10df40720, {{0.0, 0.0}, {402.0, 840.0}}
                          Other, 0x10df40840, {{0.0, 0.0}, {402.0, 840.0}}
                      Button, 0x10b563e50, {{8.0, 785.0}, {77.3, 50.0}}, label: '홈'
                      Button, 0x10df40960, {{85.3, 785.0}, {77.0, 50.0}}, label: '나의 입맛', Selected
                      Button, 0x10dc435e0, {{177.0, 786.0}, {48.0, 48.0}}, label: '디시 기록 추가'
                      Button, 0x10da263f0, {{239.7, 785.0}, {77.0, 50.0}}, label: '다이닝'
                      Button, 0x10dc43700, {{316.7, 785.0}, {77.3, 50.0}}, label: '프로필'
      Other, 0x10dc43820, {{0.0, 0.0}, {402.0, 874.0}}
        Other, 0x10b563f70, {{-402.0, -874.0}, {1206.0, 2622.0}}
        Other, 0x10d942340, {{16.0, 62.0}, {370.0, 747.4}}
          Other, 0x10de49a80, {{16.0, 62.0}, {370.0, 747.4}}
            Other, 0x1108590a0, {{16.0, 62.0}, {370.0, 747.4}}
              Other, 0x10db80b00, {{-354.0, -685.4}, {1110.0, 2242.1}}
              Other, 0x10dd211e0, {{16.0, 62.0}, {370.0, 747.4}}
                Other, 0x10dc43940, {{16.0, 62.0}, {370.0, 747.4}}
                  Button, 0x1108591c0, {{34.4, 80.4}, {29.5, 29.5}}, label: '닫기'
                  StaticText, 0x1108592e0, {{169.6, 86.9}, {62.9, 16.6}}, label: '조건별 입맛'
                  Other, 0x10de49ba0, {{184.4, 66.6}, {33.1, 4.6}}
                  ScrollView, 0x10de49cc0, {{16.0, 120.9}, {370.0, 688.5}}
                    Other, 0x10de49de0, {{16.0, 120.9}, {370.0, 4668.9}}
                      StaticText, 0x110859400, {{45.5, 139.3}, {136.8, 12.3}}, label: '7번의 식사 · 조건과 다른 기록 포함'
                      StaticText, 0x110859520, {{45.5, 158.9}, {191.4, 19.9}}, label: '산미, 조건에 따라 달랐던 반응'
                      StaticText, 0x10db80c20, {{45.5, 186.3}, {306.5, 32.5}}, label: '중간 강도로 느낀 산미는 3번의 식사에서 호감을 남겼어요. 강하게 느낀 산미는 3번의 식사에서 아쉬움을 남겼어요.'
                      Other, 0x10da26740, {{45.0, 225.7}, {279.2, 58.6}}
                        StaticText, 0x10da26ac0, {{45.0, 225.7}, {65.7, 26.1}}, label: '강하게 느낀'
                        StaticText, 0x10da26e30, {{151.1, 225.7}, {37.1, 26.1}}, label: '국물'
                        StaticText, 0x10da27190, {{257.3, 225.7}, {66.9, 26.1}}, label: '국물/브로스'
                        StaticText, 0x10da274f0, {{45.0, 258.2}, {56.8, 26.1}}, label: '먹는 동안'
                        StaticText, 0x10da28050, {{151.1, 258.2}, {85.6, 26.1}}, label: '중간 강도로 느낀'
                      StaticText, 0x10da283e0, {{34.4, 313.6}, {67.2, 17.8}}, label: '강도와 호감'
                      StaticText, 0x10da28730, {{45.5, 353.5}, {216.3, 13.2}}, label: '같은 음식·감각·선택·대상·시점의 응답을 함께 봐요.'
                      StaticText, 0x10da28a90, {{45.6, 377.7}, {43.6, 12.3}}, label: '호감 / 강도'
                      StaticText, 0x10da28df0, {{133.1, 377.7}, {8.9, 12.3}}, label: '약'
                      StaticText, 0x10da29150, {{222.2, 377.7}, {8.9, 12.3}}, label: '중'
                      StaticText, 0x10da294c0, {{311.2, 377.7}, {8.9, 12.3}}, label: '강'
                      StaticText, 0x10da29810, {{49.7, 411.4}, {35.3, 12.3}}, label: '좋았어요'
                      Button, 0x10d942460, {{96.7, 397.3}, {81.6, 40.5}}, identifier: 'taste-matrix-weak:positive', label: '약하게, 좋았어요, 음식 경험 0개, 독립 식사 0회'
                      Button, 0x10b564090, {{185.7, 397.3}, {81.9, 40.5}}, identifier: 'taste-matrix-medium:positive', label: '중간 정도로, 좋았어요, 음식 경험 3개, 독립 식사 3회'
                      Button, 0x11094dbb0, {{274.9, 397.3}, {81.6, 40.5}}, identifier: 'taste-matrix-strong:positive', label: '강하게, 좋았어요, 음식 경험 0개, 독립 식사 0회'
                      StaticText, 0x10dd21550, {{45.5, 459.3}, {43.9, 12.3}}, label: '보통이에요'
                      Button, 0x10dd218c0, {{96.7, 445.2}, {81.6, 40.5}}, identifier: 'taste-matrix-weak:neutral', label: '약하게, 보통이에요, 음식 경험 0개, 독립 식사 0회'
                      Button, 0x10d942610, {{185.7, 445.2}, {81.9, 40.5}}, identifier: 'taste-matrix-medium:neutral', label: '중간 정도로, 보통이에요, 음식 경험 0개, 독립 식사 0회'
                      Button, 0x10da29b70, {{274.9, 445.2}, {81.6, 40.5}}, identifier: 'taste-matrix-strong:neutral', label: '강하게, 보통이에요, 음식 경험 0개, 독립 식사 0회'
                      StaticText, 0x10da29f00, {{45.5, 507.2}, {43.9, 12.3}}, label: '아쉬웠어요'
                      Button, 0x10da2a260, {{96.7, 493.1}, {81.6, 40.5}}, identifier: 'taste-matrix-weak:negative', label: '약하게, 아쉬웠어요, 음식 경험 0개, 독립 식사 0회'
                      Button, 0x10da2a5f0, {{185.7, 493.1}, {81.9, 40.5}}, identifier: 'taste-matrix-medium:negative', label: '중간 정도로, 아쉬웠어요, 음식 경험 0개, 독립 식사 0회'
                      Button, 0x10dc43a60, {{274.9, 493.1}, {81.6, 40.5}}, identifier: 'taste-matrix-strong:negative', label: '강하게, 아쉬웠어요, 음식 경험 3개, 독립 식사 3회'
                      StaticText, 0x10b5641b0, {{45.5, 544.6}, {253.4, 12.3}}, label: '단위: 음식 경험 · 강도/호감의 짝 미확인 1개 · 같은 범위 충돌 0개'
                      StaticText, 0x11094dcd0, {{45.5, 567.9}, {289.6, 24.2}}, label: '다른 대상·시점의 셀에 같은 경험이 포함될 수 있어요. 셀 합계는 전체 경험 수가 아니에요.'
                      Button, 0x10dc43b80, {{45.5, 617.0}, {94.5, 13.2}}, label: '미확인·충돌 원문 보기'
                      StaticText, 0x10dd21c20, {{34.4, 673.1}, {181.3, 19.9}}, label: '중간 강도로 느낀 · 근거 식사'
                      StaticText, 0x10db80d40, {{34.4, 696.8}, {248.8, 13.2}}, label: '중간 강도로 느낀 산미는 3번의 식사에서 호감을 남겼어요.'
                      StaticText, 0x10df40c70, {{34.4, 721.0}, {168.7, 14.4}}, label: '국물의 산미 기록 · 2026년 9월 4일'
                      Button, 0x10b5642d0, {{156.2, 742.8}, {89.6, 18.7}}, label: '원본 열기·수정'
                        Button, 0x10de49f00, {{156.2, 742.8}, {89.6, 18.7}}
                          StaticText, 0x10de4a0f0, {{156.2, 742.8}, {89.6, 18.7}}, label: '원본 열기·수정'
                      Button, 0x10dd21f80, {{140.9, 772.5}, {120.6, 18.7}}, label: '관련 경험·반례 비교'
                      StaticText, 0x10da2a950, {{45.5, 813.4}, {58.9, 15.6}}, label: '산뜻한 산미'
                      StaticText, 0x10b73c650, {{45.5, 836.4}, {46.3, 12.3}}, label: '선택한 버블'
                      StaticText, 0x10db80e60, {{45.5, 856.0}, {65.7, 13.2}}, label: '강도: 중간 정도'
                      StaticText, 0x10db80f80, {{45.5, 876.6}, {162.0, 12.3}}, label: '중간 산미의 국물 · 산미 · 먹는 동안 · 국물'
                      StaticText, 0x10db810a0, {{45.5, 922.0}, {58.9, 15.6}}, label: '산뜻한 산미'
                      StaticText, 0x10da2acd0, {{45.5, 945.0}, {46.3, 12.3}}, label: '선택한 버블'
                      StaticText, 0x10de4a210, {{45.5, 964.6}, {62.9, 13.2}}, label: '호감: 좋았어요'
                      StaticText, 0x10db811c0, {{45.5, 985.2}, {162.0, 12.3}}, label: '중간 산미의 국물 · 산미 · 먹는 동안 · 국물'
                      StaticText, 0x110859640, {{34.4, 1019.5}, {168.4, 14.4}}, label: '국물의 산미 기록 · 2026년 9월 5일'
                      Button, 0x110859760, {{156.2, 1041.3}, {89.6, 18.7}}, label: '원본 열기·수정'
                        Button, 0x110859910, {{156.2, 1041.3}, {89.6, 18.7}}
                          StaticText, 0x110859a30, {{156.2, 1041.3}, {89.6, 18.7}}, label: '원본 열기·수정'
                      Button, 0x110859b50, {{140.9, 1071.1}, {120.6, 18.7}}, label: '관련 경험·반례 비교'
                      StaticText, 0x110859c70, {{45.5, 1111.9}, {58.9, 15.6}}, label: '산뜻한 산미'
                      StaticText, 0x110859d90, {{45.5, 1134.9}, {46.3, 12.3}}, label: '선택한 버블'
                      StaticText, 0x10b564610, {{45.5, 1154.5}, {65.7, 13.2}}, label: '강도: 중간 정도'
                      StaticText, 0x10b73c770, {{45.5, 1175.1}, {162.0, 12.3}}, label: '중간 산미의 국물 · 산미 · 먹는 동안 · 국물'
                      StaticText, 0x10de4a330, {{45.5, 1220.5}, {58.9, 15.6}}, label: '산뜻한 산미'
                      StaticText, 0x10de4a450, {{45.5, 1243.5}, {46.3, 12.3}}, label: '선택한 버블'
                      StaticText, 0x10b73c890, {{45.5, 1263.1}, {62.9, 13.2}}, label: '호감: 좋았어요'
                      StaticText, 0x10b73c9b0, {{45.5, 1283.7}, {162.0, 12.3}}, label: '중간 산미의 국물 · 산미 · 먹는 동안 · 국물'
                      StaticText, 0x10b73cad0, {{34.4, 1318.0}, {168.7, 14.4}}, label: '국물의 산미 기록 · 2026년 9월 6일'
                      Button, 0x10b73cbf0, {{156.2, 1339.8}, {89.6, 18.7}}, label: '원본 열기·수정'
                        Button, 0x10b73cd10, {{156.2, 1339.8}, {89.6, 18.7}}
                          StaticText, 0x10dc43ca0, {{156.2, 1339.8}, {89.6, 18.7}}, label: '원본 열기·수정'
                      Button, 0x10b564730, {{140.9, 1369.6}, {120.6, 18.7}}, label: '관련 경험·반례 비교'
                      StaticText, 0x10b564850, {{45.5, 1410.4}, {58.9, 15.6}}, label: '산뜻한 산미'
                      StaticText, 0x10b564970, {{45.5, 1433.4}, {46.3, 12.3}}, label: '선택한 버블'
                      StaticText, 0x10b564a90, {{45.5, 1453.0}, {65.7, 13.2}}, label: '강도: 중간 정도'
                      StaticText, 0x10b564bb0, {{45.5, 1473.6}, {162.0, 12.3}}, label: '중간 산미의 국물 · 산미 · 먹는 동안 · 국물'
                      StaticText, 0x10b564cd0, {{45.5, 1519.0}, {58.9, 15.6}}, label: '산뜻한 산미'
                      StaticText, 0x10b564df0, {{45.5, 1542.0}, {46.3, 12.3}}, label: '선택한 버블'
                      StaticText, 0x10b564f10, {{45.5, 1561.6}, {62.9, 13.2}}, label: '호감: 좋았어요'
                      StaticText, 0x10b565030, {{45.5, 1582.2}, {162.0, 12.3}}, label: '중간 산미의 국물 · 산미 · 먹는 동안 · 국물'
                      StaticText, 0x10db812e0, {{34.4, 1623.9}, {149.1, 19.9}}, label: '강하게 느낀 · 근거 식사'
                      StaticText, 0x10db81400, {{34.4, 1647.5}, {236.5, 13.2}}, label: '강하게 느낀 산미는 3번의 식사에서 아쉬움을 남겼어요.'
                      StaticText, 0x10dc43dc0, {{34.4, 1671.8}, {167.8, 14.4}}, label: '국물의 산미 기록 · 2026년 9월 7일'
                      Button, 0x10dd222f0, {{156.2, 1693.6}, {89.6, 18.7}}, label: '원본 열기·수정'
                        Button, 0x10dd22640, {{156.2, 1693.6}, {89.6, 18.7}}
                          StaticText, 0x10dd229b0, {{156.2, 1693.6}, {89.6, 18.7}}, label: '원본 열기·수정'
                      Button, 0x10dd22d50, {{140.9, 1723.3}, {120.6, 18.7}}, label: '관련 경험·반례 비교'
                      StaticText, 0x10dd230b0, {{45.5, 1764.1}, {58.9, 15.6}}, label: '산뜻한 산미'
                      StaticText, 0x10dd23430, {{45.5, 1787.1}, {46.3, 12.3}}, label: '선택한 버블'
                      StaticText, 0x10dc43ee0, {{45.5, 1806.8}, {53.4, 13.2}}, label: '강도: 강하게'
                      StaticText, 0x10da2b050, {{45.5, 1827.3}, {162.0, 12.3}}, label: '진한 산미의 국물 · 산미 · 먹는 동안 · 국물'
                      StaticText, 0x10da2b3b0, {{45.5, 1872.7}, {58.9, 15.6}}, label: '산뜻한 산미'
                      StaticText, 0x10dc44000, {{45.5, 1895.7}, {46.3, 12.3}}, label: '선택한 버블'
                      StaticText, 0x10dc44120, {{45.5, 1915.4}, {72.4, 13.2}}, label: '호감: 아쉬웠어요'
                      StaticText, 0x10dc44240, {{45.5, 1935.9}, {162.0, 12.3}}, label: '진한 산미의 국물 · 산미 · 먹는 동안 · 국물'
                      StaticText, 0x110859eb0, {{34.4, 1970.3}, {168.7, 14.4}}, label: '국물의 산미 기록 · 2026년 9월 8일'
                      Button, 0x110859fd0, {{156.2, 1992.1}, {89.6, 18.7}}, label: '원본 열기·수정'
                        Button, 0x11085a0f0, {{156.2, 1992.1}, {89.6, 18.7}}
                          StaticText, 0x11085a210, {{156.2, 1992.1}, {89.6, 18.7}}, label: '원본 열기·수정'
                      Button, 0x11085a330, {{140.9, 2021.8}, {120.6, 18.7}}, label: '관련 경험·반례 비교'
                      StaticText, 0x11085a450, {{45.5, 2062.6}, {58.9, 15.6}}, label: '산뜻한 산미'
                      StaticText, 0x11085a570, {{45.5, 2085.6}, {46.3, 12.3}}, label: '선택한 버블'
                      StaticText, 0x10b73ce30, {{45.5, 2105.3}, {53.4, 13.2}}, label: '강도: 강하게'
                      StaticText, 0x10b5643f0, {{45.5, 2125.8}, {162.0, 12.3}}, label: '진한 산미의 국물 · 산미 · 먹는 동안 · 국물'
                      StaticText, 0x10d942730, {{45.5, 2171.2}, {58.9, 15.6}}, label: '산뜻한 산미'
                      StaticText, 0x11085a690, {{45.5, 2194.3}, {46.3, 12.3}}, label: '선택한 버블'
                      StaticText, 0x11085a7b0, {{45.5, 2213.9}, {72.4, 13.2}}, label: '호감: 아쉬웠어요'
                      StaticText, 0x10df40a80, {{45.5, 2234.4}, {162.0, 12.3}}, label: '진한 산미의 국물 · 산미 · 먹는 동안 · 국물'
                      StaticText, 0x11094ddf0, {{34.4, 2268.8}, {168.7, 14.4}}, label: '국물의 산미 기록 · 2026년 9월 9일'
                      Button, 0x10dd237c0, {{156.2, 2290.6}, {89.6, 18.7}}, label: '원본 열기·수정'
                        Button, 0x10d84e290, {{156.2, 2290.6}, {89.6, 18.7}}
                          StaticText, 0x10d84e3b0, {{156.2, 2290.6}, {89.6, 18.7}}, label: '원본 열기·수정'
                      Button, 0x11085a8d0, {{140.9, 2320.3}, {120.6, 18.7}}, label: '관련 경험·반례 비교'
                      StaticText, 0x11085a9f0, {{45.5, 2361.2}, {58.9, 15.6}}, label: '산뜻한 산미'
                      StaticText, 0x11094dff0, {{45.5, 2384.2}, {46.3, 12.3}}, label: '선택한 버블'
                      StaticText, 0x10de4a570, {{45.5, 2403.8}, {53.4, 13.2}}, label: '강도: 강하게'
                      StaticText, 0x10de4a690, {{45.5, 2424.4}, {162.0, 12.3}}, label: '진한 산미의 국물 · 산미 · 먹는 동안 · 국물'
                      StaticText, 0x10dc44360, {{45.5, 2469.8}, {58.9, 15.6}}, label: '산뜻한 산미'
                      StaticText, 0x10dc44480, {{45.5, 2492.8}, {46.3, 12.3}}, label: '선택한 버블'
                      StaticText, 0x10dd23b60, {{45.5, 2512.4}, {72.4, 13.2}}, label: '호감: 아쉬웠어요'
                      StaticText, 0x11094e110, {{45.5, 2533.0}, {162.0, 12.3}}, label: '진한 산미의 국물 · 산미 · 먹는 동안 · 국물'
                      StaticText, 0x10b565150, {{34.4, 2574.7}, {151.3, 19.9}}, label: '국물/브로스 · 근거 식사'
                      StaticText, 0x10b565270, {{34.4, 2598.3}, {230.4, 13.2}}, label: '국물/브로스 산미에는 호감과 아쉬움이 함께 있었어요.'
                      StaticText, 0x11094e230, {{34.4, 2622.5}, {167.8, 14.4}}, label: '국물의 산미 기록 · 2026년 9월 7일'
                      Button, 0x10df40d90, {{156.2, 2644.3}, {89.6, 18.7}}, label: '원본 열기·수정'
                        Button, 0x10db81520, {{156.2, 2644.3}, {89.6, 18.7}}
                          StaticText, 0x10db81640, {{156.2, 2644.3}, {89.6, 18.7}}, label: '원본 열기·수정'
                      Button, 0x10de4a7b0, {{140.9, 2674.1}, {120.6, 18.7}}, label: '관련 경험·반례 비교'
                      StaticText, 0x11085ab10, {{45.5, 2714.9}, {58.9, 15.6}}, label: '산뜻한 산미'
                      StaticText, 0x10dc445a0, {{45.5, 2737.9}, {46.3, 12.3}}, label: '선택한 버블'
                      StaticText, 0x10d942850, {{45.5, 2757.5}, {53.4, 13.2}}, label: '강도: 강하게'
                      StaticText, 0x10da2b750, {{45.5, 2778.1}, {162.0, 12.3}}, label: '진한 산미의 국물 · 산미 · 먹는 동안 · 국물'
                      StaticText, 0x10de4a8d0, {{45.5, 2823.5}, {58.9, 15.6}}, label: '산뜻한 산미'
                      StaticText, 0x10de4a9f0, {{45.5, 2846.5}, {46.3, 12.3}}, label: '선택한 버블'
                      StaticText, 0x10de4ab10, {{45.5, 2866.1}, {72.4, 13.2}}, label: '호감: 아쉬웠어요'
                      StaticText, 0x10de4ac30, {{45.5, 2886.7}, {162.0, 12.3}}, label: '진한 산미의 국물 · 산미 · 먹는 동안 · 국물'
                      StaticText, 0x10de4ad50, {{34.4, 2921.1}, {168.7, 14.4}}, label: '국물의 산미 기록 · 2026년 9월 8일'
                      Button, 0x10de4ae70, {{156.2, 2942.8}, {89.6, 18.7}}, label: '원본 열기·수정'
                        Button, 0x10de4af90, {{156.2, 2942.8}, {89.6, 18.7}}
                          StaticText, 0x10db81760, {{156.2, 2942.8}, {89.6, 18.7}}, label: '원본 열기·수정'
                      Button, 0x10dc446c0, {{140.9, 2972.6}, {120.6, 18.7}}, label: '관련 경험·반례 비교'
                      StaticText, 0x10d942970, {{45.5, 3013.4}, {58.9, 15.6}}, label: '산뜻한 산미'
                      StaticText, 0x10b565390, {{45.5, 3036.4}, {46.3, 12.3}}, label: '선택한 버블'
                      StaticText, 0x10dd23ee0, {{45.5, 3056.1}, {53.4, 13.2}}, label: '강도: 강하게'
                      StaticText, 0x11085ac30, {{45.5, 3076.6}, {162.0, 12.3}}, label: '진한 산미의 국물 · 산미 · 먹는 동안 · 국물'
                      StaticText, 0x10dc447e0, {{45.5, 3122.0}, {58.9, 15.6}}, label: '산뜻한 산미'
                      StaticText, 0x10dc44900, {{45.5, 3145.0}, {46.3, 12.3}}, label: '선택한 버블'
                      StaticText, 0x10d942a90, {{45.5, 3164.7}, {72.4, 13.2}}, label: '호감: 아쉬웠어요'
                      StaticText, 0x10d942bb0, {{45.5, 3185.2}, {162.0, 12.3}}, label: '진한 산미의 국물 · 산미 · 먹는 동안 · 국물'
                      StaticText, 0x10d942cd0, {{34.4, 3219.6}, {168.7, 14.4}}, label: '국물의 산미 기록 · 2026년 9월 9일'
                      Button, 0x10df40eb0, {{156.2, 3241.4}, {89.6, 18.7}}, label: '원본 열기·수정'
                        Button, 0x10dc44a20, {{156.2, 3241.4}, {89.6, 18.7}}
                          StaticText, 0x10db81880, {{156.2, 3241.4}, {89.6, 18.7}}, label: '원본 열기·수정'
                      Button, 0x10db819a0, {{140.9, 3271.1}, {120.6, 18.7}}, label: '관련 경험·반례 비교'
                      StaticText, 0x10db81ac0, {{45.5, 3311.9}, {58.9, 15.6}}, label: '산뜻한 산미'
                      StaticText, 0x10d942df0, {{45.5, 3334.9}, {46.3, 12.3}}, label: '선택한 버블'
                      StaticText, 0x10db81be0, {{45.5, 3354.6}, {53.4, 13.2}}, label: '강도: 강하게'
                      StaticText, 0x11085ad50, {{45.5, 3375.1}, {162.0, 12.3}}, label: '진한 산미의 국물 · 산미 · 먹는 동안 · 국물'
                      StaticText, 0x10df40fd0, {{45.5, 3420.5}, {58.9, 15.6}}, label: '산뜻한 산미'
                      StaticText, 0x10dd24280, {{45.5, 3443.5}, {46.3, 12.3}}, label: '선택한 버블'
                      StaticText, 0x10dd245e0, {{45.5, 3463.2}, {72.4, 13.2}}, label: '호감: 아쉬웠어요'
                      StaticText, 0x10dd24960, {{45.5, 3483.7}, {162.0, 12.3}}, label: '진한 산미의 국물 · 산미 · 먹는 동안 · 국물'
                      StaticText, 0x10dd24ce0, {{34.4, 3518.1}, {174.3, 14.4}}, label: '국물의 산미 기록 · 2026년 9월 10일'
                      Button, 0x10dd25060, {{156.2, 3539.9}, {89.6, 18.7}}, label: '원본 열기·수정'
                        Button, 0x10dd253d0, {{156.2, 3539.9}, {89.6, 18.7}}
                          StaticText, 0x10db81d00, {{156.2, 3539.9}, {89.6, 18.7}}, label: '원본 열기·수정'
                      Button, 0x10dc44b40, {{140.9, 3569.6}, {120.6, 18.7}}, label: '관련 경험·반례 비교'
                      StaticText, 0x10dc44c60, {{45.5, 3610.4}, {58.9, 15.6}}, label: '산뜻한 산미'
                      StaticText, 0x11094e350, {{45.5, 3633.5}, {46.3, 12.3}}, label: '선택한 버블'
                      StaticText, 0x10dc44d80, {{45.5, 3653.1}, {72.4, 13.2}}, label: '호감: 아쉬웠어요'
                      StaticText, 0x10dc44ea0, {{45.5, 3673.6}, {162.0, 12.3}}, label: '진한 산미의 국물 · 산미 · 먹는 동안 · 국물'
                      StaticText, 0x10dc44fc0, {{34.4, 3715.4}, {230.4, 19.9}}, label: '국물/브로스 · 다른 반응을 남긴 식사'
                      StaticText, 0x10dc450e0, {{34.4, 3739.0}, {172.4, 13.2}}, label: '이 조건 안의 반대 기록도 숨기지 않아요.'
                      StaticText, 0x10dc45200, {{34.4, 3763.2}, {168.7, 14.4}}, label: '국물의 산미 기록 · 2026년 9월 4일'
                      Button, 0x10dc45320, {{156.2, 3785.0}, {89.6, 18.7}}, label: '원본 열기·수정'
                        Button, 0x10dc45440, {{156.2, 3785.0}, {89.6, 18.7}}
                          StaticText, 0x10da2bad0, {{156.2, 3785.0}, {89.6, 18.7}}, label: '원본 열기·수정'
                      Button, 0x10b5654b0, {{140.9, 3814.8}, {120.6, 18.7}}, label: '관련 경험·반례 비교'
                      StaticText, 0x10b5655d0, {{45.5, 3855.6}, {58.9, 15.6}}, label: '산뜻한 산미'
                      StaticText, 0x10d84e4d0, {{45.5, 3878.6}, {46.3, 12.3}}, label: '선택한 버블'
                      StaticText, 0x10b73cf50, {{45.5, 3898.2}, {65.7, 13.2}}, label: '강도: 중간 정도'
                      StaticText, 0x10df410f0, {{45.5, 3918.8}, {162.0, 12.3}}, label: '중간 산미의 국물 · 산미 · 먹는 동안 · 국물'
                      StaticText, 0x10df41210, {{45.5, 3964.2}, {58.9, 15.6}}, label: '산뜻한 산미'
                      StaticText, 0x10da2be30, {{45.5, 3987.2}, {46.3, 12.3}}, label: '선택한 버블'
                      StaticText, 0x10da2c1b0, {{45.5, 4006.8}, {62.9, 13.2}}, label: '호감: 좋았어요'
                      StaticText, 0x10df41330, {{45.5, 4027.4}, {162.0, 12.3}}, label: '중간 산미의 국물 · 산미 · 먹는 동안 · 국물'
                      StaticText, 0x10df41450, {{34.4, 4061.7}, {168.4, 14.4}}, label: '국물의 산미 기록 · 2026년 9월 5일'
                      Button, 0x10d942f10, {{156.2, 4083.5}, {89.6, 18.7}}, label: '원본 열기·수정'
                        Button, 0x10dd25770, {{156.2, 4083.5}, {89.6, 18.7}}
                          StaticText, 0x10db81e20, {{156.2, 4083.5}, {89.6, 18.7}}, label: '원본 열기·수정'
                      Button, 0x10de4b0b0, {{140.9, 4113.3}, {120.6, 18.7}}, label: '관련 경험·반례 비교'
                      StaticText, 0x10da2c500, {{45.5, 4154.1}, {58.9, 15.6}}, label: '산뜻한 산미'
                      StaticText, 0x10de4b1d0, {{45.5, 4177.1}, {46.3, 12.3}}, label: '선택한 버블'
                      StaticText, 0x10b73d070, {{45.5, 4196.7}, {65.7, 13.2}}, label: '강도: 중간 정도'
                      StaticText, 0x10da2c860, {{45.5, 4217.3}, {162.0, 12.3}}, label: '중간 산미의 국물 · 산미 · 먹는 동안 · 국물'
                      StaticText, 0x10da2cbc0, {{45.5, 4262.7}, {58.9, 15.6}}, label: '산뜻한 산미'
                      StaticText, 0x11094e470, {{45.5, 4285.7}, {46.3, 12.3}}, label: '선택한 버블'
                      StaticText, 0x10da2cf30, {{45.5, 4305.3}, {62.9, 13.2}}, label: '호감: 좋았어요'
                      StaticText, 0x10db81f40, {{45.5, 4325.9}, {162.0, 12.3}}, label: '중간 산미의 국물 · 산미 · 먹는 동안 · 국물'
                      StaticText, 0x10db82060, {{34.4, 4360.3}, {168.7, 14.4}}, label: '국물의 산미 기록 · 2026년 9월 6일'
                      Button, 0x11085ae70, {{156.2, 4382.0}, {89.6, 18.7}}, label: '원본 열기·수정'
                        Button, 0x11085af90, {{156.2, 4382.0}, {89.6, 18.7}}
                          StaticText, 0x10d943030, {{156.2, 4382.0}, {89.6, 18.7}}, label: '원본 열기·수정'
                      Button, 0x10db821c0, {{140.9, 4411.8}, {120.6, 18.7}}, label: '관련 경험·반례 비교'
                      StaticText, 0x10d84e5f0, {{45.5, 4452.6}, {58.9, 15.6}}, label: '산뜻한 산미'
                      StaticText, 0x10da2d2a0, {{45.5, 4475.6}, {46.3, 12.3}}, label: '선택한 버블'
                      StaticText, 0x10d943150, {{45.5, 4495.3}, {65.7, 13.2}}, label: '강도: 중간 정도'
                      StaticText, 0x10b73d190, {{45.5, 4515.8}, {162.0, 12.3}}, label: '중간 산미의 국물 · 산미 · 먹는 동안 · 국물'
                      StaticText, 0x10d84e710, {{45.5, 4561.2}, {58.9, 15.6}}, label: '산뜻한 산미'
                      StaticText, 0x10d84e830, {{45.5, 4584.2}, {46.3, 12.3}}, label: '선택한 버블'
                      StaticText, 0x10de4b2f0, {{45.5, 4603.9}, {62.9, 13.2}}, label: '호감: 좋았어요'
                      StaticText, 0x10de4b410, {{45.5, 4624.4}, {162.0, 12.3}}, label: '중간 산미의 국물 · 산미 · 먹는 동안 · 국물'
                      StaticText, 0x10de4b530, {{34.4, 4666.1}, {54.3, 17.8}}, label: '해석 범위'
                      StaticText, 0x10de4b650, {{45.5, 4706.0}, {232.2, 13.2}}, label: '분포는 기록한 식사 수이며 미래 호감 확률이 아니에요.'
                      StaticText, 0x10db822e0, {{45.5, 4726.6}, {207.7, 13.2}}, label: '조건별 차이는 연관이며 원인을 확정하지 않아요.'
                      StaticText, 0x10de4b770, {{45.5, 4747.1}, {201.0, 13.2}}, label: '전체 평가는 개별 감각의 평가를 바꾸지 않아요.'
                    Other, 0x10da2d610, {{355.6, 120.9}, {27.6, 631.4}}, label: '수직 스크롤 막대, 7페이지', value: 0%
                      Other, 0x10da2d970, {{380.5, 123.7}, {2.8, 92.3}}
                    Other, 0x10da2dcf0, {{355.6, 120.9}, {27.6, 631.4}}, label: '수직 스크롤 막대, 7페이지', value: 0%
                      Other, 0x10df41570, {{380.5, 123.7}, {2.8, 92.3}}
      Other, 0x10dc45560, {{0.0, 0.0}, {402.0, 874.0}}
        Other, 0x10dc45680, {{-402.0, -874.0}, {1206.0, 2622.0}}
        Other, 0x10dc457a0, {{0.0, 72.0}, {402.0, 802.0}}
          Other, 0x10dc458c0, {{0.0, 72.0}, {402.0, 802.0}}
            Other, 0x11094e590, {{0.0, 72.0}, {402.0, 802.0}}
              Other, 0x11094e6b0, {{0.0, 72.0}, {402.0, 802.0}}
                Other, 0x11094e7d0, {{0.0, 72.0}, {402.0, 802.0}}
                  Button, 0x11094e8f0, {{20.0, 92.0}, {32.0, 32.0}}, label: '닫기'
                  StaticText, 0x10dd25af0, {{173.3, 99.0}, {55.3, 18.0}}, label: '기록 근거'
                  Other, 0x10b73d2b0, {{183.0, 77.0}, {36.0, 5.0}}
                  ScrollView, 0x10b73d4b0, {{0.0, 136.0}, {402.0, 738.0}}
                    Other, 0x10b73d5d0, {{0.0, -320.7}, {402.0, 1194.7}}
                      StaticText, 0x10b73d6f0, {{20.0, -312.7}, {117.3, 21.7}}, label: '선택과 추가 메모'
                      StaticText, 0x10b73d810, {{20.0, -287.0}, {239.0, 14.3}}, label: '선택한 버블·태그와 추가 메모를 출처별로 구분해요.'
                      Button, 0x10dc459e0, {{152.3, -260.7}, {97.3, 20.3}}, label: '원본 열기·수정'
                        Button, 0x10dc45b00, {{152.3, -260.7}, {97.3, 20.3}}
                          StaticText, 0x10da2e060, {{152.3, -260.7}, {97.3, 20.3}}, label: '원본 열기·수정'
                      Button, 0x10da2e3e0, {{135.7, -228.3}, {131.0, 20.3}}, label: '관련 경험·반례 비교'
                      StaticText, 0x10da2e780, {{32.0, -184.0}, {64.0, 17.0}}, label: '산뜻한 산미'
                      StaticText, 0x10dc45c20, {{32.0, -159.0}, {50.3, 13.3}}, label: '선택한 버블'
                      StaticText, 0x10dc45d40, {{32.0, -137.7}, {58.0, 14.3}}, label: '강도: 강하게'
                      StaticText, 0x10dc45e60, {{32.0, -115.3}, {176.0, 13.3}}, label: '진한 산미의 국물 · 산미 · 먹는 동안 · 국물'
                      StaticText, 0x11094ea10, {{32.0, -66.0}, {64.0, 17.0}}, label: '산뜻한 산미'
                      StaticText, 0x11094eb30, {{32.0, -41.0}, {50.3, 13.3}}, label: '선택한 버블'
                      StaticText, 0x11094ec50, {{32.0, -19.7}, {78.7, 14.3}}, label: '호감: 아쉬웠어요'
                      StaticText, 0x10d943270, {{32.0, 2.7}, {176.0, 13.3}}, label: '진한 산미의 국물 · 산미 · 먹는 동안 · 국물'
                      StaticText, 0x10d84e950, {{32.0, 52.0}, {64.0, 17.0}}, label: '산뜻한 산미'
                      StaticText, 0x10dd25e50, {{32.0, 77.0}, {50.3, 13.3}}, label: '선택한 버블'
                      StaticText, 0x10dd261a0, {{32.0, 98.3}, {82.0, 14.3}}, label: '선택: 산뜻한 산미'
                      StaticText, 0x10dd26cb0, {{32.0, 120.7}, {176.0, 13.3}}, label: '진한 산미의 국물 · 산미 · 먹는 동안 · 국물'
                      StaticText, 0x10dd27000, {{32.0, 170.0}, {64.0, 17.0}}, label: '산뜻한 산미'
                      StaticText, 0x10d84eaa0, {{32.0, 195.0}, {50.3, 13.3}}, label: '선택한 버블'
                      StaticText, 0x10db82400, {{32.0, 216.3}, {58.0, 14.3}}, label: '강도: 강하게'
                      StaticText, 0x10db82520, {{32.0, 238.7}, {176.0, 13.3}}, label: '진한 산미의 국물 · 산미 · 먹는 동안 · 국물'
                      StaticText, 0x10db82640, {{32.0, 288.0}, {64.0, 17.0}}, label: '산뜻한 산미'
                      StaticText, 0x10db82760, {{32.0, 313.0}, {50.3, 13.3}}, label: '선택한 버블'
                      StaticText, 0x10db82880, {{32.0, 334.3}, {78.7, 14.3}}, label: '호감: 아쉬웠어요'
                      StaticText, 0x10db829a0, {{32.0, 356.7}, {176.0, 13.3}}, label: '진한 산미의 국물 · 산미 · 먹는 동안 · 국물'
                      StaticText, 0x10db82ac0, {{32.0, 406.0}, {64.0, 17.0}}, label: '산뜻한 산미'
                      StaticText, 0x10db82be0, {{32.0, 431.0}, {50.3, 13.3}}, label: '선택한 버블'
                      StaticText, 0x10db82d00, {{32.0, 452.3}, {82.0, 14.3}}, label: '선택: 산뜻한 산미'
                      StaticText, 0x10de4b9e0, {{32.0, 474.7}, {176.0, 13.3}}, label: '진한 산미의 국물 · 산미 · 먹는 동안 · 국물'
                      StaticText, 0x10d84ebc0, {{32.0, 524.0}, {64.0, 17.0}}, label: '산뜻한 산미'
                      StaticText, 0x10d84ece0, {{32.0, 549.0}, {50.3, 13.3}}, label: '선택한 버블'
                      StaticText, 0x10d84ee00, {{32.0, 570.3}, {58.0, 14.3}}, label: '강도: 강하게'
                      StaticText, 0x10de4bb00, {{32.0, 592.7}, {176.0, 13.3}}, label: '진한 산미의 국물 · 산미 · 먹는 동안 · 국물'
                      StaticText, 0x10de4bc20, {{32.0, 642.0}, {64.0, 17.0}}, label: '산뜻한 산미'
                      StaticText, 0x10de4bd40, {{32.0, 667.0}, {50.3, 13.3}}, label: '선택한 버블'
                      StaticText, 0x10d84ef20, {{32.0, 688.3}, {78.7, 14.3}}, label: '호감: 아쉬웠어요'
                      StaticText, 0x11094ed70, {{32.0, 710.7}, {176.0, 13.3}}, label: '진한 산미의 국물 · 산미 · 먹는 동안 · 국물'
                      StaticText, 0x11094ee90, {{32.0, 760.0}, {64.0, 17.0}}, label: '산뜻한 산미'
                      StaticText, 0x10dc45f80, {{32.0, 785.0}, {50.3, 13.3}}, label: '선택한 버블'
                      StaticText, 0x10df41690, {{32.0, 806.3}, {82.0, 14.3}}, label: '선택: 산뜻한 산미'
                      StaticText, 0x10df417b0, {{32.0, 828.7}, {176.0, 13.3}}, label: '진한 산미의 국물 · 산미 · 먹는 동안 · 국물'
                    Other, 0x10df41ad0, {{369.0, 136.0}, {30.0, 676.0}}, label: '수직 스크롤 막대, 2페이지', value: 100%
                      Other, 0x10df41bf0, {{396.0, 395.0}, {3.0, 414.0}}
                    Other, 0x10df41d10, {{369.0, 136.0}, {30.0, 676.0}}, label: '수직 스크롤 막대, 2페이지', value: 100%
                      Other, 0x10d84f040, {{396.0, 395.0}, {3.0, 414.0}}
Path to element:
 →Application, 0x10da25520, pid: 99075, label: 'Taste Buddy'
Query chain:
 →Find: Target Application 'com.juneh96.tastebuddy.ios'
  Output: {
    Application, 0x10dc463f0, pid: 99075, label: 'Taste Buddy'
  }
)
    t =   212.50s Tear Down
Test Case '-[TasteBuddyMemoryUITests.HomeTasteQuestionUITests testAnalysisRadarMissingAxesAndMatrixOriginal]' failed (212.955 seconds).
Test Case '-[TasteBuddyMemoryUITests.HomeTasteQuestionUITests testLargeTypeQuestionAndMetricActionsRemainReachable]' started.
    t =     0.00s Start Test at 2026-09-13 18:28:49.813
    t =     0.25s Set Up
    t =     0.26s Open com.juneh96.tastebuddy.ios
    t =     0.26s     Launch com.juneh96.tastebuddy.ios
    t =     0.27s         Terminate com.juneh96.tastebuddy.ios:99075
2026-09-13 18:28:51.188 xcodebuild[98891:4274307] [MT] IDELaunchParametersSnapshot: The operation couldn’t be completed. (DebuggerLLDB.DebuggerVersionStore.StoreError error 0.)
2026-09-13 18:28:51.189 xcodebuild[98891:4274307] [MT] IDELaunchParametersSnapshot: no debugger version
    t =     2.03s         Setting up automation session
    t =     5.84s         Wait for com.juneh96.tastebuddy.ios to idle
    t =    10.05s Waiting 120.0s for "taste-question-toggle" Button to exist
    t =    11.11s     Checking `Expect predicate `existsNoRetry == 1` for object "taste-question-toggle" Button`
    t =    11.12s         Checking existence of `"taste-question-toggle" Button`
    t =    11.65s Checking existence of `"taste-question-toggle" Button`
    t =    11.88s Find the "taste-question-toggle" Button
    t =    12.21s Tap "taste-question-toggle" Button
    t =    12.21s     Wait for com.juneh96.tastebuddy.ios to idle
    t =    12.24s     Find the "taste-question-toggle" Button
    t =    12.49s     Check for interrupting elements affecting "taste-question-toggle" Button
    t =    12.76s     Synthesize event
    t =    13.22s     Wait for com.juneh96.tastebuddy.ios to idle
    t =    13.33s Checking existence of `"나중에" Button`
    t =    13.88s Checking existence of `"나중에" Button`
    t =    14.43s Swipe up Target Application 'com.juneh96.tastebuddy.ios'
    t =    14.43s     Wait for com.juneh96.tastebuddy.ios to idle
    t =    14.45s     Find the Target Application 'com.juneh96.tastebuddy.ios'
    t =    14.75s     Check for interrupting elements affecting "Taste Buddy" Application
    t =    15.07s     Synthesize event
    t =    15.62s     Wait for com.juneh96.tastebuddy.ios to idle
    t =    17.89s Checking existence of `"나중에" Button`
    t =    18.30s Find the "나중에" Button
    t =    18.75s Find the Target Application 'com.juneh96.tastebuddy.ios'
    t =    19.42s Added attachment named 'home-question-large-01-actions'
    t =    19.43s Find the "나중에" Button
/Users/sinjunho/Desktop/Taste Buddy/ios/TasteBuddyMemoryUITests/FoodMemoryUITests.swift:177: error: -[TasteBuddyMemoryUITests.HomeTasteQuestionUITests testLargeTypeQuestionAndMetricActionsRemainReachable] : XCTAssertGreaterThanOrEqual failed: ("43.66666666666674") is less than ("44.0")
    t =    19.88s Tear Down
Test Case '-[TasteBuddyMemoryUITests.HomeTasteQuestionUITests testLargeTypeQuestionAndMetricActionsRemainReachable]' failed (20.240 seconds).
Test Case '-[TasteBuddyMemoryUITests.HomeTasteQuestionUITests testQuestionScopeAnswerUndoAndChartCategoryOriginal]' started.
    t =     0.00s Start Test at 2026-09-13 18:29:10.056
    t =     0.22s Set Up
    t =     0.23s Open com.juneh96.tastebuddy.ios
    t =     0.23s     Launch com.juneh96.tastebuddy.ios
    t =     0.23s         Terminate com.juneh96.tastebuddy.ios:99458
2026-09-13 18:29:11.310 xcodebuild[98891:4274307] [MT] IDELaunchParametersSnapshot: The operation couldn’t be completed. (DebuggerLLDB.DebuggerVersionStore.StoreError error 0.)
2026-09-13 18:29:11.310 xcodebuild[98891:4274307] [MT] IDELaunchParametersSnapshot: no debugger version
    t =     1.90s         Setting up automation session
    t =     5.60s         Wait for com.juneh96.tastebuddy.ios to idle
    t =     9.89s Waiting 120.0s for "taste-question-toggle" Button to exist
    t =    10.95s     Checking `Expect predicate `existsNoRetry == 1` for object "taste-question-toggle" Button`
    t =    10.96s         Checking existence of `"taste-question-toggle" Button`
    t =    11.42s Checking existence of `"taste-question-toggle" Button`
    t =    11.65s Find the "taste-question-toggle" Button
    t =    12.03s Tap "taste-question-toggle" Button
    t =    12.03s     Wait for com.juneh96.tastebuddy.ios to idle
    t =    12.09s     Find the "taste-question-toggle" Button
    t =    12.37s     Check for interrupting elements affecting "taste-question-toggle" Button
    t =    12.69s     Synthesize event
    t =    13.09s     Wait for com.juneh96.tastebuddy.ios to idle
    t =    13.18s Checking existence of `StaticText (First Match)`
    t =    13.44s Checking existence of `StaticText (First Match)`
    t =    13.72s Checking existence of `"taste-question-choice-medium" Button`
    t =    13.95s Find the "taste-question-choice-medium" Button
    t =    14.25s Find the Target Application 'com.juneh96.tastebuddy.ios'
    t =    14.95s Added attachment named 'home-question-01-scope'
    t =    14.95s Tap "taste-question-choice-medium" Button
    t =    14.95s     Wait for com.juneh96.tastebuddy.ios to idle
    t =    14.99s     Find the "taste-question-choice-medium" Button
    t =    15.24s     Check for interrupting elements affecting "taste-question-choice-medium" Button
    t =    15.54s     Synthesize event
    t =    16.02s     Wait for com.juneh96.tastebuddy.ios to idle
    t =    16.14s Waiting 30.0s for StaticText (First Match) to exist
    t =    17.20s     Checking `Expect predicate `existsNoRetry == 1` for object StaticText (First Match)`
    t =    17.20s         Checking existence of `StaticText (First Match)`
    t =    17.32s Find the "취소" Button
    t =    17.57s Tap "취소" Button
    t =    17.57s     Wait for com.juneh96.tastebuddy.ios to idle
    t =    17.66s     Find the "취소" Button
    t =    17.80s     Check for interrupting elements affecting "취소" Button
    t =    18.05s     Synthesize event
    t =    18.50s     Wait for com.juneh96.tastebuddy.ios to idle
    t =    18.55s Waiting 30.0s for "taste-question-toggle" Button to exist
    t =    19.62s     Checking `Expect predicate `existsNoRetry == 1` for object "taste-question-toggle" Button`
    t =    19.62s         Checking existence of `"taste-question-toggle" Button`
    t =    19.92s Checking existence of `"home-archive-metric-overall" Button`
    t =    20.21s Find the "home-archive-metric-overall" Button
    t =    20.62s Checking existence of `"home-archive-metric-overall" Button`
    t =    20.94s Find the "home-archive-metric-overall" Button
    t =    21.29s Find the Target Application 'com.juneh96.tastebuddy.ios'
    t =    21.51s Swipe up Target Application 'com.juneh96.tastebuddy.ios'
    t =    21.51s     Wait for com.juneh96.tastebuddy.ios to idle
    t =    21.61s     Find the Target Application 'com.juneh96.tastebuddy.ios'
    t =    21.88s     Check for interrupting elements affecting "Taste Buddy" Application
    t =    22.18s     Synthesize event
    t =    22.74s     Wait for com.juneh96.tastebuddy.ios to idle
    t =    23.56s Checking existence of `"home-archive-metric-overall" Button`
    t =    23.81s Find the "home-archive-metric-overall" Button
    t =    24.17s Find the Target Application 'com.juneh96.tastebuddy.ios'
    t =    24.91s Added attachment named 'home-question-02-four-charts'
    t =    24.95s Tap "home-archive-metric-overall" Button
    t =    24.95s     Wait for com.juneh96.tastebuddy.ios to idle
    t =    24.99s     Find the "home-archive-metric-overall" Button
    t =    25.33s     Check for interrupting elements affecting "home-archive-metric-overall" Button
    t =    25.72s     Synthesize event
    t =    26.18s     Wait for com.juneh96.tastebuddy.ios to idle
    t =    27.40s Waiting 30.0s for "음식 전체 평가" NavigationBar to exist
    t =    28.46s     Checking `Expect predicate `existsNoRetry == 1` for object "음식 전체 평가" NavigationBar`
    t =    28.46s         Checking existence of `"음식 전체 평가" NavigationBar`
    t =    29.05s Checking existence of `"archive-segment-veryLiked" Button`
    t =    29.52s Find the "archive-segment-veryLiked" Button
    t =    30.08s Tap "archive-segment-veryLiked" Button
    t =    30.08s     Wait for com.juneh96.tastebuddy.ios to idle
    t =    30.12s     Find the "archive-segment-veryLiked" Button
    t =    30.60s     Check for interrupting elements affecting "archive-segment-veryLiked" Button
    t =    31.10s     Synthesize event
    t =    31.54s     Wait for com.juneh96.tastebuddy.ios to idle
    t =    31.58s Checking existence of `StaticText (First Match)`
    t =    31.94s Find the Target Application 'com.juneh96.tastebuddy.ios'
    t =    32.93s Added attachment named 'home-question-03-category'
    t =    32.94s Checking existence of `Button (First Match)`
    t =    33.24s Find the Button (First Match)
    t =    33.69s Checking existence of `"중간 산미의 국물, 국물의 산미 기록, 확인한 식사일 · 2026년 9월 6일, 정말 좋았어요" Button`
    t =    34.00s Find the "중간 산미의 국물, 국물의 산미 기록, 확인한 식사일 · 2026년 9월 6일, 정말 좋았어요" Button
    t =    34.42s Find the Target Application 'com.juneh96.tastebuddy.ios'
    t =    34.74s Swipe up Target Application 'com.juneh96.tastebuddy.ios'
    t =    34.74s     Wait for com.juneh96.tastebuddy.ios to idle
    t =    34.76s     Find the Target Application 'com.juneh96.tastebuddy.ios'
    t =    35.15s     Check for interrupting elements affecting "Taste Buddy" Application
    t =    35.54s     Synthesize event
    t =    36.04s     Wait for com.juneh96.tastebuddy.ios to idle
    t =    38.60s Checking existence of `"중간 산미의 국물, 국물의 산미 기록, 확인한 식사일 · 2026년 9월 6일, 정말 좋았어요" Button`
    t =    38.92s Find the "중간 산미의 국물, 국물의 산미 기록, 확인한 식사일 · 2026년 9월 6일, 정말 좋았어요" Button
    t =    39.34s Tap "중간 산미의 국물, 국물의 산미 기록, 확인한 식사일 · 2026년 9월 6일, 정말 좋았어요" Button
    t =    39.34s     Wait for com.juneh96.tastebuddy.ios to idle
    t =    39.38s     Find the "중간 산미의 국물, 국물의 산미 기록, 확인한 식사일 · 2026년 9월 6일, 정말 좋았어요" Button
    t =    39.72s     Check for interrupting elements affecting "중간 산미의 국물, 국물의 산미 기록, 확인한 식사일 · 2026년 9월 6일, 정말 좋았어요" Button
    t =    40.24s     Synthesize event
    t =    40.64s     Wait for com.juneh96.tastebuddy.ios to idle
    t =    41.10s Waiting 30.0s for "음식 기억" NavigationBar to exist
    t =    42.11s     Checking `Expect predicate `existsNoRetry == 1` for object "음식 기억" NavigationBar`
    t =    42.11s         Checking existence of `"음식 기억" NavigationBar`
    t =    42.90s Checking existence of `StaticText (First Match)`
    t =    43.24s Find the Target Application 'com.juneh96.tastebuddy.ios'
    t =    44.22s Added attachment named 'home-question-04-current-original'
    t =    44.23s Tear Down
Test Case '-[TasteBuddyMemoryUITests.HomeTasteQuestionUITests testQuestionScopeAnswerUndoAndChartCategoryOriginal]' passed (44.535 seconds).
Test Suite 'HomeTasteQuestionUITests' failed at 2026-09-13 18:29:54.591.
	 Executed 3 tests, with 2 failures (0 unexpected) in 277.730 (277.741) seconds
Test Suite 'TasteBuddyMemoryUITests.xctest' failed at 2026-09-13 18:29:54.593.
	 Executed 3 tests, with 2 failures (0 unexpected) in 277.730 (277.745) seconds
Test Suite 'Selected tests' failed at 2026-09-13 18:29:54.600.
	 Executed 3 tests, with 2 failures (0 unexpected) in 277.730 (277.754) seconds
2026-09-13 18:31:12.824 xcodebuild[98891:4274307] [MT] IDETestOperationsObserverDebug: 364.442 elapsed -- Testing started completed.
2026-09-13 18:31:12.824 xcodebuild[98891:4274307] [MT] IDETestOperationsObserverDebug: 0.000 sec, +0.000 sec -- start
2026-09-13 18:31:12.824 xcodebuild[98891:4274307] [MT] IDETestOperationsObserverDebug: 364.442 sec, +364.442 sec -- end

Test session results, code coverage, and logs:
	/Users/sinjunho/Desktop/Taste Buddy/output/home-taste-questions/ui-2.xcresult

Failing tests:
	HomeTasteQuestionUITests.testAnalysisRadarMissingAxesAndMatrixOriginal()
	HomeTasteQuestionUITests.testLargeTypeQuestionAndMetricActionsRemainReachable()

** TEST FAILED **

Testing started
